ISO-10303-21;
HEADER;
FILE_DESCRIPTION(('Open CASCADE Model'),'2;1');
FILE_NAME('Open CASCADE Shape Model','2026-10-03T20:16:31',('Author'),(
    'Open CASCADE'),'Open CASCADE STEP processor 8.0','build123d',
  'Unknown');
FILE_SCHEMA(('AUTOMOTIVE_DESIGN { 1 0 10303 214 1 1 1 1 }'));
ENDSEC;
DATA;
#1 = APPLICATION_PROTOCOL_DEFINITION('international standard',
  'automotive_design',2000,#2);
#2 = APPLICATION_CONTEXT(
  'core data for automotive mechanical design processes');
#3 = SHAPE_DEFINITION_REPRESENTATION(#4,#10);
#4 = PRODUCT_DEFINITION_SHAPE('','',#5);
#5 = PRODUCT_DEFINITION('design','',#6,#9);
#6 = PRODUCT_DEFINITION_FORMATION('','',#7);
#7 = PRODUCT('COMPOUND','COMPOUND','',(#8));
#8 = PRODUCT_CONTEXT('',#2,'mechanical');
#9 = PRODUCT_DEFINITION_CONTEXT('part definition',#2,'design');
#10 = SHAPE_REPRESENTATION('',(#11,#15,#1923,#3741,#4831,#6649,#8467,
    #8565,#8663,#8845,#8943,#9041,#9223,#9321,#9419,#9517,#9615,#9713),
  #9811);
#11 = AXIS2_PLACEMENT_3D('',#12,#13,#14);
#12 = CARTESIAN_POINT('',(0.,0.,0.));
#13 = DIRECTION('',(0.,0.,1.));
#14 = DIRECTION('',(1.,0.,-0.));
#15 = MANIFOLD_SOLID_BREP('',#16);
#16 = CLOSED_SHELL('',(#17,#537,#572,#607,#842,#1077,#1480,#1862,#1869,
    #1896));
#17 = ADVANCED_FACE('',(#18,#105,#321),#32,.T.);
#18 = FACE_BOUND('',#19,.T.);
#19 = EDGE_LOOP('',(#20,#50,#77,#78));
#20 = ORIENTED_EDGE('',*,*,#21,.T.);
#21 = EDGE_CURVE('',#22,#24,#26,.T.);
#22 = VERTEX_POINT('',#23);
#23 = CARTESIAN_POINT('',(87.9,-3.894376821289E-15,131.));
#24 = VERTEX_POINT('',#25);
#25 = CARTESIAN_POINT('',(87.9,-3.894376821289E-15,251.));
#26 = SEAM_CURVE('',#27,(#31,#43),.PCURVE_S1.);
#27 = LINE('',#28,#29);
#28 = CARTESIAN_POINT('',(87.9,-3.894376821289E-15,131.));
#29 = VECTOR('',#30,1.);
#30 = DIRECTION('',(0.,0.,1.));
#31 = PCURVE('',#32,#37);
#32 = CYLINDRICAL_SURFACE('',#33,15.9);
#33 = AXIS2_PLACEMENT_3D('',#34,#35,#36);
#34 = CARTESIAN_POINT('',(72.,0.,131.));
#35 = DIRECTION('',(0.,0.,1.));
#36 = DIRECTION('',(1.,0.,-0.));
#37 = DEFINITIONAL_REPRESENTATION('',(#38),#42);
#38 = LINE('',#39,#40);
#39 = CARTESIAN_POINT('',(6.28318530718,-0.));
#40 = VECTOR('',#41,1.);
#41 = DIRECTION('',(0.,1.));
#42 = ( GEOMETRIC_REPRESENTATION_CONTEXT(2) 
PARAMETRIC_REPRESENTATION_CONTEXT() REPRESENTATION_CONTEXT('2D SPACE',''
  ) );
#43 = PCURVE('',#32,#44);
#44 = DEFINITIONAL_REPRESENTATION('',(#45),#49);
#45 = LINE('',#46,#47);
#46 = CARTESIAN_POINT('',(0.,-0.));
#47 = VECTOR('',#48,1.);
#48 = DIRECTION('',(0.,1.));
#49 = ( GEOMETRIC_REPRESENTATION_CONTEXT(2) 
PARAMETRIC_REPRESENTATION_CONTEXT() REPRESENTATION_CONTEXT('2D SPACE',''
  ) );
#50 = ORIENTED_EDGE('',*,*,#51,.F.);
#51 = EDGE_CURVE('',#24,#24,#52,.T.);
#52 = SURFACE_CURVE('',#53,(#58,#65),.PCURVE_S1.);
#53 = CIRCLE('',#54,15.9);
#54 = AXIS2_PLACEMENT_3D('',#55,#56,#57);
#55 = CARTESIAN_POINT('',(72.,0.,251.));
#56 = DIRECTION('',(0.,0.,1.));
#57 = DIRECTION('',(1.,0.,-0.));
#58 = PCURVE('',#32,#59);
#59 = DEFINITIONAL_REPRESENTATION('',(#60),#64);
#60 = LINE('',#61,#62);
#61 = CARTESIAN_POINT('',(0.,120.));
#62 = VECTOR('',#63,1.);
#63 = DIRECTION('',(1.,0.));
#64 = ( GEOMETRIC_REPRESENTATION_CONTEXT(2) 
PARAMETRIC_REPRESENTATION_CONTEXT() REPRESENTATION_CONTEXT('2D SPACE',''
  ) );
#65 = PCURVE('',#66,#71);
#66 = PLANE('',#67);
#67 = AXIS2_PLACEMENT_3D('',#68,#69,#70);
#68 = CARTESIAN_POINT('',(72.,0.,251.));
#69 = DIRECTION('',(0.,0.,1.));
#70 = DIRECTION('',(1.,0.,-0.));
#71 = DEFINITIONAL_REPRESENTATION('',(#72),#76);
#72 = CIRCLE('',#73,15.9);
#73 = AXIS2_PLACEMENT_2D('',#74,#75);
#74 = CARTESIAN_POINT('',(0.,0.));
#75 = DIRECTION('',(1.,0.));
#76 = ( GEOMETRIC_REPRESENTATION_CONTEXT(2) 
PARAMETRIC_REPRESENTATION_CONTEXT() REPRESENTATION_CONTEXT('2D SPACE',''
  ) );
#77 = ORIENTED_EDGE('',*,*,#21,.F.);
#78 = ORIENTED_EDGE('',*,*,#79,.T.);
#79 = EDGE_CURVE('',#22,#22,#80,.T.);
#80 = SURFACE_CURVE('',#81,(#86,#93),.PCURVE_S1.);
#81 = CIRCLE('',#82,15.9);
#82 = AXIS2_PLACEMENT_3D('',#83,#84,#85);
#83 = CARTESIAN_POINT('',(72.,0.,131.));
#84 = DIRECTION('',(0.,0.,1.));
#85 = DIRECTION('',(1.,0.,-0.));
#86 = PCURVE('',#32,#87);
#87 = DEFINITIONAL_REPRESENTATION('',(#88),#92);
#88 = LINE('',#89,#90);
#89 = CARTESIAN_POINT('',(0.,0.));
#90 = VECTOR('',#91,1.);
#91 = DIRECTION('',(1.,0.));
#92 = ( GEOMETRIC_REPRESENTATION_CONTEXT(2) 
PARAMETRIC_REPRESENTATION_CONTEXT() REPRESENTATION_CONTEXT('2D SPACE',''
  ) );
#93 = PCURVE('',#94,#99);
#94 = PLANE('',#95);
#95 = AXIS2_PLACEMENT_3D('',#96,#97,#98);
#96 = CARTESIAN_POINT('',(72.,0.,131.));
#97 = DIRECTION('',(0.,0.,1.));
#98 = DIRECTION('',(1.,0.,-0.));
#99 = DEFINITIONAL_REPRESENTATION('',(#100),#104);
#100 = CIRCLE('',#101,15.9);
#101 = AXIS2_PLACEMENT_2D('',#102,#103);
#102 = CARTESIAN_POINT('',(0.,0.));
#103 = DIRECTION('',(1.,0.));
#104 = ( GEOMETRIC_REPRESENTATION_CONTEXT(2) 
PARAMETRIC_REPRESENTATION_CONTEXT() REPRESENTATION_CONTEXT('2D SPACE',''
  ) );
#105 = FACE_BOUND('',#106,.T.);
#106 = EDGE_LOOP('',(#107));
#107 = ORIENTED_EDGE('',*,*,#108,.T.);
#108 = EDGE_CURVE('',#109,#109,#111,.T.);
#109 = VERTEX_POINT('',#110);
#110 = CARTESIAN_POINT('',(75.25,15.564302104495,191.));
#111 = SURFACE_CURVE('',#112,(#178,#247),.PCURVE_S1.);
#112 = B_SPLINE_CURVE_WITH_KNOTS('',8,(#113,#114,#115,#116,#117,#118,
    #119,#120,#121,#122,#123,#124,#125,#126,#127,#128,#129,#130,#131,
    #132,#133,#134,#135,#136,#137,#138,#139,#140,#141,#142,#143,#144,
    #145,#146,#147,#148,#149,#150,#151,#152,#153,#154,#155,#156,#157,
    #158,#159,#160,#161,#162,#163,#164,#165,#166,#167,#168,#169,#170,
    #171,#172,#173,#174,#175,#176,#177),.UNSPECIFIED.,.T.,.F.,(9,7,7,7,7
    ,7,7,7,7,9),(0.,9.937188355067E-02,0.197373921158,0.288356332921,
    0.393019002252,0.601531066874,0.706342764076,0.797454724097,
    0.895596304598,1.),.UNSPECIFIED.);
#113 = CARTESIAN_POINT('',(75.25,15.564302104495,191.));
#114 = CARTESIAN_POINT('',(75.25,15.564302104495,191.23563835785));
#115 = CARTESIAN_POINT('',(75.230475049562,15.568378981256,
    191.47125067193));
#116 = CARTESIAN_POINT('',(75.191430585674,15.576532283827,
    191.70496537065));
#117 = CARTESIAN_POINT('',(75.133088987373,15.588571318794,
    191.93491019549));
#118 = CARTESIAN_POINT('',(75.055881202189,15.604120459641,
    192.15924127972));
#119 = CARTESIAN_POINT('',(74.960445696348,15.622641033655,
    192.3761683235));
#120 = CARTESIAN_POINT('',(74.847634728722,15.643469786394,
    192.58397586517));
#121 = CARTESIAN_POINT('',(74.591200911193,15.687969218938,
    192.9753888856));
#122 = CARTESIAN_POINT('',(74.445087855579,15.712106108601,
    193.16377182304));
#123 = CARTESIAN_POINT('',(74.27961610935,15.737762024795,
    193.34429339907));
#124 = CARTESIAN_POINT('',(74.09431395283,15.764242976813,
    193.51475036366));
#125 = CARTESIAN_POINT('',(73.888860077781,15.790671662766,
    193.67260153336));
#126 = CARTESIAN_POINT('',(73.663157250324,15.815977877294,
    193.81491868523));
#127 = CARTESIAN_POINT('',(73.417444965741,15.838921507212,
    193.93830947807));
#128 = CARTESIAN_POINT('',(72.906466548455,15.876055986199,
    194.13209803026));
#129 = CARTESIAN_POINT('',(72.643075475925,15.890812816313,
    194.20595700975));
#130 = CARTESIAN_POINT('',(72.367021349803,15.901042797224,
    194.25533770233));
#131 = CARTESIAN_POINT('',(72.083781573669,15.905644925018,
    194.27711676036));
#132 = CARTESIAN_POINT('',(71.799253687771,15.904125798393,
    194.27003612008));
#133 = CARTESIAN_POINT('',(71.519398558778,15.896723488403,
    194.2346853601));
#134 = CARTESIAN_POINT('',(71.249876160986,15.884337606728,
    194.17352221886));
#135 = CARTESIAN_POINT('',(70.703294264281,15.849744312299,
    193.99592699502));
#136 = CARTESIAN_POINT('',(70.432081020389,15.826396698932,
    193.87285502161));
#137 = CARTESIAN_POINT('',(70.183327533503,15.799827729802,
    193.72669486205));
#138 = CARTESIAN_POINT('',(69.957584253126,15.771605227912,
    193.56171047931));
#139 = CARTESIAN_POINT('',(69.754914459158,15.743098285289,
    193.38160689216));
#140 = CARTESIAN_POINT('',(69.57504610676,15.71542848048,193.18962833852
    ));
#141 = CARTESIAN_POINT('',(69.417464799431,15.689472995659,
    192.98861597087));
#142 = CARTESIAN_POINT('',(69.01054327779,15.618859154719,
    192.36750295465));
#143 = CARTESIAN_POINT('',(68.823111442711,15.580817780693,
    191.92457925444));
#144 = CARTESIAN_POINT('',(68.712856649935,15.556535802667,
    191.46610511745));
#145 = CARTESIAN_POINT('',(68.676351681963,15.548178512697,
    191.0002878521));
#146 = CARTESIAN_POINT('',(68.712644993211,15.556479800556,
    190.53417053508));
#147 = CARTESIAN_POINT('',(68.823052028563,15.580822961409,
    190.07506800371));
#148 = CARTESIAN_POINT('',(69.01092850138,15.618926003278,189.6319090514
    ));
#149 = CARTESIAN_POINT('',(69.41746479943,15.689472995659,
    189.01138402912));
#150 = CARTESIAN_POINT('',(69.575046106761,15.71542848048,
    188.81037166147));
#151 = CARTESIAN_POINT('',(69.754914459158,15.743098285289,
    188.61839310784));
#152 = CARTESIAN_POINT('',(69.957584253126,15.771605227912,
    188.43828952068));
#153 = CARTESIAN_POINT('',(70.183327533504,15.799827729802,
    188.27330513794));
#154 = CARTESIAN_POINT('',(70.432081020388,15.826396698932,
    188.12714497838));
#155 = CARTESIAN_POINT('',(70.703294264281,15.849744312299,
    188.00407300497));
#156 = CARTESIAN_POINT('',(71.249876159691,15.884337606646,
    187.82647778155));
#157 = CARTESIAN_POINT('',(71.519398561007,15.896723488592,
    187.76531463892));
#158 = CARTESIAN_POINT('',(71.799253687731,15.904125798222,
    187.7299638808));
#159 = CARTESIAN_POINT('',(72.083781571644,15.905644925024,
    187.72288323959));
#160 = CARTESIAN_POINT('',(72.367021349837,15.901042797396,
    187.74466229677));
#161 = CARTESIAN_POINT('',(72.643075478027,15.89081281611,187.7940429913
    ));
#162 = CARTESIAN_POINT('',(72.906466547234,15.876055986287,
    187.86790196927));
#163 = CARTESIAN_POINT('',(73.41744496574,15.838921507212,
    188.06169052192));
#164 = CARTESIAN_POINT('',(73.663157250324,15.815977877294,
    188.18508131476));
#165 = CARTESIAN_POINT('',(73.888860077781,15.790671662766,
    188.32739846663));
#166 = CARTESIAN_POINT('',(74.09431395283,15.764242976813,
    188.48524963633));
#167 = CARTESIAN_POINT('',(74.27961610935,15.737762024795,
    188.65570660092));
#168 = CARTESIAN_POINT('',(74.445087855578,15.712106108601,
    188.83622817695));
#169 = CARTESIAN_POINT('',(74.591200911193,15.687969218938,
    189.02461111439));
#170 = CARTESIAN_POINT('',(74.853979335754,15.642368795053,
    189.42570835598));
#171 = CARTESIAN_POINT('',(74.968642223054,15.621092258608,
    189.63992776576));
#172 = CARTESIAN_POINT('',(75.063194122425,15.602659600802,
    189.85979828301));
#173 = CARTESIAN_POINT('',(75.138217174176,15.587513474952,
    190.08386000836));
#174 = CARTESIAN_POINT('',(75.194173483218,15.575959123031,
    190.31090806874));
#175 = CARTESIAN_POINT('',(75.231382436276,15.568189757684,
    190.53990413432));
#176 = CARTESIAN_POINT('',(75.25,15.564302104495,190.76990382406));
#177 = CARTESIAN_POINT('',(75.25,15.564302104495,191.));
#178 = PCURVE('',#32,#179);
#179 = DEFINITIONAL_REPRESENTATION('',(#180),#246);
#180 = B_SPLINE_CURVE_WITH_KNOTS('',8,(#181,#182,#183,#184,#185,#186,
    #187,#188,#189,#190,#191,#192,#193,#194,#195,#196,#197,#198,#199,
    #200,#201,#202,#203,#204,#205,#206,#207,#208,#209,#210,#211,#212,
    #213,#214,#215,#216,#217,#218,#219,#220,#221,#222,#223,#224,#225,
    #226,#227,#228,#229,#230,#231,#232,#233,#234,#235,#236,#237,#238,
    #239,#240,#241,#242,#243,#244,#245),.UNSPECIFIED.,.T.,.F.,(9,7,7,7,7
    ,7,7,7,7,9),(0.,9.937188355067E-02,0.197373921158,0.288356332921,
    0.393019002252,0.601531066874,0.706342764076,0.797454724097,
    0.895596304598,1.),.UNSPECIFIED.);
#181 = CARTESIAN_POINT('',(1.364943029561,60.));
#182 = CARTESIAN_POINT('',(1.364943029561,60.235638357857));
#183 = CARTESIAN_POINT('',(1.366197490635,60.471250671934));
#184 = CARTESIAN_POINT('',(1.368706103505,60.704965370656));
#185 = CARTESIAN_POINT('',(1.372452677214,60.934910195493));
#186 = CARTESIAN_POINT('',(1.377405865108,61.159241279727));
#187 = CARTESIAN_POINT('',(1.383519747586,61.376168323505));
#188 = CARTESIAN_POINT('',(1.390734271604,61.583975865174));
#189 = CARTESIAN_POINT('',(1.407103215895,61.975388885608));
#190 = CARTESIAN_POINT('',(1.41641695418,62.163771823042));
#191 = CARTESIAN_POINT('',(1.426947431659,62.344293399077));
#192 = CARTESIAN_POINT('',(1.438718279127,62.514750363669));
#193 = CARTESIAN_POINT('',(1.451743442861,62.672601533365));
#194 = CARTESIAN_POINT('',(1.466023733594,62.814918685232));
#195 = CARTESIAN_POINT('',(1.481541277799,62.938309478073));
#196 = CARTESIAN_POINT('',(1.513763037712,63.132098030261));
#197 = CARTESIAN_POINT('',(1.530352210779,63.205957009754));
#198 = CARTESIAN_POINT('',(1.547720773682,63.255337702333));
#199 = CARTESIAN_POINT('',(1.565529064027,63.277116760367));
#200 = CARTESIAN_POINT('',(1.583416094633,63.270036120086));
#201 = CARTESIAN_POINT('',(1.601017565984,63.234685360105));
#202 = CARTESIAN_POINT('',(1.617984017136,63.173522218865));
#203 = CARTESIAN_POINT('',(1.652429017855,62.995926995021));
#204 = CARTESIAN_POINT('',(1.669545139447,62.872855021614));
#205 = CARTESIAN_POINT('',(1.685273872854,62.726694862053));
#206 = CARTESIAN_POINT('',(1.6995781971,62.561710479318));
#207 = CARTESIAN_POINT('',(1.712447911651,62.381606892159));
#208 = CARTESIAN_POINT('',(1.723892330248,62.189628338525));
#209 = CARTESIAN_POINT('',(1.733936279239,61.988615970873));
#210 = CARTESIAN_POINT('',(1.759911307739,61.367502954659));
#211 = CARTESIAN_POINT('',(1.771934967797,60.924579254444));
#212 = CARTESIAN_POINT('',(1.779036079234,60.46610511745));
#213 = CARTESIAN_POINT('',(1.781391654636,60.000287852105));
#214 = CARTESIAN_POINT('',(1.779049807974,59.534170535081));
#215 = CARTESIAN_POINT('',(1.771938585,59.075068003715));
#216 = CARTESIAN_POINT('',(1.759886717755,58.631909051408));
#217 = CARTESIAN_POINT('',(1.733936279239,58.011384029128));
#218 = CARTESIAN_POINT('',(1.723892330248,57.810371661474));
#219 = CARTESIAN_POINT('',(1.712447911651,57.618393107841));
#220 = CARTESIAN_POINT('',(1.6995781971,57.438289520682));
#221 = CARTESIAN_POINT('',(1.685273872854,57.273305137947));
#222 = CARTESIAN_POINT('',(1.669545139447,57.127144978386));
#223 = CARTESIAN_POINT('',(1.652429017855,57.004073004979));
#224 = CARTESIAN_POINT('',(1.617984017218,56.826477781556));
#225 = CARTESIAN_POINT('',(1.601017565844,56.765314638923));
#226 = CARTESIAN_POINT('',(1.583416094636,56.729963880803));
#227 = CARTESIAN_POINT('',(1.565529064155,56.722883239593));
#228 = CARTESIAN_POINT('',(1.54772077368,56.744662296777));
#229 = CARTESIAN_POINT('',(1.530352210647,56.7940429913));
#230 = CARTESIAN_POINT('',(1.513763037789,56.867901969275));
#231 = CARTESIAN_POINT('',(1.481541277799,57.061690521927));
#232 = CARTESIAN_POINT('',(1.466023733594,57.185081314768));
#233 = CARTESIAN_POINT('',(1.451743442861,57.327398466635));
#234 = CARTESIAN_POINT('',(1.438718279127,57.485249636331));
#235 = CARTESIAN_POINT('',(1.426947431659,57.655706600923));
#236 = CARTESIAN_POINT('',(1.41641695418,57.836228176958));
#237 = CARTESIAN_POINT('',(1.407103215895,58.024611114392));
#238 = CARTESIAN_POINT('',(1.390329276194,58.425708355987));
#239 = CARTESIAN_POINT('',(1.382995165656,58.639927765762));
#240 = CARTESIAN_POINT('',(1.37693688709,58.859798283013));
#241 = CARTESIAN_POINT('',(1.372123355694,59.083860008365));
#242 = CARTESIAN_POINT('',(1.368529852334,59.310908068747));
#243 = CARTESIAN_POINT('',(1.366139205012,59.539904134322));
#244 = CARTESIAN_POINT('',(1.364943029561,59.769903824066));
#245 = CARTESIAN_POINT('',(1.364943029561,60.));
#246 = ( GEOMETRIC_REPRESENTATION_CONTEXT(2) 
PARAMETRIC_REPRESENTATION_CONTEXT() REPRESENTATION_CONTEXT('2D SPACE',''
  ) );
#247 = PCURVE('',#248,#253);
#248 = CYLINDRICAL_SURFACE('',#249,3.25);
#249 = AXIS2_PLACEMENT_3D('',#250,#251,#252);
#250 = CARTESIAN_POINT('',(72.,30.,191.));
#251 = DIRECTION('',(0.,-1.,2.22044604925E-16));
#252 = DIRECTION('',(1.,0.,0.));
#253 = DEFINITIONAL_REPRESENTATION('',(#254),#320);
#254 = B_SPLINE_CURVE_WITH_KNOTS('',8,(#255,#256,#257,#258,#259,#260,
    #261,#262,#263,#264,#265,#266,#267,#268,#269,#270,#271,#272,#273,
    #274,#275,#276,#277,#278,#279,#280,#281,#282,#283,#284,#285,#286,
    #287,#288,#289,#290,#291,#292,#293,#294,#295,#296,#297,#298,#299,
    #300,#301,#302,#303,#304,#305,#306,#307,#308,#309,#310,#311,#312,
    #313,#314,#315,#316,#317,#318,#319),.UNSPECIFIED.,.F.,.F.,(9,7,7,7,7
    ,7,7,7,7,9),(0.,9.937188355067E-02,0.197373921158,0.288356332921,
    0.393019002252,0.601531066874,0.706342764076,0.797454724097,
    0.895596304598,1.),.UNSPECIFIED.);
#255 = CARTESIAN_POINT('',(0.,14.435697895505));
#256 = CARTESIAN_POINT('',(7.250411010974E-02,14.435697895505));
#257 = CARTESIAN_POINT('',(0.145000093196,14.431621018744));
#258 = CARTESIAN_POINT('',(0.217493360296,14.423467716173));
#259 = CARTESIAN_POINT('',(0.289987375408,14.411428681206));
#260 = CARTESIAN_POINT('',(0.362485641502,14.395879540359));
#261 = CARTESIAN_POINT('',(0.434990224745,14.377358966345));
#262 = CARTESIAN_POINT('',(0.507496816918,14.356530213606));
#263 = CARTESIAN_POINT('',(0.651476583852,14.312030781062));
#264 = CARTESIAN_POINT('',(0.724599109688,14.287893891399));
#265 = CARTESIAN_POINT('',(0.799519733258,14.262237975205));
#266 = CARTESIAN_POINT('',(0.876413279498,14.235757023187));
#267 = CARTESIAN_POINT('',(0.9554802813,14.209328337234));
#268 = CARTESIAN_POINT('',(1.036952445768,14.184022122706));
#269 = CARTESIAN_POINT('',(1.1211063543,14.161078492788));
#270 = CARTESIAN_POINT('',(1.289257581218,14.123944013801));
#271 = CARTESIAN_POINT('',(1.373093206318,14.109187183687));
#272 = CARTESIAN_POINT('',(1.45870929733,14.098957202776));
#273 = CARTESIAN_POINT('',(1.545240770768,14.094355074982));
#274 = CARTESIAN_POINT('',(1.631931077284,14.095874201607));
#275 = CARTESIAN_POINT('',(1.718034505614,14.103276511597));
#276 = CARTESIAN_POINT('',(1.802721089836,14.115662393272));
#277 = CARTESIAN_POINT('',(1.979555002709,14.150255687701));
#278 = CARTESIAN_POINT('',(2.070622964644,14.173603301068));
#279 = CARTESIAN_POINT('',(2.158603013637,14.200172270198));
#280 = CARTESIAN_POINT('',(2.243816939171,14.228394772088));
#281 = CARTESIAN_POINT('',(2.326525070284,14.256901714711));
#282 = CARTESIAN_POINT('',(2.406943798566,14.28457151952));
#283 = CARTESIAN_POINT('',(2.48525053754,14.310527004341));
#284 = CARTESIAN_POINT('',(2.713724560236,14.381140845281));
#285 = CARTESIAN_POINT('',(2.85932823638,14.419182219307));
#286 = CARTESIAN_POINT('',(3.001274566276,14.443464197333));
#287 = CARTESIAN_POINT('',(3.141510237817,14.451821487303));
#288 = CARTESIAN_POINT('',(3.281827063565,14.443520199444));
#289 = CARTESIAN_POINT('',(3.42393775707,14.419177038591));
#290 = CARTESIAN_POINT('',(3.56967703824,14.381073996722));
#291 = CARTESIAN_POINT('',(3.79793476964,14.310527004341));
#292 = CARTESIAN_POINT('',(3.876241508614,14.28457151952));
#293 = CARTESIAN_POINT('',(3.956660236895,14.256901714711));
#294 = CARTESIAN_POINT('',(4.039368368008,14.228394772088));
#295 = CARTESIAN_POINT('',(4.124582293543,14.200172270198));
#296 = CARTESIAN_POINT('',(4.212562342535,14.173603301068));
#297 = CARTESIAN_POINT('',(4.30363030447,14.150255687701));
#298 = CARTESIAN_POINT('',(4.480464216925,14.115662393354));
#299 = CARTESIAN_POINT('',(4.565150802277,14.103276511408));
#300 = CARTESIAN_POINT('',(4.651254229891,14.095874201778));
#301 = CARTESIAN_POINT('',(4.73794453576,14.094355074976));
#302 = CARTESIAN_POINT('',(4.824476009856,14.098957202604));
#303 = CARTESIAN_POINT('',(4.910092101547,14.10918718389));
#304 = CARTESIAN_POINT('',(4.99392772556,14.123944013713));
#305 = CARTESIAN_POINT('',(5.16207895288,14.161078492788));
#306 = CARTESIAN_POINT('',(5.246232861412,14.184022122706));
#307 = CARTESIAN_POINT('',(5.327705025879,14.209328337234));
#308 = CARTESIAN_POINT('',(5.406772027681,14.235757023187));
#309 = CARTESIAN_POINT('',(5.483665573922,14.262237975205));
#310 = CARTESIAN_POINT('',(5.558586197492,14.287893891399));
#311 = CARTESIAN_POINT('',(5.631708723327,14.312030781062));
#312 = CARTESIAN_POINT('',(5.77925079359,14.357631204947));
#313 = CARTESIAN_POINT('',(5.853720386608,14.378907741392));
#314 = CARTESIAN_POINT('',(5.926922116977,14.397340399198));
#315 = CARTESIAN_POINT('',(5.99913492291,14.412486525048));
#316 = CARTESIAN_POINT('',(6.070616789189,14.424040876969));
#317 = CARTESIAN_POINT('',(6.141617044913,14.431810242316));
#318 = CARTESIAN_POINT('',(6.212386483815,14.435697895505));
#319 = CARTESIAN_POINT('',(6.28318530718,14.435697895505));
#320 = ( GEOMETRIC_REPRESENTATION_CONTEXT(2) 
PARAMETRIC_REPRESENTATION_CONTEXT() REPRESENTATION_CONTEXT('2D SPACE',''
  ) );
#321 = FACE_BOUND('',#322,.T.);
#322 = EDGE_LOOP('',(#323));
#323 = ORIENTED_EDGE('',*,*,#324,.F.);
#324 = EDGE_CURVE('',#325,#325,#327,.T.);
#325 = VERTEX_POINT('',#326);
#326 = CARTESIAN_POINT('',(75.25,-15.56430210449,191.));
#327 = SURFACE_CURVE('',#328,(#394,#463),.PCURVE_S1.);
#328 = B_SPLINE_CURVE_WITH_KNOTS('',8,(#329,#330,#331,#332,#333,#334,
    #335,#336,#337,#338,#339,#340,#341,#342,#343,#344,#345,#346,#347,
    #348,#349,#350,#351,#352,#353,#354,#355,#356,#357,#358,#359,#360,
    #361,#362,#363,#364,#365,#366,#367,#368,#369,#370,#371,#372,#373,
    #374,#375,#376,#377,#378,#379,#380,#381,#382,#383,#384,#385,#386,
    #387,#388,#389,#390,#391,#392,#393),.UNSPECIFIED.,.T.,.F.,(9,7,7,7,7
    ,7,7,7,7,9),(0.,9.937188290855E-02,0.197373919883,0.28835633151,
    0.393019001225,0.601531066633,0.706342764263,0.797454724679,
    0.895596305582,1.),.UNSPECIFIED.);
#329 = CARTESIAN_POINT('',(75.25,-15.56430210449,191.));
#330 = CARTESIAN_POINT('',(75.25,-15.56430210449,191.23563835785));
#331 = CARTESIAN_POINT('',(75.230475049562,-15.56837898125,
    191.47125067193));
#332 = CARTESIAN_POINT('',(75.191430585674,-15.57653228382,
    191.70496537065));
#333 = CARTESIAN_POINT('',(75.133088987373,-15.58857131879,
    191.93491019549));
#334 = CARTESIAN_POINT('',(75.055881202189,-15.60412045964,
    192.15924127972));
#335 = CARTESIAN_POINT('',(74.960445696348,-15.62264103365,
    192.3761683235));
#336 = CARTESIAN_POINT('',(74.847634728722,-15.64346978639,
    192.58397586517));
#337 = CARTESIAN_POINT('',(74.591200911192,-15.68796921893,
    192.9753888856));
#338 = CARTESIAN_POINT('',(74.445087855579,-15.7121061086,
    193.16377182304));
#339 = CARTESIAN_POINT('',(74.279616109349,-15.73776202479,
    193.34429339907));
#340 = CARTESIAN_POINT('',(74.09431395283,-15.76424297681,
    193.51475036366));
#341 = CARTESIAN_POINT('',(73.888860077782,-15.79067166276,
    193.67260153336));
#342 = CARTESIAN_POINT('',(73.663157250323,-15.81597787729,
    193.81491868523));
#343 = CARTESIAN_POINT('',(73.417444965741,-15.83892150721,
    193.93830947807));
#344 = CARTESIAN_POINT('',(72.906466547234,-15.87605598628,
    194.13209803072));
#345 = CARTESIAN_POINT('',(72.643075478027,-15.89081281611,
    194.2059570087));
#346 = CARTESIAN_POINT('',(72.367021349837,-15.90104279739,
    194.25533770322));
#347 = CARTESIAN_POINT('',(72.083781571644,-15.90564492502,
    194.2771167604));
#348 = CARTESIAN_POINT('',(71.799253687731,-15.90412579822,
    194.27003611919));
#349 = CARTESIAN_POINT('',(71.519398561007,-15.89672348859,
    194.23468536107));
#350 = CARTESIAN_POINT('',(71.249876159691,-15.88433760664,
    194.17352221844));
#351 = CARTESIAN_POINT('',(70.703294264258,-15.84974431229,
    193.99592699501));
#352 = CARTESIAN_POINT('',(70.43208102038,-15.82639669893,193.8728550216
    ));
#353 = CARTESIAN_POINT('',(70.183327533515,-15.7998277298,
    193.72669486205));
#354 = CARTESIAN_POINT('',(69.957584253144,-15.77160522791,
    193.56171047933));
#355 = CARTESIAN_POINT('',(69.754914459166,-15.74309828529,
    193.38160689217));
#356 = CARTESIAN_POINT('',(69.575046106753,-15.71542848047,
    193.18962833852));
#357 = CARTESIAN_POINT('',(69.417464799417,-15.68947299565,
    192.98861597085));
#358 = CARTESIAN_POINT('',(69.01054327779,-15.61885915471,
    192.36750295465));
#359 = CARTESIAN_POINT('',(68.823111442711,-15.58081778069,
    191.92457925444));
#360 = CARTESIAN_POINT('',(68.712856649935,-15.55653580266,
    191.46610511745));
#361 = CARTESIAN_POINT('',(68.676351681963,-15.54817851269,
    191.0002878521));
#362 = CARTESIAN_POINT('',(68.712644993211,-15.55647980055,
    190.53417053508));
#363 = CARTESIAN_POINT('',(68.823052028563,-15.5808229614,
    190.07506800371));
#364 = CARTESIAN_POINT('',(69.01092850138,-15.61892600327,189.6319090514
    ));
#365 = CARTESIAN_POINT('',(69.417464799473,-15.68947299566,
    189.01138402906));
#366 = CARTESIAN_POINT('',(69.575046106784,-15.71542848048,
    188.81037166146));
#367 = CARTESIAN_POINT('',(69.754914459132,-15.74309828528,
    188.61839310788));
#368 = CARTESIAN_POINT('',(69.95758425307,-15.7716052279,188.43828952072
    ));
#369 = CARTESIAN_POINT('',(70.183327533468,-15.7998277298,
    188.27330513795));
#370 = CARTESIAN_POINT('',(70.432081020415,-15.82639669893,
    188.12714497836));
#371 = CARTESIAN_POINT('',(70.703294264353,-15.8497443123,
    188.00407300495));
#372 = CARTESIAN_POINT('',(71.249876159691,-15.88433760664,
    187.82647778155));
#373 = CARTESIAN_POINT('',(71.519398561007,-15.89672348859,
    187.76531463892));
#374 = CARTESIAN_POINT('',(71.799253687731,-15.90412579822,
    187.7299638808));
#375 = CARTESIAN_POINT('',(72.083781571644,-15.90564492502,
    187.72288323959));
#376 = CARTESIAN_POINT('',(72.367021349837,-15.90104279739,
    187.74466229677));
#377 = CARTESIAN_POINT('',(72.643075478027,-15.89081281611,
    187.7940429913));
#378 = CARTESIAN_POINT('',(72.906466547233,-15.87605598628,
    187.86790196927));
#379 = CARTESIAN_POINT('',(73.417444965678,-15.83892150721,
    188.0616905219));
#380 = CARTESIAN_POINT('',(73.663157250302,-15.81597787729,
    188.18508131474));
#381 = CARTESIAN_POINT('',(73.888860077812,-15.79067166276,
    188.32739846664));
#382 = CARTESIAN_POINT('',(74.094313952879,-15.7642429768,
    188.48524963637));
#383 = CARTESIAN_POINT('',(74.279616109373,-15.73776202479,
    188.65570660095));
#384 = CARTESIAN_POINT('',(74.445087855558,-15.7121061086,
    188.83622817694));
#385 = CARTESIAN_POINT('',(74.591200911155,-15.68796921894,
    189.02461111433));
#386 = CARTESIAN_POINT('',(74.853979333964,-15.64236879536,
    189.42570835325));
#387 = CARTESIAN_POINT('',(74.968642224907,-15.62109225828,
    189.63992777055));
#388 = CARTESIAN_POINT('',(75.063194123303,-15.60265960065,
    189.85979828301));
#389 = CARTESIAN_POINT('',(75.138217172897,-15.58751347518,
    190.08386000389));
#390 = CARTESIAN_POINT('',(75.194173482375,-15.57595912318,
    190.31090806869));
#391 = CARTESIAN_POINT('',(75.231382437175,-15.56818975752,
    190.53990413902));
#392 = CARTESIAN_POINT('',(75.25,-15.56430210449,190.76990382127));
#393 = CARTESIAN_POINT('',(75.25,-15.56430210449,191.));
#394 = PCURVE('',#32,#395);
#395 = DEFINITIONAL_REPRESENTATION('',(#396),#462);
#396 = B_SPLINE_CURVE_WITH_KNOTS('',8,(#397,#398,#399,#400,#401,#402,
    #403,#404,#405,#406,#407,#408,#409,#410,#411,#412,#413,#414,#415,
    #416,#417,#418,#419,#420,#421,#422,#423,#424,#425,#426,#427,#428,
    #429,#430,#431,#432,#433,#434,#435,#436,#437,#438,#439,#440,#441,
    #442,#443,#444,#445,#446,#447,#448,#449,#450,#451,#452,#453,#454,
    #455,#456,#457,#458,#459,#460,#461),.UNSPECIFIED.,.T.,.F.,(9,7,7,7,7
    ,7,7,7,7,9),(0.,9.937188290855E-02,0.197373919883,0.28835633151,
    0.393019001225,0.601531066633,0.706342764263,0.797454724679,
    0.895596305582,1.),.UNSPECIFIED.);
#397 = CARTESIAN_POINT('',(4.918242277619,60.));
#398 = CARTESIAN_POINT('',(4.918242277619,60.235638357857));
#399 = CARTESIAN_POINT('',(4.916987816545,60.471250671934));
#400 = CARTESIAN_POINT('',(4.914479203674,60.704965370656));
#401 = CARTESIAN_POINT('',(4.910732629966,60.934910195493));
#402 = CARTESIAN_POINT('',(4.905779442072,61.159241279727));
#403 = CARTESIAN_POINT('',(4.899665559593,61.376168323505));
#404 = CARTESIAN_POINT('',(4.892451035576,61.583975865174));
#405 = CARTESIAN_POINT('',(4.876082091284,61.975388885608));
#406 = CARTESIAN_POINT('',(4.866768352999,62.163771823042));
#407 = CARTESIAN_POINT('',(4.85623787552,62.344293399077));
#408 = CARTESIAN_POINT('',(4.844467028053,62.514750363669));
#409 = CARTESIAN_POINT('',(4.831441864318,62.672601533364));
#410 = CARTESIAN_POINT('',(4.817161573586,62.814918685233));
#411 = CARTESIAN_POINT('',(4.801644029381,62.938309478073));
#412 = CARTESIAN_POINT('',(4.769422269391,63.132098030725));
#413 = CARTESIAN_POINT('',(4.752833096533,63.2059570087));
#414 = CARTESIAN_POINT('',(4.7354645335,63.255337703223));
#415 = CARTESIAN_POINT('',(4.717656243025,63.277116760407));
#416 = CARTESIAN_POINT('',(4.699769212544,63.270036119198));
#417 = CARTESIAN_POINT('',(4.682167741336,63.234685361077));
#418 = CARTESIAN_POINT('',(4.665201289962,63.173522218444));
#419 = CARTESIAN_POINT('',(4.630756289323,62.995926995014));
#420 = CARTESIAN_POINT('',(4.613640167732,62.872855021606));
#421 = CARTESIAN_POINT('',(4.597911434326,62.726694862055));
#422 = CARTESIAN_POINT('',(4.583607110081,62.561710479332));
#423 = CARTESIAN_POINT('',(4.570737395529,62.381606892172));
#424 = CARTESIAN_POINT('',(4.559292976931,62.189628338522));
#425 = CARTESIAN_POINT('',(4.54924902794,61.988615970852));
#426 = CARTESIAN_POINT('',(4.523273999441,61.367502954659));
#427 = CARTESIAN_POINT('',(4.511250339383,60.924579254444));
#428 = CARTESIAN_POINT('',(4.504149227945,60.466105117451));
#429 = CARTESIAN_POINT('',(4.501793652544,60.000287852104));
#430 = CARTESIAN_POINT('',(4.504135499206,59.534170535081));
#431 = CARTESIAN_POINT('',(4.51124672218,59.075068003715));
#432 = CARTESIAN_POINT('',(4.523298589425,58.631909051408));
#433 = CARTESIAN_POINT('',(4.549249027943,58.011384029063));
#434 = CARTESIAN_POINT('',(4.559292976933,57.810371661463));
#435 = CARTESIAN_POINT('',(4.570737395527,57.618393107881));
#436 = CARTESIAN_POINT('',(4.583607110077,57.438289520726));
#437 = CARTESIAN_POINT('',(4.597911434323,57.273305137955));
#438 = CARTESIAN_POINT('',(4.613640167735,57.12714497836));
#439 = CARTESIAN_POINT('',(4.630756289329,57.004073004956));
#440 = CARTESIAN_POINT('',(4.665201289962,56.826477781556));
#441 = CARTESIAN_POINT('',(4.682167741336,56.765314638923));
#442 = CARTESIAN_POINT('',(4.699769212544,56.729963880803));
#443 = CARTESIAN_POINT('',(4.717656243025,56.722883239593));
#444 = CARTESIAN_POINT('',(4.7354645335,56.744662296777));
#445 = CARTESIAN_POINT('',(4.752833096533,56.7940429913));
#446 = CARTESIAN_POINT('',(4.769422269391,56.867901969275));
#447 = CARTESIAN_POINT('',(4.801644029377,57.061690521903));
#448 = CARTESIAN_POINT('',(4.817161573584,57.185081314745));
#449 = CARTESIAN_POINT('',(4.83144186432,57.327398466644));
#450 = CARTESIAN_POINT('',(4.844467028056,57.48524963637));
#451 = CARTESIAN_POINT('',(4.856237875522,57.655706600959));
#452 = CARTESIAN_POINT('',(4.866768352998,57.836228176947));
#453 = CARTESIAN_POINT('',(4.876082091282,58.024611114335));
#454 = CARTESIAN_POINT('',(4.892856030871,58.425708353254));
#455 = CARTESIAN_POINT('',(4.900190141642,58.63992777055));
#456 = CARTESIAN_POINT('',(4.906248420146,58.859798283016));
#457 = CARTESIAN_POINT('',(4.911061951404,59.083860003895));
#458 = CARTESIAN_POINT('',(4.914655454791,59.310908068694));
#459 = CARTESIAN_POINT('',(4.917046102225,59.539904139029));
#460 = CARTESIAN_POINT('',(4.918242277619,59.769903821271));
#461 = CARTESIAN_POINT('',(4.918242277619,60.));
#462 = ( GEOMETRIC_REPRESENTATION_CONTEXT(2) 
PARAMETRIC_REPRESENTATION_CONTEXT() REPRESENTATION_CONTEXT('2D SPACE',''
  ) );
#463 = PCURVE('',#464,#469);
#464 = CYLINDRICAL_SURFACE('',#465,3.25);
#465 = AXIS2_PLACEMENT_3D('',#466,#467,#468);
#466 = CARTESIAN_POINT('',(72.,30.,191.));
#467 = DIRECTION('',(0.,-1.,2.22044604925E-16));
#468 = DIRECTION('',(1.,0.,0.));
#469 = DEFINITIONAL_REPRESENTATION('',(#470),#536);
#470 = B_SPLINE_CURVE_WITH_KNOTS('',8,(#471,#472,#473,#474,#475,#476,
    #477,#478,#479,#480,#481,#482,#483,#484,#485,#486,#487,#488,#489,
    #490,#491,#492,#493,#494,#495,#496,#497,#498,#499,#500,#501,#502,
    #503,#504,#505,#506,#507,#508,#509,#510,#511,#512,#513,#514,#515,
    #516,#517,#518,#519,#520,#521,#522,#523,#524,#525,#526,#527,#528,
    #529,#530,#531,#532,#533,#534,#535),.UNSPECIFIED.,.F.,.F.,(9,7,7,7,7
    ,7,7,7,7,9),(0.,9.937188290855E-02,0.197373919883,0.28835633151,
    0.393019001225,0.601531066633,0.706342764263,0.797454724679,
    0.895596305582,1.),.UNSPECIFIED.);
#471 = CARTESIAN_POINT('',(0.,45.564302104495));
#472 = CARTESIAN_POINT('',(7.250411010978E-02,45.564302104495));
#473 = CARTESIAN_POINT('',(0.145000093196,45.568378981256));
#474 = CARTESIAN_POINT('',(0.217493360296,45.576532283827));
#475 = CARTESIAN_POINT('',(0.289987375408,45.588571318794));
#476 = CARTESIAN_POINT('',(0.362485641502,45.604120459641));
#477 = CARTESIAN_POINT('',(0.434990224745,45.622641033655));
#478 = CARTESIAN_POINT('',(0.507496816918,45.643469786394));
#479 = CARTESIAN_POINT('',(0.651476583852,45.687969218938));
#480 = CARTESIAN_POINT('',(0.724599109688,45.712106108601));
#481 = CARTESIAN_POINT('',(0.799519733258,45.737762024796));
#482 = CARTESIAN_POINT('',(0.876413279498,45.764242976813));
#483 = CARTESIAN_POINT('',(0.9554802813,45.790671662766));
#484 = CARTESIAN_POINT('',(1.036952445768,45.815977877295));
#485 = CARTESIAN_POINT('',(1.1211063543,45.838921507212));
#486 = CARTESIAN_POINT('',(1.28925758162,45.876055986287));
#487 = CARTESIAN_POINT('',(1.373093205632,45.89081281611));
#488 = CARTESIAN_POINT('',(1.458709297324,45.901042797396));
#489 = CARTESIAN_POINT('',(1.54524077142,45.905644925024));
#490 = CARTESIAN_POINT('',(1.631931077289,45.904125798222));
#491 = CARTESIAN_POINT('',(1.718034504902,45.896723488592));
#492 = CARTESIAN_POINT('',(1.802721090255,45.884337606646));
#493 = CARTESIAN_POINT('',(1.979555002716,45.849744312298));
#494 = CARTESIAN_POINT('',(2.070622964648,45.82639669893));
#495 = CARTESIAN_POINT('',(2.158603013633,45.799827729803));
#496 = CARTESIAN_POINT('',(2.243816939165,45.771605227914));
#497 = CARTESIAN_POINT('',(2.32652507028,45.74309828529));
#498 = CARTESIAN_POINT('',(2.406943798568,45.715428480479));
#499 = CARTESIAN_POINT('',(2.485250537547,45.689472995657));
#500 = CARTESIAN_POINT('',(2.713724560236,45.618859154719));
#501 = CARTESIAN_POINT('',(2.85932823638,45.580817780693));
#502 = CARTESIAN_POINT('',(3.001274566278,45.556535802667));
#503 = CARTESIAN_POINT('',(3.141510237815,45.548178512697));
#504 = CARTESIAN_POINT('',(3.281827063567,45.556479800556));
#505 = CARTESIAN_POINT('',(3.423937757069,45.580822961409));
#506 = CARTESIAN_POINT('',(3.56967703824,45.618926003278));
#507 = CARTESIAN_POINT('',(3.797934769664,45.689472995666));
#508 = CARTESIAN_POINT('',(3.876241508621,45.715428480484));
#509 = CARTESIAN_POINT('',(3.956660236881,45.743098285283));
#510 = CARTESIAN_POINT('',(4.039368367987,45.771605227904));
#511 = CARTESIAN_POINT('',(4.124582293533,45.7998277298));
#512 = CARTESIAN_POINT('',(4.212562342545,45.826396698937));
#513 = CARTESIAN_POINT('',(4.303630304494,45.849744312304));
#514 = CARTESIAN_POINT('',(4.480464216925,45.884337606646));
#515 = CARTESIAN_POINT('',(4.565150802277,45.896723488592));
#516 = CARTESIAN_POINT('',(4.651254229891,45.904125798222));
#517 = CARTESIAN_POINT('',(4.73794453576,45.905644925024));
#518 = CARTESIAN_POINT('',(4.824476009856,45.901042797396));
#519 = CARTESIAN_POINT('',(4.910092101547,45.89081281611));
#520 = CARTESIAN_POINT('',(4.99392772556,45.876055986287));
#521 = CARTESIAN_POINT('',(5.162078952859,45.838921507217));
#522 = CARTESIAN_POINT('',(5.246232861403,45.815977877298));
#523 = CARTESIAN_POINT('',(5.327705025889,45.790671662764));
#524 = CARTESIAN_POINT('',(5.4067720277,45.764242976806));
#525 = CARTESIAN_POINT('',(5.483665573934,45.737762024791));
#526 = CARTESIAN_POINT('',(5.558586197485,45.712106108604));
#527 = CARTESIAN_POINT('',(5.631708723306,45.687969218944));
#528 = CARTESIAN_POINT('',(5.779250792585,45.642368795364));
#529 = CARTESIAN_POINT('',(5.853720388239,45.62109225828));
#530 = CARTESIAN_POINT('',(5.92692211706,45.60265960065));
#531 = CARTESIAN_POINT('',(5.99913492143,45.587513475181));
#532 = CARTESIAN_POINT('',(6.0706167891,45.57595912318));
#533 = CARTESIAN_POINT('',(6.141617046434,45.568189757523));
#534 = CARTESIAN_POINT('',(6.212386482955,45.564302104495));
#535 = CARTESIAN_POINT('',(6.28318530718,45.564302104495));
#536 = ( GEOMETRIC_REPRESENTATION_CONTEXT(2) 
PARAMETRIC_REPRESENTATION_CONTEXT() REPRESENTATION_CONTEXT('2D SPACE',''
  ) );
#537 = ADVANCED_FACE('',(#538,#541),#94,.F.);
#538 = FACE_BOUND('',#539,.F.);
#539 = EDGE_LOOP('',(#540));
#540 = ORIENTED_EDGE('',*,*,#79,.T.);
#541 = FACE_BOUND('',#542,.F.);
#542 = EDGE_LOOP('',(#543));
#543 = ORIENTED_EDGE('',*,*,#544,.F.);
#544 = EDGE_CURVE('',#545,#545,#547,.T.);
#545 = VERTEX_POINT('',#546);
#546 = CARTESIAN_POINT('',(84.,-2.939152317954E-15,131.));
#547 = SURFACE_CURVE('',#548,(#553,#560),.PCURVE_S1.);
#548 = CIRCLE('',#549,12.);
#549 = AXIS2_PLACEMENT_3D('',#550,#551,#552);
#550 = CARTESIAN_POINT('',(72.,0.,131.));
#551 = DIRECTION('',(0.,0.,1.));
#552 = DIRECTION('',(1.,0.,-0.));
#553 = PCURVE('',#94,#554);
#554 = DEFINITIONAL_REPRESENTATION('',(#555),#559);
#555 = CIRCLE('',#556,12.);
#556 = AXIS2_PLACEMENT_2D('',#557,#558);
#557 = CARTESIAN_POINT('',(0.,0.));
#558 = DIRECTION('',(1.,0.));
#559 = ( GEOMETRIC_REPRESENTATION_CONTEXT(2) 
PARAMETRIC_REPRESENTATION_CONTEXT() REPRESENTATION_CONTEXT('2D SPACE',''
  ) );
#560 = PCURVE('',#561,#566);
#561 = CYLINDRICAL_SURFACE('',#562,12.);
#562 = AXIS2_PLACEMENT_3D('',#563,#564,#565);
#563 = CARTESIAN_POINT('',(72.,0.,130.));
#564 = DIRECTION('',(0.,0.,1.));
#565 = DIRECTION('',(1.,0.,-0.));
#566 = DEFINITIONAL_REPRESENTATION('',(#567),#571);
#567 = LINE('',#568,#569);
#568 = CARTESIAN_POINT('',(0.,1.));
#569 = VECTOR('',#570,1.);
#570 = DIRECTION('',(1.,0.));
#571 = ( GEOMETRIC_REPRESENTATION_CONTEXT(2) 
PARAMETRIC_REPRESENTATION_CONTEXT() REPRESENTATION_CONTEXT('2D SPACE',''
  ) );
#572 = ADVANCED_FACE('',(#573,#604),#66,.F.);
#573 = FACE_BOUND('',#574,.F.);
#574 = EDGE_LOOP('',(#575));
#575 = ORIENTED_EDGE('',*,*,#576,.T.);
#576 = EDGE_CURVE('',#577,#577,#579,.T.);
#577 = VERTEX_POINT('',#578);
#578 = CARTESIAN_POINT('',(90.,-4.40872847693E-15,251.));
#579 = SURFACE_CURVE('',#580,(#585,#592),.PCURVE_S1.);
#580 = CIRCLE('',#581,18.);
#581 = AXIS2_PLACEMENT_3D('',#582,#583,#584);
#582 = CARTESIAN_POINT('',(72.,0.,251.));
#583 = DIRECTION('',(0.,0.,1.));
#584 = DIRECTION('',(1.,0.,-0.));
#585 = PCURVE('',#66,#586);
#586 = DEFINITIONAL_REPRESENTATION('',(#587),#591);
#587 = CIRCLE('',#588,18.);
#588 = AXIS2_PLACEMENT_2D('',#589,#590);
#589 = CARTESIAN_POINT('',(0.,0.));
#590 = DIRECTION('',(1.,0.));
#591 = ( GEOMETRIC_REPRESENTATION_CONTEXT(2) 
PARAMETRIC_REPRESENTATION_CONTEXT() REPRESENTATION_CONTEXT('2D SPACE',''
  ) );
#592 = PCURVE('',#593,#598);
#593 = CYLINDRICAL_SURFACE('',#594,18.);
#594 = AXIS2_PLACEMENT_3D('',#595,#596,#597);
#595 = CARTESIAN_POINT('',(72.,0.,251.));
#596 = DIRECTION('',(0.,0.,1.));
#597 = DIRECTION('',(1.,0.,-0.));
#598 = DEFINITIONAL_REPRESENTATION('',(#599),#603);
#599 = LINE('',#600,#601);
#600 = CARTESIAN_POINT('',(0.,0.));
#601 = VECTOR('',#602,1.);
#602 = DIRECTION('',(1.,0.));
#603 = ( GEOMETRIC_REPRESENTATION_CONTEXT(2) 
PARAMETRIC_REPRESENTATION_CONTEXT() REPRESENTATION_CONTEXT('2D SPACE',''
  ) );
#604 = FACE_BOUND('',#605,.F.);
#605 = EDGE_LOOP('',(#606));
#606 = ORIENTED_EDGE('',*,*,#51,.F.);
#607 = ADVANCED_FACE('',(#608),#248,.F.);
#608 = FACE_BOUND('',#609,.F.);
#609 = EDGE_LOOP('',(#610,#819,#840,#841));
#610 = ORIENTED_EDGE('',*,*,#611,.F.);
#611 = EDGE_CURVE('',#612,#612,#614,.T.);
#612 = VERTEX_POINT('',#613);
#613 = CARTESIAN_POINT('',(75.25,11.551515052148,191.));
#614 = SURFACE_CURVE('',#615,(#681,#750),.PCURVE_S1.);
#615 = B_SPLINE_CURVE_WITH_KNOTS('',8,(#616,#617,#618,#619,#620,#621,
    #622,#623,#624,#625,#626,#627,#628,#629,#630,#631,#632,#633,#634,
    #635,#636,#637,#638,#639,#640,#641,#642,#643,#644,#645,#646,#647,
    #648,#649,#650,#651,#652,#653,#654,#655,#656,#657,#658,#659,#660,
    #661,#662,#663,#664,#665,#666,#667,#668,#669,#670,#671,#672,#673,
    #674,#675,#676,#677,#678,#679,#680),.UNSPECIFIED.,.T.,.F.,(9,7,7,7,7
    ,7,7,7,7,9),(0.,0.111605814354,0.207700044542,0.298124792926,
    0.412578182757,0.517169667419,0.643198508099,0.733675412419,
    0.819024382288,1.),.UNSPECIFIED.);
#616 = CARTESIAN_POINT('',(75.25,11.551515052148,191.));
#617 = CARTESIAN_POINT('',(75.25,11.551515052148,191.24877477015));
#618 = CARTESIAN_POINT('',(75.22823710771,11.557638013745,191.4973572851
    ));
#619 = CARTESIAN_POINT('',(75.18476877748,11.569867728497,
    191.74456643357));
#620 = CARTESIAN_POINT('',(75.119420080579,11.588005752819,
    191.98917328144));
#621 = CARTESIAN_POINT('',(75.031814752954,11.61166544784,
    192.22982187028));
#622 = CARTESIAN_POINT('',(74.921403388722,11.640244271754,
    192.46493135565));
#623 = CARTESIAN_POINT('',(74.787495883502,11.67288109034,
    192.69257131684));
#624 = CARTESIAN_POINT('',(74.493100778627,11.738992108151,
    193.09777141667));
#625 = CARTESIAN_POINT('',(74.33831698642,11.771849011768,
    193.27868890942));
#626 = CARTESIAN_POINT('',(74.164445832385,11.806202224944,
    193.45102518858));
#627 = CARTESIAN_POINT('',(73.971122389143,11.841051868241,
    193.6124645441));
#628 = CARTESIAN_POINT('',(73.758169417645,11.875170426753,
    193.76037955764));
#629 = CARTESIAN_POINT('',(73.525665825231,11.907109058016,
    193.8917888707));
#630 = CARTESIAN_POINT('',(73.274054524867,11.935244572883,
    194.00328681957));
#631 = CARTESIAN_POINT('',(72.750470928534,11.979218660944,
    194.17340944264));
#632 = CARTESIAN_POINT('',(72.480941664354,11.995653716916,
    194.23464695003));
#633 = CARTESIAN_POINT('',(72.200863149873,12.00547775325,
    194.27008172227));
#634 = CARTESIAN_POINT('',(71.916018482018,12.007492181013,
    194.27717709768));
#635 = CARTESIAN_POINT('',(71.632485237457,12.00138039271,
    194.25532663896));
#636 = CARTESIAN_POINT('',(71.356279051937,11.987797841388,
    194.20582411709));
#637 = CARTESIAN_POINT('',(71.093004503442,11.968215231164,
    194.1318974267));
#638 = CARTESIAN_POINT('',(70.536834686692,11.914553288694,
    193.92097003738));
#639 = CARTESIAN_POINT('',(70.253180763826,11.877862332238,
    193.77186803218));
#640 = CARTESIAN_POINT('',(69.997439671441,11.837290095611,
    193.5980307666));
#641 = CARTESIAN_POINT('',(69.769555976073,11.795399143749,
    193.40470621555));
#642 = CARTESIAN_POINT('',(69.568956088246,11.754282898318,
    193.19615084128));
#643 = CARTESIAN_POINT('',(69.394810491968,11.715559315101,
    192.97582036382));
#644 = CARTESIAN_POINT('',(69.246204435638,11.680449799118,
    192.74649161682));
#645 = CARTESIAN_POINT('',(69.009010419001,11.621858340501,
    192.29455617672));
#646 = CARTESIAN_POINT('',(68.916100310703,11.597572597368,
    192.07258944165));
#647 = CARTESIAN_POINT('',(68.843017226597,11.577676121654,
    191.84602704808));
#648 = CARTESIAN_POINT('',(68.789355404363,11.562668178012,
    191.61620171714));
#649 = CARTESIAN_POINT('',(68.754828104337,11.552875522897,
    191.38427345739));
#650 = CARTESIAN_POINT('',(68.739275889699,11.548469869959,
    191.15129920156));
#651 = CARTESIAN_POINT('',(68.742678767019,11.549476351185,
    190.91830056947));
#652 = CARTESIAN_POINT('',(68.792275920071,11.563360169299,
    190.40681357405));
#653 = CARTESIAN_POINT('',(68.847042176707,11.578612570053,
    190.12935199768));
#654 = CARTESIAN_POINT('',(68.929543731012,11.601271306012,
    189.85547422136));
#655 = CARTESIAN_POINT('',(69.040306406164,11.630803506957,
    189.58694210112));
#656 = CARTESIAN_POINT('',(69.18021512354,11.666371254787,
    189.32590833041));
#657 = CARTESIAN_POINT('',(69.350416868682,11.706731003075,
    189.07512472021));
#658 = CARTESIAN_POINT('',(69.552183641629,11.750111876109,
    188.83822753483));
#659 = CARTESIAN_POINT('',(69.955058134184,11.825715875389,
    188.46355095635));
#660 = CARTESIAN_POINT('',(70.14212215744,11.857976874889,188.3149643007
    ));
#661 = CARTESIAN_POINT('',(70.347589941832,11.889774286078,
    188.17783876798));
#662 = CARTESIAN_POINT('',(70.570669708165,11.91976186652,
    188.05547149675));
#663 = CARTESIAN_POINT('',(70.810128704188,11.946487676892,
    187.95098450985));
#664 = CARTESIAN_POINT('',(71.06432064645,11.968515093659,
    187.86733524804));
#665 = CARTESIAN_POINT('',(71.33119038475,11.984554260978,
    187.80733799006));
#666 = CARTESIAN_POINT('',(71.86961803439,12.002140794185,
    187.74196103702));
#667 = CARTESIAN_POINT('',(72.134748128978,12.004284363263,
    187.73432261306));
#668 = CARTESIAN_POINT('',(72.399529877939,11.999591011803,
    187.75155439883));
#669 = CARTESIAN_POINT('',(72.659760881976,11.988160909048,
    187.79328734946));
#670 = CARTESIAN_POINT('',(72.911361442697,11.970700074447,
    187.85805978371));
#671 = CARTESIAN_POINT('',(73.150572689669,11.948424774494,
    187.94332640695));
#672 = CARTESIAN_POINT('',(73.374136038982,11.922862302386,
    188.04543806967));
#673 = CARTESIAN_POINT('',(74.014789529665,11.83779913015,
    188.40168333093));
#674 = CARTESIAN_POINT('',(74.380466613172,11.770715940201,
    188.70485743858));
#675 = CARTESIAN_POINT('',(74.677248720928,11.704275195137,
    189.04769032099));
#676 = CARTESIAN_POINT('',(74.909039438584,11.645750351081,
    189.41637551539));
#677 = CARTESIAN_POINT('',(75.079857285485,11.599380935078,
    189.80142675651));
#678 = CARTESIAN_POINT('',(75.192945352717,11.567567941216,
    190.19645506879));
#679 = CARTESIAN_POINT('',(75.25,11.551515052148,190.59719953406));
#680 = CARTESIAN_POINT('',(75.25,11.551515052148,191.));
#681 = PCURVE('',#248,#682);
#682 = DEFINITIONAL_REPRESENTATION('',(#683),#749);
#683 = B_SPLINE_CURVE_WITH_KNOTS('',8,(#684,#685,#686,#687,#688,#689,
    #690,#691,#692,#693,#694,#695,#696,#697,#698,#699,#700,#701,#702,
    #703,#704,#705,#706,#707,#708,#709,#710,#711,#712,#713,#714,#715,
    #716,#717,#718,#719,#720,#721,#722,#723,#724,#725,#726,#727,#728,
    #729,#730,#731,#732,#733,#734,#735,#736,#737,#738,#739,#740,#741,
    #742,#743,#744,#745,#746,#747,#748),.UNSPECIFIED.,.F.,.F.,(9,7,7,7,7
    ,7,7,7,7,9),(0.,0.111605814354,0.207700044542,0.298124792926,
    0.412578182757,0.517169667419,0.643198508099,0.733675412419,
    0.819024382288,1.),.UNSPECIFIED.);
#684 = CARTESIAN_POINT('',(0.,18.448484947852));
#685 = CARTESIAN_POINT('',(7.654608312441E-02,18.448484947852));
#686 = CARTESIAN_POINT('',(0.153032967884,18.442361986255));
#687 = CARTESIAN_POINT('',(0.229780911181,18.430132271503));
#688 = CARTESIAN_POINT('',(0.307090276732,18.411994247181));
#689 = CARTESIAN_POINT('',(0.385265902712,18.38833455216));
#690 = CARTESIAN_POINT('',(0.464625128973,18.359755728246));
#691 = CARTESIAN_POINT('',(0.545509296371,18.32711890966));
#692 = CARTESIAN_POINT('',(0.699618486486,18.261007891849));
#693 = CARTESIAN_POINT('',(0.772647617354,18.228150988232));
#694 = CARTESIAN_POINT('',(0.847545472177,18.193797775056));
#695 = CARTESIAN_POINT('',(0.924465218805,18.158948131759));
#696 = CARTESIAN_POINT('',(1.003589342665,18.124829573247));
#697 = CARTESIAN_POINT('',(1.085134669024,18.092890941984));
#698 = CARTESIAN_POINT('',(1.16936592551,18.064755427117));
#699 = CARTESIAN_POINT('',(1.338759270979,18.020781339056));
#700 = CARTESIAN_POINT('',(1.423454931831,18.004346283084));
#701 = CARTESIAN_POINT('',(1.509628253017,17.994522246751));
#702 = CARTESIAN_POINT('',(1.596412214022,17.992507818987));
#703 = CARTESIAN_POINT('',(1.683031757469,17.99861960729));
#704 = CARTESIAN_POINT('',(1.768699640361,18.012202158612));
#705 = CARTESIAN_POINT('',(1.852509137009,18.031784768836));
#706 = CARTESIAN_POINT('',(2.035531812522,18.085446711306));
#707 = CARTESIAN_POINT('',(2.133406930626,18.122137667762));
#708 = CARTESIAN_POINT('',(2.227577715362,18.162709904389));
#709 = CARTESIAN_POINT('',(2.318537129659,18.204600856251));
#710 = CARTESIAN_POINT('',(2.40671027661,18.245717101682));
#711 = CARTESIAN_POINT('',(2.492483251937,18.284440684899));
#712 = CARTESIAN_POINT('',(2.576212578871,18.319550200882));
#713 = CARTESIAN_POINT('',(2.733258275622,18.378141659499));
#714 = CARTESIAN_POINT('',(2.807018361994,18.402427402632));
#715 = CARTESIAN_POINT('',(2.879836789961,18.422323878346));
#716 = CARTESIAN_POINT('',(2.951965418584,18.437331821988));
#717 = CARTESIAN_POINT('',(3.023639047606,18.447124477103));
#718 = CARTESIAN_POINT('',(3.09508803664,18.451530130041));
#719 = CARTESIAN_POINT('',(3.166546637966,18.450523648815));
#720 = CARTESIAN_POINT('',(3.32466540812,18.436639830701));
#721 = CARTESIAN_POINT('',(3.411265845133,18.421387429947));
#722 = CARTESIAN_POINT('',(3.498576267632,18.398728693988));
#723 = CARTESIAN_POINT('',(3.587072049051,18.369196493043));
#724 = CARTESIAN_POINT('',(3.677241782797,18.333628745213));
#725 = CARTESIAN_POINT('',(3.769597949229,18.293268996925));
#726 = CARTESIAN_POINT('',(3.864699074081,18.249888123891));
#727 = CARTESIAN_POINT('',(4.033983092336,18.174284124611));
#728 = CARTESIAN_POINT('',(4.107266731068,18.142023125111));
#729 = CARTESIAN_POINT('',(4.182833972711,18.110225713922));
#730 = CARTESIAN_POINT('',(4.260519661064,18.08023813348));
#731 = CARTESIAN_POINT('',(4.340231603366,18.053512323108));
#732 = CARTESIAN_POINT('',(4.421940909859,18.031484906341));
#733 = CARTESIAN_POINT('',(4.505681459774,18.015445739022));
#734 = CARTESIAN_POINT('',(4.672568298771,17.997859205815));
#735 = CARTESIAN_POINT('',(4.753835193287,17.995715636737));
#736 = CARTESIAN_POINT('',(4.834883851587,18.000408988197));
#737 = CARTESIAN_POINT('',(4.915274728727,18.011839090952));
#738 = CARTESIAN_POINT('',(4.994554163716,18.029299925553));
#739 = CARTESIAN_POINT('',(5.072206499032,18.051575225506));
#740 = CARTESIAN_POINT('',(5.147594833354,18.077137697614));
#741 = CARTESIAN_POINT('',(5.373145589927,18.16220086985));
#742 = CARTESIAN_POINT('',(5.516816530295,18.229284059799));
#743 = CARTESIAN_POINT('',(5.653370732846,18.295724804863));
#744 = CARTESIAN_POINT('',(5.784427533905,18.354249648919));
#745 = CARTESIAN_POINT('',(5.911496095868,18.400619064922));
#746 = CARTESIAN_POINT('',(6.035940000643,18.432432058785));
#747 = CARTESIAN_POINT('',(6.159246702277,18.448484947852));
#748 = CARTESIAN_POINT('',(6.28318530718,18.448484947852));
#749 = ( GEOMETRIC_REPRESENTATION_CONTEXT(2) 
PARAMETRIC_REPRESENTATION_CONTEXT() REPRESENTATION_CONTEXT('2D SPACE',''
  ) );
#750 = PCURVE('',#561,#751);
#751 = DEFINITIONAL_REPRESENTATION('',(#752),#818);
#752 = B_SPLINE_CURVE_WITH_KNOTS('',8,(#753,#754,#755,#756,#757,#758,
    #759,#760,#761,#762,#763,#764,#765,#766,#767,#768,#769,#770,#771,
    #772,#773,#774,#775,#776,#777,#778,#779,#780,#781,#782,#783,#784,
    #785,#786,#787,#788,#789,#790,#791,#792,#793,#794,#795,#796,#797,
    #798,#799,#800,#801,#802,#803,#804,#805,#806,#807,#808,#809,#810,
    #811,#812,#813,#814,#815,#816,#817),.UNSPECIFIED.,.T.,.F.,(9,7,7,7,7
    ,7,7,7,7,9),(0.,0.111605814354,0.207700044542,0.298124792926,
    0.412578182757,0.517169667419,0.643198508099,0.733675412419,
    0.819024382288,1.),.UNSPECIFIED.);
#753 = CARTESIAN_POINT('',(1.296537713306,61.));
#754 = CARTESIAN_POINT('',(1.296537713306,61.248774770154));
#755 = CARTESIAN_POINT('',(1.298421698268,61.497357285103));
#756 = CARTESIAN_POINT('',(1.302184700792,61.744566433578));
#757 = CARTESIAN_POINT('',(1.307836254018,61.989173281448));
#758 = CARTESIAN_POINT('',(1.315397850088,62.229821870288));
#759 = CARTESIAN_POINT('',(1.324900794564,62.464931355653));
#760 = CARTESIAN_POINT('',(1.336384514347,62.692571316848));
#761 = CARTESIAN_POINT('',(1.361528425755,63.097771416674));
#762 = CARTESIAN_POINT('',(1.374713585146,63.278688909424));
#763 = CARTESIAN_POINT('',(1.389480400446,63.451025188585));
#764 = CARTESIAN_POINT('',(1.405845457484,63.612464544106));
#765 = CARTESIAN_POINT('',(1.423810105605,63.760379557647));
#766 = CARTESIAN_POINT('',(1.443357694813,63.891788870708));
#767 = CARTESIAN_POINT('',(1.464447963462,64.00328681957));
#768 = CARTESIAN_POINT('',(1.508233544451,64.173409442644));
#769 = CARTESIAN_POINT('',(1.530730143061,64.234646950036));
#770 = CARTESIAN_POINT('',(1.554071221837,64.270081722273));
#771 = CARTESIAN_POINT('',(1.577790073395,64.27717709768));
#772 = CARTESIAN_POINT('',(1.601404945735,64.25532663896));
#773 = CARTESIAN_POINT('',(1.624437689754,64.205824117092));
#774 = CARTESIAN_POINT('',(1.64643254144,64.131897426706));
#775 = CARTESIAN_POINT('',(1.692995258191,63.920970037382));
#776 = CARTESIAN_POINT('',(1.716817451012,63.771868032187));
#777 = CARTESIAN_POINT('',(1.738382299577,63.5980307666));
#778 = CARTESIAN_POINT('',(1.757681430739,63.404706215558));
#779 = CARTESIAN_POINT('',(1.774740601954,63.196150841284));
#780 = CARTESIAN_POINT('',(1.789604894238,62.975820363822));
#781 = CARTESIAN_POINT('',(1.802329021054,62.746491616825));
#782 = CARTESIAN_POINT('',(1.822689310657,62.294556176729));
#783 = CARTESIAN_POINT('',(1.830691228285,62.072589441651));
#784 = CARTESIAN_POINT('',(1.837002769331,61.846027048088));
#785 = CARTESIAN_POINT('',(1.841646154202,61.616201717144));
#786 = CARTESIAN_POINT('',(1.844636946908,61.38427345739));
#787 = CARTESIAN_POINT('',(1.8459839358,61.151299201568));
#788 = CARTESIAN_POINT('',(1.845688254856,60.918300569477));
#789 = CARTESIAN_POINT('',(1.841396274288,60.406813574053));
#790 = CARTESIAN_POINT('',(1.836658737685,60.129351997683));
#791 = CARTESIAN_POINT('',(1.829529088185,59.85547422136));
#792 = CARTESIAN_POINT('',(1.819976925896,59.586942101126));
#793 = CARTESIAN_POINT('',(1.807948909459,59.325908330414));
#794 = CARTESIAN_POINT('',(1.793376452289,59.075124720214));
#795 = CARTESIAN_POINT('',(1.77618425312,58.838227534838));
#796 = CARTESIAN_POINT('',(1.742025329052,58.463550956356));
#797 = CARTESIAN_POINT('',(1.726208288614,58.314964300705));
#798 = CARTESIAN_POINT('',(1.708886473342,58.177838767987));
#799 = CARTESIAN_POINT('',(1.690137264544,58.055471496753));
#800 = CARTESIAN_POINT('',(1.670069635413,57.950984509855));
#801 = CARTESIAN_POINT('',(1.648819465683,57.867335248048));
#802 = CARTESIAN_POINT('',(1.626548575563,57.807337990068));
#803 = CARTESIAN_POINT('',(1.581655676776,57.741961037027));
#804 = CARTESIAN_POINT('',(1.559567435706,57.734322613063));
#805 = CARTESIAN_POINT('',(1.537511094952,57.751554398832));
#806 = CARTESIAN_POINT('',(1.515818647884,57.793287349469));
#807 = CARTESIAN_POINT('',(1.494813737874,57.858059783717));
#808 = CARTESIAN_POINT('',(1.47480068481,57.943326406953));
#809 = CARTESIAN_POINT('',(1.456052118354,58.045438069679));
#810 = CARTESIAN_POINT('',(1.402195786941,58.40168333093));
#811 = CARTESIAN_POINT('',(1.371252051367,58.704857438581));
#812 = CARTESIAN_POINT('',(1.34593169296,59.047690320992));
#813 = CARTESIAN_POINT('',(1.326015590827,59.416375515399));
#814 = CARTESIAN_POINT('',(1.311266836373,59.801426756511));
#815 = CARTESIAN_POINT('',(1.301476844957,60.196455068791));
#816 = CARTESIAN_POINT('',(1.296537713306,60.597199534067));
#817 = CARTESIAN_POINT('',(1.296537713306,61.));
#818 = ( GEOMETRIC_REPRESENTATION_CONTEXT(2) 
PARAMETRIC_REPRESENTATION_CONTEXT() REPRESENTATION_CONTEXT('2D SPACE',''
  ) );
#819 = ORIENTED_EDGE('',*,*,#820,.F.);
#820 = EDGE_CURVE('',#109,#612,#821,.T.);
#821 = SEAM_CURVE('',#822,(#826,#833),.PCURVE_S1.);
#822 = LINE('',#823,#824);
#823 = CARTESIAN_POINT('',(75.25,30.,191.));
#824 = VECTOR('',#825,1.);
#825 = DIRECTION('',(0.,-1.,2.22044604925E-16));
#826 = PCURVE('',#248,#827);
#827 = DEFINITIONAL_REPRESENTATION('',(#828),#832);
#828 = LINE('',#829,#830);
#829 = CARTESIAN_POINT('',(6.28318530718,-0.));
#830 = VECTOR('',#831,1.);
#831 = DIRECTION('',(0.,1.));
#832 = ( GEOMETRIC_REPRESENTATION_CONTEXT(2) 
PARAMETRIC_REPRESENTATION_CONTEXT() REPRESENTATION_CONTEXT('2D SPACE',''
  ) );
#833 = PCURVE('',#248,#834);
#834 = DEFINITIONAL_REPRESENTATION('',(#835),#839);
#835 = LINE('',#836,#837);
#836 = CARTESIAN_POINT('',(0.,-0.));
#837 = VECTOR('',#838,1.);
#838 = DIRECTION('',(0.,1.));
#839 = ( GEOMETRIC_REPRESENTATION_CONTEXT(2) 
PARAMETRIC_REPRESENTATION_CONTEXT() REPRESENTATION_CONTEXT('2D SPACE',''
  ) );
#840 = ORIENTED_EDGE('',*,*,#108,.T.);
#841 = ORIENTED_EDGE('',*,*,#820,.T.);
#842 = ADVANCED_FACE('',(#843),#464,.F.);
#843 = FACE_BOUND('',#844,.F.);
#844 = EDGE_LOOP('',(#845,#846,#869,#1076));
#845 = ORIENTED_EDGE('',*,*,#324,.F.);
#846 = ORIENTED_EDGE('',*,*,#847,.F.);
#847 = EDGE_CURVE('',#848,#325,#850,.T.);
#848 = VERTEX_POINT('',#849);
#849 = CARTESIAN_POINT('',(75.25,-11.55151505214,191.));
#850 = SEAM_CURVE('',#851,(#855,#862),.PCURVE_S1.);
#851 = LINE('',#852,#853);
#852 = CARTESIAN_POINT('',(75.25,30.,191.));
#853 = VECTOR('',#854,1.);
#854 = DIRECTION('',(0.,-1.,2.22044604925E-16));
#855 = PCURVE('',#464,#856);
#856 = DEFINITIONAL_REPRESENTATION('',(#857),#861);
#857 = LINE('',#858,#859);
#858 = CARTESIAN_POINT('',(6.28318530718,-0.));
#859 = VECTOR('',#860,1.);
#860 = DIRECTION('',(0.,1.));
#861 = ( GEOMETRIC_REPRESENTATION_CONTEXT(2) 
PARAMETRIC_REPRESENTATION_CONTEXT() REPRESENTATION_CONTEXT('2D SPACE',''
  ) );
#862 = PCURVE('',#464,#863);
#863 = DEFINITIONAL_REPRESENTATION('',(#864),#868);
#864 = LINE('',#865,#866);
#865 = CARTESIAN_POINT('',(0.,-0.));
#866 = VECTOR('',#867,1.);
#867 = DIRECTION('',(0.,1.));
#868 = ( GEOMETRIC_REPRESENTATION_CONTEXT(2) 
PARAMETRIC_REPRESENTATION_CONTEXT() REPRESENTATION_CONTEXT('2D SPACE',''
  ) );
#869 = ORIENTED_EDGE('',*,*,#870,.T.);
#870 = EDGE_CURVE('',#848,#848,#871,.T.);
#871 = SURFACE_CURVE('',#872,(#938,#1007),.PCURVE_S1.);
#872 = B_SPLINE_CURVE_WITH_KNOTS('',8,(#873,#874,#875,#876,#877,#878,
    #879,#880,#881,#882,#883,#884,#885,#886,#887,#888,#889,#890,#891,
    #892,#893,#894,#895,#896,#897,#898,#899,#900,#901,#902,#903,#904,
    #905,#906,#907,#908,#909,#910,#911,#912,#913,#914,#915,#916,#917,
    #918,#919,#920,#921,#922,#923,#924,#925,#926,#927,#928,#929,#930,
    #931,#932,#933,#934,#935,#936,#937),.UNSPECIFIED.,.T.,.F.,(9,7,7,7,7
    ,7,7,7,7,9),(0.,0.111605809034,0.20770003743,0.298124786626,
    0.412578177485,0.517169663086,0.643198504896,0.733675410028,
    0.819024380663,1.),.UNSPECIFIED.);
#873 = CARTESIAN_POINT('',(75.25,-11.55151505214,191.));
#874 = CARTESIAN_POINT('',(75.25,-11.55151505214,191.24877477015));
#875 = CARTESIAN_POINT('',(75.22823710771,-11.55763801374,191.4973572851
    ));
#876 = CARTESIAN_POINT('',(75.18476877748,-11.56986772849,
    191.74456643357));
#877 = CARTESIAN_POINT('',(75.119420080579,-11.58800575281,
    191.98917328144));
#878 = CARTESIAN_POINT('',(75.031814752954,-11.61166544784,
    192.22982187028));
#879 = CARTESIAN_POINT('',(74.921403388721,-11.64024427175,
    192.46493135565));
#880 = CARTESIAN_POINT('',(74.787495883502,-11.67288109034,
    192.69257131684));
#881 = CARTESIAN_POINT('',(74.493100774673,-11.73899210903,
    193.09777142211));
#882 = CARTESIAN_POINT('',(74.338316991879,-11.77184901018,
    193.27868889951));
#883 = CARTESIAN_POINT('',(74.164445835852,-11.8062022252,
    193.45102519148));
#884 = CARTESIAN_POINT('',(73.971122380519,-11.84105186943,
    193.61246455015));
#885 = CARTESIAN_POINT('',(73.758169414379,-11.87517042648,
    193.76037955465));
#886 = CARTESIAN_POINT('',(73.525665838475,-11.90710905702,
    193.89178886754));
#887 = CARTESIAN_POINT('',(73.274054517418,-11.9352445735,
    194.00328682199));
#888 = CARTESIAN_POINT('',(72.750470928533,-11.97921866094,
    194.17340944264));
#889 = CARTESIAN_POINT('',(72.480941664355,-11.99565371691,
    194.23464695003));
#890 = CARTESIAN_POINT('',(72.200863149872,-12.00547775325,
    194.27008172227));
#891 = CARTESIAN_POINT('',(71.916018482018,-12.00749218101,
    194.27717709768));
#892 = CARTESIAN_POINT('',(71.632485237458,-12.00138039271,
    194.25532663896));
#893 = CARTESIAN_POINT('',(71.356279051937,-11.98779784138,
    194.20582411709));
#894 = CARTESIAN_POINT('',(71.093004503442,-11.96821523116,
    194.1318974267));
#895 = CARTESIAN_POINT('',(70.536834686692,-11.91455328869,
    193.92097003738));
#896 = CARTESIAN_POINT('',(70.253180763826,-11.87786233223,
    193.77186803218));
#897 = CARTESIAN_POINT('',(69.99743967144,-11.83729009561,
    193.59803076659));
#898 = CARTESIAN_POINT('',(69.769555976074,-11.79539914374,
    193.40470621555));
#899 = CARTESIAN_POINT('',(69.568956088247,-11.75428289831,
    193.19615084128));
#900 = CARTESIAN_POINT('',(69.394810491968,-11.7155593151,
    192.97582036382));
#901 = CARTESIAN_POINT('',(69.246204435638,-11.68044979911,
    192.74649161682));
#902 = CARTESIAN_POINT('',(69.009010419001,-11.6218583405,
    192.29455617672));
#903 = CARTESIAN_POINT('',(68.916100310703,-11.59757259736,
    192.07258944165));
#904 = CARTESIAN_POINT('',(68.843017226597,-11.57767612165,
    191.84602704808));
#905 = CARTESIAN_POINT('',(68.789355404363,-11.56266817801,
    191.61620171714));
#906 = CARTESIAN_POINT('',(68.754828104337,-11.55287552289,
    191.38427345739));
#907 = CARTESIAN_POINT('',(68.739275889699,-11.54846986995,
    191.15129920156));
#908 = CARTESIAN_POINT('',(68.742678767019,-11.54947635118,
    190.91830056947));
#909 = CARTESIAN_POINT('',(68.792275920071,-11.56336016929,
    190.40681357405));
#910 = CARTESIAN_POINT('',(68.847042176708,-11.57861257005,
    190.12935199768));
#911 = CARTESIAN_POINT('',(68.929543731011,-11.60127130601,
    189.85547422136));
#912 = CARTESIAN_POINT('',(69.040306406164,-11.63080350695,
    189.58694210112));
#913 = CARTESIAN_POINT('',(69.18021512354,-11.66637125478,
    189.32590833041));
#914 = CARTESIAN_POINT('',(69.350416868682,-11.70673100307,
    189.07512472021));
#915 = CARTESIAN_POINT('',(69.552183641629,-11.7501118761,
    188.83822753483));
#916 = CARTESIAN_POINT('',(69.955058134184,-11.82571587538,
    188.46355095635));
#917 = CARTESIAN_POINT('',(70.14212215744,-11.85797687488,188.3149643007
    ));
#918 = CARTESIAN_POINT('',(70.347589941832,-11.88977428607,
    188.17783876798));
#919 = CARTESIAN_POINT('',(70.570669708165,-11.91976186652,
    188.05547149675));
#920 = CARTESIAN_POINT('',(70.810128704188,-11.94648767689,
    187.95098450985));
#921 = CARTESIAN_POINT('',(71.06432064645,-11.96851509365,
    187.86733524804));
#922 = CARTESIAN_POINT('',(71.33119038475,-11.98455426097,
    187.80733799006));
#923 = CARTESIAN_POINT('',(71.86961803439,-12.00214079418,
    187.74196103702));
#924 = CARTESIAN_POINT('',(72.134748128979,-12.00428436326,
    187.73432261306));
#925 = CARTESIAN_POINT('',(72.399529877938,-11.9995910118,
    187.75155439883));
#926 = CARTESIAN_POINT('',(72.659760881976,-11.98816090904,
    187.79328734946));
#927 = CARTESIAN_POINT('',(72.911361442698,-11.97070007444,
    187.85805978371));
#928 = CARTESIAN_POINT('',(73.150572689668,-11.94842477449,
    187.94332640695));
#929 = CARTESIAN_POINT('',(73.374136038982,-11.92286230238,
    188.04543806967));
#930 = CARTESIAN_POINT('',(74.014789529666,-11.83779913015,
    188.40168333093));
#931 = CARTESIAN_POINT('',(74.38046661317,-11.7707159402,188.70485743858
    ));
#932 = CARTESIAN_POINT('',(74.677248720931,-11.70427519513,
    189.04769032099));
#933 = CARTESIAN_POINT('',(74.90903943858,-11.64575035108,
    189.41637551539));
#934 = CARTESIAN_POINT('',(75.079857285487,-11.59938093507,
    189.80142675651));
#935 = CARTESIAN_POINT('',(75.192945352717,-11.56756794121,
    190.19645506879));
#936 = CARTESIAN_POINT('',(75.25,-11.55151505214,190.59719953406));
#937 = CARTESIAN_POINT('',(75.25,-11.55151505214,191.));
#938 = PCURVE('',#464,#939);
#939 = DEFINITIONAL_REPRESENTATION('',(#940),#1006);
#940 = B_SPLINE_CURVE_WITH_KNOTS('',8,(#941,#942,#943,#944,#945,#946,
    #947,#948,#949,#950,#951,#952,#953,#954,#955,#956,#957,#958,#959,
    #960,#961,#962,#963,#964,#965,#966,#967,#968,#969,#970,#971,#972,
    #973,#974,#975,#976,#977,#978,#979,#980,#981,#982,#983,#984,#985,
    #986,#987,#988,#989,#990,#991,#992,#993,#994,#995,#996,#997,#998,
    #999,#1000,#1001,#1002,#1003,#1004,#1005),.UNSPECIFIED.,.F.,.F.,(9,7
    ,7,7,7,7,7,7,7,9),(0.,0.111605809034,0.20770003743,0.298124786626,
    0.412578177485,0.517169663086,0.643198504896,0.733675410028,
    0.819024380663,1.),.UNSPECIFIED.);
#941 = CARTESIAN_POINT('',(0.,41.551515052148));
#942 = CARTESIAN_POINT('',(7.654608312445E-02,41.551515052148));
#943 = CARTESIAN_POINT('',(0.153032967884,41.557638013745));
#944 = CARTESIAN_POINT('',(0.229780911182,41.569867728497));
#945 = CARTESIAN_POINT('',(0.307090276732,41.588005752819));
#946 = CARTESIAN_POINT('',(0.385265902712,41.61166544784));
#947 = CARTESIAN_POINT('',(0.464625128973,41.640244271754));
#948 = CARTESIAN_POINT('',(0.545509296371,41.67288109034));
#949 = CARTESIAN_POINT('',(0.699618488556,41.738992109039));
#950 = CARTESIAN_POINT('',(0.772647614075,41.771849010183));
#951 = CARTESIAN_POINT('',(0.847545471804,41.806202225207));
#952 = CARTESIAN_POINT('',(0.92446522218,41.841051869438));
#953 = CARTESIAN_POINT('',(1.003589342954,41.875170426483));
#954 = CARTESIAN_POINT('',(1.08513466498,41.907109057026));
#955 = CARTESIAN_POINT('',(1.169365927919,41.935244573508));
#956 = CARTESIAN_POINT('',(1.338759270979,41.979218660944));
#957 = CARTESIAN_POINT('',(1.423454931831,41.995653716915));
#958 = CARTESIAN_POINT('',(1.509628253017,42.00547775325));
#959 = CARTESIAN_POINT('',(1.596412214022,42.007492181013));
#960 = CARTESIAN_POINT('',(1.683031757469,42.00138039271));
#961 = CARTESIAN_POINT('',(1.768699640361,41.987797841388));
#962 = CARTESIAN_POINT('',(1.852509137009,41.968215231164));
#963 = CARTESIAN_POINT('',(2.035531812522,41.914553288694));
#964 = CARTESIAN_POINT('',(2.133406930626,41.877862332238));
#965 = CARTESIAN_POINT('',(2.227577715362,41.837290095611));
#966 = CARTESIAN_POINT('',(2.318537129659,41.795399143749));
#967 = CARTESIAN_POINT('',(2.40671027661,41.754282898318));
#968 = CARTESIAN_POINT('',(2.492483251938,41.715559315101));
#969 = CARTESIAN_POINT('',(2.576212578871,41.680449799118));
#970 = CARTESIAN_POINT('',(2.733258275622,41.621858340501));
#971 = CARTESIAN_POINT('',(2.807018361994,41.597572597368));
#972 = CARTESIAN_POINT('',(2.879836789961,41.577676121654));
#973 = CARTESIAN_POINT('',(2.951965418584,41.562668178012));
#974 = CARTESIAN_POINT('',(3.023639047606,41.552875522897));
#975 = CARTESIAN_POINT('',(3.09508803664,41.548469869959));
#976 = CARTESIAN_POINT('',(3.166546637966,41.549476351185));
#977 = CARTESIAN_POINT('',(3.32466540812,41.563360169299));
#978 = CARTESIAN_POINT('',(3.411265845133,41.578612570053));
#979 = CARTESIAN_POINT('',(3.498576267631,41.601271306012));
#980 = CARTESIAN_POINT('',(3.587072049051,41.630803506957));
#981 = CARTESIAN_POINT('',(3.677241782797,41.666371254787));
#982 = CARTESIAN_POINT('',(3.769597949229,41.706731003075));
#983 = CARTESIAN_POINT('',(3.864699074081,41.750111876109));
#984 = CARTESIAN_POINT('',(4.033983092336,41.825715875389));
#985 = CARTESIAN_POINT('',(4.107266731068,41.857976874889));
#986 = CARTESIAN_POINT('',(4.182833972711,41.889774286078));
#987 = CARTESIAN_POINT('',(4.260519661064,41.91976186652));
#988 = CARTESIAN_POINT('',(4.340231603366,41.946487676892));
#989 = CARTESIAN_POINT('',(4.421940909859,41.968515093659));
#990 = CARTESIAN_POINT('',(4.505681459774,41.984554260978));
#991 = CARTESIAN_POINT('',(4.672568298771,42.002140794185));
#992 = CARTESIAN_POINT('',(4.753835193287,42.004284363263));
#993 = CARTESIAN_POINT('',(4.834883851587,41.999591011803));
#994 = CARTESIAN_POINT('',(4.915274728727,41.988160909048));
#995 = CARTESIAN_POINT('',(4.994554163717,41.970700074447));
#996 = CARTESIAN_POINT('',(5.072206499032,41.948424774494));
#997 = CARTESIAN_POINT('',(5.147594833354,41.922862302386));
#998 = CARTESIAN_POINT('',(5.373145589927,41.83779913015));
#999 = CARTESIAN_POINT('',(5.516816530293,41.770715940201));
#1000 = CARTESIAN_POINT('',(5.65337073285,41.704275195136));
#1001 = CARTESIAN_POINT('',(5.784427533899,41.645750351081));
#1002 = CARTESIAN_POINT('',(5.911496095871,41.599380935078));
#1003 = CARTESIAN_POINT('',(6.035940000642,41.567567941216));
#1004 = CARTESIAN_POINT('',(6.159246702277,41.551515052148));
#1005 = CARTESIAN_POINT('',(6.28318530718,41.551515052148));
#1006 = ( GEOMETRIC_REPRESENTATION_CONTEXT(2) 
PARAMETRIC_REPRESENTATION_CONTEXT() REPRESENTATION_CONTEXT('2D SPACE',''
  ) );
#1007 = PCURVE('',#561,#1008);
#1008 = DEFINITIONAL_REPRESENTATION('',(#1009),#1075);
#1009 = B_SPLINE_CURVE_WITH_KNOTS('',8,(#1010,#1011,#1012,#1013,#1014,
    #1015,#1016,#1017,#1018,#1019,#1020,#1021,#1022,#1023,#1024,#1025,
    #1026,#1027,#1028,#1029,#1030,#1031,#1032,#1033,#1034,#1035,#1036,
    #1037,#1038,#1039,#1040,#1041,#1042,#1043,#1044,#1045,#1046,#1047,
    #1048,#1049,#1050,#1051,#1052,#1053,#1054,#1055,#1056,#1057,#1058,
    #1059,#1060,#1061,#1062,#1063,#1064,#1065,#1066,#1067,#1068,#1069,
    #1070,#1071,#1072,#1073,#1074),.UNSPECIFIED.,.T.,.F.,(9,7,7,7,7,7,7,
    7,7,9),(0.,0.111605809034,0.20770003743,0.298124786626,
    0.412578177485,0.517169663086,0.643198504896,0.733675410028,
    0.819024380663,1.),.UNSPECIFIED.);
#1010 = CARTESIAN_POINT('',(4.986647593873,61.));
#1011 = CARTESIAN_POINT('',(4.986647593873,61.248774770154));
#1012 = CARTESIAN_POINT('',(4.984763608912,61.497357285103));
#1013 = CARTESIAN_POINT('',(4.981000606387,61.744566433578));
#1014 = CARTESIAN_POINT('',(4.975349053161,61.989173281448));
#1015 = CARTESIAN_POINT('',(4.967787457091,62.229821870287));
#1016 = CARTESIAN_POINT('',(4.958284512616,62.464931355653));
#1017 = CARTESIAN_POINT('',(4.946800792833,62.692571316848));
#1018 = CARTESIAN_POINT('',(4.921656881087,63.097771422116));
#1019 = CARTESIAN_POINT('',(4.908471722504,63.278688899517));
#1020 = CARTESIAN_POINT('',(4.893704907017,63.45102519148));
#1021 = CARTESIAN_POINT('',(4.877339848969,63.612464550152));
#1022 = CARTESIAN_POINT('',(4.859375201308,63.760379554653));
#1023 = CARTESIAN_POINT('',(4.839827613472,63.891788867545));
#1024 = CARTESIAN_POINT('',(4.818737343095,64.003286821991));
#1025 = CARTESIAN_POINT('',(4.774951762729,64.173409442644));
#1026 = CARTESIAN_POINT('',(4.752455164119,64.234646950036));
#1027 = CARTESIAN_POINT('',(4.729114085343,64.270081722273));
#1028 = CARTESIAN_POINT('',(4.705395233785,64.27717709768));
#1029 = CARTESIAN_POINT('',(4.681780361445,64.25532663896));
#1030 = CARTESIAN_POINT('',(4.658747617425,64.205824117091));
#1031 = CARTESIAN_POINT('',(4.636752765739,64.131897426706));
#1032 = CARTESIAN_POINT('',(4.590190048988,63.920970037382));
#1033 = CARTESIAN_POINT('',(4.566367856167,63.771868032187));
#1034 = CARTESIAN_POINT('',(4.544803007603,63.598030766599));
#1035 = CARTESIAN_POINT('',(4.525503876441,63.404706215558));
#1036 = CARTESIAN_POINT('',(4.508444705226,63.196150841285));
#1037 = CARTESIAN_POINT('',(4.493580412942,62.975820363821));
#1038 = CARTESIAN_POINT('',(4.480856286125,62.746491616825));
#1039 = CARTESIAN_POINT('',(4.460495996522,62.294556176729));
#1040 = CARTESIAN_POINT('',(4.452494078894,62.072589441651));
#1041 = CARTESIAN_POINT('',(4.446182537849,61.846027048088));
#1042 = CARTESIAN_POINT('',(4.441539152978,61.616201717144));
#1043 = CARTESIAN_POINT('',(4.438548360272,61.38427345739));
#1044 = CARTESIAN_POINT('',(4.437201371379,61.151299201568));
#1045 = CARTESIAN_POINT('',(4.437497052324,60.918300569477));
#1046 = CARTESIAN_POINT('',(4.441789032892,60.406813574053));
#1047 = CARTESIAN_POINT('',(4.446526569495,60.129351997683));
#1048 = CARTESIAN_POINT('',(4.453656218995,59.855474221361));
#1049 = CARTESIAN_POINT('',(4.463208381284,59.586942101126));
#1050 = CARTESIAN_POINT('',(4.47523639772,59.325908330414));
#1051 = CARTESIAN_POINT('',(4.48980885489,59.075124720214));
#1052 = CARTESIAN_POINT('',(4.50700105406,58.838227534838));
#1053 = CARTESIAN_POINT('',(4.541159978127,58.463550956356));
#1054 = CARTESIAN_POINT('',(4.556977018565,58.314964300705));
#1055 = CARTESIAN_POINT('',(4.574298833837,58.177838767987));
#1056 = CARTESIAN_POINT('',(4.593048042636,58.055471496753));
#1057 = CARTESIAN_POINT('',(4.613115671767,57.950984509855));
#1058 = CARTESIAN_POINT('',(4.634365841496,57.867335248048));
#1059 = CARTESIAN_POINT('',(4.656636731617,57.807337990068));
#1060 = CARTESIAN_POINT('',(4.701529630403,57.741961037027));
#1061 = CARTESIAN_POINT('',(4.723617871474,57.734322613063));
#1062 = CARTESIAN_POINT('',(4.745674212227,57.751554398832));
#1063 = CARTESIAN_POINT('',(4.767366659296,57.793287349469));
#1064 = CARTESIAN_POINT('',(4.788371569305,57.858059783717));
#1065 = CARTESIAN_POINT('',(4.80838462237,57.943326406953));
#1066 = CARTESIAN_POINT('',(4.827133188825,58.045438069679));
#1067 = CARTESIAN_POINT('',(4.880989520239,58.40168333093));
#1068 = CARTESIAN_POINT('',(4.911933255812,58.70485743858));
#1069 = CARTESIAN_POINT('',(4.93725361422,59.047690320995));
#1070 = CARTESIAN_POINT('',(4.957169716352,59.416375515396));
#1071 = CARTESIAN_POINT('',(4.971918470807,59.801426756513));
#1072 = CARTESIAN_POINT('',(4.981708462222,60.19645506879));
#1073 = CARTESIAN_POINT('',(4.986647593873,60.597199534067));
#1074 = CARTESIAN_POINT('',(4.986647593873,61.));
#1075 = ( GEOMETRIC_REPRESENTATION_CONTEXT(2) 
PARAMETRIC_REPRESENTATION_CONTEXT() REPRESENTATION_CONTEXT('2D SPACE',''
  ) );
#1076 = ORIENTED_EDGE('',*,*,#847,.T.);
#1077 = ADVANCED_FACE('',(#1078,#1132,#1135,#1138,#1309),#561,.F.);
#1078 = FACE_BOUND('',#1079,.F.);
#1079 = EDGE_LOOP('',(#1080,#1109,#1130,#1131));
#1080 = ORIENTED_EDGE('',*,*,#1081,.F.);
#1081 = EDGE_CURVE('',#1082,#1082,#1084,.T.);
#1082 = VERTEX_POINT('',#1083);
#1083 = CARTESIAN_POINT('',(84.,-2.939152317954E-15,1.581E+03));
#1084 = SURFACE_CURVE('',#1085,(#1090,#1097),.PCURVE_S1.);
#1085 = CIRCLE('',#1086,12.);
#1086 = AXIS2_PLACEMENT_3D('',#1087,#1088,#1089);
#1087 = CARTESIAN_POINT('',(72.,0.,1.581E+03));
#1088 = DIRECTION('',(0.,0.,1.));
#1089 = DIRECTION('',(1.,0.,-0.));
#1090 = PCURVE('',#561,#1091);
#1091 = DEFINITIONAL_REPRESENTATION('',(#1092),#1096);
#1092 = LINE('',#1093,#1094);
#1093 = CARTESIAN_POINT('',(0.,1.451E+03));
#1094 = VECTOR('',#1095,1.);
#1095 = DIRECTION('',(1.,0.));
#1096 = ( GEOMETRIC_REPRESENTATION_CONTEXT(2) 
PARAMETRIC_REPRESENTATION_CONTEXT() REPRESENTATION_CONTEXT('2D SPACE',''
  ) );
#1097 = PCURVE('',#1098,#1103);
#1098 = PLANE('',#1099);
#1099 = AXIS2_PLACEMENT_3D('',#1100,#1101,#1102);
#1100 = CARTESIAN_POINT('',(72.,0.,1.581E+03));
#1101 = DIRECTION('',(0.,0.,1.));
#1102 = DIRECTION('',(1.,0.,-0.));
#1103 = DEFINITIONAL_REPRESENTATION('',(#1104),#1108);
#1104 = CIRCLE('',#1105,12.);
#1105 = AXIS2_PLACEMENT_2D('',#1106,#1107);
#1106 = CARTESIAN_POINT('',(0.,0.));
#1107 = DIRECTION('',(1.,0.));
#1108 = ( GEOMETRIC_REPRESENTATION_CONTEXT(2) 
PARAMETRIC_REPRESENTATION_CONTEXT() REPRESENTATION_CONTEXT('2D SPACE',''
  ) );
#1109 = ORIENTED_EDGE('',*,*,#1110,.T.);
#1110 = EDGE_CURVE('',#1082,#545,#1111,.T.);
#1111 = SEAM_CURVE('',#1112,(#1116,#1123),.PCURVE_S1.);
#1112 = LINE('',#1113,#1114);
#1113 = CARTESIAN_POINT('',(84.,-2.939152317954E-15,1.581E+03));
#1114 = VECTOR('',#1115,1.);
#1115 = DIRECTION('',(0.,0.,-1.));
#1116 = PCURVE('',#561,#1117);
#1117 = DEFINITIONAL_REPRESENTATION('',(#1118),#1122);
#1118 = LINE('',#1119,#1120);
#1119 = CARTESIAN_POINT('',(6.28318530718,1.451E+03));
#1120 = VECTOR('',#1121,1.);
#1121 = DIRECTION('',(-0.,-1.));
#1122 = ( GEOMETRIC_REPRESENTATION_CONTEXT(2) 
PARAMETRIC_REPRESENTATION_CONTEXT() REPRESENTATION_CONTEXT('2D SPACE',''
  ) );
#1123 = PCURVE('',#561,#1124);
#1124 = DEFINITIONAL_REPRESENTATION('',(#1125),#1129);
#1125 = LINE('',#1126,#1127);
#1126 = CARTESIAN_POINT('',(0.,1.451E+03));
#1127 = VECTOR('',#1128,1.);
#1128 = DIRECTION('',(-0.,-1.));
#1129 = ( GEOMETRIC_REPRESENTATION_CONTEXT(2) 
PARAMETRIC_REPRESENTATION_CONTEXT() REPRESENTATION_CONTEXT('2D SPACE',''
  ) );
#1130 = ORIENTED_EDGE('',*,*,#544,.T.);
#1131 = ORIENTED_EDGE('',*,*,#1110,.F.);
#1132 = FACE_BOUND('',#1133,.F.);
#1133 = EDGE_LOOP('',(#1134));
#1134 = ORIENTED_EDGE('',*,*,#611,.T.);
#1135 = FACE_BOUND('',#1136,.F.);
#1136 = EDGE_LOOP('',(#1137));
#1137 = ORIENTED_EDGE('',*,*,#870,.F.);
#1138 = FACE_BOUND('',#1139,.F.);
#1139 = EDGE_LOOP('',(#1140));
#1140 = ORIENTED_EDGE('',*,*,#1141,.T.);
#1141 = EDGE_CURVE('',#1142,#1142,#1144,.T.);
#1142 = VERTEX_POINT('',#1143);
#1143 = CARTESIAN_POINT('',(74.65,11.703738718888,1.541E+03));
#1144 = SURFACE_CURVE('',#1145,(#1196,#1250),.PCURVE_S1.);
#1145 = B_SPLINE_CURVE_WITH_KNOTS('',7,(#1146,#1147,#1148,#1149,#1150,
    #1151,#1152,#1153,#1154,#1155,#1156,#1157,#1158,#1159,#1160,#1161,
    #1162,#1163,#1164,#1165,#1166,#1167,#1168,#1169,#1170,#1171,#1172,
    #1173,#1174,#1175,#1176,#1177,#1178,#1179,#1180,#1181,#1182,#1183,
    #1184,#1185,#1186,#1187,#1188,#1189,#1190,#1191,#1192,#1193,#1194,
    #1195),.UNSPECIFIED.,.T.,.F.,(8,6,6,6,6,6,6,6,8),(0.,0.13649763333,
    0.25546828081,0.366203333084,0.501746153772,0.637291309255,
    0.755431781854,0.865394127073,1.),.UNSPECIFIED.);
#1146 = CARTESIAN_POINT('',(74.65,11.703738718888,1.541E+03));
#1147 = CARTESIAN_POINT('',(74.65,11.703738718888,1.541280489382E+03));
#1148 = CARTESIAN_POINT('',(74.615364592675,11.711580917745,
    1.54156055867E+03));
#1149 = CARTESIAN_POINT('',(74.54627278793,11.727225266805,
    1.541837676467E+03));
#1150 = CARTESIAN_POINT('',(74.441961686624,11.750164005877,
    1.542109057358E+03));
#1151 = CARTESIAN_POINT('',(74.300980364219,11.779391029083,
    1.542371190645E+03));
#1152 = CARTESIAN_POINT('',(74.121417200578,11.813096370735,
    1.542619217712E+03));
#1153 = CARTESIAN_POINT('',(73.709623322819,11.87917973863,
    1.543043400698E+03));
#1154 = CARTESIAN_POINT('',(73.48137869971,11.912092758006,
    1.543230605959E+03));
#1155 = CARTESIAN_POINT('',(73.21764417203,11.944486975411,
    1.543395179548E+03));
#1156 = CARTESIAN_POINT('',(72.922493188361,11.97264327315,
    1.543526731768E+03));
#1157 = CARTESIAN_POINT('',(72.60239057949,11.99268926959,
    1.543616840554E+03));
#1158 = CARTESIAN_POINT('',(72.265526929013,12.001994606438,
    1.543659036198E+03));
#1159 = CARTESIAN_POINT('',(71.60123323043,11.997647357745,
    1.543639342316E+03));
#1160 = CARTESIAN_POINT('',(71.291467571168,11.985648924403,
    1.54358495084E+03));
#1161 = CARTESIAN_POINT('',(70.999243685075,11.964962346341,
    1.54349050993E+03));
#1162 = CARTESIAN_POINT('',(70.730331515684,11.937998634979,
    1.543361893421E+03));
#1163 = CARTESIAN_POINT('',(70.489131826388,11.9078119229,
    1.543206048871E+03));
#1164 = CARTESIAN_POINT('',(70.278350261227,11.877249777761,
    1.543031012459E+03));
#1165 = CARTESIAN_POINT('',(69.878593451127,11.813098080087,
    1.542619228684E+03));
#1166 = CARTESIAN_POINT('',(69.699018563062,11.779391325533,
    1.542371195672E+03));
#1167 = CARTESIAN_POINT('',(69.558030662264,11.750162280127,
    1.542109047356E+03));
#1168 = CARTESIAN_POINT('',(69.453721683749,11.727224028964,
    1.541837659077E+03));
#1169 = CARTESIAN_POINT('',(69.384634220937,11.711580646753,
    1.541560544549E+03));
#1170 = CARTESIAN_POINT('',(69.35,11.703738718888,1.54128048455E+03));
#1171 = CARTESIAN_POINT('',(69.35,11.703738718888,1.540719510618E+03));
#1172 = CARTESIAN_POINT('',(69.384635407324,11.711580917745,
    1.54043944133E+03));
#1173 = CARTESIAN_POINT('',(69.453727212071,11.727225266805,
    1.540162323533E+03));
#1174 = CARTESIAN_POINT('',(69.558038313375,11.750164005877,
    1.539890942642E+03));
#1175 = CARTESIAN_POINT('',(69.699019635781,11.779391029083,
    1.539628809355E+03));
#1176 = CARTESIAN_POINT('',(69.878582799422,11.813096370735,
    1.539380782288E+03));
#1177 = CARTESIAN_POINT('',(70.290376677179,11.879179738629,
    1.538956599302E+03));
#1178 = CARTESIAN_POINT('',(70.518621300292,11.912092758007,
    1.538769394041E+03));
#1179 = CARTESIAN_POINT('',(70.78235582797,11.944486975411,
    1.538604820452E+03));
#1180 = CARTESIAN_POINT('',(71.077506811639,11.97264327315,
    1.538473268232E+03));
#1181 = CARTESIAN_POINT('',(71.397609420508,11.99268926959,
    1.538383159446E+03));
#1182 = CARTESIAN_POINT('',(71.734473070989,12.001994606438,
    1.538340963802E+03));
#1183 = CARTESIAN_POINT('',(72.39876676957,11.997647357745,
    1.538360657684E+03));
#1184 = CARTESIAN_POINT('',(72.708532428832,11.985648924403,
    1.53841504916E+03));
#1185 = CARTESIAN_POINT('',(73.000756314925,11.964962346341,
    1.53850949007E+03));
#1186 = CARTESIAN_POINT('',(73.269668484315,11.937998634979,
    1.538638106579E+03));
#1187 = CARTESIAN_POINT('',(73.510868173613,11.9078119229,
    1.538793951129E+03));
#1188 = CARTESIAN_POINT('',(73.721649738773,11.877249777761,
    1.538968987541E+03));
#1189 = CARTESIAN_POINT('',(74.121421043566,11.813095754025,
    1.539380786247E+03));
#1190 = CARTESIAN_POINT('',(74.300978042339,11.779391234661,
    1.539628809098E+03));
#1191 = CARTESIAN_POINT('',(74.441960680917,11.750164490286,
    1.539890939146E+03));
#1192 = CARTESIAN_POINT('',(74.54627723209,11.727224247254,
    1.540162326862E+03));
#1193 = CARTESIAN_POINT('',(74.615370454999,11.711579593656,
    1.540439459551E+03));
#1194 = CARTESIAN_POINT('',(74.65,11.703738718888,1.540719534242E+03));
#1195 = CARTESIAN_POINT('',(74.65,11.703738718888,1.541E+03));
#1196 = PCURVE('',#561,#1197);
#1197 = DEFINITIONAL_REPRESENTATION('',(#1198),#1249);
#1198 = B_SPLINE_CURVE_WITH_KNOTS('',7,(#1199,#1200,#1201,#1202,#1203,
    #1204,#1205,#1206,#1207,#1208,#1209,#1210,#1211,#1212,#1213,#1214,
    #1215,#1216,#1217,#1218,#1219,#1220,#1221,#1222,#1223,#1224,#1225,
    #1226,#1227,#1228,#1229,#1230,#1231,#1232,#1233,#1234,#1235,#1236,
    #1237,#1238,#1239,#1240,#1241,#1242,#1243,#1244,#1245,#1246,#1247,
    #1248),.UNSPECIFIED.,.T.,.F.,(8,6,6,6,6,6,6,6,8),(0.,0.13649763333,
    0.25546828081,0.366203333084,0.501746153772,0.637291309255,
    0.755431781854,0.865394127073,1.),.UNSPECIFIED.);
#1199 = CARTESIAN_POINT('',(1.348127511005,1.411E+03));
#1200 = CARTESIAN_POINT('',(1.348127511005,1.411280489382E+03));
#1201 = CARTESIAN_POINT('',(1.351086852813,1.41156055867E+03));
#1202 = CARTESIAN_POINT('',(1.356990270295,1.411837676467E+03));
#1203 = CARTESIAN_POINT('',(1.365890342271,1.412109057358E+03));
#1204 = CARTESIAN_POINT('',(1.377886737817,1.412371190645E+03));
#1205 = CARTESIAN_POINT('',(1.393106352097,1.412619217712E+03));
#1206 = CARTESIAN_POINT('',(1.427861568459,1.413043400698E+03));
#1207 = CARTESIAN_POINT('',(1.447076221904,1.413230605959E+03));
#1208 = CARTESIAN_POINT('',(1.469211310468,1.413395179548E+03));
#1209 = CARTESIAN_POINT('',(1.493900200385,1.413526731768E+03));
#1210 = CARTESIAN_POINT('',(1.520602177104,1.413616840554E+03));
#1211 = CARTESIAN_POINT('',(1.548668515486,1.413659036198E+03));
#1212 = CARTESIAN_POINT('',(1.604027509068,1.413639342316E+03));
#1213 = CARTESIAN_POINT('',(1.62984732205,1.41358495084E+03));
#1214 = CARTESIAN_POINT('',(1.654241019219,1.41349050993E+03));
#1215 = CARTESIAN_POINT('',(1.676748926627,1.413361893421E+03));
#1216 = CARTESIAN_POINT('',(1.69699934533,1.413206048871E+03));
#1217 = CARTESIAN_POINT('',(1.714746109178,1.413031012459E+03));
#1218 = CARTESIAN_POINT('',(1.748485402494,1.412619228684E+03));
#1219 = CARTESIAN_POINT('',(1.763705999906,1.412371195672E+03));
#1220 = CARTESIAN_POINT('',(1.775702963228,1.412109047356E+03));
#1221 = CARTESIAN_POINT('',(1.784602856261,1.411837659077E+03));
#1222 = CARTESIAN_POINT('',(1.790505901954,1.411560544549E+03));
#1223 = CARTESIAN_POINT('',(1.793465142585,1.41128048455E+03));
#1224 = CARTESIAN_POINT('',(1.793465142585,1.410719510618E+03));
#1225 = CARTESIAN_POINT('',(1.790505800777,1.41043944133E+03));
#1226 = CARTESIAN_POINT('',(1.784602383295,1.410162323533E+03));
#1227 = CARTESIAN_POINT('',(1.775702311319,1.409890942642E+03));
#1228 = CARTESIAN_POINT('',(1.763705915773,1.409628809355E+03));
#1229 = CARTESIAN_POINT('',(1.748486301493,1.409380782288E+03));
#1230 = CARTESIAN_POINT('',(1.713731085131,1.408956599302E+03));
#1231 = CARTESIAN_POINT('',(1.694516431686,1.408769394041E+03));
#1232 = CARTESIAN_POINT('',(1.672381343122,1.408604820452E+03));
#1233 = CARTESIAN_POINT('',(1.647692453204,1.408473268232E+03));
#1234 = CARTESIAN_POINT('',(1.620990476486,1.408383159446E+03));
#1235 = CARTESIAN_POINT('',(1.592924138104,1.408340963802E+03));
#1236 = CARTESIAN_POINT('',(1.537565144522,1.408360657684E+03));
#1237 = CARTESIAN_POINT('',(1.511745331539,1.40841504916E+03));
#1238 = CARTESIAN_POINT('',(1.487351634371,1.40850949007E+03));
#1239 = CARTESIAN_POINT('',(1.464843726963,1.408638106579E+03));
#1240 = CARTESIAN_POINT('',(1.44459330826,1.408793951129E+03));
#1241 = CARTESIAN_POINT('',(1.426846544411,1.408968987541E+03));
#1242 = CARTESIAN_POINT('',(1.39310602775,1.409380786247E+03));
#1243 = CARTESIAN_POINT('',(1.377886931383,1.409628809098E+03));
#1244 = CARTESIAN_POINT('',(1.365890431833,1.409890939146E+03));
#1245 = CARTESIAN_POINT('',(1.356989890922,1.410162326862E+03));
#1246 = CARTESIAN_POINT('',(1.351086351819,1.410439459551E+03));
#1247 = CARTESIAN_POINT('',(1.348127511005,1.410719534242E+03));
#1248 = CARTESIAN_POINT('',(1.348127511005,1.411E+03));
#1249 = ( GEOMETRIC_REPRESENTATION_CONTEXT(2) 
PARAMETRIC_REPRESENTATION_CONTEXT() REPRESENTATION_CONTEXT('2D SPACE',''
  ) );
#1250 = PCURVE('',#1251,#1256);
#1251 = CYLINDRICAL_SURFACE('',#1252,2.65);
#1252 = AXIS2_PLACEMENT_3D('',#1253,#1254,#1255);
#1253 = CARTESIAN_POINT('',(72.,30.,1.541E+03));
#1254 = DIRECTION('',(0.,-1.,2.22044604925E-16));
#1255 = DIRECTION('',(1.,0.,0.));
#1256 = DEFINITIONAL_REPRESENTATION('',(#1257),#1308);
#1257 = B_SPLINE_CURVE_WITH_KNOTS('',7,(#1258,#1259,#1260,#1261,#1262,
    #1263,#1264,#1265,#1266,#1267,#1268,#1269,#1270,#1271,#1272,#1273,
    #1274,#1275,#1276,#1277,#1278,#1279,#1280,#1281,#1282,#1283,#1284,
    #1285,#1286,#1287,#1288,#1289,#1290,#1291,#1292,#1293,#1294,#1295,
    #1296,#1297,#1298,#1299,#1300,#1301,#1302,#1303,#1304,#1305,#1306,
    #1307),.UNSPECIFIED.,.F.,.F.,(8,6,6,6,6,6,6,6,8),(0.,0.13649763333,
    0.25546828081,0.366203333084,0.501746153772,0.637291309255,
    0.755431781854,0.865394127073,1.),.UNSPECIFIED.);
#1258 = CARTESIAN_POINT('',(0.,18.296261281112));
#1259 = CARTESIAN_POINT('',(0.105845049731,18.296261281112));
#1260 = CARTESIAN_POINT('',(0.211531260735,18.288419082255));
#1261 = CARTESIAN_POINT('',(0.318042254009,18.272774733195));
#1262 = CARTESIAN_POINT('',(0.426231717945,18.249835994123));
#1263 = CARTESIAN_POINT('',(0.537027784853,18.220608970917));
#1264 = CARTESIAN_POINT('',(0.651381263994,18.186903629265));
#1265 = CARTESIAN_POINT('',(0.874471762251,18.12082026137));
#1266 = CARTESIAN_POINT('',(0.985153131651,18.087907241994));
#1267 = CARTESIAN_POINT('',(1.10086551355,18.055513024589));
#1268 = CARTESIAN_POINT('',(1.220641314232,18.02735672685));
#1269 = CARTESIAN_POINT('',(1.343954315927,18.00731073041));
#1270 = CARTESIAN_POINT('',(1.470544781779,17.998005393562));
#1271 = CARTESIAN_POINT('',(1.721331785665,18.002352642255));
#1272 = CARTESIAN_POINT('',(1.838781345737,18.014351075597));
#1273 = CARTESIAN_POINT('',(1.952948435463,18.035037653658));
#1274 = CARTESIAN_POINT('',(2.06373672722,18.062001365021));
#1275 = CARTESIAN_POINT('',(2.170839999908,18.0921880771));
#1276 = CARTESIAN_POINT('',(2.273636236205,18.122750222239));
#1277 = CARTESIAN_POINT('',(2.490205619005,18.186901919913));
#1278 = CARTESIAN_POINT('',(2.60456377881,18.220608674467));
#1279 = CARTESIAN_POINT('',(2.715365302195,18.249837719873));
#1280 = CARTESIAN_POINT('',(2.82355710367,18.272775971036));
#1281 = CARTESIAN_POINT('',(2.930066708975,18.288419353247));
#1282 = CARTESIAN_POINT('',(3.035749427063,18.296261281112));
#1283 = CARTESIAN_POINT('',(3.24743770332,18.296261281112));
#1284 = CARTESIAN_POINT('',(3.353123914324,18.288419082255));
#1285 = CARTESIAN_POINT('',(3.459634907599,18.272774733195));
#1286 = CARTESIAN_POINT('',(3.567824371535,18.249835994123));
#1287 = CARTESIAN_POINT('',(3.678620438443,18.220608970917));
#1288 = CARTESIAN_POINT('',(3.792973917583,18.186903629265));
#1289 = CARTESIAN_POINT('',(4.01606441584,18.120820261371));
#1290 = CARTESIAN_POINT('',(4.126745785242,18.087907241993));
#1291 = CARTESIAN_POINT('',(4.242458167139,18.055513024589));
#1292 = CARTESIAN_POINT('',(4.362233967822,18.02735672685));
#1293 = CARTESIAN_POINT('',(4.485546969515,18.00731073041));
#1294 = CARTESIAN_POINT('',(4.612137435369,17.998005393562));
#1295 = CARTESIAN_POINT('',(4.862924439255,18.002352642255));
#1296 = CARTESIAN_POINT('',(4.980373999327,18.014351075597));
#1297 = CARTESIAN_POINT('',(5.094541089053,18.035037653659));
#1298 = CARTESIAN_POINT('',(5.205329380809,18.062001365021));
#1299 = CARTESIAN_POINT('',(5.312432653498,18.0921880771));
#1300 = CARTESIAN_POINT('',(5.415228889795,18.122750222239));
#1301 = CARTESIAN_POINT('',(5.631806125136,18.186904245975));
#1302 = CARTESIAN_POINT('',(5.746156847852,18.220608765339));
#1303 = CARTESIAN_POINT('',(5.856952492828,18.249835509714));
#1304 = CARTESIAN_POINT('',(5.96514476646,18.272775752746));
#1305 = CARTESIAN_POINT('',(6.071660926558,18.288420406344));
#1306 = CARTESIAN_POINT('',(6.177349171973,18.296261281112));
#1307 = CARTESIAN_POINT('',(6.28318530718,18.296261281112));
#1308 = ( GEOMETRIC_REPRESENTATION_CONTEXT(2) 
PARAMETRIC_REPRESENTATION_CONTEXT() REPRESENTATION_CONTEXT('2D SPACE',''
  ) );
#1309 = FACE_BOUND('',#1310,.F.);
#1310 = EDGE_LOOP('',(#1311));
#1311 = ORIENTED_EDGE('',*,*,#1312,.F.);
#1312 = EDGE_CURVE('',#1313,#1313,#1315,.T.);
#1313 = VERTEX_POINT('',#1314);
#1314 = CARTESIAN_POINT('',(74.65,-11.70373871888,1.541E+03));
#1315 = SURFACE_CURVE('',#1316,(#1367,#1421),.PCURVE_S1.);
#1316 = B_SPLINE_CURVE_WITH_KNOTS('',7,(#1317,#1318,#1319,#1320,#1321,
    #1322,#1323,#1324,#1325,#1326,#1327,#1328,#1329,#1330,#1331,#1332,
    #1333,#1334,#1335,#1336,#1337,#1338,#1339,#1340,#1341,#1342,#1343,
    #1344,#1345,#1346,#1347,#1348,#1349,#1350,#1351,#1352,#1353,#1354,
    #1355,#1356,#1357,#1358,#1359,#1360,#1361,#1362,#1363,#1364,#1365,
    #1366),.UNSPECIFIED.,.T.,.F.,(8,6,6,6,6,6,6,6,8),(0.,0.136497633331,
    0.255468280809,0.366203333084,0.501746153772,0.637291309255,
    0.755431781854,0.865394127073,1.),.UNSPECIFIED.);
#1317 = CARTESIAN_POINT('',(74.65,-11.70373871888,1.541E+03));
#1318 = CARTESIAN_POINT('',(74.65,-11.70373871888,1.541280489382E+03));
#1319 = CARTESIAN_POINT('',(74.615364592676,-11.71158091774,
    1.54156055867E+03));
#1320 = CARTESIAN_POINT('',(74.546272787929,-11.7272252668,
    1.541837676467E+03));
#1321 = CARTESIAN_POINT('',(74.441961686625,-11.75016400587,
    1.542109057358E+03));
#1322 = CARTESIAN_POINT('',(74.300980364219,-11.77939102908,
    1.542371190645E+03));
#1323 = CARTESIAN_POINT('',(74.121417200578,-11.81309637073,
    1.542619217712E+03));
#1324 = CARTESIAN_POINT('',(73.709623322821,-11.87917973862,
    1.543043400698E+03));
#1325 = CARTESIAN_POINT('',(73.481378699708,-11.912092758,
    1.543230605959E+03));
#1326 = CARTESIAN_POINT('',(73.217644172029,-11.94448697541,
    1.543395179548E+03));
#1327 = CARTESIAN_POINT('',(72.922493188362,-11.97264327315,
    1.543526731768E+03));
#1328 = CARTESIAN_POINT('',(72.602390579492,-11.99268926959,
    1.543616840554E+03));
#1329 = CARTESIAN_POINT('',(72.265526929011,-12.00199460643,
    1.543659036198E+03));
#1330 = CARTESIAN_POINT('',(71.60123323043,-11.99764735774,
    1.543639342316E+03));
#1331 = CARTESIAN_POINT('',(71.291467571168,-11.9856489244,
    1.54358495084E+03));
#1332 = CARTESIAN_POINT('',(70.999243685076,-11.96496234634,
    1.54349050993E+03));
#1333 = CARTESIAN_POINT('',(70.730331515684,-11.93799863497,
    1.543361893421E+03));
#1334 = CARTESIAN_POINT('',(70.489131826389,-11.9078119229,
    1.543206048871E+03));
#1335 = CARTESIAN_POINT('',(70.278350261226,-11.87724977776,
    1.543031012459E+03));
#1336 = CARTESIAN_POINT('',(69.878593451128,-11.81309808008,
    1.542619228684E+03));
#1337 = CARTESIAN_POINT('',(69.699018563061,-11.77939132553,
    1.542371195672E+03));
#1338 = CARTESIAN_POINT('',(69.558030662264,-11.75016228012,
    1.542109047356E+03));
#1339 = CARTESIAN_POINT('',(69.453721683749,-11.72722402896,
    1.541837659077E+03));
#1340 = CARTESIAN_POINT('',(69.384634220937,-11.71158064675,
    1.541560544549E+03));
#1341 = CARTESIAN_POINT('',(69.35,-11.70373871888,1.54128048455E+03));
#1342 = CARTESIAN_POINT('',(69.35,-11.70373871888,1.540719510618E+03));
#1343 = CARTESIAN_POINT('',(69.384635407324,-11.71158091774,
    1.54043944133E+03));
#1344 = CARTESIAN_POINT('',(69.453727212071,-11.7272252668,
    1.540162323533E+03));
#1345 = CARTESIAN_POINT('',(69.558038313374,-11.75016400587,
    1.539890942642E+03));
#1346 = CARTESIAN_POINT('',(69.699019635782,-11.77939102908,
    1.539628809355E+03));
#1347 = CARTESIAN_POINT('',(69.878582799421,-11.81309637073,
    1.539380782288E+03));
#1348 = CARTESIAN_POINT('',(70.290376677181,-11.87917973863,
    1.538956599302E+03));
#1349 = CARTESIAN_POINT('',(70.518621300289,-11.912092758,
    1.538769394041E+03));
#1350 = CARTESIAN_POINT('',(70.782355827971,-11.94448697541,
    1.538604820452E+03));
#1351 = CARTESIAN_POINT('',(71.077506811639,-11.97264327315,
    1.538473268232E+03));
#1352 = CARTESIAN_POINT('',(71.397609420509,-11.99268926959,
    1.538383159446E+03));
#1353 = CARTESIAN_POINT('',(71.734473070988,-12.00199460643,
    1.538340963802E+03));
#1354 = CARTESIAN_POINT('',(72.39876676957,-11.99764735774,
    1.538360657684E+03));
#1355 = CARTESIAN_POINT('',(72.708532428833,-11.9856489244,
    1.53841504916E+03));
#1356 = CARTESIAN_POINT('',(73.000756314925,-11.96496234634,
    1.53850949007E+03));
#1357 = CARTESIAN_POINT('',(73.269668484316,-11.93799863497,
    1.538638106579E+03));
#1358 = CARTESIAN_POINT('',(73.510868173612,-11.9078119229,
    1.538793951129E+03));
#1359 = CARTESIAN_POINT('',(73.721649738773,-11.87724977776,
    1.538968987541E+03));
#1360 = CARTESIAN_POINT('',(74.121421043566,-11.81309575402,
    1.539380786247E+03));
#1361 = CARTESIAN_POINT('',(74.300978042339,-11.77939123466,
    1.539628809098E+03));
#1362 = CARTESIAN_POINT('',(74.441960680917,-11.75016449028,
    1.539890939146E+03));
#1363 = CARTESIAN_POINT('',(74.54627723209,-11.72722424725,
    1.540162326862E+03));
#1364 = CARTESIAN_POINT('',(74.615370454998,-11.71157959365,
    1.540439459551E+03));
#1365 = CARTESIAN_POINT('',(74.65,-11.70373871888,1.540719534242E+03));
#1366 = CARTESIAN_POINT('',(74.65,-11.70373871888,1.541E+03));
#1367 = PCURVE('',#561,#1368);
#1368 = DEFINITIONAL_REPRESENTATION('',(#1369),#1420);
#1369 = B_SPLINE_CURVE_WITH_KNOTS('',7,(#1370,#1371,#1372,#1373,#1374,
    #1375,#1376,#1377,#1378,#1379,#1380,#1381,#1382,#1383,#1384,#1385,
    #1386,#1387,#1388,#1389,#1390,#1391,#1392,#1393,#1394,#1395,#1396,
    #1397,#1398,#1399,#1400,#1401,#1402,#1403,#1404,#1405,#1406,#1407,
    #1408,#1409,#1410,#1411,#1412,#1413,#1414,#1415,#1416,#1417,#1418,
    #1419),.UNSPECIFIED.,.T.,.F.,(8,6,6,6,6,6,6,6,8),(0.,0.136497633331,
    0.255468280809,0.366203333084,0.501746153772,0.637291309255,
    0.755431781854,0.865394127073,1.),.UNSPECIFIED.);
#1370 = CARTESIAN_POINT('',(4.935057796175,1.411E+03));
#1371 = CARTESIAN_POINT('',(4.935057796175,1.411280489382E+03));
#1372 = CARTESIAN_POINT('',(4.932098454366,1.41156055867E+03));
#1373 = CARTESIAN_POINT('',(4.926195036885,1.411837676467E+03));
#1374 = CARTESIAN_POINT('',(4.917294964908,1.412109057358E+03));
#1375 = CARTESIAN_POINT('',(4.905298569362,1.412371190645E+03));
#1376 = CARTESIAN_POINT('',(4.890078955083,1.412619217712E+03));
#1377 = CARTESIAN_POINT('',(4.855323738721,1.413043400698E+03));
#1378 = CARTESIAN_POINT('',(4.836109085276,1.413230605959E+03));
#1379 = CARTESIAN_POINT('',(4.813973996712,1.413395179548E+03));
#1380 = CARTESIAN_POINT('',(4.789285106794,1.413526731768E+03));
#1381 = CARTESIAN_POINT('',(4.762583130076,1.413616840554E+03));
#1382 = CARTESIAN_POINT('',(4.734516791694,1.413659036198E+03));
#1383 = CARTESIAN_POINT('',(4.679157798111,1.413639342316E+03));
#1384 = CARTESIAN_POINT('',(4.653337985129,1.41358495084E+03));
#1385 = CARTESIAN_POINT('',(4.628944287961,1.41349050993E+03));
#1386 = CARTESIAN_POINT('',(4.606436380552,1.413361893421E+03));
#1387 = CARTESIAN_POINT('',(4.58618596185,1.413206048871E+03));
#1388 = CARTESIAN_POINT('',(4.568439198001,1.413031012459E+03));
#1389 = CARTESIAN_POINT('',(4.534699904685,1.412619228684E+03));
#1390 = CARTESIAN_POINT('',(4.519479307274,1.412371195672E+03));
#1391 = CARTESIAN_POINT('',(4.507482343952,1.412109047356E+03));
#1392 = CARTESIAN_POINT('',(4.498582450918,1.411837659077E+03));
#1393 = CARTESIAN_POINT('',(4.492679405225,1.411560544549E+03));
#1394 = CARTESIAN_POINT('',(4.489720164594,1.41128048455E+03));
#1395 = CARTESIAN_POINT('',(4.489720164594,1.410719510618E+03));
#1396 = CARTESIAN_POINT('',(4.492679506403,1.41043944133E+03));
#1397 = CARTESIAN_POINT('',(4.498582923885,1.410162323533E+03));
#1398 = CARTESIAN_POINT('',(4.507482995861,1.409890942642E+03));
#1399 = CARTESIAN_POINT('',(4.519479391407,1.409628809355E+03));
#1400 = CARTESIAN_POINT('',(4.534699005686,1.409380782288E+03));
#1401 = CARTESIAN_POINT('',(4.569454222049,1.408956599302E+03));
#1402 = CARTESIAN_POINT('',(4.588668875494,1.408769394041E+03));
#1403 = CARTESIAN_POINT('',(4.610803964058,1.408604820452E+03));
#1404 = CARTESIAN_POINT('',(4.635492853975,1.408473268232E+03));
#1405 = CARTESIAN_POINT('',(4.662194830694,1.408383159446E+03));
#1406 = CARTESIAN_POINT('',(4.690261169075,1.408340963802E+03));
#1407 = CARTESIAN_POINT('',(4.745620162658,1.408360657684E+03));
#1408 = CARTESIAN_POINT('',(4.77143997564,1.40841504916E+03));
#1409 = CARTESIAN_POINT('',(4.795833672809,1.40850949007E+03));
#1410 = CARTESIAN_POINT('',(4.818341580217,1.408638106579E+03));
#1411 = CARTESIAN_POINT('',(4.83859199892,1.408793951129E+03));
#1412 = CARTESIAN_POINT('',(4.856338762768,1.408968987541E+03));
#1413 = CARTESIAN_POINT('',(4.89007927943,1.409380786247E+03));
#1414 = CARTESIAN_POINT('',(4.905298375797,1.409628809098E+03));
#1415 = CARTESIAN_POINT('',(4.917294875347,1.409890939146E+03));
#1416 = CARTESIAN_POINT('',(4.926195416258,1.410162326862E+03));
#1417 = CARTESIAN_POINT('',(4.932098955361,1.410439459551E+03));
#1418 = CARTESIAN_POINT('',(4.935057796175,1.410719534242E+03));
#1419 = CARTESIAN_POINT('',(4.935057796175,1.411E+03));
#1420 = ( GEOMETRIC_REPRESENTATION_CONTEXT(2) 
PARAMETRIC_REPRESENTATION_CONTEXT() REPRESENTATION_CONTEXT('2D SPACE',''
  ) );
#1421 = PCURVE('',#1422,#1427);
#1422 = CYLINDRICAL_SURFACE('',#1423,2.65);
#1423 = AXIS2_PLACEMENT_3D('',#1424,#1425,#1426);
#1424 = CARTESIAN_POINT('',(72.,30.,1.541E+03));
#1425 = DIRECTION('',(0.,-1.,2.22044604925E-16));
#1426 = DIRECTION('',(1.,0.,0.));
#1427 = DEFINITIONAL_REPRESENTATION('',(#1428),#1479);
#1428 = B_SPLINE_CURVE_WITH_KNOTS('',7,(#1429,#1430,#1431,#1432,#1433,
    #1434,#1435,#1436,#1437,#1438,#1439,#1440,#1441,#1442,#1443,#1444,
    #1445,#1446,#1447,#1448,#1449,#1450,#1451,#1452,#1453,#1454,#1455,
    #1456,#1457,#1458,#1459,#1460,#1461,#1462,#1463,#1464,#1465,#1466,
    #1467,#1468,#1469,#1470,#1471,#1472,#1473,#1474,#1475,#1476,#1477,
    #1478),.UNSPECIFIED.,.F.,.F.,(8,6,6,6,6,6,6,6,8),(0.,0.136497633331,
    0.255468280809,0.366203333084,0.501746153772,0.637291309255,
    0.755431781854,0.865394127073,1.),.UNSPECIFIED.);
#1429 = CARTESIAN_POINT('',(0.,41.703738718888));
#1430 = CARTESIAN_POINT('',(0.105845049731,41.703738718888));
#1431 = CARTESIAN_POINT('',(0.211531260735,41.711580917745));
#1432 = CARTESIAN_POINT('',(0.31804225401,41.727225266805));
#1433 = CARTESIAN_POINT('',(0.426231717945,41.750164005877));
#1434 = CARTESIAN_POINT('',(0.537027784854,41.779391029083));
#1435 = CARTESIAN_POINT('',(0.651381263994,41.813096370735));
#1436 = CARTESIAN_POINT('',(0.87447176225,41.879179738629));
#1437 = CARTESIAN_POINT('',(0.985153131652,41.912092758007));
#1438 = CARTESIAN_POINT('',(1.10086551355,41.944486975411));
#1439 = CARTESIAN_POINT('',(1.220641314231,41.97264327315));
#1440 = CARTESIAN_POINT('',(1.343954315926,41.99268926959));
#1441 = CARTESIAN_POINT('',(1.47054478178,42.001994606438));
#1442 = CARTESIAN_POINT('',(1.721331785665,41.997647357745));
#1443 = CARTESIAN_POINT('',(1.838781345737,41.985648924403));
#1444 = CARTESIAN_POINT('',(1.952948435463,41.964962346342));
#1445 = CARTESIAN_POINT('',(2.06373672722,41.937998634979));
#1446 = CARTESIAN_POINT('',(2.170839999907,41.9078119229));
#1447 = CARTESIAN_POINT('',(2.273636236205,41.877249777761));
#1448 = CARTESIAN_POINT('',(2.490205619004,41.813098080087));
#1449 = CARTESIAN_POINT('',(2.604563778811,41.779391325533));
#1450 = CARTESIAN_POINT('',(2.715365302195,41.750162280127));
#1451 = CARTESIAN_POINT('',(2.82355710367,41.727224028964));
#1452 = CARTESIAN_POINT('',(2.930066708975,41.711580646753));
#1453 = CARTESIAN_POINT('',(3.035749427063,41.703738718888));
#1454 = CARTESIAN_POINT('',(3.24743770332,41.703738718888));
#1455 = CARTESIAN_POINT('',(3.353123914324,41.711580917745));
#1456 = CARTESIAN_POINT('',(3.4596349076,41.727225266805));
#1457 = CARTESIAN_POINT('',(3.567824371534,41.750164005877));
#1458 = CARTESIAN_POINT('',(3.678620438444,41.779391029083));
#1459 = CARTESIAN_POINT('',(3.792973917583,41.813096370735));
#1460 = CARTESIAN_POINT('',(4.016064415841,41.87917973863));
#1461 = CARTESIAN_POINT('',(4.12674578524,41.912092758006));
#1462 = CARTESIAN_POINT('',(4.24245816714,41.944486975411));
#1463 = CARTESIAN_POINT('',(4.362233967821,41.97264327315));
#1464 = CARTESIAN_POINT('',(4.485546969516,41.99268926959));
#1465 = CARTESIAN_POINT('',(4.612137435369,42.001994606438));
#1466 = CARTESIAN_POINT('',(4.862924439255,41.997647357745));
#1467 = CARTESIAN_POINT('',(4.980373999327,41.985648924403));
#1468 = CARTESIAN_POINT('',(5.094541089053,41.964962346341));
#1469 = CARTESIAN_POINT('',(5.20532938081,41.937998634979));
#1470 = CARTESIAN_POINT('',(5.312432653498,41.9078119229));
#1471 = CARTESIAN_POINT('',(5.415228889795,41.877249777761));
#1472 = CARTESIAN_POINT('',(5.631806125136,41.813095754025));
#1473 = CARTESIAN_POINT('',(5.746156847852,41.779391234661));
#1474 = CARTESIAN_POINT('',(5.856952492827,41.750164490286));
#1475 = CARTESIAN_POINT('',(5.965144766461,41.727224247254));
#1476 = CARTESIAN_POINT('',(6.071660926558,41.711579593656));
#1477 = CARTESIAN_POINT('',(6.177349171973,41.703738718888));
#1478 = CARTESIAN_POINT('',(6.28318530718,41.703738718888));
#1479 = ( GEOMETRIC_REPRESENTATION_CONTEXT(2) 
PARAMETRIC_REPRESENTATION_CONTEXT() REPRESENTATION_CONTEXT('2D SPACE',''
  ) );
#1480 = ADVANCED_FACE('',(#1481,#1530,#1696),#593,.T.);
#1481 = FACE_BOUND('',#1482,.T.);
#1482 = EDGE_LOOP('',(#1483,#1506,#1528,#1529));
#1483 = ORIENTED_EDGE('',*,*,#1484,.T.);
#1484 = EDGE_CURVE('',#577,#1485,#1487,.T.);
#1485 = VERTEX_POINT('',#1486);
#1486 = CARTESIAN_POINT('',(90.,-4.40872847693E-15,1.581E+03));
#1487 = SEAM_CURVE('',#1488,(#1492,#1499),.PCURVE_S1.);
#1488 = LINE('',#1489,#1490);
#1489 = CARTESIAN_POINT('',(90.,-4.40872847693E-15,251.));
#1490 = VECTOR('',#1491,1.);
#1491 = DIRECTION('',(0.,0.,1.));
#1492 = PCURVE('',#593,#1493);
#1493 = DEFINITIONAL_REPRESENTATION('',(#1494),#1498);
#1494 = LINE('',#1495,#1496);
#1495 = CARTESIAN_POINT('',(6.28318530718,-0.));
#1496 = VECTOR('',#1497,1.);
#1497 = DIRECTION('',(0.,1.));
#1498 = ( GEOMETRIC_REPRESENTATION_CONTEXT(2) 
PARAMETRIC_REPRESENTATION_CONTEXT() REPRESENTATION_CONTEXT('2D SPACE',''
  ) );
#1499 = PCURVE('',#593,#1500);
#1500 = DEFINITIONAL_REPRESENTATION('',(#1501),#1505);
#1501 = LINE('',#1502,#1503);
#1502 = CARTESIAN_POINT('',(0.,-0.));
#1503 = VECTOR('',#1504,1.);
#1504 = DIRECTION('',(0.,1.));
#1505 = ( GEOMETRIC_REPRESENTATION_CONTEXT(2) 
PARAMETRIC_REPRESENTATION_CONTEXT() REPRESENTATION_CONTEXT('2D SPACE',''
  ) );
#1506 = ORIENTED_EDGE('',*,*,#1507,.F.);
#1507 = EDGE_CURVE('',#1485,#1485,#1508,.T.);
#1508 = SURFACE_CURVE('',#1509,(#1514,#1521),.PCURVE_S1.);
#1509 = CIRCLE('',#1510,18.);
#1510 = AXIS2_PLACEMENT_3D('',#1511,#1512,#1513);
#1511 = CARTESIAN_POINT('',(72.,0.,1.581E+03));
#1512 = DIRECTION('',(0.,0.,1.));
#1513 = DIRECTION('',(1.,0.,-0.));
#1514 = PCURVE('',#593,#1515);
#1515 = DEFINITIONAL_REPRESENTATION('',(#1516),#1520);
#1516 = LINE('',#1517,#1518);
#1517 = CARTESIAN_POINT('',(0.,1.33E+03));
#1518 = VECTOR('',#1519,1.);
#1519 = DIRECTION('',(1.,0.));
#1520 = ( GEOMETRIC_REPRESENTATION_CONTEXT(2) 
PARAMETRIC_REPRESENTATION_CONTEXT() REPRESENTATION_CONTEXT('2D SPACE',''
  ) );
#1521 = PCURVE('',#1098,#1522);
#1522 = DEFINITIONAL_REPRESENTATION('',(#1523),#1527);
#1523 = CIRCLE('',#1524,18.);
#1524 = AXIS2_PLACEMENT_2D('',#1525,#1526);
#1525 = CARTESIAN_POINT('',(0.,0.));
#1526 = DIRECTION('',(1.,0.));
#1527 = ( GEOMETRIC_REPRESENTATION_CONTEXT(2) 
PARAMETRIC_REPRESENTATION_CONTEXT() REPRESENTATION_CONTEXT('2D SPACE',''
  ) );
#1528 = ORIENTED_EDGE('',*,*,#1484,.F.);
#1529 = ORIENTED_EDGE('',*,*,#576,.T.);
#1530 = FACE_BOUND('',#1531,.T.);
#1531 = EDGE_LOOP('',(#1532));
#1532 = ORIENTED_EDGE('',*,*,#1533,.T.);
#1533 = EDGE_CURVE('',#1534,#1534,#1536,.T.);
#1534 = VERTEX_POINT('',#1535);
#1535 = CARTESIAN_POINT('',(74.65,17.803861940602,1.541E+03));
#1536 = SURFACE_CURVE('',#1537,(#1588,#1642),.PCURVE_S1.);
#1537 = B_SPLINE_CURVE_WITH_KNOTS('',7,(#1538,#1539,#1540,#1541,#1542,
    #1543,#1544,#1545,#1546,#1547,#1548,#1549,#1550,#1551,#1552,#1553,
    #1554,#1555,#1556,#1557,#1558,#1559,#1560,#1561,#1562,#1563,#1564,
    #1565,#1566,#1567,#1568,#1569,#1570,#1571,#1572,#1573,#1574,#1575,
    #1576,#1577,#1578,#1579,#1580,#1581,#1582,#1583,#1584,#1585,#1586,
    #1587),.UNSPECIFIED.,.T.,.F.,(8,6,6,6,6,6,6,6,8),(0.,0.136523532676,
    0.255358673736,0.365983310928,0.501620571399,0.63725941114,
    0.755324482691,0.865232255662,1.),.UNSPECIFIED.);
#1538 = CARTESIAN_POINT('',(74.65,17.803861940602,1.541E+03));
#1539 = CARTESIAN_POINT('',(74.65,17.803861940602,1.541279890984E+03));
#1540 = CARTESIAN_POINT('',(74.615512275608,17.808995165558,
    1.541559418143E+03));
#1541 = CARTESIAN_POINT('',(74.546690108149,17.819239302567,
    1.541836187618E+03));
#1542 = CARTESIAN_POINT('',(74.442665131607,17.834291678301,
    1.542107522037E+03));
#1543 = CARTESIAN_POINT('',(74.301822077108,17.853546740627,
    1.542369946121E+03));
#1544 = CARTESIAN_POINT('',(74.122074908622,17.875850961171,
    1.542618540216E+03));
#1545 = CARTESIAN_POINT('',(73.709305593258,17.919698345684,
    1.543043727987E+03));
#1546 = CARTESIAN_POINT('',(73.480705493411,17.941549633136,
    1.543231140373E+03));
#1547 = CARTESIAN_POINT('',(73.216602169981,17.963088535474,
    1.543395795912E+03));
#1548 = CARTESIAN_POINT('',(72.92114248491,17.981838318676,
    1.543527263835E+03));
#1549 = CARTESIAN_POINT('',(72.600962853704,17.99516637798,
    1.543617111407E+03));
#1550 = CARTESIAN_POINT('',(72.264492526537,18.001325207974,
    1.543659005532E+03));
#1551 = CARTESIAN_POINT('',(71.60215067724,17.998435592038,
    1.543639369515E+03));
#1552 = CARTESIAN_POINT('',(71.292719666139,17.990476462829,
    1.543585246539E+03));
#1553 = CARTESIAN_POINT('',(71.000413663581,17.976718214969,
    1.54349101626E+03));
#1554 = CARTESIAN_POINT('',(70.731210521519,17.958769062573,
    1.543362446001E+03));
#1555 = CARTESIAN_POINT('',(70.489669688637,17.938699804205,
    1.543206493835E+03));
#1556 = CARTESIAN_POINT('',(70.278582849877,17.918411767271,
    1.543031252045E+03));
#1557 = CARTESIAN_POINT('',(69.877935230698,17.875852038243,
    1.54261855066E+03));
#1558 = CARTESIAN_POINT('',(69.698176762413,17.853546909132,
    1.54236995079E+03));
#1559 = CARTESIAN_POINT('',(69.557327373372,17.834290560881,
    1.54210751211E+03));
#1560 = CARTESIAN_POINT('',(69.453304745997,17.819238543447,
    1.541836170888E+03));
#1561 = CARTESIAN_POINT('',(69.384486925028,17.808995045802,
    1.541559405349E+03));
#1562 = CARTESIAN_POINT('',(69.35,17.803861940602,1.541279887725E+03));
#1563 = CARTESIAN_POINT('',(69.35,17.803861940602,1.540720109016E+03));
#1564 = CARTESIAN_POINT('',(69.384487724392,17.808995165558,
    1.540440581857E+03));
#1565 = CARTESIAN_POINT('',(69.453309891851,17.819239302567,
    1.540163812382E+03));
#1566 = CARTESIAN_POINT('',(69.557334868393,17.834291678301,
    1.539892477963E+03));
#1567 = CARTESIAN_POINT('',(69.698177922892,17.853546740627,
    1.539630053879E+03));
#1568 = CARTESIAN_POINT('',(69.877925091378,17.875850961171,
    1.539381459784E+03));
#1569 = CARTESIAN_POINT('',(70.290694406742,17.919698345684,
    1.538956272013E+03));
#1570 = CARTESIAN_POINT('',(70.519294506589,17.941549633136,
    1.538768859627E+03));
#1571 = CARTESIAN_POINT('',(70.783397830019,17.963088535474,
    1.538604204088E+03));
#1572 = CARTESIAN_POINT('',(71.07885751509,17.981838318676,
    1.538472736165E+03));
#1573 = CARTESIAN_POINT('',(71.399037146296,17.99516637798,
    1.538382888593E+03));
#1574 = CARTESIAN_POINT('',(71.735507473463,18.001325207974,
    1.538340994468E+03));
#1575 = CARTESIAN_POINT('',(72.397849322738,17.998435592038,
    1.538360630485E+03));
#1576 = CARTESIAN_POINT('',(72.707280333883,17.990476462829,
    1.538414753461E+03));
#1577 = CARTESIAN_POINT('',(72.999586336436,17.976718214967,
    1.53850898374E+03));
#1578 = CARTESIAN_POINT('',(73.268789478461,17.958769062574,
    1.538637553999E+03));
#1579 = CARTESIAN_POINT('',(73.51033031135,17.938699804207,
    1.538793506165E+03));
#1580 = CARTESIAN_POINT('',(73.721417150139,17.918411767269,
    1.538968747955E+03));
#1581 = CARTESIAN_POINT('',(74.122080217128,17.875850397262,
    1.539381465252E+03));
#1582 = CARTESIAN_POINT('',(74.301820453314,17.853546760821,
    1.539630055194E+03));
#1583 = CARTESIAN_POINT('',(74.442663358986,17.834292084008,
    1.539892474241E+03));
#1584 = CARTESIAN_POINT('',(74.546693277107,17.819238823243,
    1.540163813096E+03));
#1585 = CARTESIAN_POINT('',(74.615517380149,17.808994407784,
    1.54044059619E+03));
#1586 = CARTESIAN_POINT('',(74.65,17.803861940602,1.540720129625E+03));
#1587 = CARTESIAN_POINT('',(74.65,17.803861940602,1.541E+03));
#1588 = PCURVE('',#593,#1589);
#1589 = DEFINITIONAL_REPRESENTATION('',(#1590),#1641);
#1590 = B_SPLINE_CURVE_WITH_KNOTS('',7,(#1591,#1592,#1593,#1594,#1595,
    #1596,#1597,#1598,#1599,#1600,#1601,#1602,#1603,#1604,#1605,#1606,
    #1607,#1608,#1609,#1610,#1611,#1612,#1613,#1614,#1615,#1616,#1617,
    #1618,#1619,#1620,#1621,#1622,#1623,#1624,#1625,#1626,#1627,#1628,
    #1629,#1630,#1631,#1632,#1633,#1634,#1635,#1636,#1637,#1638,#1639,
    #1640),.UNSPECIFIED.,.T.,.F.,(8,6,6,6,6,6,6,6,8),(0.,0.136523532676,
    0.255358673736,0.365983310928,0.501620571399,0.63725941114,
    0.755324482691,0.865232255662,1.),.UNSPECIFIED.);
#1591 = CARTESIAN_POINT('',(1.423037024375,1.29E+03));
#1592 = CARTESIAN_POINT('',(1.423037024375,1.290279890984E+03));
#1593 = CARTESIAN_POINT('',(1.424974115167,1.290559418143E+03));
#1594 = CARTESIAN_POINT('',(1.428839699042,1.290836187618E+03));
#1595 = CARTESIAN_POINT('',(1.43467898632,1.291107522037E+03));
#1596 = CARTESIAN_POINT('',(1.442575879417,1.291369946121E+03));
#1597 = CARTESIAN_POINT('',(1.452636856638,1.291618540216E+03));
#1598 = CARTESIAN_POINT('',(1.475697505395,1.292043727987E+03));
#1599 = CARTESIAN_POINT('',(1.488454677998,1.292231140373E+03));
#1600 = CARTESIAN_POINT('',(1.50317348345,1.292395795912E+03));
#1601 = CARTESIAN_POINT('',(1.519615410611,1.292527263835E+03));
#1602 = CARTESIAN_POINT('',(1.537410989794,1.292617111407E+03));
#1603 = CARTESIAN_POINT('',(1.556102130026,1.292659005532E+03));
#1604 = CARTESIAN_POINT('',(1.592899249613,1.292639369515E+03));
#1605 = CARTESIAN_POINT('',(1.610091633006,1.292585246539E+03));
#1606 = CARTESIAN_POINT('',(1.626343119876,1.29249101626E+03));
#1607 = CARTESIAN_POINT('',(1.641327984432,1.292362446001E+03));
#1608 = CARTESIAN_POINT('',(1.654791307161,1.292206493835E+03));
#1609 = CARTESIAN_POINT('',(1.666571798198,1.292031252045E+03));
#1610 = CARTESIAN_POINT('',(1.688955230486,1.29161855066E+03));
#1611 = CARTESIAN_POINT('',(1.699016837235,1.29136995079E+03));
#1612 = CARTESIAN_POINT('',(1.706914087774,1.29110751211E+03));
#1613 = CARTESIAN_POINT('',(1.712753243777,1.290836170888E+03));
#1614 = CARTESIAN_POINT('',(1.716618583256,1.290559405349E+03));
#1615 = CARTESIAN_POINT('',(1.718555629215,1.290279887725E+03));
#1616 = CARTESIAN_POINT('',(1.718555629215,1.289720109016E+03));
#1617 = CARTESIAN_POINT('',(1.716618538422,1.289440581857E+03));
#1618 = CARTESIAN_POINT('',(1.712752954548,1.289163812382E+03));
#1619 = CARTESIAN_POINT('',(1.70691366727,1.288892477963E+03));
#1620 = CARTESIAN_POINT('',(1.699016774172,1.288630053879E+03));
#1621 = CARTESIAN_POINT('',(1.688955796951,1.288381459784E+03));
#1622 = CARTESIAN_POINT('',(1.665895148194,1.287956272013E+03));
#1623 = CARTESIAN_POINT('',(1.653137975591,1.287768859627E+03));
#1624 = CARTESIAN_POINT('',(1.63841917014,1.287604204088E+03));
#1625 = CARTESIAN_POINT('',(1.621977242979,1.287472736165E+03));
#1626 = CARTESIAN_POINT('',(1.604181663796,1.287382888593E+03));
#1627 = CARTESIAN_POINT('',(1.585490523564,1.287340994468E+03));
#1628 = CARTESIAN_POINT('',(1.548693403978,1.287360630485E+03));
#1629 = CARTESIAN_POINT('',(1.531501020583,1.287414753461E+03));
#1630 = CARTESIAN_POINT('',(1.515249533712,1.28750898374E+03));
#1631 = CARTESIAN_POINT('',(1.500264669159,1.287637553999E+03));
#1632 = CARTESIAN_POINT('',(1.486801346429,1.287793506165E+03));
#1633 = CARTESIAN_POINT('',(1.475020855391,1.287968747955E+03));
#1634 = CARTESIAN_POINT('',(1.452636560062,1.288381465252E+03));
#1635 = CARTESIAN_POINT('',(1.442575969183,1.288630055194E+03));
#1636 = CARTESIAN_POINT('',(1.434679086699,1.288892474241E+03));
#1637 = CARTESIAN_POINT('',(1.428839521172,1.289163813096E+03));
#1638 = CARTESIAN_POINT('',(1.424973828423,1.28944059619E+03));
#1639 = CARTESIAN_POINT('',(1.423037024375,1.289720129625E+03));
#1640 = CARTESIAN_POINT('',(1.423037024375,1.29E+03));
#1641 = ( GEOMETRIC_REPRESENTATION_CONTEXT(2) 
PARAMETRIC_REPRESENTATION_CONTEXT() REPRESENTATION_CONTEXT('2D SPACE',''
  ) );
#1642 = PCURVE('',#1251,#1643);
#1643 = DEFINITIONAL_REPRESENTATION('',(#1644),#1695);
#1644 = B_SPLINE_CURVE_WITH_KNOTS('',7,(#1645,#1646,#1647,#1648,#1649,
    #1650,#1651,#1652,#1653,#1654,#1655,#1656,#1657,#1658,#1659,#1660,
    #1661,#1662,#1663,#1664,#1665,#1666,#1667,#1668,#1669,#1670,#1671,
    #1672,#1673,#1674,#1675,#1676,#1677,#1678,#1679,#1680,#1681,#1682,
    #1683,#1684,#1685,#1686,#1687,#1688,#1689,#1690,#1691,#1692,#1693,
    #1694),.UNSPECIFIED.,.F.,.F.,(8,6,6,6,6,6,6,6,8),(0.,0.136523532676,
    0.255358673736,0.365983310928,0.501620571399,0.63725941114,
    0.755324482691,0.865232255662,1.),.UNSPECIFIED.);
#1645 = CARTESIAN_POINT('',(0.,12.196138059398));
#1646 = CARTESIAN_POINT('',(0.105619239246,12.196138059398));
#1647 = CARTESIAN_POINT('',(0.211100851965,12.191004834442));
#1648 = CARTESIAN_POINT('',(0.317468135522,12.180760697433));
#1649 = CARTESIAN_POINT('',(0.42560631792,12.165708321699));
#1650 = CARTESIAN_POINT('',(0.536469562355,12.146453259373));
#1651 = CARTESIAN_POINT('',(0.6510249488,12.124149038829));
#1652 = CARTESIAN_POINT('',(0.87464389314,12.080301654316));
#1653 = CARTESIAN_POINT('',(0.985474804436,12.058450366864));
#1654 = CARTESIAN_POINT('',(1.101315324817,12.036911464526));
#1655 = CARTESIAN_POINT('',(1.221176943288,12.018161681324));
#1656 = CARTESIAN_POINT('',(1.344489826957,12.00483362202));
#1657 = CARTESIAN_POINT('',(1.470935293835,11.998674792026));
#1658 = CARTESIAN_POINT('',(1.720985427214,12.001564407962));
#1659 = CARTESIAN_POINT('',(1.838305738174,12.009523537171));
#1660 = CARTESIAN_POINT('',(1.952476837766,12.023281785031));
#1661 = CARTESIAN_POINT('',(2.063350307241,12.041230937427));
#1662 = CARTESIAN_POINT('',(2.17057811885,12.061300195795));
#1663 = CARTESIAN_POINT('',(2.273510230646,12.081588232729));
#1664 = CARTESIAN_POINT('',(2.490562211784,12.124147961757));
#1665 = CARTESIAN_POINT('',(2.605122121732,12.146453090868));
#1666 = CARTESIAN_POINT('',(2.715990656217,12.165709439119));
#1667 = CARTESIAN_POINT('',(2.824130938738,12.180761456553));
#1668 = CARTESIAN_POINT('',(2.93049661728,12.191004954198));
#1669 = CARTESIAN_POINT('',(3.035974644091,12.196138059398));
#1670 = CARTESIAN_POINT('',(3.247211892836,12.196138059398));
#1671 = CARTESIAN_POINT('',(3.352693505555,12.191004834442));
#1672 = CARTESIAN_POINT('',(3.459060789112,12.180760697433));
#1673 = CARTESIAN_POINT('',(3.56719897151,12.165708321699));
#1674 = CARTESIAN_POINT('',(3.678062215945,12.146453259373));
#1675 = CARTESIAN_POINT('',(3.79261760239,12.124149038829));
#1676 = CARTESIAN_POINT('',(4.016236546729,12.080301654316));
#1677 = CARTESIAN_POINT('',(4.127067458026,12.058450366864));
#1678 = CARTESIAN_POINT('',(4.242907978407,12.036911464526));
#1679 = CARTESIAN_POINT('',(4.362769596878,12.018161681324));
#1680 = CARTESIAN_POINT('',(4.486082480547,12.00483362202));
#1681 = CARTESIAN_POINT('',(4.612527947425,11.998674792026));
#1682 = CARTESIAN_POINT('',(4.862578080795,12.001564407962));
#1683 = CARTESIAN_POINT('',(4.979898391772,12.009523537171));
#1684 = CARTESIAN_POINT('',(5.094069491363,12.023281785033));
#1685 = CARTESIAN_POINT('',(5.204942960826,12.041230937426));
#1686 = CARTESIAN_POINT('',(5.312170772431,12.061300195793));
#1687 = CARTESIAN_POINT('',(5.415102884244,12.081588232731));
#1688 = CARTESIAN_POINT('',(5.632163234277,12.124149602738));
#1689 = CARTESIAN_POINT('',(5.746715679473,12.146453239179));
#1690 = CARTESIAN_POINT('',(5.857577687067,12.165707915992));
#1691 = CARTESIAN_POINT('',(5.965717836611,12.180761176757));
#1692 = CARTESIAN_POINT('',(6.072089867364,12.191005592216));
#1693 = CARTESIAN_POINT('',(6.177573844802,12.196138059398));
#1694 = CARTESIAN_POINT('',(6.28318530718,12.196138059398));
#1695 = ( GEOMETRIC_REPRESENTATION_CONTEXT(2) 
PARAMETRIC_REPRESENTATION_CONTEXT() REPRESENTATION_CONTEXT('2D SPACE',''
  ) );
#1696 = FACE_BOUND('',#1697,.T.);
#1697 = EDGE_LOOP('',(#1698));
#1698 = ORIENTED_EDGE('',*,*,#1699,.F.);
#1699 = EDGE_CURVE('',#1700,#1700,#1702,.T.);
#1700 = VERTEX_POINT('',#1701);
#1701 = CARTESIAN_POINT('',(74.65,-17.8038619406,1.541E+03));
#1702 = SURFACE_CURVE('',#1703,(#1754,#1808),.PCURVE_S1.);
#1703 = B_SPLINE_CURVE_WITH_KNOTS('',7,(#1704,#1705,#1706,#1707,#1708,
    #1709,#1710,#1711,#1712,#1713,#1714,#1715,#1716,#1717,#1718,#1719,
    #1720,#1721,#1722,#1723,#1724,#1725,#1726,#1727,#1728,#1729,#1730,
    #1731,#1732,#1733,#1734,#1735,#1736,#1737,#1738,#1739,#1740,#1741,
    #1742,#1743,#1744,#1745,#1746,#1747,#1748,#1749,#1750,#1751,#1752,
    #1753),.UNSPECIFIED.,.T.,.F.,(8,6,6,6,6,6,6,6,8),(0.,0.136523532675,
    0.255358673734,0.365983310943,0.501620571407,0.637259411142,
    0.755324482686,0.865232255676,1.),.UNSPECIFIED.);
#1704 = CARTESIAN_POINT('',(74.65,-17.8038619406,1.541E+03));
#1705 = CARTESIAN_POINT('',(74.65,-17.8038619406,1.541279890984E+03));
#1706 = CARTESIAN_POINT('',(74.615512275608,-17.80899516555,
    1.541559418143E+03));
#1707 = CARTESIAN_POINT('',(74.546690108149,-17.81923930256,
    1.541836187618E+03));
#1708 = CARTESIAN_POINT('',(74.442665131607,-17.8342916783,
    1.542107522037E+03));
#1709 = CARTESIAN_POINT('',(74.301822077109,-17.85354674062,
    1.542369946121E+03));
#1710 = CARTESIAN_POINT('',(74.122074908622,-17.87585096117,
    1.542618540216E+03));
#1711 = CARTESIAN_POINT('',(73.709305593258,-17.91969834568,
    1.543043727987E+03));
#1712 = CARTESIAN_POINT('',(73.480705493412,-17.94154963313,
    1.543231140373E+03));
#1713 = CARTESIAN_POINT('',(73.216602169979,-17.96308853547,
    1.543395795912E+03));
#1714 = CARTESIAN_POINT('',(72.921142484911,-17.98183831867,
    1.543527263835E+03));
#1715 = CARTESIAN_POINT('',(72.600962853703,-17.99516637798,
    1.543617111407E+03));
#1716 = CARTESIAN_POINT('',(72.264492526537,-18.00132520797,
    1.543659005532E+03));
#1717 = CARTESIAN_POINT('',(71.602150677191,-17.99843559203,
    1.543639369515E+03));
#1718 = CARTESIAN_POINT('',(71.292719666188,-17.99047646282,
    1.543585246539E+03));
#1719 = CARTESIAN_POINT('',(71.000413663617,-17.97671821497,
    1.54349101626E+03));
#1720 = CARTESIAN_POINT('',(70.731210521479,-17.95876906257,
    1.543362446001E+03));
#1721 = CARTESIAN_POINT('',(70.489669688605,-17.9386998042,
    1.543206493835E+03));
#1722 = CARTESIAN_POINT('',(70.278582849911,-17.91841176727,
    1.543031252045E+03));
#1723 = CARTESIAN_POINT('',(69.877935230698,-17.87585203824,
    1.54261855066E+03));
#1724 = CARTESIAN_POINT('',(69.698176762412,-17.85354690913,
    1.54236995079E+03));
#1725 = CARTESIAN_POINT('',(69.557327373372,-17.83429056088,
    1.54210751211E+03));
#1726 = CARTESIAN_POINT('',(69.453304745997,-17.81923854344,
    1.541836170888E+03));
#1727 = CARTESIAN_POINT('',(69.384486925028,-17.8089950458,
    1.541559405349E+03));
#1728 = CARTESIAN_POINT('',(69.35,-17.8038619406,1.541279887725E+03));
#1729 = CARTESIAN_POINT('',(69.35,-17.8038619406,1.540720109016E+03));
#1730 = CARTESIAN_POINT('',(69.384487724392,-17.80899516555,
    1.540440581857E+03));
#1731 = CARTESIAN_POINT('',(69.453309891851,-17.81923930256,
    1.540163812382E+03));
#1732 = CARTESIAN_POINT('',(69.557334868393,-17.8342916783,
    1.539892477963E+03));
#1733 = CARTESIAN_POINT('',(69.698177922893,-17.85354674062,
    1.539630053879E+03));
#1734 = CARTESIAN_POINT('',(69.877925091377,-17.87585096117,
    1.539381459784E+03));
#1735 = CARTESIAN_POINT('',(70.290694406742,-17.91969834568,
    1.538956272013E+03));
#1736 = CARTESIAN_POINT('',(70.519294506587,-17.94154963313,
    1.538768859627E+03));
#1737 = CARTESIAN_POINT('',(70.783397830021,-17.96308853547,
    1.538604204088E+03));
#1738 = CARTESIAN_POINT('',(71.07885751509,-17.98183831867,
    1.538472736165E+03));
#1739 = CARTESIAN_POINT('',(71.399037146296,-17.99516637798,
    1.538382888593E+03));
#1740 = CARTESIAN_POINT('',(71.735507473463,-18.00132520797,
    1.538340994468E+03));
#1741 = CARTESIAN_POINT('',(72.397849322809,-17.99843559203,
    1.538360630485E+03));
#1742 = CARTESIAN_POINT('',(72.707280333812,-17.99047646282,
    1.538414753461E+03));
#1743 = CARTESIAN_POINT('',(72.999586336385,-17.97671821497,
    1.53850898374E+03));
#1744 = CARTESIAN_POINT('',(73.268789478518,-17.95876906257,
    1.538637553999E+03));
#1745 = CARTESIAN_POINT('',(73.510330311398,-17.9386998042,
    1.538793506165E+03));
#1746 = CARTESIAN_POINT('',(73.721417150088,-17.91841176727,
    1.538968747955E+03));
#1747 = CARTESIAN_POINT('',(74.122080217128,-17.87585039726,
    1.539381465252E+03));
#1748 = CARTESIAN_POINT('',(74.301820453313,-17.85354676082,
    1.539630055194E+03));
#1749 = CARTESIAN_POINT('',(74.442663358987,-17.834292084,
    1.539892474241E+03));
#1750 = CARTESIAN_POINT('',(74.546693277106,-17.81923882324,
    1.540163813096E+03));
#1751 = CARTESIAN_POINT('',(74.615517380149,-17.80899440778,
    1.54044059619E+03));
#1752 = CARTESIAN_POINT('',(74.65,-17.8038619406,1.540720129625E+03));
#1753 = CARTESIAN_POINT('',(74.65,-17.8038619406,1.541E+03));
#1754 = PCURVE('',#593,#1755);
#1755 = DEFINITIONAL_REPRESENTATION('',(#1756),#1807);
#1756 = B_SPLINE_CURVE_WITH_KNOTS('',7,(#1757,#1758,#1759,#1760,#1761,
    #1762,#1763,#1764,#1765,#1766,#1767,#1768,#1769,#1770,#1771,#1772,
    #1773,#1774,#1775,#1776,#1777,#1778,#1779,#1780,#1781,#1782,#1783,
    #1784,#1785,#1786,#1787,#1788,#1789,#1790,#1791,#1792,#1793,#1794,
    #1795,#1796,#1797,#1798,#1799,#1800,#1801,#1802,#1803,#1804,#1805,
    #1806),.UNSPECIFIED.,.T.,.F.,(8,6,6,6,6,6,6,6,8),(0.,0.136523532675,
    0.255358673734,0.365983310943,0.501620571407,0.637259411142,
    0.755324482686,0.865232255676,1.),.UNSPECIFIED.);
#1757 = CARTESIAN_POINT('',(4.860148282805,1.29E+03));
#1758 = CARTESIAN_POINT('',(4.860148282805,1.290279890984E+03));
#1759 = CARTESIAN_POINT('',(4.858211192012,1.290559418143E+03));
#1760 = CARTESIAN_POINT('',(4.854345608137,1.290836187618E+03));
#1761 = CARTESIAN_POINT('',(4.848506320859,1.291107522037E+03));
#1762 = CARTESIAN_POINT('',(4.840609427762,1.291369946121E+03));
#1763 = CARTESIAN_POINT('',(4.830548450541,1.291618540216E+03));
#1764 = CARTESIAN_POINT('',(4.807487801784,1.292043727987E+03));
#1765 = CARTESIAN_POINT('',(4.794730629181,1.292231140373E+03));
#1766 = CARTESIAN_POINT('',(4.78001182373,1.292395795912E+03));
#1767 = CARTESIAN_POINT('',(4.763569896569,1.292527263835E+03));
#1768 = CARTESIAN_POINT('',(4.745774317386,1.292617111407E+03));
#1769 = CARTESIAN_POINT('',(4.727083177153,1.292659005532E+03));
#1770 = CARTESIAN_POINT('',(4.690286057564,1.292639369515E+03));
#1771 = CARTESIAN_POINT('',(4.673093674177,1.292585246539E+03));
#1772 = CARTESIAN_POINT('',(4.656842187305,1.29249101626E+03));
#1773 = CARTESIAN_POINT('',(4.641857322746,1.292362446001E+03));
#1774 = CARTESIAN_POINT('',(4.628394000016,1.292206493835E+03));
#1775 = CARTESIAN_POINT('',(4.616613508984,1.292031252045E+03));
#1776 = CARTESIAN_POINT('',(4.594230076693,1.29161855066E+03));
#1777 = CARTESIAN_POINT('',(4.584168469945,1.29136995079E+03));
#1778 = CARTESIAN_POINT('',(4.576271219406,1.29110751211E+03));
#1779 = CARTESIAN_POINT('',(4.570432063402,1.290836170888E+03));
#1780 = CARTESIAN_POINT('',(4.566566723924,1.290559405349E+03));
#1781 = CARTESIAN_POINT('',(4.564629677965,1.290279887725E+03));
#1782 = CARTESIAN_POINT('',(4.564629677965,1.289720109016E+03));
#1783 = CARTESIAN_POINT('',(4.566566768757,1.289440581857E+03));
#1784 = CARTESIAN_POINT('',(4.570432352632,1.289163812382E+03));
#1785 = CARTESIAN_POINT('',(4.57627163991,1.288892477963E+03));
#1786 = CARTESIAN_POINT('',(4.584168533007,1.288630053879E+03));
#1787 = CARTESIAN_POINT('',(4.594229510228,1.288381459784E+03));
#1788 = CARTESIAN_POINT('',(4.617290158985,1.287956272013E+03));
#1789 = CARTESIAN_POINT('',(4.630047331588,1.287768859627E+03));
#1790 = CARTESIAN_POINT('',(4.64476613704,1.287604204088E+03));
#1791 = CARTESIAN_POINT('',(4.661208064201,1.287472736165E+03));
#1792 = CARTESIAN_POINT('',(4.679003643383,1.287382888593E+03));
#1793 = CARTESIAN_POINT('',(4.697694783616,1.287340994468E+03));
#1794 = CARTESIAN_POINT('',(4.734491903206,1.287360630485E+03));
#1795 = CARTESIAN_POINT('',(4.751684286593,1.287414753461E+03));
#1796 = CARTESIAN_POINT('',(4.767935773464,1.28750898374E+03));
#1797 = CARTESIAN_POINT('',(4.782920638024,1.287637553999E+03));
#1798 = CARTESIAN_POINT('',(4.796383960753,1.287793506165E+03));
#1799 = CARTESIAN_POINT('',(4.808164451786,1.287968747955E+03));
#1800 = CARTESIAN_POINT('',(4.830548747117,1.288381465252E+03));
#1801 = CARTESIAN_POINT('',(4.840609337996,1.288630055194E+03));
#1802 = CARTESIAN_POINT('',(4.848506220481,1.288892474241E+03));
#1803 = CARTESIAN_POINT('',(4.854345786008,1.289163813096E+03));
#1804 = CARTESIAN_POINT('',(4.858211478756,1.28944059619E+03));
#1805 = CARTESIAN_POINT('',(4.860148282805,1.289720129625E+03));
#1806 = CARTESIAN_POINT('',(4.860148282805,1.29E+03));
#1807 = ( GEOMETRIC_REPRESENTATION_CONTEXT(2) 
PARAMETRIC_REPRESENTATION_CONTEXT() REPRESENTATION_CONTEXT('2D SPACE',''
  ) );
#1808 = PCURVE('',#1422,#1809);
#1809 = DEFINITIONAL_REPRESENTATION('',(#1810),#1861);
#1810 = B_SPLINE_CURVE_WITH_KNOTS('',7,(#1811,#1812,#1813,#1814,#1815,
    #1816,#1817,#1818,#1819,#1820,#1821,#1822,#1823,#1824,#1825,#1826,
    #1827,#1828,#1829,#1830,#1831,#1832,#1833,#1834,#1835,#1836,#1837,
    #1838,#1839,#1840,#1841,#1842,#1843,#1844,#1845,#1846,#1847,#1848,
    #1849,#1850,#1851,#1852,#1853,#1854,#1855,#1856,#1857,#1858,#1859,
    #1860),.UNSPECIFIED.,.F.,.F.,(8,6,6,6,6,6,6,6,8),(0.,0.136523532675,
    0.255358673734,0.365983310943,0.501620571407,0.637259411142,
    0.755324482686,0.865232255676,1.),.UNSPECIFIED.);
#1811 = CARTESIAN_POINT('',(0.,47.803861940602));
#1812 = CARTESIAN_POINT('',(0.105619239246,47.803861940602));
#1813 = CARTESIAN_POINT('',(0.211100851965,47.808995165558));
#1814 = CARTESIAN_POINT('',(0.317468135522,47.819239302567));
#1815 = CARTESIAN_POINT('',(0.42560631792,47.834291678301));
#1816 = CARTESIAN_POINT('',(0.536469562355,47.853546740627));
#1817 = CARTESIAN_POINT('',(0.6510249488,47.875850961171));
#1818 = CARTESIAN_POINT('',(0.87464389314,47.919698345684));
#1819 = CARTESIAN_POINT('',(0.985474804436,47.941549633136));
#1820 = CARTESIAN_POINT('',(1.101315324818,47.963088535474));
#1821 = CARTESIAN_POINT('',(1.221176943288,47.981838318676));
#1822 = CARTESIAN_POINT('',(1.344489826957,47.99516637798));
#1823 = CARTESIAN_POINT('',(1.470935293835,48.001325207974));
#1824 = CARTESIAN_POINT('',(1.720985427232,47.998435592038));
#1825 = CARTESIAN_POINT('',(1.838305738156,47.990476462827));
#1826 = CARTESIAN_POINT('',(1.952476837754,47.976718214975));
#1827 = CARTESIAN_POINT('',(2.063350307251,47.958769062571));
#1828 = CARTESIAN_POINT('',(2.170578118872,47.938699804201));
#1829 = CARTESIAN_POINT('',(2.273510230627,47.918411767274));
#1830 = CARTESIAN_POINT('',(2.490562211784,47.875852038244));
#1831 = CARTESIAN_POINT('',(2.605122121732,47.853546909132));
#1832 = CARTESIAN_POINT('',(2.715990656217,47.834290560881));
#1833 = CARTESIAN_POINT('',(2.824130938738,47.819238543447));
#1834 = CARTESIAN_POINT('',(2.93049661728,47.808995045802));
#1835 = CARTESIAN_POINT('',(3.035974644091,47.803861940602));
#1836 = CARTESIAN_POINT('',(3.247211892835,47.803861940602));
#1837 = CARTESIAN_POINT('',(3.352693505555,47.808995165558));
#1838 = CARTESIAN_POINT('',(3.459060789111,47.819239302567));
#1839 = CARTESIAN_POINT('',(3.56719897151,47.834291678301));
#1840 = CARTESIAN_POINT('',(3.678062215945,47.853546740627));
#1841 = CARTESIAN_POINT('',(3.79261760239,47.87585096117));
#1842 = CARTESIAN_POINT('',(4.01623654673,47.919698345684));
#1843 = CARTESIAN_POINT('',(4.127067458025,47.941549633135));
#1844 = CARTESIAN_POINT('',(4.242907978407,47.963088535474));
#1845 = CARTESIAN_POINT('',(4.362769596878,47.981838318676));
#1846 = CARTESIAN_POINT('',(4.486082480547,47.99516637798));
#1847 = CARTESIAN_POINT('',(4.612527947425,48.001325207974));
#1848 = CARTESIAN_POINT('',(4.862578080822,47.998435592038));
#1849 = CARTESIAN_POINT('',(4.979898391745,47.990476462827));
#1850 = CARTESIAN_POINT('',(5.094069491345,47.976718214975));
#1851 = CARTESIAN_POINT('',(5.204942960839,47.958769062571));
#1852 = CARTESIAN_POINT('',(5.312170772463,47.938699804201));
#1853 = CARTESIAN_POINT('',(5.415102884216,47.918411767274));
#1854 = CARTESIAN_POINT('',(5.632163234277,47.875850397262));
#1855 = CARTESIAN_POINT('',(5.746715679473,47.853546760821));
#1856 = CARTESIAN_POINT('',(5.857577687067,47.834292084008));
#1857 = CARTESIAN_POINT('',(5.965717836611,47.819238823243));
#1858 = CARTESIAN_POINT('',(6.072089867364,47.808994407784));
#1859 = CARTESIAN_POINT('',(6.177573844802,47.803861940602));
#1860 = CARTESIAN_POINT('',(6.28318530718,47.803861940602));
#1861 = ( GEOMETRIC_REPRESENTATION_CONTEXT(2) 
PARAMETRIC_REPRESENTATION_CONTEXT() REPRESENTATION_CONTEXT('2D SPACE',''
  ) );
#1862 = ADVANCED_FACE('',(#1863,#1866),#1098,.T.);
#1863 = FACE_BOUND('',#1864,.T.);
#1864 = EDGE_LOOP('',(#1865));
#1865 = ORIENTED_EDGE('',*,*,#1507,.T.);
#1866 = FACE_BOUND('',#1867,.T.);
#1867 = EDGE_LOOP('',(#1868));
#1868 = ORIENTED_EDGE('',*,*,#1081,.F.);
#1869 = ADVANCED_FACE('',(#1870),#1251,.F.);
#1870 = FACE_BOUND('',#1871,.F.);
#1871 = EDGE_LOOP('',(#1872,#1873,#1894,#1895));
#1872 = ORIENTED_EDGE('',*,*,#1141,.F.);
#1873 = ORIENTED_EDGE('',*,*,#1874,.F.);
#1874 = EDGE_CURVE('',#1534,#1142,#1875,.T.);
#1875 = SEAM_CURVE('',#1876,(#1880,#1887),.PCURVE_S1.);
#1876 = LINE('',#1877,#1878);
#1877 = CARTESIAN_POINT('',(74.65,30.,1.541E+03));
#1878 = VECTOR('',#1879,1.);
#1879 = DIRECTION('',(0.,-1.,2.22044604925E-16));
#1880 = PCURVE('',#1251,#1881);
#1881 = DEFINITIONAL_REPRESENTATION('',(#1882),#1886);
#1882 = LINE('',#1883,#1884);
#1883 = CARTESIAN_POINT('',(6.28318530718,-0.));
#1884 = VECTOR('',#1885,1.);
#1885 = DIRECTION('',(0.,1.));
#1886 = ( GEOMETRIC_REPRESENTATION_CONTEXT(2) 
PARAMETRIC_REPRESENTATION_CONTEXT() REPRESENTATION_CONTEXT('2D SPACE',''
  ) );
#1887 = PCURVE('',#1251,#1888);
#1888 = DEFINITIONAL_REPRESENTATION('',(#1889),#1893);
#1889 = LINE('',#1890,#1891);
#1890 = CARTESIAN_POINT('',(0.,-0.));
#1891 = VECTOR('',#1892,1.);
#1892 = DIRECTION('',(0.,1.));
#1893 = ( GEOMETRIC_REPRESENTATION_CONTEXT(2) 
PARAMETRIC_REPRESENTATION_CONTEXT() REPRESENTATION_CONTEXT('2D SPACE',''
  ) );
#1894 = ORIENTED_EDGE('',*,*,#1533,.T.);
#1895 = ORIENTED_EDGE('',*,*,#1874,.T.);
#1896 = ADVANCED_FACE('',(#1897),#1422,.F.);
#1897 = FACE_BOUND('',#1898,.F.);
#1898 = EDGE_LOOP('',(#1899,#1900,#1921,#1922));
#1899 = ORIENTED_EDGE('',*,*,#1699,.F.);
#1900 = ORIENTED_EDGE('',*,*,#1901,.F.);
#1901 = EDGE_CURVE('',#1313,#1700,#1902,.T.);
#1902 = SEAM_CURVE('',#1903,(#1907,#1914),.PCURVE_S1.);
#1903 = LINE('',#1904,#1905);
#1904 = CARTESIAN_POINT('',(74.65,30.,1.541E+03));
#1905 = VECTOR('',#1906,1.);
#1906 = DIRECTION('',(0.,-1.,2.22044604925E-16));
#1907 = PCURVE('',#1422,#1908);
#1908 = DEFINITIONAL_REPRESENTATION('',(#1909),#1913);
#1909 = LINE('',#1910,#1911);
#1910 = CARTESIAN_POINT('',(6.28318530718,-0.));
#1911 = VECTOR('',#1912,1.);
#1912 = DIRECTION('',(0.,1.));
#1913 = ( GEOMETRIC_REPRESENTATION_CONTEXT(2) 
PARAMETRIC_REPRESENTATION_CONTEXT() REPRESENTATION_CONTEXT('2D SPACE',''
  ) );
#1914 = PCURVE('',#1422,#1915);
#1915 = DEFINITIONAL_REPRESENTATION('',(#1916),#1920);
#1916 = LINE('',#1917,#1918);
#1917 = CARTESIAN_POINT('',(0.,-0.));
#1918 = VECTOR('',#1919,1.);
#1919 = DIRECTION('',(0.,1.));
#1920 = ( GEOMETRIC_REPRESENTATION_CONTEXT(2) 
PARAMETRIC_REPRESENTATION_CONTEXT() REPRESENTATION_CONTEXT('2D SPACE',''
  ) );
#1921 = ORIENTED_EDGE('',*,*,#1312,.T.);
#1922 = ORIENTED_EDGE('',*,*,#1901,.T.);
#1923 = MANIFOLD_SOLID_BREP('',#1924);
#1924 = CLOSED_SHELL('',(#1925,#2787,#2822,#2852,#3087,#3322,#3512,#3702
    ));
#1925 = ADVANCED_FACE('',(#1926,#2013,#2229,#2445,#2616),#1939,.T.);
#1926 = FACE_BOUND('',#1927,.T.);
#1927 = EDGE_LOOP('',(#1928,#1962,#1985,#2012));
#1928 = ORIENTED_EDGE('',*,*,#1929,.F.);
#1929 = EDGE_CURVE('',#1930,#1930,#1932,.T.);
#1930 = VERTEX_POINT('',#1931);
#1931 = CARTESIAN_POINT('',(90.,-4.40872847693E-15,3.031E+03));
#1932 = SURFACE_CURVE('',#1933,(#1938,#1950),.PCURVE_S1.);
#1933 = CIRCLE('',#1934,18.);
#1934 = AXIS2_PLACEMENT_3D('',#1935,#1936,#1937);
#1935 = CARTESIAN_POINT('',(72.,0.,3.031E+03));
#1936 = DIRECTION('',(0.,0.,1.));
#1937 = DIRECTION('',(1.,0.,-0.));
#1938 = PCURVE('',#1939,#1944);
#1939 = CYLINDRICAL_SURFACE('',#1940,18.);
#1940 = AXIS2_PLACEMENT_3D('',#1941,#1942,#1943);
#1941 = CARTESIAN_POINT('',(72.,0.,1.581E+03));
#1942 = DIRECTION('',(0.,0.,1.));
#1943 = DIRECTION('',(1.,0.,-0.));
#1944 = DEFINITIONAL_REPRESENTATION('',(#1945),#1949);
#1945 = LINE('',#1946,#1947);
#1946 = CARTESIAN_POINT('',(0.,1.45E+03));
#1947 = VECTOR('',#1948,1.);
#1948 = DIRECTION('',(1.,0.));
#1949 = ( GEOMETRIC_REPRESENTATION_CONTEXT(2) 
PARAMETRIC_REPRESENTATION_CONTEXT() REPRESENTATION_CONTEXT('2D SPACE',''
  ) );
#1950 = PCURVE('',#1951,#1956);
#1951 = PLANE('',#1952);
#1952 = AXIS2_PLACEMENT_3D('',#1953,#1954,#1955);
#1953 = CARTESIAN_POINT('',(72.,0.,3.031E+03));
#1954 = DIRECTION('',(0.,0.,1.));
#1955 = DIRECTION('',(1.,0.,-0.));
#1956 = DEFINITIONAL_REPRESENTATION('',(#1957),#1961);
#1957 = CIRCLE('',#1958,18.);
#1958 = AXIS2_PLACEMENT_2D('',#1959,#1960);
#1959 = CARTESIAN_POINT('',(0.,0.));
#1960 = DIRECTION('',(1.,0.));
#1961 = ( GEOMETRIC_REPRESENTATION_CONTEXT(2) 
PARAMETRIC_REPRESENTATION_CONTEXT() REPRESENTATION_CONTEXT('2D SPACE',''
  ) );
#1962 = ORIENTED_EDGE('',*,*,#1963,.F.);
#1963 = EDGE_CURVE('',#1964,#1930,#1966,.T.);
#1964 = VERTEX_POINT('',#1965);
#1965 = CARTESIAN_POINT('',(90.,-4.40872847693E-15,1.581E+03));
#1966 = SEAM_CURVE('',#1967,(#1971,#1978),.PCURVE_S1.);
#1967 = LINE('',#1968,#1969);
#1968 = CARTESIAN_POINT('',(90.,-4.40872847693E-15,1.581E+03));
#1969 = VECTOR('',#1970,1.);
#1970 = DIRECTION('',(0.,0.,1.));
#1971 = PCURVE('',#1939,#1972);
#1972 = DEFINITIONAL_REPRESENTATION('',(#1973),#1977);
#1973 = LINE('',#1974,#1975);
#1974 = CARTESIAN_POINT('',(6.28318530718,-0.));
#1975 = VECTOR('',#1976,1.);
#1976 = DIRECTION('',(0.,1.));
#1977 = ( GEOMETRIC_REPRESENTATION_CONTEXT(2) 
PARAMETRIC_REPRESENTATION_CONTEXT() REPRESENTATION_CONTEXT('2D SPACE',''
  ) );
#1978 = PCURVE('',#1939,#1979);
#1979 = DEFINITIONAL_REPRESENTATION('',(#1980),#1984);
#1980 = LINE('',#1981,#1982);
#1981 = CARTESIAN_POINT('',(0.,-0.));
#1982 = VECTOR('',#1983,1.);
#1983 = DIRECTION('',(0.,1.));
#1984 = ( GEOMETRIC_REPRESENTATION_CONTEXT(2) 
PARAMETRIC_REPRESENTATION_CONTEXT() REPRESENTATION_CONTEXT('2D SPACE',''
  ) );
#1985 = ORIENTED_EDGE('',*,*,#1986,.T.);
#1986 = EDGE_CURVE('',#1964,#1964,#1987,.T.);
#1987 = SURFACE_CURVE('',#1988,(#1993,#2000),.PCURVE_S1.);
#1988 = CIRCLE('',#1989,18.);
#1989 = AXIS2_PLACEMENT_3D('',#1990,#1991,#1992);
#1990 = CARTESIAN_POINT('',(72.,0.,1.581E+03));
#1991 = DIRECTION('',(0.,0.,1.));
#1992 = DIRECTION('',(1.,0.,-0.));
#1993 = PCURVE('',#1939,#1994);
#1994 = DEFINITIONAL_REPRESENTATION('',(#1995),#1999);
#1995 = LINE('',#1996,#1997);
#1996 = CARTESIAN_POINT('',(0.,0.));
#1997 = VECTOR('',#1998,1.);
#1998 = DIRECTION('',(1.,0.));
#1999 = ( GEOMETRIC_REPRESENTATION_CONTEXT(2) 
PARAMETRIC_REPRESENTATION_CONTEXT() REPRESENTATION_CONTEXT('2D SPACE',''
  ) );
#2000 = PCURVE('',#2001,#2006);
#2001 = PLANE('',#2002);
#2002 = AXIS2_PLACEMENT_3D('',#2003,#2004,#2005);
#2003 = CARTESIAN_POINT('',(72.,0.,1.581E+03));
#2004 = DIRECTION('',(0.,0.,1.));
#2005 = DIRECTION('',(1.,0.,-0.));
#2006 = DEFINITIONAL_REPRESENTATION('',(#2007),#2011);
#2007 = CIRCLE('',#2008,18.);
#2008 = AXIS2_PLACEMENT_2D('',#2009,#2010);
#2009 = CARTESIAN_POINT('',(0.,0.));
#2010 = DIRECTION('',(1.,0.));
#2011 = ( GEOMETRIC_REPRESENTATION_CONTEXT(2) 
PARAMETRIC_REPRESENTATION_CONTEXT() REPRESENTATION_CONTEXT('2D SPACE',''
  ) );
#2012 = ORIENTED_EDGE('',*,*,#1963,.T.);
#2013 = FACE_BOUND('',#2014,.T.);
#2014 = EDGE_LOOP('',(#2015));
#2015 = ORIENTED_EDGE('',*,*,#2016,.T.);
#2016 = EDGE_CURVE('',#2017,#2017,#2019,.T.);
#2017 = VERTEX_POINT('',#2018);
#2018 = CARTESIAN_POINT('',(75.25,17.704166176355,1.621E+03));
#2019 = SURFACE_CURVE('',#2020,(#2086,#2155),.PCURVE_S1.);
#2020 = B_SPLINE_CURVE_WITH_KNOTS('',8,(#2021,#2022,#2023,#2024,#2025,
    #2026,#2027,#2028,#2029,#2030,#2031,#2032,#2033,#2034,#2035,#2036,
    #2037,#2038,#2039,#2040,#2041,#2042,#2043,#2044,#2045,#2046,#2047,
    #2048,#2049,#2050,#2051,#2052,#2053,#2054,#2055,#2056,#2057,#2058,
    #2059,#2060,#2061,#2062,#2063,#2064,#2065,#2066,#2067,#2068,#2069,
    #2070,#2071,#2072,#2073,#2074,#2075,#2076,#2077,#2078,#2079,#2080,
    #2081,#2082,#2083,#2084,#2085),.UNSPECIFIED.,.T.,.F.,(9,7,7,7,7,7,7,
    7,7,9),(0.,9.935008538563E-02,0.197289799108,0.288299423273,
    0.392906531671,0.601557620375,0.706316130557,0.797457476331,
    0.895538944714,1.),.UNSPECIFIED.);
#2021 = CARTESIAN_POINT('',(75.25,17.704166176355,1.621E+03));
#2022 = CARTESIAN_POINT('',(75.25,17.704166176355,1.621235632921E+03));
#2023 = CARTESIAN_POINT('',(75.230475913912,17.707750134939,
    1.621471248056E+03));
#2024 = CARTESIAN_POINT('',(75.191430943189,17.714918049258,
    1.621704967773E+03));
#2025 = CARTESIAN_POINT('',(75.133087690428,17.725503464953,
    1.621934915242E+03));
#2026 = CARTESIAN_POINT('',(75.055879104988,17.739178121888,
    1.622159244593E+03));
#2027 = CARTESIAN_POINT('',(74.960445572994,17.755470944998,
    1.62237616671E+03));
#2028 = CARTESIAN_POINT('',(74.84763815175,17.773801380243,
    1.62258397064E+03));
#2029 = CARTESIAN_POINT('',(74.59125059097,17.812972745576,
    1.622975313056E+03));
#2030 = CARTESIAN_POINT('',(74.445153789706,17.834228876556,
    1.623163698206E+03));
#2031 = CARTESIAN_POINT('',(74.279662706214,17.856837193858,
    1.623344260834E+03));
#2032 = CARTESIAN_POINT('',(74.094314902127,17.880185606569,
    1.623514765885E+03));
#2033 = CARTESIAN_POINT('',(73.888807215243,17.903498021105,
    1.623672649516E+03));
#2034 = CARTESIAN_POINT('',(73.663067152841,17.925826531473,
    1.623814971562E+03));
#2035 = CARTESIAN_POINT('',(73.41736288028,17.94607315597,
    1.623938340609E+03));
#2036 = CARTESIAN_POINT('',(72.906312660063,17.978860869835,
    1.624132156392E+03));
#2037 = CARTESIAN_POINT('',(72.642887917544,17.991890293537,
    1.624205995541E+03));
#2038 = CARTESIAN_POINT('',(72.366878169091,18.0009213862,
    1.624255340868E+03));
#2039 = CARTESIAN_POINT('',(72.083723619574,18.004983900348,
    1.62427709927E+03));
#2040 = CARTESIAN_POINT('',(71.799287647292,18.003642314914,
    1.624270022892E+03));
#2041 = CARTESIAN_POINT('',(71.519497450471,17.997106697949,
    1.624234696482E+03));
#2042 = CARTESIAN_POINT('',(71.249977165973,17.986170442963,
    1.624173555037E+03));
#2043 = CARTESIAN_POINT('',(70.703420774375,17.955627896548,
    1.623995968101E+03));
#2044 = CARTESIAN_POINT('',(70.432230774896,17.935024063028,
    1.623872933907E+03));
#2045 = CARTESIAN_POINT('',(70.183434603259,17.911578860843,
    1.623726778951E+03));
#2046 = CARTESIAN_POINT('',(69.957621005647,17.886680372084,
    1.623561761652E+03));
#2047 = CARTESIAN_POINT('',(69.75488679171,17.861541745336,
    1.623381599606E+03));
#2048 = CARTESIAN_POINT('',(69.574984767972,17.83715575893,
    1.623189564505E+03));
#2049 = CARTESIAN_POINT('',(69.41741351276,17.814296463355,
    1.622988537688E+03));
#2050 = CARTESIAN_POINT('',(69.010320938188,17.752100107516,
    1.622367163582E+03));
#2051 = CARTESIAN_POINT('',(68.822977884877,17.718645074465,
    1.621924117866E+03));
#2052 = CARTESIAN_POINT('',(68.712890691868,17.697342788869,
    1.621465795286E+03));
#2053 = CARTESIAN_POINT('',(68.676457669158,17.690022384863,
    1.621000293425E+03));
#2054 = CARTESIAN_POINT('',(68.712674374049,17.697292603967,
    1.620534484185E+03));
#2055 = CARTESIAN_POINT('',(68.822918923055,17.718649857539,
    1.620075520583E+03));
#2056 = CARTESIAN_POINT('',(69.010712818273,17.75215997968,
    1.619632238264E+03));
#2057 = CARTESIAN_POINT('',(69.417413512705,17.814296463346,
    1.619011462312E+03));
#2058 = CARTESIAN_POINT('',(69.574984767942,17.837155758926,
    1.618810435495E+03));
#2059 = CARTESIAN_POINT('',(69.754886791743,17.861541745342,
    1.618618400394E+03));
#2060 = CARTESIAN_POINT('',(69.957621005718,17.886680372093,
    1.618438238348E+03));
#2061 = CARTESIAN_POINT('',(70.183434603304,17.911578860845,
    1.618273221049E+03));
#2062 = CARTESIAN_POINT('',(70.432230774863,17.935024063023,
    1.618127066093E+03));
#2063 = CARTESIAN_POINT('',(70.703420774282,17.955627896543,
    1.618004031899E+03));
#2064 = CARTESIAN_POINT('',(71.249977165973,17.986170442963,
    1.617826444963E+03));
#2065 = CARTESIAN_POINT('',(71.519497450471,17.997106697949,
    1.617765303518E+03));
#2066 = CARTESIAN_POINT('',(71.799287647291,18.003642314914,
    1.617729977108E+03));
#2067 = CARTESIAN_POINT('',(72.083723619574,18.004983900348,
    1.61772290073E+03));
#2068 = CARTESIAN_POINT('',(72.366878169092,18.0009213862,
    1.617744659132E+03));
#2069 = CARTESIAN_POINT('',(72.642887917543,17.991890293537,
    1.617794004459E+03));
#2070 = CARTESIAN_POINT('',(72.906312660063,17.978860869835,
    1.617867843608E+03));
#2071 = CARTESIAN_POINT('',(73.417362888053,17.946073155471,
    1.618061659394E+03));
#2072 = CARTESIAN_POINT('',(73.663067138632,17.925826532315,
    1.618185028434E+03));
#2073 = CARTESIAN_POINT('',(73.888807218983,17.903498021213,
    1.618327350481E+03));
#2074 = CARTESIAN_POINT('',(74.094314911252,17.880185605672,
    1.618485234122E+03));
#2075 = CARTESIAN_POINT('',(74.279662702406,17.85683719374,
    1.618655739169E+03));
#2076 = CARTESIAN_POINT('',(74.445153784288,17.834228877625,
    1.618836301783E+03));
#2077 = CARTESIAN_POINT('',(74.591250594829,17.812972744986,
    1.61902468695E+03));
#2078 = CARTESIAN_POINT('',(74.854083899123,17.772816587048,
    1.619425867958E+03));
#2079 = CARTESIAN_POINT('',(74.968781791845,17.754084941474,
    1.61964020134E+03));
#2080 = CARTESIAN_POINT('',(75.063322237841,17.737870416014,
    1.619860130909E+03));
#2081 = CARTESIAN_POINT('',(75.138309347095,17.72455641098,
    1.62008419616E+03));
#2082 = CARTESIAN_POINT('',(75.194224018732,17.71440494861,
    1.620311198883E+03));
#2083 = CARTESIAN_POINT('',(75.231399612293,17.707580790868,
    1.620540112998E+03));
#2084 = CARTESIAN_POINT('',(75.25,17.704166176355,1.620770009996E+03));
#2085 = CARTESIAN_POINT('',(75.25,17.704166176355,1.621E+03));
#2086 = PCURVE('',#1939,#2087);
#2087 = DEFINITIONAL_REPRESENTATION('',(#2088),#2154);
#2088 = B_SPLINE_CURVE_WITH_KNOTS('',8,(#2089,#2090,#2091,#2092,#2093,
    #2094,#2095,#2096,#2097,#2098,#2099,#2100,#2101,#2102,#2103,#2104,
    #2105,#2106,#2107,#2108,#2109,#2110,#2111,#2112,#2113,#2114,#2115,
    #2116,#2117,#2118,#2119,#2120,#2121,#2122,#2123,#2124,#2125,#2126,
    #2127,#2128,#2129,#2130,#2131,#2132,#2133,#2134,#2135,#2136,#2137,
    #2138,#2139,#2140,#2141,#2142,#2143,#2144,#2145,#2146,#2147,#2148,
    #2149,#2150,#2151,#2152,#2153),.UNSPECIFIED.,.T.,.F.,(9,7,7,7,7,7,7,
    7,7,9),(0.,9.935008538563E-02,0.197289799108,0.288299423273,
    0.392906531671,0.601557620375,0.706316130557,0.797457476331,
    0.895538944714,1.),.UNSPECIFIED.);
#2089 = CARTESIAN_POINT('',(1.389245065998,40.));
#2090 = CARTESIAN_POINT('',(1.389245065998,40.235632921125));
#2091 = CARTESIAN_POINT('',(1.390347856167,40.471248056202));
#2092 = CARTESIAN_POINT('',(1.39255328238,40.704967773272));
#2093 = CARTESIAN_POINT('',(1.395847478944,40.934915241871));
#2094 = CARTESIAN_POINT('',(1.40020350472,41.15924459334));
#2095 = CARTESIAN_POINT('',(1.405581853864,41.376166709595));
#2096 = CARTESIAN_POINT('',(1.411930841166,41.583970640365));
#2097 = CARTESIAN_POINT('',(1.426339876524,41.975313055861));
#2098 = CARTESIAN_POINT('',(1.434541615324,42.163698206479));
#2099 = CARTESIAN_POINT('',(1.443820348966,42.344260834354));
#2100 = CARTESIAN_POINT('',(1.454197611791,42.514765885405));
#2101 = CARTESIAN_POINT('',(1.46568591727,42.672649515712));
#2102 = CARTESIAN_POINT('',(1.478285617508,42.814971561608));
#2103 = CARTESIAN_POINT('',(1.491979863141,42.938340608982));
#2104 = CARTESIAN_POINT('',(1.520429914767,43.13215639243));
#2105 = CARTESIAN_POINT('',(1.535080939902,43.205995540704));
#2106 = CARTESIAN_POINT('',(1.550419406503,43.255340867793));
#2107 = CARTESIAN_POINT('',(1.566146404395,43.277099269858));
#2108 = CARTESIAN_POINT('',(1.581943027442,43.270022892289));
#2109 = CARTESIAN_POINT('',(1.597487286141,43.234696482378));
#2110 = CARTESIAN_POINT('',(1.612471211096,43.173555037374));
#2111 = CARTESIAN_POINT('',(1.642882828452,42.995968100642));
#2112 = CARTESIAN_POINT('',(1.657989333244,42.872933907244));
#2113 = CARTESIAN_POINT('',(1.671869052515,42.726778951242));
#2114 = CARTESIAN_POINT('',(1.684487609794,42.561761651748));
#2115 = CARTESIAN_POINT('',(1.695835313787,42.38159960564));
#2116 = CARTESIAN_POINT('',(1.705920503649,42.189564505205));
#2117 = CARTESIAN_POINT('',(1.714765852597,41.98853768841));
#2118 = CARTESIAN_POINT('',(1.737644541731,41.367163582043));
#2119 = CARTESIAN_POINT('',(1.748213811577,40.924117866269));
#2120 = CARTESIAN_POINT('',(1.754443715793,40.465795285915));
#2121 = CARTESIAN_POINT('',(1.756508368569,40.000293424686));
#2122 = CARTESIAN_POINT('',(1.754456024159,39.534484184907));
#2123 = CARTESIAN_POINT('',(1.748217003418,39.075520582777));
#2124 = CARTESIAN_POINT('',(1.737622517987,38.632238263746));
#2125 = CARTESIAN_POINT('',(1.7147658526,38.011462311673));
#2126 = CARTESIAN_POINT('',(1.70592050365,37.81043549481));
#2127 = CARTESIAN_POINT('',(1.695835313785,37.618400394308));
#2128 = CARTESIAN_POINT('',(1.68448760979,37.438238348196));
#2129 = CARTESIAN_POINT('',(1.671869052513,37.273221048748));
#2130 = CARTESIAN_POINT('',(1.657989333246,37.127066092789));
#2131 = CARTESIAN_POINT('',(1.642882828457,37.004031899388));
#2132 = CARTESIAN_POINT('',(1.612471211096,36.826444962625));
#2133 = CARTESIAN_POINT('',(1.597487286141,36.765303517623));
#2134 = CARTESIAN_POINT('',(1.581943027442,36.729977107711));
#2135 = CARTESIAN_POINT('',(1.566146404395,36.722900730142));
#2136 = CARTESIAN_POINT('',(1.550419406503,36.744659132207));
#2137 = CARTESIAN_POINT('',(1.535080939902,36.794004459295));
#2138 = CARTESIAN_POINT('',(1.520429914767,36.86784360757));
#2139 = CARTESIAN_POINT('',(1.491979862708,37.061659393966));
#2140 = CARTESIAN_POINT('',(1.478285618298,37.185028434221));
#2141 = CARTESIAN_POINT('',(1.465685917064,37.327350481237));
#2142 = CARTESIAN_POINT('',(1.454197611282,37.485234121665));
#2143 = CARTESIAN_POINT('',(1.443820349176,37.6557391687));
#2144 = CARTESIAN_POINT('',(1.43454161563,37.836301782547));
#2145 = CARTESIAN_POINT('',(1.426339876307,38.02468695003));
#2146 = CARTESIAN_POINT('',(1.411568588795,38.425867958431));
#2147 = CARTESIAN_POINT('',(1.405112404258,38.640201339759));
#2148 = CARTESIAN_POINT('',(1.399783692363,38.860130909077));
#2149 = CARTESIAN_POINT('',(1.395552651756,39.084196159813));
#2150 = CARTESIAN_POINT('',(1.392395503963,39.311198882844));
#2151 = CARTESIAN_POINT('',(1.390295691517,39.540112997564));
#2152 = CARTESIAN_POINT('',(1.389245065998,39.770009996002));
#2153 = CARTESIAN_POINT('',(1.389245065998,40.));
#2154 = ( GEOMETRIC_REPRESENTATION_CONTEXT(2) 
PARAMETRIC_REPRESENTATION_CONTEXT() REPRESENTATION_CONTEXT('2D SPACE',''
  ) );
#2155 = PCURVE('',#2156,#2161);
#2156 = CYLINDRICAL_SURFACE('',#2157,3.25);
#2157 = AXIS2_PLACEMENT_3D('',#2158,#2159,#2160);
#2158 = CARTESIAN_POINT('',(72.,30.,1.621E+03));
#2159 = DIRECTION('',(0.,-1.,2.22044604925E-16));
#2160 = DIRECTION('',(1.,0.,0.));
#2161 = DEFINITIONAL_REPRESENTATION('',(#2162),#2228);
#2162 = B_SPLINE_CURVE_WITH_KNOTS('',8,(#2163,#2164,#2165,#2166,#2167,
    #2168,#2169,#2170,#2171,#2172,#2173,#2174,#2175,#2176,#2177,#2178,
    #2179,#2180,#2181,#2182,#2183,#2184,#2185,#2186,#2187,#2188,#2189,
    #2190,#2191,#2192,#2193,#2194,#2195,#2196,#2197,#2198,#2199,#2200,
    #2201,#2202,#2203,#2204,#2205,#2206,#2207,#2208,#2209,#2210,#2211,
    #2212,#2213,#2214,#2215,#2216,#2217,#2218,#2219,#2220,#2221,#2222,
    #2223,#2224,#2225,#2226,#2227),.UNSPECIFIED.,.F.,.F.,(9,7,7,7,7,7,7,
    7,7,9),(0.,9.935008538563E-02,0.197289799108,0.288299423273,
    0.392906531671,0.601557620375,0.706316130557,0.797457476331,
    0.895538944714,1.),.UNSPECIFIED.);
#2163 = CARTESIAN_POINT('',(0.,12.295833823645));
#2164 = CARTESIAN_POINT('',(7.250243726925E-02,12.295833823645));
#2165 = CARTESIAN_POINT('',(0.144999300897,12.292249865061));
#2166 = CARTESIAN_POINT('',(0.21749404237,12.285081950742));
#2167 = CARTESIAN_POINT('',(0.289988930662,12.274496535047));
#2168 = CARTESIAN_POINT('',(0.362486819143,12.260821878112));
#2169 = CARTESIAN_POINT('',(0.434989821262,12.244529055002));
#2170 = CARTESIAN_POINT('',(0.507494894992,12.226198619757));
#2171 = CARTESIAN_POINT('',(0.651448690173,12.187027254424));
#2172 = CARTESIAN_POINT('',(0.724569046563,12.165771123444));
#2173 = CARTESIAN_POINT('',(0.799502838384,12.143162806142));
#2174 = CARTESIAN_POINT('',(0.876416111677,12.119814393431));
#2175 = CARTESIAN_POINT('',(0.95550165673,12.096501978895));
#2176 = CARTESIAN_POINT('',(1.036984137772,12.074173468527));
#2177 = CARTESIAN_POINT('',(1.121133366734,12.05392684403));
#2178 = CARTESIAN_POINT('',(1.289308222343,12.021139130165));
#2179 = CARTESIAN_POINT('',(1.373151368282,12.008109706463));
#2180 = CARTESIAN_POINT('',(1.458752364215,11.9990786138));
#2181 = CARTESIAN_POINT('',(1.545258259011,11.995016099652));
#2182 = CARTESIAN_POINT('',(1.631921386676,11.996357685086));
#2183 = CARTESIAN_POINT('',(1.71800450797,12.002893302051));
#2184 = CARTESIAN_POINT('',(1.802688412012,12.013829557037));
#2185 = CARTESIAN_POINT('',(1.979514073298,12.044372103452));
#2186 = CARTESIAN_POINT('',(2.070571637112,12.064975936972));
#2187 = CARTESIAN_POINT('',(2.158562026573,12.088421139157));
#2188 = CARTESIAN_POINT('',(2.243798441136,12.113319627916));
#2189 = CARTESIAN_POINT('',(2.326532388567,12.138458254664));
#2190 = CARTESIAN_POINT('',(2.40697056691,12.16284424107));
#2191 = CARTESIAN_POINT('',(2.485279333441,12.185703536645));
#2192 = CARTESIAN_POINT('',(2.713849397141,12.247899892484));
#2193 = CARTESIAN_POINT('',(2.859469524983,12.281354925535));
#2194 = CARTESIAN_POINT('',(3.001361693588,12.302657211131));
#2195 = CARTESIAN_POINT('',(3.141508736392,12.309977615137));
#2196 = CARTESIAN_POINT('',(3.28173858923,12.302707396033));
#2197 = CARTESIAN_POINT('',(3.423798814956,12.281350142462));
#2198 = CARTESIAN_POINT('',(3.569555938753,12.24784002032));
#2199 = CARTESIAN_POINT('',(3.797905973708,12.185703536654));
#2200 = CARTESIAN_POINT('',(3.876214740261,12.162844241074));
#2201 = CARTESIAN_POINT('',(3.95665291863,12.138458254658));
#2202 = CARTESIAN_POINT('',(4.039386866071,12.113319627907));
#2203 = CARTESIAN_POINT('',(4.12462328062,12.088421139155));
#2204 = CARTESIAN_POINT('',(4.212613670055,12.064975936977));
#2205 = CARTESIAN_POINT('',(4.303671233851,12.044372103457));
#2206 = CARTESIAN_POINT('',(4.480496895168,12.013829557037));
#2207 = CARTESIAN_POINT('',(4.565180799209,12.002893302051));
#2208 = CARTESIAN_POINT('',(4.651263920503,11.996357685086));
#2209 = CARTESIAN_POINT('',(4.737927048168,11.995016099652));
#2210 = CARTESIAN_POINT('',(4.824432942965,11.9990786138));
#2211 = CARTESIAN_POINT('',(4.910033938898,12.008109706463));
#2212 = CARTESIAN_POINT('',(4.993877084837,12.021139130165));
#2213 = CARTESIAN_POINT('',(5.162051943003,12.053926844529));
#2214 = CARTESIAN_POINT('',(5.246201165007,12.074173467685));
#2215 = CARTESIAN_POINT('',(5.327683650779,12.096501978787));
#2216 = CARTESIAN_POINT('',(5.406769199197,12.119814394328));
#2217 = CARTESIAN_POINT('',(5.483682468434,12.14316280626));
#2218 = CARTESIAN_POINT('',(5.558616257066,12.165771122375));
#2219 = CARTESIAN_POINT('',(5.631736619174,12.187027255014));
#2220 = CARTESIAN_POINT('',(5.779309502733,12.227183412952));
#2221 = CARTESIAN_POINT('',(5.853814335259,12.245915058526));
#2222 = CARTESIAN_POINT('',(5.927030876897,12.262129583986));
#2223 = CARTESIAN_POINT('',(5.999241276922,12.27544358902));
#2224 = CARTESIAN_POINT('',(6.070707023562,12.28559505139));
#2225 = CARTESIAN_POINT('',(6.141681307651,12.292419209132));
#2226 = CARTESIAN_POINT('',(6.212419152103,12.295833823645));
#2227 = CARTESIAN_POINT('',(6.28318530718,12.295833823645));
#2228 = ( GEOMETRIC_REPRESENTATION_CONTEXT(2) 
PARAMETRIC_REPRESENTATION_CONTEXT() REPRESENTATION_CONTEXT('2D SPACE',''
  ) );
#2229 = FACE_BOUND('',#2230,.T.);
#2230 = EDGE_LOOP('',(#2231));
#2231 = ORIENTED_EDGE('',*,*,#2232,.F.);
#2232 = EDGE_CURVE('',#2233,#2233,#2235,.T.);
#2233 = VERTEX_POINT('',#2234);
#2234 = CARTESIAN_POINT('',(75.25,-17.70416617635,1.621E+03));
#2235 = SURFACE_CURVE('',#2236,(#2302,#2371),.PCURVE_S1.);
#2236 = B_SPLINE_CURVE_WITH_KNOTS('',8,(#2237,#2238,#2239,#2240,#2241,
    #2242,#2243,#2244,#2245,#2246,#2247,#2248,#2249,#2250,#2251,#2252,
    #2253,#2254,#2255,#2256,#2257,#2258,#2259,#2260,#2261,#2262,#2263,
    #2264,#2265,#2266,#2267,#2268,#2269,#2270,#2271,#2272,#2273,#2274,
    #2275,#2276,#2277,#2278,#2279,#2280,#2281,#2282,#2283,#2284,#2285,
    #2286,#2287,#2288,#2289,#2290,#2291,#2292,#2293,#2294,#2295,#2296,
    #2297,#2298,#2299,#2300,#2301),.UNSPECIFIED.,.T.,.F.,(9,7,7,7,7,7,7,
    7,7,9),(0.,9.935008582029E-02,0.197289799996,0.288299424141,
    0.392906531975,0.601557619581,0.70631612925,0.797457475084,
    0.895538944055,1.),.UNSPECIFIED.);
#2237 = CARTESIAN_POINT('',(75.25,-17.70416617635,1.621E+03));
#2238 = CARTESIAN_POINT('',(75.25,-17.70416617635,1.621235632921E+03));
#2239 = CARTESIAN_POINT('',(75.230475913912,-17.70775013493,
    1.621471248056E+03));
#2240 = CARTESIAN_POINT('',(75.191430943189,-17.71491804925,
    1.621704967773E+03));
#2241 = CARTESIAN_POINT('',(75.133087690428,-17.72550346495,
    1.621934915242E+03));
#2242 = CARTESIAN_POINT('',(75.055879104988,-17.73917812188,
    1.622159244593E+03));
#2243 = CARTESIAN_POINT('',(74.960445572994,-17.75547094499,
    1.62237616671E+03));
#2244 = CARTESIAN_POINT('',(74.84763815175,-17.77380138024,
    1.62258397064E+03));
#2245 = CARTESIAN_POINT('',(74.591250590937,-17.81297274558,
    1.622975313056E+03));
#2246 = CARTESIAN_POINT('',(74.445153789688,-17.83422887655,
    1.623163698206E+03));
#2247 = CARTESIAN_POINT('',(74.279662706234,-17.85683719385,
    1.623344260834E+03));
#2248 = CARTESIAN_POINT('',(74.094314902168,-17.88018560656,
    1.623514765885E+03));
#2249 = CARTESIAN_POINT('',(73.88880721527,-17.9034980211,
    1.623672649516E+03));
#2250 = CARTESIAN_POINT('',(73.663067152822,-17.92582653147,
    1.623814971562E+03));
#2251 = CARTESIAN_POINT('',(73.417362880226,-17.94607315597,
    1.623938340609E+03));
#2252 = CARTESIAN_POINT('',(72.906312661308,-17.97886086975,
    1.624132156392E+03));
#2253 = CARTESIAN_POINT('',(72.642887915401,-17.99189029372,
    1.624205995542E+03));
#2254 = CARTESIAN_POINT('',(72.366878169059,-18.00092138604,
    1.624255340867E+03));
#2255 = CARTESIAN_POINT('',(72.083723621634,-18.00498390034,
    1.62427709927E+03));
#2256 = CARTESIAN_POINT('',(71.799287647332,-18.00364231506,
    1.624270022893E+03));
#2257 = CARTESIAN_POINT('',(71.519497448208,-17.99710669778,
    1.624234696481E+03));
#2258 = CARTESIAN_POINT('',(71.249977167286,-17.98617044303,
    1.624173555038E+03));
#2259 = CARTESIAN_POINT('',(70.703420774374,-17.95562789654,
    1.623995968101E+03));
#2260 = CARTESIAN_POINT('',(70.432230774897,-17.93502406302,
    1.623872933907E+03));
#2261 = CARTESIAN_POINT('',(70.183434603258,-17.91157886084,
    1.623726778951E+03));
#2262 = CARTESIAN_POINT('',(69.957621005646,-17.88668037208,
    1.623561761652E+03));
#2263 = CARTESIAN_POINT('',(69.75488679171,-17.86154174533,
    1.623381599606E+03));
#2264 = CARTESIAN_POINT('',(69.574984767971,-17.83715575893,
    1.623189564505E+03));
#2265 = CARTESIAN_POINT('',(69.41741351276,-17.81429646335,
    1.622988537688E+03));
#2266 = CARTESIAN_POINT('',(69.010320938153,-17.75210010751,
    1.622367163582E+03));
#2267 = CARTESIAN_POINT('',(68.822977885,-17.71864507448,
    1.621924117866E+03));
#2268 = CARTESIAN_POINT('',(68.712890691642,-17.69734278883,
    1.621465795286E+03));
#2269 = CARTESIAN_POINT('',(68.676457669431,-17.6900223849,
    1.621000293425E+03));
#2270 = CARTESIAN_POINT('',(68.71267437382,-17.69729260393,
    1.620534484185E+03));
#2271 = CARTESIAN_POINT('',(68.822918923179,-17.71864985755,
    1.620075520583E+03));
#2272 = CARTESIAN_POINT('',(69.010712818238,-17.75215997967,
    1.619632238264E+03));
#2273 = CARTESIAN_POINT('',(69.417413512773,-17.81429646335,
    1.619011462312E+03));
#2274 = CARTESIAN_POINT('',(69.574984767979,-17.83715575893,
    1.618810435495E+03));
#2275 = CARTESIAN_POINT('',(69.754886791702,-17.86154174533,
    1.618618400394E+03));
#2276 = CARTESIAN_POINT('',(69.957621005629,-17.88668037208,
    1.618438238348E+03));
#2277 = CARTESIAN_POINT('',(70.183434603247,-17.91157886084,
    1.618273221049E+03));
#2278 = CARTESIAN_POINT('',(70.432230774905,-17.93502406302,
    1.618127066093E+03));
#2279 = CARTESIAN_POINT('',(70.703420774396,-17.95562789654,
    1.618004031899E+03));
#2280 = CARTESIAN_POINT('',(71.249977167287,-17.98617044303,
    1.617826444962E+03));
#2281 = CARTESIAN_POINT('',(71.519497448206,-17.99710669777,
    1.617765303519E+03));
#2282 = CARTESIAN_POINT('',(71.799287647332,-18.00364231506,
    1.617729977107E+03));
#2283 = CARTESIAN_POINT('',(72.083723621635,-18.00498390034,
    1.61772290073E+03));
#2284 = CARTESIAN_POINT('',(72.366878169058,-18.00092138604,
    1.617744659133E+03));
#2285 = CARTESIAN_POINT('',(72.642887915401,-17.99189029372,
    1.617794004458E+03));
#2286 = CARTESIAN_POINT('',(72.906312661308,-17.97886086975,
    1.617867843608E+03));
#2287 = CARTESIAN_POINT('',(73.417362888122,-17.94607315546,
    1.618061659394E+03));
#2288 = CARTESIAN_POINT('',(73.663067138656,-17.92582653231,
    1.618185028434E+03));
#2289 = CARTESIAN_POINT('',(73.888807218949,-17.90349802121,
    1.618327350481E+03));
#2290 = CARTESIAN_POINT('',(74.094314911199,-17.88018560567,
    1.618485234122E+03));
#2291 = CARTESIAN_POINT('',(74.279662702381,-17.85683719374,
    1.618655739169E+03));
#2292 = CARTESIAN_POINT('',(74.445153784311,-17.83422887762,
    1.618836301783E+03));
#2293 = CARTESIAN_POINT('',(74.59125059487,-17.81297274498,
    1.61902468695E+03));
#2294 = CARTESIAN_POINT('',(74.854083899123,-17.77281658704,
    1.619425867958E+03));
#2295 = CARTESIAN_POINT('',(74.968781791845,-17.75408494147,
    1.61964020134E+03));
#2296 = CARTESIAN_POINT('',(75.063322237841,-17.73787041601,
    1.619860130909E+03));
#2297 = CARTESIAN_POINT('',(75.138309347095,-17.72455641098,
    1.62008419616E+03));
#2298 = CARTESIAN_POINT('',(75.194224018732,-17.71440494861,
    1.620311198883E+03));
#2299 = CARTESIAN_POINT('',(75.231399612293,-17.70758079086,
    1.620540112998E+03));
#2300 = CARTESIAN_POINT('',(75.25,-17.70416617635,1.620770009996E+03));
#2301 = CARTESIAN_POINT('',(75.25,-17.70416617635,1.621E+03));
#2302 = PCURVE('',#1939,#2303);
#2303 = DEFINITIONAL_REPRESENTATION('',(#2304),#2370);
#2304 = B_SPLINE_CURVE_WITH_KNOTS('',8,(#2305,#2306,#2307,#2308,#2309,
    #2310,#2311,#2312,#2313,#2314,#2315,#2316,#2317,#2318,#2319,#2320,
    #2321,#2322,#2323,#2324,#2325,#2326,#2327,#2328,#2329,#2330,#2331,
    #2332,#2333,#2334,#2335,#2336,#2337,#2338,#2339,#2340,#2341,#2342,
    #2343,#2344,#2345,#2346,#2347,#2348,#2349,#2350,#2351,#2352,#2353,
    #2354,#2355,#2356,#2357,#2358,#2359,#2360,#2361,#2362,#2363,#2364,
    #2365,#2366,#2367,#2368,#2369),.UNSPECIFIED.,.T.,.F.,(9,7,7,7,7,7,7,
    7,7,9),(0.,9.935008582029E-02,0.197289799996,0.288299424141,
    0.392906531975,0.601557619581,0.70631612925,0.797457475084,
    0.895538944055,1.),.UNSPECIFIED.);
#2305 = CARTESIAN_POINT('',(4.893940241182,40.));
#2306 = CARTESIAN_POINT('',(4.893940241182,40.235632921125));
#2307 = CARTESIAN_POINT('',(4.892837451013,40.471248056202));
#2308 = CARTESIAN_POINT('',(4.890632024799,40.704967773272));
#2309 = CARTESIAN_POINT('',(4.887337828236,40.934915241871));
#2310 = CARTESIAN_POINT('',(4.88298180246,41.15924459334));
#2311 = CARTESIAN_POINT('',(4.877603453316,41.376166709595));
#2312 = CARTESIAN_POINT('',(4.871254466014,41.583970640365));
#2313 = CARTESIAN_POINT('',(4.856845430654,41.97531305591));
#2314 = CARTESIAN_POINT('',(4.848643691854,42.163698206489));
#2315 = CARTESIAN_POINT('',(4.839364958215,42.344260834323));
#2316 = CARTESIAN_POINT('',(4.82898769539,42.514765885371));
#2317 = CARTESIAN_POINT('',(4.817499389911,42.672649515705));
#2318 = CARTESIAN_POINT('',(4.804899689671,42.814971561628));
#2319 = CARTESIAN_POINT('',(4.791205444036,42.938340609002));
#2320 = CARTESIAN_POINT('',(4.762755392482,43.132156391958));
#2321 = CARTESIAN_POINT('',(4.748104367158,43.205995541778));
#2322 = CARTESIAN_POINT('',(4.732765900675,43.255340866887));
#2323 = CARTESIAN_POINT('',(4.7170389029,43.277099269816));
#2324 = CARTESIAN_POINT('',(4.701242279739,43.270022893193));
#2325 = CARTESIAN_POINT('',(4.685698020913,43.23469648139));
#2326 = CARTESIAN_POINT('',(4.670714096156,43.173555037801));
#2327 = CARTESIAN_POINT('',(4.640302478728,42.995968100642));
#2328 = CARTESIAN_POINT('',(4.625195973936,42.872933907244));
#2329 = CARTESIAN_POINT('',(4.611316254664,42.726778951241));
#2330 = CARTESIAN_POINT('',(4.598697697386,42.561761651748));
#2331 = CARTESIAN_POINT('',(4.587349993392,42.381599605641));
#2332 = CARTESIAN_POINT('',(4.577264803531,42.189564505204));
#2333 = CARTESIAN_POINT('',(4.568419454583,41.98853768841));
#2334 = CARTESIAN_POINT('',(4.545540765446,41.367163581991));
#2335 = CARTESIAN_POINT('',(4.534971495609,40.924117866428));
#2336 = CARTESIAN_POINT('',(4.528741591373,40.465795285738));
#2337 = CARTESIAN_POINT('',(4.526676938626,40.000293424696));
#2338 = CARTESIAN_POINT('',(4.528729283008,39.534484185075));
#2339 = CARTESIAN_POINT('',(4.534968303769,39.075520582618));
#2340 = CARTESIAN_POINT('',(4.54556278919,38.632238263799));
#2341 = CARTESIAN_POINT('',(4.568419454584,38.01146231157));
#2342 = CARTESIAN_POINT('',(4.577264803531,37.810435494792));
#2343 = CARTESIAN_POINT('',(4.587349993392,37.618400394372));
#2344 = CARTESIAN_POINT('',(4.598697697385,37.438238348265));
#2345 = CARTESIAN_POINT('',(4.611316254664,37.273221048761));
#2346 = CARTESIAN_POINT('',(4.625195973936,37.127066092748));
#2347 = CARTESIAN_POINT('',(4.640302478729,37.004031899351));
#2348 = CARTESIAN_POINT('',(4.670714096156,36.826444962198));
#2349 = CARTESIAN_POINT('',(4.685698020913,36.765303518611));
#2350 = CARTESIAN_POINT('',(4.70124227974,36.729977106807));
#2351 = CARTESIAN_POINT('',(4.7170389029,36.722900730183));
#2352 = CARTESIAN_POINT('',(4.732765900675,36.744659133113));
#2353 = CARTESIAN_POINT('',(4.748104367158,36.794004458222));
#2354 = CARTESIAN_POINT('',(4.762755392482,36.867843608042));
#2355 = CARTESIAN_POINT('',(4.791205444475,37.061659393993));
#2356 = CARTESIAN_POINT('',(4.804899688883,37.185028434246));
#2357 = CARTESIAN_POINT('',(4.817499390114,37.327350481227));
#2358 = CARTESIAN_POINT('',(4.828987695895,37.485234121622));
#2359 = CARTESIAN_POINT('',(4.839364958002,37.655739168661));
#2360 = CARTESIAN_POINT('',(4.848643691551,37.836301782559));
#2361 = CARTESIAN_POINT('',(4.856845430875,38.024686950093));
#2362 = CARTESIAN_POINT('',(4.871616718385,38.42586795843));
#2363 = CARTESIAN_POINT('',(4.878072902922,38.640201339759));
#2364 = CARTESIAN_POINT('',(4.883401614817,38.860130909077));
#2365 = CARTESIAN_POINT('',(4.887632655424,39.084196159813));
#2366 = CARTESIAN_POINT('',(4.890789803217,39.311198882844));
#2367 = CARTESIAN_POINT('',(4.892889615663,39.540112997564));
#2368 = CARTESIAN_POINT('',(4.893940241182,39.770009996002));
#2369 = CARTESIAN_POINT('',(4.893940241182,40.));
#2370 = ( GEOMETRIC_REPRESENTATION_CONTEXT(2) 
PARAMETRIC_REPRESENTATION_CONTEXT() REPRESENTATION_CONTEXT('2D SPACE',''
  ) );
#2371 = PCURVE('',#2372,#2377);
#2372 = CYLINDRICAL_SURFACE('',#2373,3.25);
#2373 = AXIS2_PLACEMENT_3D('',#2374,#2375,#2376);
#2374 = CARTESIAN_POINT('',(72.,30.,1.621E+03));
#2375 = DIRECTION('',(0.,-1.,2.22044604925E-16));
#2376 = DIRECTION('',(1.,0.,0.));
#2377 = DEFINITIONAL_REPRESENTATION('',(#2378),#2444);
#2378 = B_SPLINE_CURVE_WITH_KNOTS('',8,(#2379,#2380,#2381,#2382,#2383,
    #2384,#2385,#2386,#2387,#2388,#2389,#2390,#2391,#2392,#2393,#2394,
    #2395,#2396,#2397,#2398,#2399,#2400,#2401,#2402,#2403,#2404,#2405,
    #2406,#2407,#2408,#2409,#2410,#2411,#2412,#2413,#2414,#2415,#2416,
    #2417,#2418,#2419,#2420,#2421,#2422,#2423,#2424,#2425,#2426,#2427,
    #2428,#2429,#2430,#2431,#2432,#2433,#2434,#2435,#2436,#2437,#2438,
    #2439,#2440,#2441,#2442,#2443),.UNSPECIFIED.,.F.,.F.,(9,7,7,7,7,7,7,
    7,7,9),(0.,9.935008582029E-02,0.197289799996,0.288299424141,
    0.392906531975,0.601557619581,0.70631612925,0.797457475084,
    0.895538944055,1.),.UNSPECIFIED.);
#2379 = CARTESIAN_POINT('',(0.,47.704166176355));
#2380 = CARTESIAN_POINT('',(7.250243726927E-02,47.704166176355));
#2381 = CARTESIAN_POINT('',(0.144999300897,47.707750134939));
#2382 = CARTESIAN_POINT('',(0.21749404237,47.714918049258));
#2383 = CARTESIAN_POINT('',(0.289988930662,47.725503464953));
#2384 = CARTESIAN_POINT('',(0.362486819143,47.739178121888));
#2385 = CARTESIAN_POINT('',(0.434989821262,47.755470944998));
#2386 = CARTESIAN_POINT('',(0.507494894992,47.773801380243));
#2387 = CARTESIAN_POINT('',(0.651448690191,47.812972745581));
#2388 = CARTESIAN_POINT('',(0.724569046569,47.834228876558));
#2389 = CARTESIAN_POINT('',(0.799502838373,47.856837193854));
#2390 = CARTESIAN_POINT('',(0.876416111661,47.880185606564));
#2391 = CARTESIAN_POINT('',(0.955501656722,47.903498021104));
#2392 = CARTESIAN_POINT('',(1.03698413778,47.925826531476));
#2393 = CARTESIAN_POINT('',(1.121133366752,47.946073155973));
#2394 = CARTESIAN_POINT('',(1.289308221933,47.978860869755));
#2395 = CARTESIAN_POINT('',(1.373151368981,47.99189029372));
#2396 = CARTESIAN_POINT('',(1.458752364221,48.000921386046));
#2397 = CARTESIAN_POINT('',(1.545258258348,48.004983900341));
#2398 = CARTESIAN_POINT('',(1.631921386672,48.003642315067));
#2399 = CARTESIAN_POINT('',(1.718004508693,47.997106697779));
#2400 = CARTESIAN_POINT('',(1.802688411587,47.986170443037));
#2401 = CARTESIAN_POINT('',(1.979514073299,47.955627896548));
#2402 = CARTESIAN_POINT('',(2.070571637111,47.935024063028));
#2403 = CARTESIAN_POINT('',(2.158562026574,47.911578860843));
#2404 = CARTESIAN_POINT('',(2.243798441136,47.886680372084));
#2405 = CARTESIAN_POINT('',(2.326532388567,47.861541745336));
#2406 = CARTESIAN_POINT('',(2.40697056691,47.83715575893));
#2407 = CARTESIAN_POINT('',(2.485279333441,47.814296463355));
#2408 = CARTESIAN_POINT('',(2.71384939716,47.752100107511));
#2409 = CARTESIAN_POINT('',(2.859469524926,47.718645074484));
#2410 = CARTESIAN_POINT('',(3.001361693651,47.697342788834));
#2411 = CARTESIAN_POINT('',(3.141508736388,47.690022384904));
#2412 = CARTESIAN_POINT('',(3.281738589171,47.697292603932));
#2413 = CARTESIAN_POINT('',(3.423798815012,47.718649857557));
#2414 = CARTESIAN_POINT('',(3.569555938734,47.752159979675));
#2415 = CARTESIAN_POINT('',(3.797905973746,47.814296463357));
#2416 = CARTESIAN_POINT('',(3.876214740272,47.837155758931));
#2417 = CARTESIAN_POINT('',(3.956652918608,47.861541745335));
#2418 = CARTESIAN_POINT('',(4.039386866037,47.886680372082));
#2419 = CARTESIAN_POINT('',(4.124623280603,47.911578860842));
#2420 = CARTESIAN_POINT('',(4.212613670072,47.935024063029));
#2421 = CARTESIAN_POINT('',(4.303671233888,47.955627896549));
#2422 = CARTESIAN_POINT('',(4.480496895593,47.986170443037));
#2423 = CARTESIAN_POINT('',(4.565180798486,47.997106697779));
#2424 = CARTESIAN_POINT('',(4.651263920508,48.003642315067));
#2425 = CARTESIAN_POINT('',(4.737927048832,48.004983900342));
#2426 = CARTESIAN_POINT('',(4.824432942958,48.000921386046));
#2427 = CARTESIAN_POINT('',(4.910033938198,47.99189029372));
#2428 = CARTESIAN_POINT('',(4.993877085246,47.978860869755));
#2429 = CARTESIAN_POINT('',(5.162051943026,47.946073155466));
#2430 = CARTESIAN_POINT('',(5.246201165017,47.925826532311));
#2431 = CARTESIAN_POINT('',(5.327683650769,47.903498021215));
#2432 = CARTESIAN_POINT('',(5.406769199176,47.880185605679));
#2433 = CARTESIAN_POINT('',(5.483682468421,47.856837193744));
#2434 = CARTESIAN_POINT('',(5.558616257073,47.834228877622));
#2435 = CARTESIAN_POINT('',(5.631736619197,47.81297274498));
#2436 = CARTESIAN_POINT('',(5.779309502732,47.772816587048));
#2437 = CARTESIAN_POINT('',(5.853814335259,47.754084941474));
#2438 = CARTESIAN_POINT('',(5.927030876897,47.737870416014));
#2439 = CARTESIAN_POINT('',(5.999241276922,47.72455641098));
#2440 = CARTESIAN_POINT('',(6.070707023562,47.71440494861));
#2441 = CARTESIAN_POINT('',(6.141681307651,47.707580790868));
#2442 = CARTESIAN_POINT('',(6.212419152103,47.704166176355));
#2443 = CARTESIAN_POINT('',(6.28318530718,47.704166176355));
#2444 = ( GEOMETRIC_REPRESENTATION_CONTEXT(2) 
PARAMETRIC_REPRESENTATION_CONTEXT() REPRESENTATION_CONTEXT('2D SPACE',''
  ) );
#2445 = FACE_BOUND('',#2446,.T.);
#2446 = EDGE_LOOP('',(#2447));
#2447 = ORIENTED_EDGE('',*,*,#2448,.T.);
#2448 = EDGE_CURVE('',#2449,#2449,#2451,.T.);
#2449 = VERTEX_POINT('',#2450);
#2450 = CARTESIAN_POINT('',(74.65,17.803861940602,2.991E+03));
#2451 = SURFACE_CURVE('',#2452,(#2503,#2557),.PCURVE_S1.);
#2452 = B_SPLINE_CURVE_WITH_KNOTS('',7,(#2453,#2454,#2455,#2456,#2457,
    #2458,#2459,#2460,#2461,#2462,#2463,#2464,#2465,#2466,#2467,#2468,
    #2469,#2470,#2471,#2472,#2473,#2474,#2475,#2476,#2477,#2478,#2479,
    #2480,#2481,#2482,#2483,#2484,#2485,#2486,#2487,#2488,#2489,#2490,
    #2491,#2492,#2493,#2494,#2495,#2496,#2497,#2498,#2499,#2500,#2501,
    #2502),.UNSPECIFIED.,.T.,.F.,(8,6,6,6,6,6,6,6,8),(0.,0.136523532665,
    0.255358673732,0.365983310921,0.501620571382,0.637259411115,
    0.755324482686,0.865232255669,1.),.UNSPECIFIED.);
#2453 = CARTESIAN_POINT('',(74.65,17.803861940602,2.991E+03));
#2454 = CARTESIAN_POINT('',(74.65,17.803861940602,2.991279890984E+03));
#2455 = CARTESIAN_POINT('',(74.615512275608,17.808995165558,
    2.991559418143E+03));
#2456 = CARTESIAN_POINT('',(74.546690108149,17.819239302567,
    2.991836187618E+03));
#2457 = CARTESIAN_POINT('',(74.442665131607,17.834291678301,
    2.992107522037E+03));
#2458 = CARTESIAN_POINT('',(74.301822077108,17.853546740627,
    2.992369946121E+03));
#2459 = CARTESIAN_POINT('',(74.122074908622,17.875850961171,
    2.992618540216E+03));
#2460 = CARTESIAN_POINT('',(73.709305593229,17.919698345687,
    2.993043727987E+03));
#2461 = CARTESIAN_POINT('',(73.480705493439,17.941549633132,
    2.993231140372E+03));
#2462 = CARTESIAN_POINT('',(73.216602170014,17.963088535472,
    2.993395795912E+03));
#2463 = CARTESIAN_POINT('',(72.921142484881,17.981838318681,
    2.993527263835E+03));
#2464 = CARTESIAN_POINT('',(72.600962853659,17.995166377978,
    2.993617111407E+03));
#2465 = CARTESIAN_POINT('',(72.26449252658,18.001325207974,
    2.993659005532E+03));
#2466 = CARTESIAN_POINT('',(71.602150677231,17.998435592038,
    2.993639369515E+03));
#2467 = CARTESIAN_POINT('',(71.292719666149,17.990476462828,
    2.993585246539E+03));
#2468 = CARTESIAN_POINT('',(71.000413663585,17.97671821497,
    2.99349101626E+03));
#2469 = CARTESIAN_POINT('',(70.731210521515,17.958769062573,
    2.993362446001E+03));
#2470 = CARTESIAN_POINT('',(70.489669688628,17.938699804204,
    2.993206493835E+03));
#2471 = CARTESIAN_POINT('',(70.278582849884,17.918411767271,
    2.993031252045E+03));
#2472 = CARTESIAN_POINT('',(69.877935230696,17.875852038243,
    2.99261855066E+03));
#2473 = CARTESIAN_POINT('',(69.698176762415,17.853546909132,
    2.99236995079E+03));
#2474 = CARTESIAN_POINT('',(69.557327373371,17.834290560881,
    2.99210751211E+03));
#2475 = CARTESIAN_POINT('',(69.453304745997,17.819238543447,
    2.991836170888E+03));
#2476 = CARTESIAN_POINT('',(69.384486925028,17.808995045802,
    2.991559405349E+03));
#2477 = CARTESIAN_POINT('',(69.35,17.803861940602,2.991279887725E+03));
#2478 = CARTESIAN_POINT('',(69.35,17.803861940602,2.990720109016E+03));
#2479 = CARTESIAN_POINT('',(69.384487724392,17.808995165558,
    2.990440581857E+03));
#2480 = CARTESIAN_POINT('',(69.453309891851,17.819239302567,
    2.990163812382E+03));
#2481 = CARTESIAN_POINT('',(69.557334868393,17.834291678301,
    2.989892477963E+03));
#2482 = CARTESIAN_POINT('',(69.698177922892,17.853546740627,
    2.989630053879E+03));
#2483 = CARTESIAN_POINT('',(69.877925091378,17.875850961171,
    2.989381459784E+03));
#2484 = CARTESIAN_POINT('',(70.290694406787,17.919698345689,
    2.988956272013E+03));
#2485 = CARTESIAN_POINT('',(70.519294506545,17.94154963313,
    2.988768859628E+03));
#2486 = CARTESIAN_POINT('',(70.783397829969,17.963088535471,
    2.988604204088E+03));
#2487 = CARTESIAN_POINT('',(71.078857515134,17.981838318684,
    2.988472736165E+03));
#2488 = CARTESIAN_POINT('',(71.399037146364,17.995166377977,
    2.988382888593E+03));
#2489 = CARTESIAN_POINT('',(71.735507473397,18.001325207974,
    2.988340994468E+03));
#2490 = CARTESIAN_POINT('',(72.397849322779,17.998435592038,
    2.988360630485E+03));
#2491 = CARTESIAN_POINT('',(72.707280333841,17.990476462828,
    2.988414753461E+03));
#2492 = CARTESIAN_POINT('',(72.999586336406,17.976718214971,
    2.98850898374E+03));
#2493 = CARTESIAN_POINT('',(73.268789478495,17.958769062572,
    2.988637553999E+03));
#2494 = CARTESIAN_POINT('',(73.510330311378,17.938699804203,
    2.988793506165E+03));
#2495 = CARTESIAN_POINT('',(73.721417150109,17.918411767272,
    2.988968747955E+03));
#2496 = CARTESIAN_POINT('',(74.122080217129,17.875850397262,
    2.989381465252E+03));
#2497 = CARTESIAN_POINT('',(74.301820453312,17.853546760821,
    2.989630055194E+03));
#2498 = CARTESIAN_POINT('',(74.442663358988,17.834292084008,
    2.989892474241E+03));
#2499 = CARTESIAN_POINT('',(74.546693277106,17.819238823243,
    2.990163813096E+03));
#2500 = CARTESIAN_POINT('',(74.615517380149,17.808994407784,
    2.99044059619E+03));
#2501 = CARTESIAN_POINT('',(74.65,17.803861940602,2.990720129625E+03));
#2502 = CARTESIAN_POINT('',(74.65,17.803861940602,2.991E+03));
#2503 = PCURVE('',#1939,#2504);
#2504 = DEFINITIONAL_REPRESENTATION('',(#2505),#2556);
#2505 = B_SPLINE_CURVE_WITH_KNOTS('',7,(#2506,#2507,#2508,#2509,#2510,
    #2511,#2512,#2513,#2514,#2515,#2516,#2517,#2518,#2519,#2520,#2521,
    #2522,#2523,#2524,#2525,#2526,#2527,#2528,#2529,#2530,#2531,#2532,
    #2533,#2534,#2535,#2536,#2537,#2538,#2539,#2540,#2541,#2542,#2543,
    #2544,#2545,#2546,#2547,#2548,#2549,#2550,#2551,#2552,#2553,#2554,
    #2555),.UNSPECIFIED.,.T.,.F.,(8,6,6,6,6,6,6,6,8),(0.,0.136523532665,
    0.255358673732,0.365983310921,0.501620571382,0.637259411115,
    0.755324482686,0.865232255669,1.),.UNSPECIFIED.);
#2506 = CARTESIAN_POINT('',(1.423037024375,1.41E+03));
#2507 = CARTESIAN_POINT('',(1.423037024375,1.410279890984E+03));
#2508 = CARTESIAN_POINT('',(1.424974115167,1.410559418143E+03));
#2509 = CARTESIAN_POINT('',(1.428839699042,1.410836187618E+03));
#2510 = CARTESIAN_POINT('',(1.43467898632,1.411107522037E+03));
#2511 = CARTESIAN_POINT('',(1.442575879417,1.411369946121E+03));
#2512 = CARTESIAN_POINT('',(1.452636856638,1.411618540216E+03));
#2513 = CARTESIAN_POINT('',(1.475697505397,1.412043727987E+03));
#2514 = CARTESIAN_POINT('',(1.488454677997,1.412231140372E+03));
#2515 = CARTESIAN_POINT('',(1.503173483448,1.412395795912E+03));
#2516 = CARTESIAN_POINT('',(1.519615410612,1.412527263835E+03));
#2517 = CARTESIAN_POINT('',(1.537410989796,1.412617111407E+03));
#2518 = CARTESIAN_POINT('',(1.556102130024,1.412659005532E+03));
#2519 = CARTESIAN_POINT('',(1.592899249614,1.412639369515E+03));
#2520 = CARTESIAN_POINT('',(1.610091633005,1.412585246539E+03));
#2521 = CARTESIAN_POINT('',(1.626343119876,1.41249101626E+03));
#2522 = CARTESIAN_POINT('',(1.641327984432,1.412362446001E+03));
#2523 = CARTESIAN_POINT('',(1.654791307162,1.412206493835E+03));
#2524 = CARTESIAN_POINT('',(1.666571798198,1.412031252045E+03));
#2525 = CARTESIAN_POINT('',(1.688955230487,1.41161855066E+03));
#2526 = CARTESIAN_POINT('',(1.699016837235,1.41136995079E+03));
#2527 = CARTESIAN_POINT('',(1.706914087774,1.41110751211E+03));
#2528 = CARTESIAN_POINT('',(1.712753243777,1.410836170888E+03));
#2529 = CARTESIAN_POINT('',(1.716618583256,1.410559405349E+03));
#2530 = CARTESIAN_POINT('',(1.718555629215,1.410279887725E+03));
#2531 = CARTESIAN_POINT('',(1.718555629215,1.409720109016E+03));
#2532 = CARTESIAN_POINT('',(1.716618538422,1.409440581857E+03));
#2533 = CARTESIAN_POINT('',(1.712752954548,1.409163812382E+03));
#2534 = CARTESIAN_POINT('',(1.70691366727,1.408892477963E+03));
#2535 = CARTESIAN_POINT('',(1.699016774172,1.408630053879E+03));
#2536 = CARTESIAN_POINT('',(1.688955796951,1.408381459784E+03));
#2537 = CARTESIAN_POINT('',(1.665895148192,1.407956272013E+03));
#2538 = CARTESIAN_POINT('',(1.653137975594,1.407768859628E+03));
#2539 = CARTESIAN_POINT('',(1.638419170143,1.407604204088E+03));
#2540 = CARTESIAN_POINT('',(1.621977242976,1.407472736165E+03));
#2541 = CARTESIAN_POINT('',(1.604181663792,1.407382888593E+03));
#2542 = CARTESIAN_POINT('',(1.585490523567,1.407340994468E+03));
#2543 = CARTESIAN_POINT('',(1.548693403975,1.407360630485E+03));
#2544 = CARTESIAN_POINT('',(1.531501020585,1.407414753461E+03));
#2545 = CARTESIAN_POINT('',(1.515249533714,1.40750898374E+03));
#2546 = CARTESIAN_POINT('',(1.500264669157,1.407637553999E+03));
#2547 = CARTESIAN_POINT('',(1.486801346428,1.407793506165E+03));
#2548 = CARTESIAN_POINT('',(1.475020855393,1.407968747955E+03));
#2549 = CARTESIAN_POINT('',(1.452636560062,1.408381465252E+03));
#2550 = CARTESIAN_POINT('',(1.442575969183,1.408630055194E+03));
#2551 = CARTESIAN_POINT('',(1.434679086699,1.408892474241E+03));
#2552 = CARTESIAN_POINT('',(1.428839521172,1.409163813096E+03));
#2553 = CARTESIAN_POINT('',(1.424973828423,1.40944059619E+03));
#2554 = CARTESIAN_POINT('',(1.423037024375,1.409720129625E+03));
#2555 = CARTESIAN_POINT('',(1.423037024375,1.41E+03));
#2556 = ( GEOMETRIC_REPRESENTATION_CONTEXT(2) 
PARAMETRIC_REPRESENTATION_CONTEXT() REPRESENTATION_CONTEXT('2D SPACE',''
  ) );
#2557 = PCURVE('',#2558,#2563);
#2558 = CYLINDRICAL_SURFACE('',#2559,2.65);
#2559 = AXIS2_PLACEMENT_3D('',#2560,#2561,#2562);
#2560 = CARTESIAN_POINT('',(72.,30.,2.991E+03));
#2561 = DIRECTION('',(0.,-1.,2.22044604925E-16));
#2562 = DIRECTION('',(1.,0.,0.));
#2563 = DEFINITIONAL_REPRESENTATION('',(#2564),#2615);
#2564 = B_SPLINE_CURVE_WITH_KNOTS('',7,(#2565,#2566,#2567,#2568,#2569,
    #2570,#2571,#2572,#2573,#2574,#2575,#2576,#2577,#2578,#2579,#2580,
    #2581,#2582,#2583,#2584,#2585,#2586,#2587,#2588,#2589,#2590,#2591,
    #2592,#2593,#2594,#2595,#2596,#2597,#2598,#2599,#2600,#2601,#2602,
    #2603,#2604,#2605,#2606,#2607,#2608,#2609,#2610,#2611,#2612,#2613,
    #2614),.UNSPECIFIED.,.F.,.F.,(8,6,6,6,6,6,6,6,8),(0.,0.136523532665,
    0.255358673732,0.365983310921,0.501620571382,0.637259411115,
    0.755324482686,0.865232255669,1.),.UNSPECIFIED.);
#2565 = CARTESIAN_POINT('',(0.,12.196138059398));
#2566 = CARTESIAN_POINT('',(0.105619239246,12.196138059398));
#2567 = CARTESIAN_POINT('',(0.211100851966,12.191004834442));
#2568 = CARTESIAN_POINT('',(0.317468135521,12.180760697433));
#2569 = CARTESIAN_POINT('',(0.425606317921,12.165708321699));
#2570 = CARTESIAN_POINT('',(0.536469562355,12.146453259373));
#2571 = CARTESIAN_POINT('',(0.6510249488,12.124149038829));
#2572 = CARTESIAN_POINT('',(0.874643893156,12.080301654313));
#2573 = CARTESIAN_POINT('',(0.985474804417,12.058450366868));
#2574 = CARTESIAN_POINT('',(1.10131532481,12.036911464528));
#2575 = CARTESIAN_POINT('',(1.221176943297,12.018161681319));
#2576 = CARTESIAN_POINT('',(1.344489826974,12.004833622022));
#2577 = CARTESIAN_POINT('',(1.470935293818,11.998674792026));
#2578 = CARTESIAN_POINT('',(1.720985427217,12.001564407962));
#2579 = CARTESIAN_POINT('',(1.83830573817,12.009523537172));
#2580 = CARTESIAN_POINT('',(1.952476837766,12.02328178503));
#2581 = CARTESIAN_POINT('',(2.063350307241,12.041230937427));
#2582 = CARTESIAN_POINT('',(2.170578118856,12.061300195796));
#2583 = CARTESIAN_POINT('',(2.273510230642,12.081588232729));
#2584 = CARTESIAN_POINT('',(2.490562211785,12.124147961757));
#2585 = CARTESIAN_POINT('',(2.605122121731,12.146453090868));
#2586 = CARTESIAN_POINT('',(2.715990656217,12.165709439119));
#2587 = CARTESIAN_POINT('',(2.824130938739,12.180761456553));
#2588 = CARTESIAN_POINT('',(2.93049661728,12.191004954198));
#2589 = CARTESIAN_POINT('',(3.035974644091,12.196138059398));
#2590 = CARTESIAN_POINT('',(3.247211892836,12.196138059398));
#2591 = CARTESIAN_POINT('',(3.352693505555,12.191004834442));
#2592 = CARTESIAN_POINT('',(3.459060789111,12.180760697433));
#2593 = CARTESIAN_POINT('',(3.567198971511,12.165708321699));
#2594 = CARTESIAN_POINT('',(3.678062215945,12.146453259373));
#2595 = CARTESIAN_POINT('',(3.79261760239,12.124149038829));
#2596 = CARTESIAN_POINT('',(4.016236546754,12.080301654311));
#2597 = CARTESIAN_POINT('',(4.127067457997,12.05845036687));
#2598 = CARTESIAN_POINT('',(4.242907978396,12.036911464529));
#2599 = CARTESIAN_POINT('',(4.362769596892,12.018161681316));
#2600 = CARTESIAN_POINT('',(4.486082480572,12.004833622023));
#2601 = CARTESIAN_POINT('',(4.6125279474,11.998674792026));
#2602 = CARTESIAN_POINT('',(4.862578080811,12.001564407962));
#2603 = CARTESIAN_POINT('',(4.979898391757,12.009523537172));
#2604 = CARTESIAN_POINT('',(5.094069491352,12.023281785029));
#2605 = CARTESIAN_POINT('',(5.204942960834,12.041230937428));
#2606 = CARTESIAN_POINT('',(5.31217077245,12.061300195797));
#2607 = CARTESIAN_POINT('',(5.415102884228,12.081588232728));
#2608 = CARTESIAN_POINT('',(5.632163234278,12.124149602738));
#2609 = CARTESIAN_POINT('',(5.746715679472,12.146453239179));
#2610 = CARTESIAN_POINT('',(5.857577687068,12.165707915992));
#2611 = CARTESIAN_POINT('',(5.96571783661,12.180761176757));
#2612 = CARTESIAN_POINT('',(6.072089867364,12.191005592216));
#2613 = CARTESIAN_POINT('',(6.177573844802,12.196138059398));
#2614 = CARTESIAN_POINT('',(6.28318530718,12.196138059398));
#2615 = ( GEOMETRIC_REPRESENTATION_CONTEXT(2) 
PARAMETRIC_REPRESENTATION_CONTEXT() REPRESENTATION_CONTEXT('2D SPACE',''
  ) );
#2616 = FACE_BOUND('',#2617,.T.);
#2617 = EDGE_LOOP('',(#2618));
#2618 = ORIENTED_EDGE('',*,*,#2619,.F.);
#2619 = EDGE_CURVE('',#2620,#2620,#2622,.T.);
#2620 = VERTEX_POINT('',#2621);
#2621 = CARTESIAN_POINT('',(74.65,-17.8038619406,2.991E+03));
#2622 = SURFACE_CURVE('',#2623,(#2674,#2728),.PCURVE_S1.);
#2623 = B_SPLINE_CURVE_WITH_KNOTS('',7,(#2624,#2625,#2626,#2627,#2628,
    #2629,#2630,#2631,#2632,#2633,#2634,#2635,#2636,#2637,#2638,#2639,
    #2640,#2641,#2642,#2643,#2644,#2645,#2646,#2647,#2648,#2649,#2650,
    #2651,#2652,#2653,#2654,#2655,#2656,#2657,#2658,#2659,#2660,#2661,
    #2662,#2663,#2664,#2665,#2666,#2667,#2668,#2669,#2670,#2671,#2672,
    #2673),.UNSPECIFIED.,.T.,.F.,(8,6,6,6,6,6,6,6,8),(0.,0.13652353268,
    0.255358673742,0.365983310941,0.501620571413,0.637259411156,
    0.755324482707,0.865232255653,1.),.UNSPECIFIED.);
#2624 = CARTESIAN_POINT('',(74.65,-17.8038619406,2.991E+03));
#2625 = CARTESIAN_POINT('',(74.65,-17.8038619406,2.991279890984E+03));
#2626 = CARTESIAN_POINT('',(74.615512275608,-17.80899516555,
    2.991559418143E+03));
#2627 = CARTESIAN_POINT('',(74.546690108149,-17.81923930256,
    2.991836187618E+03));
#2628 = CARTESIAN_POINT('',(74.442665131607,-17.8342916783,
    2.992107522037E+03));
#2629 = CARTESIAN_POINT('',(74.301822077108,-17.85354674062,
    2.992369946121E+03));
#2630 = CARTESIAN_POINT('',(74.122074908622,-17.87585096117,
    2.992618540216E+03));
#2631 = CARTESIAN_POINT('',(73.709305593258,-17.91969834568,
    2.993043727987E+03));
#2632 = CARTESIAN_POINT('',(73.480705493411,-17.94154963313,
    2.993231140373E+03));
#2633 = CARTESIAN_POINT('',(73.216602169979,-17.96308853547,
    2.993395795912E+03));
#2634 = CARTESIAN_POINT('',(72.921142484913,-17.98183831867,
    2.993527263835E+03));
#2635 = CARTESIAN_POINT('',(72.600962853701,-17.99516637798,
    2.993617111407E+03));
#2636 = CARTESIAN_POINT('',(72.264492526538,-18.00132520797,
    2.993659005532E+03));
#2637 = CARTESIAN_POINT('',(71.602150677228,-17.99843559203,
    2.993639369515E+03));
#2638 = CARTESIAN_POINT('',(71.292719666151,-17.99047646282,
    2.993585246539E+03));
#2639 = CARTESIAN_POINT('',(71.000413663588,-17.97671821497,
    2.99349101626E+03));
#2640 = CARTESIAN_POINT('',(70.731210521511,-17.95876906257,
    2.993362446001E+03));
#2641 = CARTESIAN_POINT('',(70.48966968863,-17.9386998042,
    2.993206493835E+03));
#2642 = CARTESIAN_POINT('',(70.278582849884,-17.91841176727,
    2.993031252045E+03));
#2643 = CARTESIAN_POINT('',(69.877935230698,-17.87585203824,
    2.99261855066E+03));
#2644 = CARTESIAN_POINT('',(69.698176762413,-17.85354690913,
    2.99236995079E+03));
#2645 = CARTESIAN_POINT('',(69.557327373372,-17.83429056088,
    2.99210751211E+03));
#2646 = CARTESIAN_POINT('',(69.453304745998,-17.81923854344,
    2.991836170888E+03));
#2647 = CARTESIAN_POINT('',(69.384486925028,-17.8089950458,
    2.991559405349E+03));
#2648 = CARTESIAN_POINT('',(69.35,-17.8038619406,2.991279887725E+03));
#2649 = CARTESIAN_POINT('',(69.35,-17.8038619406,2.990720109016E+03));
#2650 = CARTESIAN_POINT('',(69.384487724392,-17.80899516555,
    2.990440581857E+03));
#2651 = CARTESIAN_POINT('',(69.453309891851,-17.81923930256,
    2.990163812382E+03));
#2652 = CARTESIAN_POINT('',(69.557334868392,-17.8342916783,
    2.989892477963E+03));
#2653 = CARTESIAN_POINT('',(69.698177922894,-17.85354674062,
    2.989630053879E+03));
#2654 = CARTESIAN_POINT('',(69.877925091376,-17.87585096117,
    2.989381459784E+03));
#2655 = CARTESIAN_POINT('',(70.290694406743,-17.91969834568,
    2.988956272013E+03));
#2656 = CARTESIAN_POINT('',(70.519294506585,-17.94154963313,
    2.988768859627E+03));
#2657 = CARTESIAN_POINT('',(70.783397830024,-17.96308853547,
    2.988604204088E+03));
#2658 = CARTESIAN_POINT('',(71.078857515085,-17.98183831867,
    2.988472736165E+03));
#2659 = CARTESIAN_POINT('',(71.399037146299,-17.99516637798,
    2.988382888593E+03));
#2660 = CARTESIAN_POINT('',(71.735507473462,-18.00132520797,
    2.988340994468E+03));
#2661 = CARTESIAN_POINT('',(72.397849322663,-17.99843559203,
    2.988360630485E+03));
#2662 = CARTESIAN_POINT('',(72.707280333958,-17.99047646283,
    2.988414753461E+03));
#2663 = CARTESIAN_POINT('',(72.999586336489,-17.97671821495,
    2.98850898374E+03));
#2664 = CARTESIAN_POINT('',(73.268789478402,-17.95876906257,
    2.988637553999E+03));
#2665 = CARTESIAN_POINT('',(73.5103303113,-17.93869980421,
    2.988793506165E+03));
#2666 = CARTESIAN_POINT('',(73.721417150191,-17.91841176726,
    2.988968747955E+03));
#2667 = CARTESIAN_POINT('',(74.122080217128,-17.87585039726,
    2.989381465252E+03));
#2668 = CARTESIAN_POINT('',(74.301820453313,-17.85354676082,
    2.989630055194E+03));
#2669 = CARTESIAN_POINT('',(74.442663358986,-17.834292084,
    2.989892474241E+03));
#2670 = CARTESIAN_POINT('',(74.546693277107,-17.81923882324,
    2.990163813096E+03));
#2671 = CARTESIAN_POINT('',(74.615517380149,-17.80899440778,
    2.99044059619E+03));
#2672 = CARTESIAN_POINT('',(74.65,-17.8038619406,2.990720129625E+03));
#2673 = CARTESIAN_POINT('',(74.65,-17.8038619406,2.991E+03));
#2674 = PCURVE('',#1939,#2675);
#2675 = DEFINITIONAL_REPRESENTATION('',(#2676),#2727);
#2676 = B_SPLINE_CURVE_WITH_KNOTS('',7,(#2677,#2678,#2679,#2680,#2681,
    #2682,#2683,#2684,#2685,#2686,#2687,#2688,#2689,#2690,#2691,#2692,
    #2693,#2694,#2695,#2696,#2697,#2698,#2699,#2700,#2701,#2702,#2703,
    #2704,#2705,#2706,#2707,#2708,#2709,#2710,#2711,#2712,#2713,#2714,
    #2715,#2716,#2717,#2718,#2719,#2720,#2721,#2722,#2723,#2724,#2725,
    #2726),.UNSPECIFIED.,.T.,.F.,(8,6,6,6,6,6,6,6,8),(0.,0.13652353268,
    0.255358673742,0.365983310941,0.501620571413,0.637259411156,
    0.755324482707,0.865232255653,1.),.UNSPECIFIED.);
#2677 = CARTESIAN_POINT('',(4.860148282805,1.41E+03));
#2678 = CARTESIAN_POINT('',(4.860148282805,1.410279890984E+03));
#2679 = CARTESIAN_POINT('',(4.858211192012,1.410559418143E+03));
#2680 = CARTESIAN_POINT('',(4.854345608137,1.410836187618E+03));
#2681 = CARTESIAN_POINT('',(4.848506320859,1.411107522037E+03));
#2682 = CARTESIAN_POINT('',(4.840609427762,1.411369946121E+03));
#2683 = CARTESIAN_POINT('',(4.830548450541,1.411618540216E+03));
#2684 = CARTESIAN_POINT('',(4.807487801784,1.412043727987E+03));
#2685 = CARTESIAN_POINT('',(4.794730629181,1.412231140373E+03));
#2686 = CARTESIAN_POINT('',(4.78001182373,1.412395795912E+03));
#2687 = CARTESIAN_POINT('',(4.763569896569,1.412527263835E+03));
#2688 = CARTESIAN_POINT('',(4.745774317386,1.412617111407E+03));
#2689 = CARTESIAN_POINT('',(4.727083177153,1.412659005532E+03));
#2690 = CARTESIAN_POINT('',(4.690286057566,1.412639369515E+03));
#2691 = CARTESIAN_POINT('',(4.673093674175,1.412585246539E+03));
#2692 = CARTESIAN_POINT('',(4.656842187303,1.41249101626E+03));
#2693 = CARTESIAN_POINT('',(4.641857322747,1.412362446001E+03));
#2694 = CARTESIAN_POINT('',(4.628394000018,1.412206493835E+03));
#2695 = CARTESIAN_POINT('',(4.616613508982,1.412031252045E+03));
#2696 = CARTESIAN_POINT('',(4.594230076693,1.41161855066E+03));
#2697 = CARTESIAN_POINT('',(4.584168469945,1.41136995079E+03));
#2698 = CARTESIAN_POINT('',(4.576271219406,1.41110751211E+03));
#2699 = CARTESIAN_POINT('',(4.570432063402,1.410836170888E+03));
#2700 = CARTESIAN_POINT('',(4.566566723924,1.410559405349E+03));
#2701 = CARTESIAN_POINT('',(4.564629677965,1.410279887725E+03));
#2702 = CARTESIAN_POINT('',(4.564629677965,1.409720109016E+03));
#2703 = CARTESIAN_POINT('',(4.566566768757,1.409440581857E+03));
#2704 = CARTESIAN_POINT('',(4.570432352632,1.409163812382E+03));
#2705 = CARTESIAN_POINT('',(4.57627163991,1.408892477963E+03));
#2706 = CARTESIAN_POINT('',(4.584168533007,1.408630053879E+03));
#2707 = CARTESIAN_POINT('',(4.594229510228,1.408381459784E+03));
#2708 = CARTESIAN_POINT('',(4.617290158985,1.407956272013E+03));
#2709 = CARTESIAN_POINT('',(4.630047331588,1.407768859627E+03));
#2710 = CARTESIAN_POINT('',(4.64476613704,1.407604204088E+03));
#2711 = CARTESIAN_POINT('',(4.6612080642,1.407472736165E+03));
#2712 = CARTESIAN_POINT('',(4.679003643384,1.407382888593E+03));
#2713 = CARTESIAN_POINT('',(4.697694783616,1.407340994468E+03));
#2714 = CARTESIAN_POINT('',(4.734491903198,1.407360630485E+03));
#2715 = CARTESIAN_POINT('',(4.751684286601,1.407414753461E+03));
#2716 = CARTESIAN_POINT('',(4.76793577347,1.40750898374E+03));
#2717 = CARTESIAN_POINT('',(4.782920638017,1.407637553999E+03));
#2718 = CARTESIAN_POINT('',(4.796383960748,1.407793506165E+03));
#2719 = CARTESIAN_POINT('',(4.808164451792,1.407968747955E+03));
#2720 = CARTESIAN_POINT('',(4.830548747117,1.408381465252E+03));
#2721 = CARTESIAN_POINT('',(4.840609337996,1.408630055194E+03));
#2722 = CARTESIAN_POINT('',(4.848506220481,1.408892474241E+03));
#2723 = CARTESIAN_POINT('',(4.854345786008,1.409163813096E+03));
#2724 = CARTESIAN_POINT('',(4.858211478756,1.40944059619E+03));
#2725 = CARTESIAN_POINT('',(4.860148282805,1.409720129625E+03));
#2726 = CARTESIAN_POINT('',(4.860148282805,1.41E+03));
#2727 = ( GEOMETRIC_REPRESENTATION_CONTEXT(2) 
PARAMETRIC_REPRESENTATION_CONTEXT() REPRESENTATION_CONTEXT('2D SPACE',''
  ) );
#2728 = PCURVE('',#2729,#2734);
#2729 = CYLINDRICAL_SURFACE('',#2730,2.65);
#2730 = AXIS2_PLACEMENT_3D('',#2731,#2732,#2733);
#2731 = CARTESIAN_POINT('',(72.,30.,2.991E+03));
#2732 = DIRECTION('',(0.,-1.,2.22044604925E-16));
#2733 = DIRECTION('',(1.,0.,0.));
#2734 = DEFINITIONAL_REPRESENTATION('',(#2735),#2786);
#2735 = B_SPLINE_CURVE_WITH_KNOTS('',7,(#2736,#2737,#2738,#2739,#2740,
    #2741,#2742,#2743,#2744,#2745,#2746,#2747,#2748,#2749,#2750,#2751,
    #2752,#2753,#2754,#2755,#2756,#2757,#2758,#2759,#2760,#2761,#2762,
    #2763,#2764,#2765,#2766,#2767,#2768,#2769,#2770,#2771,#2772,#2773,
    #2774,#2775,#2776,#2777,#2778,#2779,#2780,#2781,#2782,#2783,#2784,
    #2785),.UNSPECIFIED.,.F.,.F.,(8,6,6,6,6,6,6,6,8),(0.,0.13652353268,
    0.255358673742,0.365983310941,0.501620571413,0.637259411156,
    0.755324482707,0.865232255653,1.),.UNSPECIFIED.);
#2736 = CARTESIAN_POINT('',(0.,47.803861940602));
#2737 = CARTESIAN_POINT('',(0.105619239246,47.803861940602));
#2738 = CARTESIAN_POINT('',(0.211100851965,47.808995165558));
#2739 = CARTESIAN_POINT('',(0.317468135521,47.819239302567));
#2740 = CARTESIAN_POINT('',(0.425606317921,47.834291678301));
#2741 = CARTESIAN_POINT('',(0.536469562355,47.853546740627));
#2742 = CARTESIAN_POINT('',(0.6510249488,47.875850961171));
#2743 = CARTESIAN_POINT('',(0.87464389314,47.919698345684));
#2744 = CARTESIAN_POINT('',(0.985474804436,47.941549633136));
#2745 = CARTESIAN_POINT('',(1.101315324818,47.963088535474));
#2746 = CARTESIAN_POINT('',(1.221176943287,47.981838318676));
#2747 = CARTESIAN_POINT('',(1.344489826958,47.99516637798));
#2748 = CARTESIAN_POINT('',(1.470935293834,48.001325207974));
#2749 = CARTESIAN_POINT('',(1.720985427218,47.998435592038));
#2750 = CARTESIAN_POINT('',(1.83830573817,47.990476462828));
#2751 = CARTESIAN_POINT('',(1.952476837764,47.97671821497));
#2752 = CARTESIAN_POINT('',(2.063350307243,47.958769062572));
#2753 = CARTESIAN_POINT('',(2.170578118855,47.938699804204));
#2754 = CARTESIAN_POINT('',(2.273510230642,47.918411767271));
#2755 = CARTESIAN_POINT('',(2.490562211784,47.875852038243));
#2756 = CARTESIAN_POINT('',(2.605122121732,47.853546909132));
#2757 = CARTESIAN_POINT('',(2.715990656217,47.834290560881));
#2758 = CARTESIAN_POINT('',(2.824130938738,47.819238543447));
#2759 = CARTESIAN_POINT('',(2.93049661728,47.808995045802));
#2760 = CARTESIAN_POINT('',(3.035974644091,47.803861940602));
#2761 = CARTESIAN_POINT('',(3.247211892835,47.803861940602));
#2762 = CARTESIAN_POINT('',(3.352693505556,47.808995165558));
#2763 = CARTESIAN_POINT('',(3.45906078911,47.819239302567));
#2764 = CARTESIAN_POINT('',(3.567198971511,47.834291678301));
#2765 = CARTESIAN_POINT('',(3.678062215945,47.853546740627));
#2766 = CARTESIAN_POINT('',(3.792617602389,47.87585096117));
#2767 = CARTESIAN_POINT('',(4.01623654673,47.919698345684));
#2768 = CARTESIAN_POINT('',(4.127067458024,47.941549633135));
#2769 = CARTESIAN_POINT('',(4.24290797841,47.963088535475));
#2770 = CARTESIAN_POINT('',(4.362769596875,47.981838318676));
#2771 = CARTESIAN_POINT('',(4.486082480548,47.99516637798));
#2772 = CARTESIAN_POINT('',(4.612527947424,48.001325207974));
#2773 = CARTESIAN_POINT('',(4.862578080767,47.998435592039));
#2774 = CARTESIAN_POINT('',(4.9798983918,47.990476462832));
#2775 = CARTESIAN_POINT('',(5.094069491381,47.976718214958));
#2776 = CARTESIAN_POINT('',(5.204942960813,47.958769062578));
#2777 = CARTESIAN_POINT('',(5.312170772397,47.938699804214));
#2778 = CARTESIAN_POINT('',(5.415102884272,47.918411767263));
#2779 = CARTESIAN_POINT('',(5.632163234278,47.875850397262));
#2780 = CARTESIAN_POINT('',(5.746715679473,47.853546760821));
#2781 = CARTESIAN_POINT('',(5.857577687067,47.834292084008));
#2782 = CARTESIAN_POINT('',(5.965717836612,47.819238823243));
#2783 = CARTESIAN_POINT('',(6.072089867363,47.808994407784));
#2784 = CARTESIAN_POINT('',(6.177573844802,47.803861940602));
#2785 = CARTESIAN_POINT('',(6.28318530718,47.803861940602));
#2786 = ( GEOMETRIC_REPRESENTATION_CONTEXT(2) 
PARAMETRIC_REPRESENTATION_CONTEXT() REPRESENTATION_CONTEXT('2D SPACE',''
  ) );
#2787 = ADVANCED_FACE('',(#2788,#2791),#1951,.T.);
#2788 = FACE_BOUND('',#2789,.T.);
#2789 = EDGE_LOOP('',(#2790));
#2790 = ORIENTED_EDGE('',*,*,#1929,.T.);
#2791 = FACE_BOUND('',#2792,.T.);
#2792 = EDGE_LOOP('',(#2793));
#2793 = ORIENTED_EDGE('',*,*,#2794,.F.);
#2794 = EDGE_CURVE('',#2795,#2795,#2797,.T.);
#2795 = VERTEX_POINT('',#2796);
#2796 = CARTESIAN_POINT('',(84.,-2.939152317954E-15,3.031E+03));
#2797 = SURFACE_CURVE('',#2798,(#2803,#2810),.PCURVE_S1.);
#2798 = CIRCLE('',#2799,12.);
#2799 = AXIS2_PLACEMENT_3D('',#2800,#2801,#2802);
#2800 = CARTESIAN_POINT('',(72.,0.,3.031E+03));
#2801 = DIRECTION('',(0.,0.,1.));
#2802 = DIRECTION('',(1.,0.,-0.));
#2803 = PCURVE('',#1951,#2804);
#2804 = DEFINITIONAL_REPRESENTATION('',(#2805),#2809);
#2805 = CIRCLE('',#2806,12.);
#2806 = AXIS2_PLACEMENT_2D('',#2807,#2808);
#2807 = CARTESIAN_POINT('',(0.,0.));
#2808 = DIRECTION('',(1.,0.));
#2809 = ( GEOMETRIC_REPRESENTATION_CONTEXT(2) 
PARAMETRIC_REPRESENTATION_CONTEXT() REPRESENTATION_CONTEXT('2D SPACE',''
  ) );
#2810 = PCURVE('',#2811,#2816);
#2811 = CYLINDRICAL_SURFACE('',#2812,12.);
#2812 = AXIS2_PLACEMENT_3D('',#2813,#2814,#2815);
#2813 = CARTESIAN_POINT('',(72.,0.,1.58E+03));
#2814 = DIRECTION('',(0.,0.,1.));
#2815 = DIRECTION('',(1.,0.,-0.));
#2816 = DEFINITIONAL_REPRESENTATION('',(#2817),#2821);
#2817 = LINE('',#2818,#2819);
#2818 = CARTESIAN_POINT('',(0.,1.451E+03));
#2819 = VECTOR('',#2820,1.);
#2820 = DIRECTION('',(1.,0.));
#2821 = ( GEOMETRIC_REPRESENTATION_CONTEXT(2) 
PARAMETRIC_REPRESENTATION_CONTEXT() REPRESENTATION_CONTEXT('2D SPACE',''
  ) );
#2822 = ADVANCED_FACE('',(#2823,#2826),#2001,.F.);
#2823 = FACE_BOUND('',#2824,.F.);
#2824 = EDGE_LOOP('',(#2825));
#2825 = ORIENTED_EDGE('',*,*,#1986,.T.);
#2826 = FACE_BOUND('',#2827,.F.);
#2827 = EDGE_LOOP('',(#2828));
#2828 = ORIENTED_EDGE('',*,*,#2829,.F.);
#2829 = EDGE_CURVE('',#2830,#2830,#2832,.T.);
#2830 = VERTEX_POINT('',#2831);
#2831 = CARTESIAN_POINT('',(84.,-2.939152317954E-15,1.581E+03));
#2832 = SURFACE_CURVE('',#2833,(#2838,#2845),.PCURVE_S1.);
#2833 = CIRCLE('',#2834,12.);
#2834 = AXIS2_PLACEMENT_3D('',#2835,#2836,#2837);
#2835 = CARTESIAN_POINT('',(72.,0.,1.581E+03));
#2836 = DIRECTION('',(0.,0.,1.));
#2837 = DIRECTION('',(1.,0.,-0.));
#2838 = PCURVE('',#2001,#2839);
#2839 = DEFINITIONAL_REPRESENTATION('',(#2840),#2844);
#2840 = CIRCLE('',#2841,12.);
#2841 = AXIS2_PLACEMENT_2D('',#2842,#2843);
#2842 = CARTESIAN_POINT('',(0.,0.));
#2843 = DIRECTION('',(1.,0.));
#2844 = ( GEOMETRIC_REPRESENTATION_CONTEXT(2) 
PARAMETRIC_REPRESENTATION_CONTEXT() REPRESENTATION_CONTEXT('2D SPACE',''
  ) );
#2845 = PCURVE('',#2811,#2846);
#2846 = DEFINITIONAL_REPRESENTATION('',(#2847),#2851);
#2847 = LINE('',#2848,#2849);
#2848 = CARTESIAN_POINT('',(0.,1.));
#2849 = VECTOR('',#2850,1.);
#2850 = DIRECTION('',(1.,0.));
#2851 = ( GEOMETRIC_REPRESENTATION_CONTEXT(2) 
PARAMETRIC_REPRESENTATION_CONTEXT() REPRESENTATION_CONTEXT('2D SPACE',''
  ) );
#2852 = ADVANCED_FACE('',(#2853),#2156,.F.);
#2853 = FACE_BOUND('',#2854,.F.);
#2854 = EDGE_LOOP('',(#2855,#3064,#3085,#3086));
#2855 = ORIENTED_EDGE('',*,*,#2856,.F.);
#2856 = EDGE_CURVE('',#2857,#2857,#2859,.T.);
#2857 = VERTEX_POINT('',#2858);
#2858 = CARTESIAN_POINT('',(75.25,11.551515052148,1.621E+03));
#2859 = SURFACE_CURVE('',#2860,(#2926,#2995),.PCURVE_S1.);
#2860 = B_SPLINE_CURVE_WITH_KNOTS('',8,(#2861,#2862,#2863,#2864,#2865,
    #2866,#2867,#2868,#2869,#2870,#2871,#2872,#2873,#2874,#2875,#2876,
    #2877,#2878,#2879,#2880,#2881,#2882,#2883,#2884,#2885,#2886,#2887,
    #2888,#2889,#2890,#2891,#2892,#2893,#2894,#2895,#2896,#2897,#2898,
    #2899,#2900,#2901,#2902,#2903,#2904,#2905,#2906,#2907,#2908,#2909,
    #2910,#2911,#2912,#2913,#2914,#2915,#2916,#2917,#2918,#2919,#2920,
    #2921,#2922,#2923,#2924,#2925),.UNSPECIFIED.,.T.,.F.,(9,7,7,7,7,7,7,
    7,7,9),(0.,0.111605813525,0.207700042998,0.298124791167,
    0.412578181285,0.517169666209,0.643198507204,0.733675411751,
    0.819024381834,1.),.UNSPECIFIED.);
#2861 = CARTESIAN_POINT('',(75.25,11.551515052148,1.621E+03));
#2862 = CARTESIAN_POINT('',(75.25,11.551515052148,1.62124877477E+03));
#2863 = CARTESIAN_POINT('',(75.22823710771,11.557638013745,
    1.621497357285E+03));
#2864 = CARTESIAN_POINT('',(75.18476877748,11.569867728497,
    1.621744566434E+03));
#2865 = CARTESIAN_POINT('',(75.119420080579,11.588005752819,
    1.621989173281E+03));
#2866 = CARTESIAN_POINT('',(75.031814752954,11.61166544784,
    1.62222982187E+03));
#2867 = CARTESIAN_POINT('',(74.921403388721,11.640244271754,
    1.622464931356E+03));
#2868 = CARTESIAN_POINT('',(74.787495883502,11.67288109034,
    1.622692571317E+03));
#2869 = CARTESIAN_POINT('',(74.493100778628,11.738992108151,
    1.623097771417E+03));
#2870 = CARTESIAN_POINT('',(74.338316986421,11.771849011768,
    1.623278688909E+03));
#2871 = CARTESIAN_POINT('',(74.164445832383,11.806202224944,
    1.623451025189E+03));
#2872 = CARTESIAN_POINT('',(73.97112238914,11.841051868241,
    1.623612464544E+03));
#2873 = CARTESIAN_POINT('',(73.758169417645,11.875170426753,
    1.623760379558E+03));
#2874 = CARTESIAN_POINT('',(73.525665825232,11.907109058016,
    1.623891788871E+03));
#2875 = CARTESIAN_POINT('',(73.27405452487,11.935244572883,
    1.62400328682E+03));
#2876 = CARTESIAN_POINT('',(72.750470927247,11.979218661052,
    1.624173409443E+03));
#2877 = CARTESIAN_POINT('',(72.480941666568,11.995653716668,
    1.624234646949E+03));
#2878 = CARTESIAN_POINT('',(72.200863149829,12.005477753473,
    1.624270081723E+03));
#2879 = CARTESIAN_POINT('',(71.916018480018,12.007492181005,
    1.624277177098E+03));
#2880 = CARTESIAN_POINT('',(71.632485237495,12.001380392486,
    1.624255326638E+03));
#2881 = CARTESIAN_POINT('',(71.356279054002,11.987797841652,
    1.624205824118E+03));
#2882 = CARTESIAN_POINT('',(71.093004502243,11.968215231048,
    1.624131897426E+03));
#2883 = CARTESIAN_POINT('',(70.536834686691,11.914553288694,
    1.623920970037E+03));
#2884 = CARTESIAN_POINT('',(70.253180763826,11.877862332238,
    1.623771868032E+03));
#2885 = CARTESIAN_POINT('',(69.997439671441,11.837290095611,
    1.623598030767E+03));
#2886 = CARTESIAN_POINT('',(69.769555976074,11.795399143749,
    1.623404706216E+03));
#2887 = CARTESIAN_POINT('',(69.568956088246,11.754282898318,
    1.623196150841E+03));
#2888 = CARTESIAN_POINT('',(69.394810491968,11.715559315101,
    1.622975820364E+03));
#2889 = CARTESIAN_POINT('',(69.246204435638,11.680449799118,
    1.622746491617E+03));
#2890 = CARTESIAN_POINT('',(69.009010419001,11.621858340501,
    1.622294556177E+03));
#2891 = CARTESIAN_POINT('',(68.916100310703,11.597572597368,
    1.622072589442E+03));
#2892 = CARTESIAN_POINT('',(68.843017226597,11.577676121654,
    1.621846027048E+03));
#2893 = CARTESIAN_POINT('',(68.789355404363,11.562668178012,
    1.621616201717E+03));
#2894 = CARTESIAN_POINT('',(68.754828104337,11.552875522897,
    1.621384273457E+03));
#2895 = CARTESIAN_POINT('',(68.739275889699,11.548469869959,
    1.621151299202E+03));
#2896 = CARTESIAN_POINT('',(68.742678767019,11.549476351185,
    1.620918300569E+03));
#2897 = CARTESIAN_POINT('',(68.792275920071,11.563360169299,
    1.620406813574E+03));
#2898 = CARTESIAN_POINT('',(68.847042176707,11.578612570053,
    1.620129351998E+03));
#2899 = CARTESIAN_POINT('',(68.929543731011,11.601271306012,
    1.619855474221E+03));
#2900 = CARTESIAN_POINT('',(69.040306406164,11.630803506957,
    1.619586942101E+03));
#2901 = CARTESIAN_POINT('',(69.18021512354,11.666371254787,
    1.61932590833E+03));
#2902 = CARTESIAN_POINT('',(69.350416868682,11.706731003075,
    1.61907512472E+03));
#2903 = CARTESIAN_POINT('',(69.55218364163,11.750111876109,
    1.618838227535E+03));
#2904 = CARTESIAN_POINT('',(69.955058134184,11.825715875389,
    1.618463550956E+03));
#2905 = CARTESIAN_POINT('',(70.14212215744,11.857976874889,
    1.618314964301E+03));
#2906 = CARTESIAN_POINT('',(70.347589941832,11.889774286078,
    1.618177838768E+03));
#2907 = CARTESIAN_POINT('',(70.570669708165,11.91976186652,
    1.618055471497E+03));
#2908 = CARTESIAN_POINT('',(70.810128704188,11.946487676892,
    1.61795098451E+03));
#2909 = CARTESIAN_POINT('',(71.064320646451,11.968515093659,
    1.617867335248E+03));
#2910 = CARTESIAN_POINT('',(71.33119038475,11.984554260978,
    1.61780733799E+03));
#2911 = CARTESIAN_POINT('',(71.86961803439,12.002140794185,
    1.617741961037E+03));
#2912 = CARTESIAN_POINT('',(72.134748128978,12.004284363263,
    1.617734322613E+03));
#2913 = CARTESIAN_POINT('',(72.399529877939,11.999591011803,
    1.617751554399E+03));
#2914 = CARTESIAN_POINT('',(72.659760881975,11.988160909048,
    1.617793287349E+03));
#2915 = CARTESIAN_POINT('',(72.911361442697,11.970700074447,
    1.617858059784E+03));
#2916 = CARTESIAN_POINT('',(73.150572689669,11.948424774494,
    1.617943326407E+03));
#2917 = CARTESIAN_POINT('',(73.374136038982,11.922862302386,
    1.61804543807E+03));
#2918 = CARTESIAN_POINT('',(74.014789529665,11.83779913015,
    1.618401683331E+03));
#2919 = CARTESIAN_POINT('',(74.380466613172,11.770715940201,
    1.618704857439E+03));
#2920 = CARTESIAN_POINT('',(74.677248720929,11.704275195137,
    1.619047690321E+03));
#2921 = CARTESIAN_POINT('',(74.909039438583,11.645750351081,
    1.619416375515E+03));
#2922 = CARTESIAN_POINT('',(75.079857285485,11.599380935078,
    1.619801426757E+03));
#2923 = CARTESIAN_POINT('',(75.192945352717,11.567567941216,
    1.620196455069E+03));
#2924 = CARTESIAN_POINT('',(75.25,11.551515052148,1.620597199534E+03));
#2925 = CARTESIAN_POINT('',(75.25,11.551515052148,1.621E+03));
#2926 = PCURVE('',#2156,#2927);
#2927 = DEFINITIONAL_REPRESENTATION('',(#2928),#2994);
#2928 = B_SPLINE_CURVE_WITH_KNOTS('',8,(#2929,#2930,#2931,#2932,#2933,
    #2934,#2935,#2936,#2937,#2938,#2939,#2940,#2941,#2942,#2943,#2944,
    #2945,#2946,#2947,#2948,#2949,#2950,#2951,#2952,#2953,#2954,#2955,
    #2956,#2957,#2958,#2959,#2960,#2961,#2962,#2963,#2964,#2965,#2966,
    #2967,#2968,#2969,#2970,#2971,#2972,#2973,#2974,#2975,#2976,#2977,
    #2978,#2979,#2980,#2981,#2982,#2983,#2984,#2985,#2986,#2987,#2988,
    #2989,#2990,#2991,#2992,#2993),.UNSPECIFIED.,.F.,.F.,(9,7,7,7,7,7,7,
    7,7,9),(0.,0.111605813525,0.207700042998,0.298124791167,
    0.412578181285,0.517169666209,0.643198507204,0.733675411751,
    0.819024381834,1.),.UNSPECIFIED.);
#2929 = CARTESIAN_POINT('',(0.,18.448484947852));
#2930 = CARTESIAN_POINT('',(7.654608312451E-02,18.448484947852));
#2931 = CARTESIAN_POINT('',(0.153032967884,18.442361986255));
#2932 = CARTESIAN_POINT('',(0.229780911182,18.430132271503));
#2933 = CARTESIAN_POINT('',(0.307090276732,18.411994247181));
#2934 = CARTESIAN_POINT('',(0.385265902712,18.38833455216));
#2935 = CARTESIAN_POINT('',(0.464625128973,18.359755728246));
#2936 = CARTESIAN_POINT('',(0.545509296371,18.32711890966));
#2937 = CARTESIAN_POINT('',(0.699618486486,18.261007891849));
#2938 = CARTESIAN_POINT('',(0.772647617354,18.228150988232));
#2939 = CARTESIAN_POINT('',(0.847545472178,18.193797775056));
#2940 = CARTESIAN_POINT('',(0.924465218806,18.158948131759));
#2941 = CARTESIAN_POINT('',(1.003589342665,18.124829573247));
#2942 = CARTESIAN_POINT('',(1.085134669024,18.092890941984));
#2943 = CARTESIAN_POINT('',(1.169365925509,18.064755427117));
#2944 = CARTESIAN_POINT('',(1.338759271395,18.020781338948));
#2945 = CARTESIAN_POINT('',(1.423454931123,18.004346283332));
#2946 = CARTESIAN_POINT('',(1.509628253024,17.994522246527));
#2947 = CARTESIAN_POINT('',(1.596412214666,17.992507818995));
#2948 = CARTESIAN_POINT('',(1.683031757461,17.998619607514));
#2949 = CARTESIAN_POINT('',(1.768699639687,18.012202158348));
#2950 = CARTESIAN_POINT('',(1.852509137403,18.031784768952));
#2951 = CARTESIAN_POINT('',(2.035531812522,18.085446711306));
#2952 = CARTESIAN_POINT('',(2.133406930626,18.122137667762));
#2953 = CARTESIAN_POINT('',(2.227577715362,18.162709904389));
#2954 = CARTESIAN_POINT('',(2.318537129659,18.204600856251));
#2955 = CARTESIAN_POINT('',(2.40671027661,18.245717101682));
#2956 = CARTESIAN_POINT('',(2.492483251937,18.284440684899));
#2957 = CARTESIAN_POINT('',(2.576212578871,18.319550200882));
#2958 = CARTESIAN_POINT('',(2.733258275622,18.378141659499));
#2959 = CARTESIAN_POINT('',(2.807018361994,18.402427402632));
#2960 = CARTESIAN_POINT('',(2.879836789961,18.422323878346));
#2961 = CARTESIAN_POINT('',(2.951965418584,18.437331821988));
#2962 = CARTESIAN_POINT('',(3.023639047606,18.447124477103));
#2963 = CARTESIAN_POINT('',(3.09508803664,18.451530130041));
#2964 = CARTESIAN_POINT('',(3.166546637966,18.450523648815));
#2965 = CARTESIAN_POINT('',(3.32466540812,18.436639830701));
#2966 = CARTESIAN_POINT('',(3.411265845133,18.421387429947));
#2967 = CARTESIAN_POINT('',(3.498576267632,18.398728693988));
#2968 = CARTESIAN_POINT('',(3.587072049051,18.369196493043));
#2969 = CARTESIAN_POINT('',(3.677241782797,18.333628745213));
#2970 = CARTESIAN_POINT('',(3.769597949229,18.293268996925));
#2971 = CARTESIAN_POINT('',(3.864699074081,18.249888123891));
#2972 = CARTESIAN_POINT('',(4.033983092336,18.174284124611));
#2973 = CARTESIAN_POINT('',(4.107266731068,18.142023125111));
#2974 = CARTESIAN_POINT('',(4.182833972711,18.110225713922));
#2975 = CARTESIAN_POINT('',(4.260519661064,18.08023813348));
#2976 = CARTESIAN_POINT('',(4.340231603366,18.053512323108));
#2977 = CARTESIAN_POINT('',(4.421940909859,18.031484906341));
#2978 = CARTESIAN_POINT('',(4.505681459774,18.015445739022));
#2979 = CARTESIAN_POINT('',(4.672568298771,17.997859205815));
#2980 = CARTESIAN_POINT('',(4.753835193287,17.995715636737));
#2981 = CARTESIAN_POINT('',(4.834883851587,18.000408988197));
#2982 = CARTESIAN_POINT('',(4.915274728727,18.011839090952));
#2983 = CARTESIAN_POINT('',(4.994554163716,18.029299925553));
#2984 = CARTESIAN_POINT('',(5.072206499032,18.051575225506));
#2985 = CARTESIAN_POINT('',(5.147594833354,18.077137697614));
#2986 = CARTESIAN_POINT('',(5.373145589927,18.16220086985));
#2987 = CARTESIAN_POINT('',(5.516816530295,18.229284059799));
#2988 = CARTESIAN_POINT('',(5.653370732844,18.295724804863));
#2989 = CARTESIAN_POINT('',(5.784427533906,18.354249648919));
#2990 = CARTESIAN_POINT('',(5.911496095867,18.400619064922));
#2991 = CARTESIAN_POINT('',(6.035940000643,18.432432058784));
#2992 = CARTESIAN_POINT('',(6.159246702277,18.448484947852));
#2993 = CARTESIAN_POINT('',(6.28318530718,18.448484947852));
#2994 = ( GEOMETRIC_REPRESENTATION_CONTEXT(2) 
PARAMETRIC_REPRESENTATION_CONTEXT() REPRESENTATION_CONTEXT('2D SPACE',''
  ) );
#2995 = PCURVE('',#2811,#2996);
#2996 = DEFINITIONAL_REPRESENTATION('',(#2997),#3063);
#2997 = B_SPLINE_CURVE_WITH_KNOTS('',8,(#2998,#2999,#3000,#3001,#3002,
    #3003,#3004,#3005,#3006,#3007,#3008,#3009,#3010,#3011,#3012,#3013,
    #3014,#3015,#3016,#3017,#3018,#3019,#3020,#3021,#3022,#3023,#3024,
    #3025,#3026,#3027,#3028,#3029,#3030,#3031,#3032,#3033,#3034,#3035,
    #3036,#3037,#3038,#3039,#3040,#3041,#3042,#3043,#3044,#3045,#3046,
    #3047,#3048,#3049,#3050,#3051,#3052,#3053,#3054,#3055,#3056,#3057,
    #3058,#3059,#3060,#3061,#3062),.UNSPECIFIED.,.T.,.F.,(9,7,7,7,7,7,7,
    7,7,9),(0.,0.111605813525,0.207700042998,0.298124791167,
    0.412578181285,0.517169666209,0.643198507204,0.733675411751,
    0.819024381834,1.),.UNSPECIFIED.);
#2998 = CARTESIAN_POINT('',(1.296537713306,41.));
#2999 = CARTESIAN_POINT('',(1.296537713306,41.248774770155));
#3000 = CARTESIAN_POINT('',(1.298421698268,41.497357285103));
#3001 = CARTESIAN_POINT('',(1.302184700792,41.744566433578));
#3002 = CARTESIAN_POINT('',(1.307836254018,41.989173281448));
#3003 = CARTESIAN_POINT('',(1.315397850088,42.229821870288));
#3004 = CARTESIAN_POINT('',(1.324900794564,42.464931355653));
#3005 = CARTESIAN_POINT('',(1.336384514347,42.692571316848));
#3006 = CARTESIAN_POINT('',(1.361528425755,43.097771416672));
#3007 = CARTESIAN_POINT('',(1.374713585146,43.278688909423));
#3008 = CARTESIAN_POINT('',(1.389480400446,43.451025188588));
#3009 = CARTESIAN_POINT('',(1.405845457484,43.612464544107));
#3010 = CARTESIAN_POINT('',(1.423810105605,43.760379557647));
#3011 = CARTESIAN_POINT('',(1.443357694813,43.891788870707));
#3012 = CARTESIAN_POINT('',(1.464447963461,44.00328681957));
#3013 = CARTESIAN_POINT('',(1.508233544559,44.173409443062));
#3014 = CARTESIAN_POINT('',(1.530730142876,44.234646949072));
#3015 = CARTESIAN_POINT('',(1.554071221841,44.27008172315));
#3016 = CARTESIAN_POINT('',(1.577790073562,44.277177097644));
#3017 = CARTESIAN_POINT('',(1.601404945731,44.255326638081));
#3018 = CARTESIAN_POINT('',(1.624437689582,44.205824118129));
#3019 = CARTESIAN_POINT('',(1.646432541541,44.131897426252));
#3020 = CARTESIAN_POINT('',(1.692995258191,43.920970037382));
#3021 = CARTESIAN_POINT('',(1.716817451012,43.771868032187));
#3022 = CARTESIAN_POINT('',(1.738382299577,43.5980307666));
#3023 = CARTESIAN_POINT('',(1.757681430739,43.404706215558));
#3024 = CARTESIAN_POINT('',(1.774740601954,43.196150841284));
#3025 = CARTESIAN_POINT('',(1.789604894238,42.975820363822));
#3026 = CARTESIAN_POINT('',(1.802329021054,42.746491616825));
#3027 = CARTESIAN_POINT('',(1.822689310657,42.294556176729));
#3028 = CARTESIAN_POINT('',(1.830691228285,42.072589441652));
#3029 = CARTESIAN_POINT('',(1.837002769331,41.846027048088));
#3030 = CARTESIAN_POINT('',(1.841646154202,41.616201717144));
#3031 = CARTESIAN_POINT('',(1.844636946908,41.38427345739));
#3032 = CARTESIAN_POINT('',(1.8459839358,41.151299201568));
#3033 = CARTESIAN_POINT('',(1.845688254856,40.918300569477));
#3034 = CARTESIAN_POINT('',(1.841396274288,40.406813574053));
#3035 = CARTESIAN_POINT('',(1.836658737684,40.129351997683));
#3036 = CARTESIAN_POINT('',(1.829529088185,39.85547422136));
#3037 = CARTESIAN_POINT('',(1.819976925896,39.586942101126));
#3038 = CARTESIAN_POINT('',(1.807948909459,39.325908330414));
#3039 = CARTESIAN_POINT('',(1.793376452289,39.075124720214));
#3040 = CARTESIAN_POINT('',(1.77618425312,38.838227534838));
#3041 = CARTESIAN_POINT('',(1.742025329052,38.463550956356));
#3042 = CARTESIAN_POINT('',(1.726208288614,38.314964300705));
#3043 = CARTESIAN_POINT('',(1.708886473342,38.177838767987));
#3044 = CARTESIAN_POINT('',(1.690137264544,38.055471496754));
#3045 = CARTESIAN_POINT('',(1.670069635413,37.950984509855));
#3046 = CARTESIAN_POINT('',(1.648819465683,37.867335248047));
#3047 = CARTESIAN_POINT('',(1.626548575563,37.807337990068));
#3048 = CARTESIAN_POINT('',(1.581655676776,37.741961037027));
#3049 = CARTESIAN_POINT('',(1.559567435706,37.734322613063));
#3050 = CARTESIAN_POINT('',(1.537511094952,37.751554398832));
#3051 = CARTESIAN_POINT('',(1.515818647884,37.793287349469));
#3052 = CARTESIAN_POINT('',(1.494813737874,37.858059783717));
#3053 = CARTESIAN_POINT('',(1.47480068481,37.943326406953));
#3054 = CARTESIAN_POINT('',(1.456052118354,38.045438069679));
#3055 = CARTESIAN_POINT('',(1.402195786941,38.40168333093));
#3056 = CARTESIAN_POINT('',(1.371252051367,38.704857438581));
#3057 = CARTESIAN_POINT('',(1.34593169296,39.047690320993));
#3058 = CARTESIAN_POINT('',(1.326015590827,39.416375515398));
#3059 = CARTESIAN_POINT('',(1.311266836373,39.80142675651));
#3060 = CARTESIAN_POINT('',(1.301476844957,40.196455068792));
#3061 = CARTESIAN_POINT('',(1.296537713306,40.597199534067));
#3062 = CARTESIAN_POINT('',(1.296537713306,41.));
#3063 = ( GEOMETRIC_REPRESENTATION_CONTEXT(2) 
PARAMETRIC_REPRESENTATION_CONTEXT() REPRESENTATION_CONTEXT('2D SPACE',''
  ) );
#3064 = ORIENTED_EDGE('',*,*,#3065,.F.);
#3065 = EDGE_CURVE('',#2017,#2857,#3066,.T.);
#3066 = SEAM_CURVE('',#3067,(#3071,#3078),.PCURVE_S1.);
#3067 = LINE('',#3068,#3069);
#3068 = CARTESIAN_POINT('',(75.25,30.,1.621E+03));
#3069 = VECTOR('',#3070,1.);
#3070 = DIRECTION('',(0.,-1.,2.22044604925E-16));
#3071 = PCURVE('',#2156,#3072);
#3072 = DEFINITIONAL_REPRESENTATION('',(#3073),#3077);
#3073 = LINE('',#3074,#3075);
#3074 = CARTESIAN_POINT('',(6.28318530718,-0.));
#3075 = VECTOR('',#3076,1.);
#3076 = DIRECTION('',(0.,1.));
#3077 = ( GEOMETRIC_REPRESENTATION_CONTEXT(2) 
PARAMETRIC_REPRESENTATION_CONTEXT() REPRESENTATION_CONTEXT('2D SPACE',''
  ) );
#3078 = PCURVE('',#2156,#3079);
#3079 = DEFINITIONAL_REPRESENTATION('',(#3080),#3084);
#3080 = LINE('',#3081,#3082);
#3081 = CARTESIAN_POINT('',(0.,-0.));
#3082 = VECTOR('',#3083,1.);
#3083 = DIRECTION('',(0.,1.));
#3084 = ( GEOMETRIC_REPRESENTATION_CONTEXT(2) 
PARAMETRIC_REPRESENTATION_CONTEXT() REPRESENTATION_CONTEXT('2D SPACE',''
  ) );
#3085 = ORIENTED_EDGE('',*,*,#2016,.T.);
#3086 = ORIENTED_EDGE('',*,*,#3065,.T.);
#3087 = ADVANCED_FACE('',(#3088),#2372,.F.);
#3088 = FACE_BOUND('',#3089,.F.);
#3089 = EDGE_LOOP('',(#3090,#3091,#3114,#3321));
#3090 = ORIENTED_EDGE('',*,*,#2232,.F.);
#3091 = ORIENTED_EDGE('',*,*,#3092,.F.);
#3092 = EDGE_CURVE('',#3093,#2233,#3095,.T.);
#3093 = VERTEX_POINT('',#3094);
#3094 = CARTESIAN_POINT('',(75.25,-11.55151505214,1.621E+03));
#3095 = SEAM_CURVE('',#3096,(#3100,#3107),.PCURVE_S1.);
#3096 = LINE('',#3097,#3098);
#3097 = CARTESIAN_POINT('',(75.25,30.,1.621E+03));
#3098 = VECTOR('',#3099,1.);
#3099 = DIRECTION('',(0.,-1.,2.22044604925E-16));
#3100 = PCURVE('',#2372,#3101);
#3101 = DEFINITIONAL_REPRESENTATION('',(#3102),#3106);
#3102 = LINE('',#3103,#3104);
#3103 = CARTESIAN_POINT('',(6.28318530718,-0.));
#3104 = VECTOR('',#3105,1.);
#3105 = DIRECTION('',(0.,1.));
#3106 = ( GEOMETRIC_REPRESENTATION_CONTEXT(2) 
PARAMETRIC_REPRESENTATION_CONTEXT() REPRESENTATION_CONTEXT('2D SPACE',''
  ) );
#3107 = PCURVE('',#2372,#3108);
#3108 = DEFINITIONAL_REPRESENTATION('',(#3109),#3113);
#3109 = LINE('',#3110,#3111);
#3110 = CARTESIAN_POINT('',(0.,-0.));
#3111 = VECTOR('',#3112,1.);
#3112 = DIRECTION('',(0.,1.));
#3113 = ( GEOMETRIC_REPRESENTATION_CONTEXT(2) 
PARAMETRIC_REPRESENTATION_CONTEXT() REPRESENTATION_CONTEXT('2D SPACE',''
  ) );
#3114 = ORIENTED_EDGE('',*,*,#3115,.T.);
#3115 = EDGE_CURVE('',#3093,#3093,#3116,.T.);
#3116 = SURFACE_CURVE('',#3117,(#3183,#3252),.PCURVE_S1.);
#3117 = B_SPLINE_CURVE_WITH_KNOTS('',8,(#3118,#3119,#3120,#3121,#3122,
    #3123,#3124,#3125,#3126,#3127,#3128,#3129,#3130,#3131,#3132,#3133,
    #3134,#3135,#3136,#3137,#3138,#3139,#3140,#3141,#3142,#3143,#3144,
    #3145,#3146,#3147,#3148,#3149,#3150,#3151,#3152,#3153,#3154,#3155,
    #3156,#3157,#3158,#3159,#3160,#3161,#3162,#3163,#3164,#3165,#3166,
    #3167,#3168,#3169,#3170,#3171,#3172,#3173,#3174,#3175,#3176,#3177,
    #3178,#3179,#3180,#3181,#3182),.UNSPECIFIED.,.T.,.F.,(9,7,7,7,7,7,7,
    7,7,9),(0.,0.111605809329,0.207700037881,0.298124787147,
    0.412578178097,0.51716966378,0.643198505689,0.73367540982,
    0.81902437966,1.),.UNSPECIFIED.);
#3118 = CARTESIAN_POINT('',(75.25,-11.55151505214,1.621E+03));
#3119 = CARTESIAN_POINT('',(75.25,-11.55151505214,1.62124877477E+03));
#3120 = CARTESIAN_POINT('',(75.22823710771,-11.55763801374,
    1.621497357285E+03));
#3121 = CARTESIAN_POINT('',(75.18476877748,-11.56986772849,
    1.621744566434E+03));
#3122 = CARTESIAN_POINT('',(75.119420080579,-11.58800575281,
    1.621989173281E+03));
#3123 = CARTESIAN_POINT('',(75.031814752954,-11.61166544784,
    1.62222982187E+03));
#3124 = CARTESIAN_POINT('',(74.921403388721,-11.64024427175,
    1.622464931356E+03));
#3125 = CARTESIAN_POINT('',(74.787495883502,-11.67288109034,
    1.622692571317E+03));
#3126 = CARTESIAN_POINT('',(74.493100774813,-11.738992109,
    1.623097771422E+03));
#3127 = CARTESIAN_POINT('',(74.338316991952,-11.77184901017,
    1.623278688899E+03));
#3128 = CARTESIAN_POINT('',(74.164445835766,-11.80620222522,
    1.623451025192E+03));
#3129 = CARTESIAN_POINT('',(73.971122380343,-11.84105186946,
    1.62361246455E+03));
#3130 = CARTESIAN_POINT('',(73.758169414271,-11.87517042649,
    1.623760379555E+03));
#3131 = CARTESIAN_POINT('',(73.525665838557,-11.907109057,
    1.623891788867E+03));
#3132 = CARTESIAN_POINT('',(73.274054517641,-11.93524457349,
    1.624003286822E+03));
#3133 = CARTESIAN_POINT('',(72.750470928534,-11.97921866094,
    1.624173409443E+03));
#3134 = CARTESIAN_POINT('',(72.480941664355,-11.99565371691,
    1.62423464695E+03));
#3135 = CARTESIAN_POINT('',(72.200863149872,-12.00547775325,
    1.624270081722E+03));
#3136 = CARTESIAN_POINT('',(71.916018482018,-12.00749218101,
    1.624277177098E+03));
#3137 = CARTESIAN_POINT('',(71.632485237458,-12.00138039271,
    1.624255326639E+03));
#3138 = CARTESIAN_POINT('',(71.356279051937,-11.98779784138,
    1.624205824117E+03));
#3139 = CARTESIAN_POINT('',(71.093004503441,-11.96821523116,
    1.624131897427E+03));
#3140 = CARTESIAN_POINT('',(70.536834686692,-11.91455328869,
    1.623920970037E+03));
#3141 = CARTESIAN_POINT('',(70.253180763825,-11.87786233223,
    1.623771868032E+03));
#3142 = CARTESIAN_POINT('',(69.99743967144,-11.83729009561,
    1.623598030767E+03));
#3143 = CARTESIAN_POINT('',(69.769555976074,-11.79539914374,
    1.623404706216E+03));
#3144 = CARTESIAN_POINT('',(69.568956088247,-11.75428289831,
    1.623196150841E+03));
#3145 = CARTESIAN_POINT('',(69.394810491968,-11.7155593151,
    1.622975820364E+03));
#3146 = CARTESIAN_POINT('',(69.246204435638,-11.68044979911,
    1.622746491617E+03));
#3147 = CARTESIAN_POINT('',(69.009010419001,-11.6218583405,
    1.622294556177E+03));
#3148 = CARTESIAN_POINT('',(68.916100310704,-11.59757259736,
    1.622072589442E+03));
#3149 = CARTESIAN_POINT('',(68.843017226597,-11.57767612165,
    1.621846027048E+03));
#3150 = CARTESIAN_POINT('',(68.789355404363,-11.56266817801,
    1.621616201717E+03));
#3151 = CARTESIAN_POINT('',(68.754828104337,-11.55287552289,
    1.621384273457E+03));
#3152 = CARTESIAN_POINT('',(68.739275889699,-11.54846986995,
    1.621151299202E+03));
#3153 = CARTESIAN_POINT('',(68.742678767019,-11.54947635118,
    1.620918300569E+03));
#3154 = CARTESIAN_POINT('',(68.792275920071,-11.56336016929,
    1.620406813574E+03));
#3155 = CARTESIAN_POINT('',(68.847042176707,-11.57861257005,
    1.620129351998E+03));
#3156 = CARTESIAN_POINT('',(68.929543731012,-11.60127130601,
    1.619855474221E+03));
#3157 = CARTESIAN_POINT('',(69.040306406164,-11.63080350695,
    1.619586942101E+03));
#3158 = CARTESIAN_POINT('',(69.18021512354,-11.66637125478,
    1.61932590833E+03));
#3159 = CARTESIAN_POINT('',(69.350416868682,-11.70673100307,
    1.61907512472E+03));
#3160 = CARTESIAN_POINT('',(69.55218364163,-11.7501118761,
    1.618838227535E+03));
#3161 = CARTESIAN_POINT('',(69.955058132188,-11.82571587501,
    1.618463550958E+03));
#3162 = CARTESIAN_POINT('',(70.142122161875,-11.8579768754,
    1.618314964298E+03));
#3163 = CARTESIAN_POINT('',(70.347589941151,-11.88977428618,
    1.618177838767E+03));
#3164 = CARTESIAN_POINT('',(70.570669703672,-11.91976186608,
    1.618055471499E+03));
#3165 = CARTESIAN_POINT('',(70.810128704807,-11.94648767676,
    1.617950984511E+03));
#3166 = CARTESIAN_POINT('',(71.064320651582,-11.96851509405,
    1.617867335246E+03));
#3167 = CARTESIAN_POINT('',(71.331190381343,-11.98455426086,
    1.61780733799E+03));
#3168 = CARTESIAN_POINT('',(71.869618038061,-12.0021407943,
    1.617741961037E+03));
#3169 = CARTESIAN_POINT('',(72.134748122505,-12.00428436292,
    1.617734322614E+03));
#3170 = CARTESIAN_POINT('',(72.399529878586,-11.99959101232,
    1.617751554397E+03));
#3171 = CARTESIAN_POINT('',(72.659760887336,-11.9881609088,
    1.61779328735E+03));
#3172 = CARTESIAN_POINT('',(72.911361442047,-11.97070007392,
    1.617858059786E+03));
#3173 = CARTESIAN_POINT('',(73.150572684655,-11.94842477534,
    1.617943326403E+03));
#3174 = CARTESIAN_POINT('',(73.374136042032,-11.92286230198,
    1.618045438071E+03));
#3175 = CARTESIAN_POINT('',(74.014789529665,-11.83779913015,
    1.618401683331E+03));
#3176 = CARTESIAN_POINT('',(74.380466613173,-11.7707159402,
    1.618704857439E+03));
#3177 = CARTESIAN_POINT('',(74.677248720925,-11.70427519513,
    1.619047690321E+03));
#3178 = CARTESIAN_POINT('',(74.909039438586,-11.64575035108,
    1.619416375515E+03));
#3179 = CARTESIAN_POINT('',(75.079857285483,-11.59938093507,
    1.619801426757E+03));
#3180 = CARTESIAN_POINT('',(75.192945352718,-11.56756794121,
    1.620196455069E+03));
#3181 = CARTESIAN_POINT('',(75.25,-11.55151505214,1.620597199534E+03));
#3182 = CARTESIAN_POINT('',(75.25,-11.55151505214,1.621E+03));
#3183 = PCURVE('',#2372,#3184);
#3184 = DEFINITIONAL_REPRESENTATION('',(#3185),#3251);
#3185 = B_SPLINE_CURVE_WITH_KNOTS('',8,(#3186,#3187,#3188,#3189,#3190,
    #3191,#3192,#3193,#3194,#3195,#3196,#3197,#3198,#3199,#3200,#3201,
    #3202,#3203,#3204,#3205,#3206,#3207,#3208,#3209,#3210,#3211,#3212,
    #3213,#3214,#3215,#3216,#3217,#3218,#3219,#3220,#3221,#3222,#3223,
    #3224,#3225,#3226,#3227,#3228,#3229,#3230,#3231,#3232,#3233,#3234,
    #3235,#3236,#3237,#3238,#3239,#3240,#3241,#3242,#3243,#3244,#3245,
    #3246,#3247,#3248,#3249,#3250),.UNSPECIFIED.,.F.,.F.,(9,7,7,7,7,7,7,
    7,7,9),(0.,0.111605809329,0.207700037881,0.298124787147,
    0.412578178097,0.51716966378,0.643198505689,0.73367540982,
    0.81902437966,1.),.UNSPECIFIED.);
#3186 = CARTESIAN_POINT('',(0.,41.551515052148));
#3187 = CARTESIAN_POINT('',(7.654608312453E-02,41.551515052148));
#3188 = CARTESIAN_POINT('',(0.153032967884,41.557638013745));
#3189 = CARTESIAN_POINT('',(0.229780911182,41.569867728497));
#3190 = CARTESIAN_POINT('',(0.307090276733,41.588005752819));
#3191 = CARTESIAN_POINT('',(0.385265902712,41.61166544784));
#3192 = CARTESIAN_POINT('',(0.464625128974,41.640244271754));
#3193 = CARTESIAN_POINT('',(0.545509296371,41.67288109034));
#3194 = CARTESIAN_POINT('',(0.699618488483,41.738992109008));
#3195 = CARTESIAN_POINT('',(0.772647614053,41.771849010171));
#3196 = CARTESIAN_POINT('',(0.847545471848,41.806202225228));
#3197 = CARTESIAN_POINT('',(0.924465222245,41.841051869469));
#3198 = CARTESIAN_POINT('',(1.003589342986,41.875170426492));
#3199 = CARTESIAN_POINT('',(1.085134664948,41.907109057008));
#3200 = CARTESIAN_POINT('',(1.169365927848,41.93524457349));
#3201 = CARTESIAN_POINT('',(1.338759270979,41.979218660944));
#3202 = CARTESIAN_POINT('',(1.423454931831,41.995653716916));
#3203 = CARTESIAN_POINT('',(1.509628253017,42.005477753249));
#3204 = CARTESIAN_POINT('',(1.596412214022,42.007492181013));
#3205 = CARTESIAN_POINT('',(1.683031757469,42.00138039271));
#3206 = CARTESIAN_POINT('',(1.768699640361,41.987797841388));
#3207 = CARTESIAN_POINT('',(1.852509137009,41.968215231164));
#3208 = CARTESIAN_POINT('',(2.035531812522,41.914553288694));
#3209 = CARTESIAN_POINT('',(2.133406930626,41.877862332238));
#3210 = CARTESIAN_POINT('',(2.227577715362,41.837290095611));
#3211 = CARTESIAN_POINT('',(2.318537129658,41.795399143749));
#3212 = CARTESIAN_POINT('',(2.40671027661,41.754282898318));
#3213 = CARTESIAN_POINT('',(2.492483251938,41.715559315101));
#3214 = CARTESIAN_POINT('',(2.576212578871,41.680449799118));
#3215 = CARTESIAN_POINT('',(2.733258275622,41.621858340501));
#3216 = CARTESIAN_POINT('',(2.807018361994,41.597572597368));
#3217 = CARTESIAN_POINT('',(2.879836789961,41.577676121654));
#3218 = CARTESIAN_POINT('',(2.951965418584,41.562668178012));
#3219 = CARTESIAN_POINT('',(3.023639047606,41.552875522897));
#3220 = CARTESIAN_POINT('',(3.09508803664,41.548469869959));
#3221 = CARTESIAN_POINT('',(3.166546637966,41.549476351185));
#3222 = CARTESIAN_POINT('',(3.32466540812,41.563360169299));
#3223 = CARTESIAN_POINT('',(3.411265845133,41.578612570053));
#3224 = CARTESIAN_POINT('',(3.498576267632,41.601271306012));
#3225 = CARTESIAN_POINT('',(3.587072049051,41.630803506957));
#3226 = CARTESIAN_POINT('',(3.677241782797,41.666371254787));
#3227 = CARTESIAN_POINT('',(3.769597949229,41.706731003075));
#3228 = CARTESIAN_POINT('',(3.864699074081,41.750111876109));
#3229 = CARTESIAN_POINT('',(4.033983091498,41.825715875014));
#3230 = CARTESIAN_POINT('',(4.107266732677,41.857976875403));
#3231 = CARTESIAN_POINT('',(4.182833972601,41.889774286188));
#3232 = CARTESIAN_POINT('',(4.260519659504,41.919761866089));
#3233 = CARTESIAN_POINT('',(4.340231603459,41.946487676766));
#3234 = CARTESIAN_POINT('',(4.421940911578,41.96851509405));
#3235 = CARTESIAN_POINT('',(4.505681458718,41.984554260867));
#3236 = CARTESIAN_POINT('',(4.672568299909,42.002140794305));
#3237 = CARTESIAN_POINT('',(4.753835191332,42.004284362921));
#3238 = CARTESIAN_POINT('',(4.834883851658,41.999591012322));
#3239 = CARTESIAN_POINT('',(4.915274730473,41.988160908807));
#3240 = CARTESIAN_POINT('',(4.994554163637,41.970700073922));
#3241 = CARTESIAN_POINT('',(5.072206497239,41.948424775347));
#3242 = CARTESIAN_POINT('',(5.147594834428,41.922862301981));
#3243 = CARTESIAN_POINT('',(5.373145589927,41.83779913015));
#3244 = CARTESIAN_POINT('',(5.516816530294,41.770715940201));
#3245 = CARTESIAN_POINT('',(5.653370732847,41.704275195137));
#3246 = CARTESIAN_POINT('',(5.784427533902,41.645750351081));
#3247 = CARTESIAN_POINT('',(5.911496095869,41.599380935078));
#3248 = CARTESIAN_POINT('',(6.035940000643,41.567567941215));
#3249 = CARTESIAN_POINT('',(6.159246702277,41.551515052148));
#3250 = CARTESIAN_POINT('',(6.28318530718,41.551515052148));
#3251 = ( GEOMETRIC_REPRESENTATION_CONTEXT(2) 
PARAMETRIC_REPRESENTATION_CONTEXT() REPRESENTATION_CONTEXT('2D SPACE',''
  ) );
#3252 = PCURVE('',#2811,#3253);
#3253 = DEFINITIONAL_REPRESENTATION('',(#3254),#3320);
#3254 = B_SPLINE_CURVE_WITH_KNOTS('',8,(#3255,#3256,#3257,#3258,#3259,
    #3260,#3261,#3262,#3263,#3264,#3265,#3266,#3267,#3268,#3269,#3270,
    #3271,#3272,#3273,#3274,#3275,#3276,#3277,#3278,#3279,#3280,#3281,
    #3282,#3283,#3284,#3285,#3286,#3287,#3288,#3289,#3290,#3291,#3292,
    #3293,#3294,#3295,#3296,#3297,#3298,#3299,#3300,#3301,#3302,#3303,
    #3304,#3305,#3306,#3307,#3308,#3309,#3310,#3311,#3312,#3313,#3314,
    #3315,#3316,#3317,#3318,#3319),.UNSPECIFIED.,.T.,.F.,(9,7,7,7,7,7,7,
    7,7,9),(0.,0.111605809329,0.207700037881,0.298124787147,
    0.412578178097,0.51716966378,0.643198505689,0.73367540982,
    0.81902437966,1.),.UNSPECIFIED.);
#3255 = CARTESIAN_POINT('',(4.986647593873,41.));
#3256 = CARTESIAN_POINT('',(4.986647593873,41.248774770155));
#3257 = CARTESIAN_POINT('',(4.984763608912,41.497357285102));
#3258 = CARTESIAN_POINT('',(4.981000606387,41.744566433579));
#3259 = CARTESIAN_POINT('',(4.975349053161,41.989173281448));
#3260 = CARTESIAN_POINT('',(4.967787457091,42.229821870286));
#3261 = CARTESIAN_POINT('',(4.958284512616,42.464931355654));
#3262 = CARTESIAN_POINT('',(4.946800792833,42.692571316848));
#3263 = CARTESIAN_POINT('',(4.921656881099,43.097771421923));
#3264 = CARTESIAN_POINT('',(4.90847172251,43.278688899483));
#3265 = CARTESIAN_POINT('',(4.89370490701,43.4510251916));
#3266 = CARTESIAN_POINT('',(4.877339848954,43.612464550281));
#3267 = CARTESIAN_POINT('',(4.859375201299,43.760379554677));
#3268 = CARTESIAN_POINT('',(4.839827613479,43.891788867469));
#3269 = CARTESIAN_POINT('',(4.818737343114,44.003286821918));
#3270 = CARTESIAN_POINT('',(4.774951762729,44.173409442644));
#3271 = CARTESIAN_POINT('',(4.752455164119,44.234646950036));
#3272 = CARTESIAN_POINT('',(4.729114085343,44.270081722273));
#3273 = CARTESIAN_POINT('',(4.705395233785,44.27717709768));
#3274 = CARTESIAN_POINT('',(4.681780361445,44.25532663896));
#3275 = CARTESIAN_POINT('',(4.658747617425,44.205824117092));
#3276 = CARTESIAN_POINT('',(4.636752765739,44.131897426706));
#3277 = CARTESIAN_POINT('',(4.590190048988,43.920970037382));
#3278 = CARTESIAN_POINT('',(4.566367856167,43.771868032187));
#3279 = CARTESIAN_POINT('',(4.544803007603,43.598030766599));
#3280 = CARTESIAN_POINT('',(4.525503876441,43.404706215558));
#3281 = CARTESIAN_POINT('',(4.508444705226,43.196150841285));
#3282 = CARTESIAN_POINT('',(4.493580412942,42.975820363821));
#3283 = CARTESIAN_POINT('',(4.480856286125,42.746491616825));
#3284 = CARTESIAN_POINT('',(4.460495996522,42.294556176729));
#3285 = CARTESIAN_POINT('',(4.452494078894,42.072589441651));
#3286 = CARTESIAN_POINT('',(4.446182537849,41.846027048088));
#3287 = CARTESIAN_POINT('',(4.441539152978,41.616201717144));
#3288 = CARTESIAN_POINT('',(4.438548360272,41.38427345739));
#3289 = CARTESIAN_POINT('',(4.437201371379,41.151299201568));
#3290 = CARTESIAN_POINT('',(4.437497052324,40.918300569477));
#3291 = CARTESIAN_POINT('',(4.441789032892,40.406813574052));
#3292 = CARTESIAN_POINT('',(4.446526569495,40.129351997684));
#3293 = CARTESIAN_POINT('',(4.453656218995,39.85547422136));
#3294 = CARTESIAN_POINT('',(4.463208381284,39.586942101126));
#3295 = CARTESIAN_POINT('',(4.47523639772,39.325908330415));
#3296 = CARTESIAN_POINT('',(4.48980885489,39.075124720213));
#3297 = CARTESIAN_POINT('',(4.50700105406,38.838227534838));
#3298 = CARTESIAN_POINT('',(4.541159977958,38.463550958212));
#3299 = CARTESIAN_POINT('',(4.556977018938,38.314964298323));
#3300 = CARTESIAN_POINT('',(4.574298833782,38.177838767359));
#3301 = CARTESIAN_POINT('',(4.593048042259,38.05547149868));
#3302 = CARTESIAN_POINT('',(4.613115671817,37.950984510526));
#3303 = CARTESIAN_POINT('',(4.634365841926,37.867335246347));
#3304 = CARTESIAN_POINT('',(4.656636731333,37.807337990482));
#3305 = CARTESIAN_POINT('',(4.701529630709,37.741961036582));
#3306 = CARTESIAN_POINT('',(4.723617870935,37.734322614418));
#3307 = CARTESIAN_POINT('',(4.745674212279,37.7515543967));
#3308 = CARTESIAN_POINT('',(4.767366659744,37.793287350486));
#3309 = CARTESIAN_POINT('',(4.788371569253,37.858059785857));
#3310 = CARTESIAN_POINT('',(4.808384621948,37.943326403427));
#3311 = CARTESIAN_POINT('',(4.827133189082,38.045438071375));
#3312 = CARTESIAN_POINT('',(4.880989520239,38.40168333093));
#3313 = CARTESIAN_POINT('',(4.911933255813,38.704857438582));
#3314 = CARTESIAN_POINT('',(4.937253614219,39.04769032099));
#3315 = CARTESIAN_POINT('',(4.957169716352,39.416375515403));
#3316 = CARTESIAN_POINT('',(4.971918470807,39.801426756506));
#3317 = CARTESIAN_POINT('',(4.981708462222,40.196455068793));
#3318 = CARTESIAN_POINT('',(4.986647593873,40.597199534066));
#3319 = CARTESIAN_POINT('',(4.986647593873,41.));
#3320 = ( GEOMETRIC_REPRESENTATION_CONTEXT(2) 
PARAMETRIC_REPRESENTATION_CONTEXT() REPRESENTATION_CONTEXT('2D SPACE',''
  ) );
#3321 = ORIENTED_EDGE('',*,*,#3092,.T.);
#3322 = ADVANCED_FACE('',(#3323),#2558,.F.);
#3323 = FACE_BOUND('',#3324,.F.);
#3324 = EDGE_LOOP('',(#3325,#3489,#3510,#3511));
#3325 = ORIENTED_EDGE('',*,*,#3326,.F.);
#3326 = EDGE_CURVE('',#3327,#3327,#3329,.T.);
#3327 = VERTEX_POINT('',#3328);
#3328 = CARTESIAN_POINT('',(74.65,11.703738718888,2.991E+03));
#3329 = SURFACE_CURVE('',#3330,(#3381,#3435),.PCURVE_S1.);
#3330 = B_SPLINE_CURVE_WITH_KNOTS('',7,(#3331,#3332,#3333,#3334,#3335,
    #3336,#3337,#3338,#3339,#3340,#3341,#3342,#3343,#3344,#3345,#3346,
    #3347,#3348,#3349,#3350,#3351,#3352,#3353,#3354,#3355,#3356,#3357,
    #3358,#3359,#3360,#3361,#3362,#3363,#3364,#3365,#3366,#3367,#3368,
    #3369,#3370,#3371,#3372,#3373,#3374,#3375,#3376,#3377,#3378,#3379,
    #3380),.UNSPECIFIED.,.T.,.F.,(8,6,6,6,6,6,6,6,8),(0.,0.136497633331,
    0.25546828081,0.366203333084,0.501746153772,0.637291309254,
    0.755431781854,0.865394127073,1.),.UNSPECIFIED.);
#3331 = CARTESIAN_POINT('',(74.65,11.703738718888,2.991E+03));
#3332 = CARTESIAN_POINT('',(74.65,11.703738718888,2.991280489382E+03));
#3333 = CARTESIAN_POINT('',(74.615364592676,11.711580917745,
    2.99156055867E+03));
#3334 = CARTESIAN_POINT('',(74.546272787929,11.727225266805,
    2.991837676467E+03));
#3335 = CARTESIAN_POINT('',(74.441961686626,11.750164005877,
    2.992109057358E+03));
#3336 = CARTESIAN_POINT('',(74.300980364218,11.779391029083,
    2.992371190645E+03));
#3337 = CARTESIAN_POINT('',(74.121417200579,11.813096370735,
    2.992619217712E+03));
#3338 = CARTESIAN_POINT('',(73.709623322819,11.87917973863,
    2.993043400698E+03));
#3339 = CARTESIAN_POINT('',(73.481378699711,11.912092758006,
    2.993230605959E+03));
#3340 = CARTESIAN_POINT('',(73.217644172028,11.944486975411,
    2.993395179548E+03));
#3341 = CARTESIAN_POINT('',(72.922493188364,11.97264327315,
    2.993526731768E+03));
#3342 = CARTESIAN_POINT('',(72.602390579486,11.99268926959,
    2.993616840554E+03));
#3343 = CARTESIAN_POINT('',(72.265526929014,12.001994606438,
    2.993659036198E+03));
#3344 = CARTESIAN_POINT('',(71.60123323043,11.997647357745,
    2.993639342316E+03));
#3345 = CARTESIAN_POINT('',(71.291467571168,11.985648924403,
    2.99358495084E+03));
#3346 = CARTESIAN_POINT('',(70.999243685073,11.964962346341,
    2.99349050993E+03));
#3347 = CARTESIAN_POINT('',(70.730331515687,11.93799863498,
    2.993361893421E+03));
#3348 = CARTESIAN_POINT('',(70.489131826386,11.9078119229,
    2.993206048871E+03));
#3349 = CARTESIAN_POINT('',(70.278350261228,11.877249777761,
    2.993031012459E+03));
#3350 = CARTESIAN_POINT('',(69.878593451126,11.813098080087,
    2.992619228684E+03));
#3351 = CARTESIAN_POINT('',(69.699018563063,11.779391325533,
    2.992371195672E+03));
#3352 = CARTESIAN_POINT('',(69.558030662264,11.750162280127,
    2.992109047356E+03));
#3353 = CARTESIAN_POINT('',(69.453721683748,11.727224028964,
    2.991837659077E+03));
#3354 = CARTESIAN_POINT('',(69.384634220938,11.711580646753,
    2.991560544549E+03));
#3355 = CARTESIAN_POINT('',(69.35,11.703738718888,2.99128048455E+03));
#3356 = CARTESIAN_POINT('',(69.35,11.703738718888,2.990719510618E+03));
#3357 = CARTESIAN_POINT('',(69.384635407325,11.711580917745,
    2.99043944133E+03));
#3358 = CARTESIAN_POINT('',(69.45372721207,11.727225266805,
    2.990162323533E+03));
#3359 = CARTESIAN_POINT('',(69.558038313375,11.750164005877,
    2.989890942642E+03));
#3360 = CARTESIAN_POINT('',(69.699019635781,11.779391029083,
    2.989628809355E+03));
#3361 = CARTESIAN_POINT('',(69.878582799422,11.813096370735,
    2.989380782288E+03));
#3362 = CARTESIAN_POINT('',(70.29037667718,11.87917973863,
    2.988956599302E+03));
#3363 = CARTESIAN_POINT('',(70.51862130029,11.912092758007,
    2.988769394041E+03));
#3364 = CARTESIAN_POINT('',(70.782355827971,11.944486975411,
    2.988604820452E+03));
#3365 = CARTESIAN_POINT('',(71.077506811636,11.97264327315,
    2.988473268232E+03));
#3366 = CARTESIAN_POINT('',(71.397609420512,11.99268926959,
    2.988383159446E+03));
#3367 = CARTESIAN_POINT('',(71.734473070986,12.001994606438,
    2.988340963802E+03));
#3368 = CARTESIAN_POINT('',(72.39876676957,11.997647357745,
    2.988360657684E+03));
#3369 = CARTESIAN_POINT('',(72.708532428831,11.985648924403,
    2.98841504916E+03));
#3370 = CARTESIAN_POINT('',(73.000756314929,11.964962346341,
    2.98850949007E+03));
#3371 = CARTESIAN_POINT('',(73.269668484312,11.93799863498,
    2.988638106579E+03));
#3372 = CARTESIAN_POINT('',(73.510868173615,11.9078119229,
    2.988793951129E+03));
#3373 = CARTESIAN_POINT('',(73.721649738772,11.877249777761,
    2.988968987541E+03));
#3374 = CARTESIAN_POINT('',(74.121421043567,11.813095754025,
    2.989380786247E+03));
#3375 = CARTESIAN_POINT('',(74.300978042338,11.779391234661,
    2.989628809098E+03));
#3376 = CARTESIAN_POINT('',(74.441960680917,11.750164490286,
    2.989890939146E+03));
#3377 = CARTESIAN_POINT('',(74.54627723209,11.727224247254,
    2.990162326862E+03));
#3378 = CARTESIAN_POINT('',(74.615370454999,11.711579593656,
    2.990439459551E+03));
#3379 = CARTESIAN_POINT('',(74.65,11.703738718888,2.990719534242E+03));
#3380 = CARTESIAN_POINT('',(74.65,11.703738718888,2.991E+03));
#3381 = PCURVE('',#2558,#3382);
#3382 = DEFINITIONAL_REPRESENTATION('',(#3383),#3434);
#3383 = B_SPLINE_CURVE_WITH_KNOTS('',7,(#3384,#3385,#3386,#3387,#3388,
    #3389,#3390,#3391,#3392,#3393,#3394,#3395,#3396,#3397,#3398,#3399,
    #3400,#3401,#3402,#3403,#3404,#3405,#3406,#3407,#3408,#3409,#3410,
    #3411,#3412,#3413,#3414,#3415,#3416,#3417,#3418,#3419,#3420,#3421,
    #3422,#3423,#3424,#3425,#3426,#3427,#3428,#3429,#3430,#3431,#3432,
    #3433),.UNSPECIFIED.,.F.,.F.,(8,6,6,6,6,6,6,6,8),(0.,0.136497633331,
    0.25546828081,0.366203333084,0.501746153772,0.637291309254,
    0.755431781854,0.865394127073,1.),.UNSPECIFIED.);
#3384 = CARTESIAN_POINT('',(0.,18.296261281112));
#3385 = CARTESIAN_POINT('',(0.105845049731,18.296261281112));
#3386 = CARTESIAN_POINT('',(0.211531260734,18.288419082255));
#3387 = CARTESIAN_POINT('',(0.31804225401,18.272774733195));
#3388 = CARTESIAN_POINT('',(0.426231717944,18.249835994123));
#3389 = CARTESIAN_POINT('',(0.537027784854,18.220608970917));
#3390 = CARTESIAN_POINT('',(0.651381263993,18.186903629265));
#3391 = CARTESIAN_POINT('',(0.874471762251,18.12082026137));
#3392 = CARTESIAN_POINT('',(0.98515313165,18.087907241994));
#3393 = CARTESIAN_POINT('',(1.100865513551,18.055513024589));
#3394 = CARTESIAN_POINT('',(1.22064131423,18.02735672685));
#3395 = CARTESIAN_POINT('',(1.343954315928,18.00731073041));
#3396 = CARTESIAN_POINT('',(1.470544781779,17.998005393562));
#3397 = CARTESIAN_POINT('',(1.721331785665,18.002352642255));
#3398 = CARTESIAN_POINT('',(1.838781345737,18.014351075597));
#3399 = CARTESIAN_POINT('',(1.952948435464,18.035037653659));
#3400 = CARTESIAN_POINT('',(2.063736727219,18.06200136502));
#3401 = CARTESIAN_POINT('',(2.170839999909,18.0921880771));
#3402 = CARTESIAN_POINT('',(2.273636236204,18.122750222239));
#3403 = CARTESIAN_POINT('',(2.490205619005,18.186901919913));
#3404 = CARTESIAN_POINT('',(2.60456377881,18.220608674467));
#3405 = CARTESIAN_POINT('',(2.715365302194,18.249837719873));
#3406 = CARTESIAN_POINT('',(2.823557103671,18.272775971036));
#3407 = CARTESIAN_POINT('',(2.930066708974,18.288419353247));
#3408 = CARTESIAN_POINT('',(3.035749427063,18.296261281112));
#3409 = CARTESIAN_POINT('',(3.24743770332,18.296261281112));
#3410 = CARTESIAN_POINT('',(3.353123914325,18.288419082255));
#3411 = CARTESIAN_POINT('',(3.459634907598,18.272774733195));
#3412 = CARTESIAN_POINT('',(3.567824371535,18.249835994123));
#3413 = CARTESIAN_POINT('',(3.678620438443,18.220608970917));
#3414 = CARTESIAN_POINT('',(3.792973917583,18.186903629265));
#3415 = CARTESIAN_POINT('',(4.016064415841,18.12082026137));
#3416 = CARTESIAN_POINT('',(4.126745785241,18.087907241993));
#3417 = CARTESIAN_POINT('',(4.24245816714,18.055513024589));
#3418 = CARTESIAN_POINT('',(4.36223396782,18.02735672685));
#3419 = CARTESIAN_POINT('',(4.485546969517,18.00731073041));
#3420 = CARTESIAN_POINT('',(4.612137435369,17.998005393562));
#3421 = CARTESIAN_POINT('',(4.862924439255,18.002352642255));
#3422 = CARTESIAN_POINT('',(4.980373999326,18.014351075597));
#3423 = CARTESIAN_POINT('',(5.094541089055,18.035037653659));
#3424 = CARTESIAN_POINT('',(5.205329380808,18.06200136502));
#3425 = CARTESIAN_POINT('',(5.312432653499,18.0921880771));
#3426 = CARTESIAN_POINT('',(5.415228889794,18.122750222239));
#3427 = CARTESIAN_POINT('',(5.631806125136,18.186904245975));
#3428 = CARTESIAN_POINT('',(5.746156847852,18.220608765339));
#3429 = CARTESIAN_POINT('',(5.856952492827,18.249835509714));
#3430 = CARTESIAN_POINT('',(5.965144766461,18.272775752746));
#3431 = CARTESIAN_POINT('',(6.071660926558,18.288420406344));
#3432 = CARTESIAN_POINT('',(6.177349171973,18.296261281112));
#3433 = CARTESIAN_POINT('',(6.28318530718,18.296261281112));
#3434 = ( GEOMETRIC_REPRESENTATION_CONTEXT(2) 
PARAMETRIC_REPRESENTATION_CONTEXT() REPRESENTATION_CONTEXT('2D SPACE',''
  ) );
#3435 = PCURVE('',#2811,#3436);
#3436 = DEFINITIONAL_REPRESENTATION('',(#3437),#3488);
#3437 = B_SPLINE_CURVE_WITH_KNOTS('',7,(#3438,#3439,#3440,#3441,#3442,
    #3443,#3444,#3445,#3446,#3447,#3448,#3449,#3450,#3451,#3452,#3453,
    #3454,#3455,#3456,#3457,#3458,#3459,#3460,#3461,#3462,#3463,#3464,
    #3465,#3466,#3467,#3468,#3469,#3470,#3471,#3472,#3473,#3474,#3475,
    #3476,#3477,#3478,#3479,#3480,#3481,#3482,#3483,#3484,#3485,#3486,
    #3487),.UNSPECIFIED.,.T.,.F.,(8,6,6,6,6,6,6,6,8),(0.,0.136497633331,
    0.25546828081,0.366203333084,0.501746153772,0.637291309254,
    0.755431781854,0.865394127073,1.),.UNSPECIFIED.);
#3438 = CARTESIAN_POINT('',(1.348127511005,1.411E+03));
#3439 = CARTESIAN_POINT('',(1.348127511005,1.411280489382E+03));
#3440 = CARTESIAN_POINT('',(1.351086852813,1.41156055867E+03));
#3441 = CARTESIAN_POINT('',(1.356990270295,1.411837676467E+03));
#3442 = CARTESIAN_POINT('',(1.365890342271,1.412109057358E+03));
#3443 = CARTESIAN_POINT('',(1.377886737817,1.412371190645E+03));
#3444 = CARTESIAN_POINT('',(1.393106352097,1.412619217712E+03));
#3445 = CARTESIAN_POINT('',(1.427861568459,1.413043400698E+03));
#3446 = CARTESIAN_POINT('',(1.447076221904,1.413230605959E+03));
#3447 = CARTESIAN_POINT('',(1.469211310468,1.413395179548E+03));
#3448 = CARTESIAN_POINT('',(1.493900200385,1.413526731768E+03));
#3449 = CARTESIAN_POINT('',(1.520602177104,1.413616840554E+03));
#3450 = CARTESIAN_POINT('',(1.548668515485,1.413659036198E+03));
#3451 = CARTESIAN_POINT('',(1.604027509068,1.413639342316E+03));
#3452 = CARTESIAN_POINT('',(1.62984732205,1.41358495084E+03));
#3453 = CARTESIAN_POINT('',(1.654241019219,1.41349050993E+03));
#3454 = CARTESIAN_POINT('',(1.676748926627,1.413361893421E+03));
#3455 = CARTESIAN_POINT('',(1.69699934533,1.413206048871E+03));
#3456 = CARTESIAN_POINT('',(1.714746109178,1.413031012459E+03));
#3457 = CARTESIAN_POINT('',(1.748485402494,1.412619228684E+03));
#3458 = CARTESIAN_POINT('',(1.763705999906,1.412371195672E+03));
#3459 = CARTESIAN_POINT('',(1.775702963228,1.412109047356E+03));
#3460 = CARTESIAN_POINT('',(1.784602856261,1.411837659077E+03));
#3461 = CARTESIAN_POINT('',(1.790505901954,1.411560544549E+03));
#3462 = CARTESIAN_POINT('',(1.793465142585,1.41128048455E+03));
#3463 = CARTESIAN_POINT('',(1.793465142585,1.410719510618E+03));
#3464 = CARTESIAN_POINT('',(1.790505800777,1.41043944133E+03));
#3465 = CARTESIAN_POINT('',(1.784602383295,1.410162323533E+03));
#3466 = CARTESIAN_POINT('',(1.775702311319,1.409890942642E+03));
#3467 = CARTESIAN_POINT('',(1.763705915772,1.409628809355E+03));
#3468 = CARTESIAN_POINT('',(1.748486301493,1.409380782288E+03));
#3469 = CARTESIAN_POINT('',(1.713731085131,1.408956599302E+03));
#3470 = CARTESIAN_POINT('',(1.694516431686,1.408769394041E+03));
#3471 = CARTESIAN_POINT('',(1.672381343122,1.408604820452E+03));
#3472 = CARTESIAN_POINT('',(1.647692453205,1.408473268232E+03));
#3473 = CARTESIAN_POINT('',(1.620990476486,1.408383159446E+03));
#3474 = CARTESIAN_POINT('',(1.592924138104,1.408340963802E+03));
#3475 = CARTESIAN_POINT('',(1.537565144522,1.408360657684E+03));
#3476 = CARTESIAN_POINT('',(1.51174533154,1.40841504916E+03));
#3477 = CARTESIAN_POINT('',(1.48735163437,1.40850949007E+03));
#3478 = CARTESIAN_POINT('',(1.464843726963,1.408638106579E+03));
#3479 = CARTESIAN_POINT('',(1.444593308259,1.408793951129E+03));
#3480 = CARTESIAN_POINT('',(1.426846544411,1.408968987541E+03));
#3481 = CARTESIAN_POINT('',(1.39310602775,1.409380786247E+03));
#3482 = CARTESIAN_POINT('',(1.377886931383,1.409628809098E+03));
#3483 = CARTESIAN_POINT('',(1.365890431833,1.409890939146E+03));
#3484 = CARTESIAN_POINT('',(1.356989890922,1.410162326862E+03));
#3485 = CARTESIAN_POINT('',(1.351086351819,1.410439459551E+03));
#3486 = CARTESIAN_POINT('',(1.348127511005,1.410719534242E+03));
#3487 = CARTESIAN_POINT('',(1.348127511005,1.411E+03));
#3488 = ( GEOMETRIC_REPRESENTATION_CONTEXT(2) 
PARAMETRIC_REPRESENTATION_CONTEXT() REPRESENTATION_CONTEXT('2D SPACE',''
  ) );
#3489 = ORIENTED_EDGE('',*,*,#3490,.F.);
#3490 = EDGE_CURVE('',#2449,#3327,#3491,.T.);
#3491 = SEAM_CURVE('',#3492,(#3496,#3503),.PCURVE_S1.);
#3492 = LINE('',#3493,#3494);
#3493 = CARTESIAN_POINT('',(74.65,30.,2.991E+03));
#3494 = VECTOR('',#3495,1.);
#3495 = DIRECTION('',(0.,-1.,2.22044604925E-16));
#3496 = PCURVE('',#2558,#3497);
#3497 = DEFINITIONAL_REPRESENTATION('',(#3498),#3502);
#3498 = LINE('',#3499,#3500);
#3499 = CARTESIAN_POINT('',(6.28318530718,-0.));
#3500 = VECTOR('',#3501,1.);
#3501 = DIRECTION('',(0.,1.));
#3502 = ( GEOMETRIC_REPRESENTATION_CONTEXT(2) 
PARAMETRIC_REPRESENTATION_CONTEXT() REPRESENTATION_CONTEXT('2D SPACE',''
  ) );
#3503 = PCURVE('',#2558,#3504);
#3504 = DEFINITIONAL_REPRESENTATION('',(#3505),#3509);
#3505 = LINE('',#3506,#3507);
#3506 = CARTESIAN_POINT('',(0.,-0.));
#3507 = VECTOR('',#3508,1.);
#3508 = DIRECTION('',(0.,1.));
#3509 = ( GEOMETRIC_REPRESENTATION_CONTEXT(2) 
PARAMETRIC_REPRESENTATION_CONTEXT() REPRESENTATION_CONTEXT('2D SPACE',''
  ) );
#3510 = ORIENTED_EDGE('',*,*,#2448,.T.);
#3511 = ORIENTED_EDGE('',*,*,#3490,.T.);
#3512 = ADVANCED_FACE('',(#3513),#2729,.F.);
#3513 = FACE_BOUND('',#3514,.F.);
#3514 = EDGE_LOOP('',(#3515,#3516,#3539,#3701));
#3515 = ORIENTED_EDGE('',*,*,#2619,.F.);
#3516 = ORIENTED_EDGE('',*,*,#3517,.F.);
#3517 = EDGE_CURVE('',#3518,#2620,#3520,.T.);
#3518 = VERTEX_POINT('',#3519);
#3519 = CARTESIAN_POINT('',(74.65,-11.70373871888,2.991E+03));
#3520 = SEAM_CURVE('',#3521,(#3525,#3532),.PCURVE_S1.);
#3521 = LINE('',#3522,#3523);
#3522 = CARTESIAN_POINT('',(74.65,30.,2.991E+03));
#3523 = VECTOR('',#3524,1.);
#3524 = DIRECTION('',(0.,-1.,2.22044604925E-16));
#3525 = PCURVE('',#2729,#3526);
#3526 = DEFINITIONAL_REPRESENTATION('',(#3527),#3531);
#3527 = LINE('',#3528,#3529);
#3528 = CARTESIAN_POINT('',(6.28318530718,-0.));
#3529 = VECTOR('',#3530,1.);
#3530 = DIRECTION('',(0.,1.));
#3531 = ( GEOMETRIC_REPRESENTATION_CONTEXT(2) 
PARAMETRIC_REPRESENTATION_CONTEXT() REPRESENTATION_CONTEXT('2D SPACE',''
  ) );
#3532 = PCURVE('',#2729,#3533);
#3533 = DEFINITIONAL_REPRESENTATION('',(#3534),#3538);
#3534 = LINE('',#3535,#3536);
#3535 = CARTESIAN_POINT('',(0.,-0.));
#3536 = VECTOR('',#3537,1.);
#3537 = DIRECTION('',(0.,1.));
#3538 = ( GEOMETRIC_REPRESENTATION_CONTEXT(2) 
PARAMETRIC_REPRESENTATION_CONTEXT() REPRESENTATION_CONTEXT('2D SPACE',''
  ) );
#3539 = ORIENTED_EDGE('',*,*,#3540,.T.);
#3540 = EDGE_CURVE('',#3518,#3518,#3541,.T.);
#3541 = SURFACE_CURVE('',#3542,(#3593,#3647),.PCURVE_S1.);
#3542 = B_SPLINE_CURVE_WITH_KNOTS('',7,(#3543,#3544,#3545,#3546,#3547,
    #3548,#3549,#3550,#3551,#3552,#3553,#3554,#3555,#3556,#3557,#3558,
    #3559,#3560,#3561,#3562,#3563,#3564,#3565,#3566,#3567,#3568,#3569,
    #3570,#3571,#3572,#3573,#3574,#3575,#3576,#3577,#3578,#3579,#3580,
    #3581,#3582,#3583,#3584,#3585,#3586,#3587,#3588,#3589,#3590,#3591,
    #3592),.UNSPECIFIED.,.T.,.F.,(8,6,6,6,6,6,6,6,8),(0.,0.136497633331,
    0.25546828081,0.366203333085,0.501746153774,0.637291309256,
    0.755431781855,0.865394127074,1.),.UNSPECIFIED.);
#3543 = CARTESIAN_POINT('',(74.65,-11.70373871888,2.991E+03));
#3544 = CARTESIAN_POINT('',(74.65,-11.70373871888,2.991280489382E+03));
#3545 = CARTESIAN_POINT('',(74.615364592676,-11.71158091774,
    2.99156055867E+03));
#3546 = CARTESIAN_POINT('',(74.546272787929,-11.7272252668,
    2.991837676467E+03));
#3547 = CARTESIAN_POINT('',(74.441961686625,-11.75016400587,
    2.992109057358E+03));
#3548 = CARTESIAN_POINT('',(74.300980364218,-11.77939102908,
    2.992371190645E+03));
#3549 = CARTESIAN_POINT('',(74.121417200579,-11.81309637073,
    2.992619217712E+03));
#3550 = CARTESIAN_POINT('',(73.709623322821,-11.87917973862,
    2.993043400698E+03));
#3551 = CARTESIAN_POINT('',(73.481378699708,-11.912092758,
    2.993230605959E+03));
#3552 = CARTESIAN_POINT('',(73.217644172027,-11.94448697541,
    2.993395179548E+03));
#3553 = CARTESIAN_POINT('',(72.922493188365,-11.97264327315,
    2.993526731768E+03));
#3554 = CARTESIAN_POINT('',(72.60239057949,-11.99268926959,
    2.993616840554E+03));
#3555 = CARTESIAN_POINT('',(72.265526929011,-12.00199460643,
    2.993659036198E+03));
#3556 = CARTESIAN_POINT('',(71.601233230429,-11.99764735774,
    2.993639342316E+03));
#3557 = CARTESIAN_POINT('',(71.291467571169,-11.9856489244,
    2.99358495084E+03));
#3558 = CARTESIAN_POINT('',(70.999243685073,-11.96496234634,
    2.99349050993E+03));
#3559 = CARTESIAN_POINT('',(70.730331515685,-11.93799863497,
    2.993361893421E+03));
#3560 = CARTESIAN_POINT('',(70.489131826389,-11.9078119229,
    2.993206048871E+03));
#3561 = CARTESIAN_POINT('',(70.278350261226,-11.87724977776,
    2.993031012459E+03));
#3562 = CARTESIAN_POINT('',(69.878593451127,-11.81309808008,
    2.992619228684E+03));
#3563 = CARTESIAN_POINT('',(69.699018563061,-11.77939132553,
    2.992371195672E+03));
#3564 = CARTESIAN_POINT('',(69.558030662264,-11.75016228012,
    2.992109047356E+03));
#3565 = CARTESIAN_POINT('',(69.453721683748,-11.72722402896,
    2.991837659077E+03));
#3566 = CARTESIAN_POINT('',(69.384634220938,-11.71158064675,
    2.991560544549E+03));
#3567 = CARTESIAN_POINT('',(69.35,-11.70373871888,2.99128048455E+03));
#3568 = CARTESIAN_POINT('',(69.35,-11.70373871888,2.990719510618E+03));
#3569 = CARTESIAN_POINT('',(69.384635407325,-11.71158091774,
    2.99043944133E+03));
#3570 = CARTESIAN_POINT('',(69.453727212071,-11.7272252668,
    2.990162323533E+03));
#3571 = CARTESIAN_POINT('',(69.558038313374,-11.75016400587,
    2.989890942642E+03));
#3572 = CARTESIAN_POINT('',(69.699019635783,-11.77939102908,
    2.989628809355E+03));
#3573 = CARTESIAN_POINT('',(69.87858279942,-11.81309637073,
    2.989380782288E+03));
#3574 = CARTESIAN_POINT('',(70.290376677181,-11.87917973863,
    2.988956599302E+03));
#3575 = CARTESIAN_POINT('',(70.518621300288,-11.912092758,
    2.988769394041E+03));
#3576 = CARTESIAN_POINT('',(70.782355827974,-11.94448697541,
    2.988604820452E+03));
#3577 = CARTESIAN_POINT('',(71.077506811635,-11.97264327315,
    2.988473268232E+03));
#3578 = CARTESIAN_POINT('',(71.397609420511,-11.99268926959,
    2.988383159446E+03));
#3579 = CARTESIAN_POINT('',(71.734473070988,-12.00199460643,
    2.988340963802E+03));
#3580 = CARTESIAN_POINT('',(72.39876676957,-11.99764735774,
    2.988360657684E+03));
#3581 = CARTESIAN_POINT('',(72.708532428831,-11.9856489244,
    2.98841504916E+03));
#3582 = CARTESIAN_POINT('',(73.000756314928,-11.96496234634,
    2.98850949007E+03));
#3583 = CARTESIAN_POINT('',(73.269668484313,-11.93799863498,
    2.988638106579E+03));
#3584 = CARTESIAN_POINT('',(73.510868173614,-11.9078119229,
    2.988793951129E+03));
#3585 = CARTESIAN_POINT('',(73.721649738772,-11.87724977776,
    2.988968987541E+03));
#3586 = CARTESIAN_POINT('',(74.121421043567,-11.81309575402,
    2.989380786247E+03));
#3587 = CARTESIAN_POINT('',(74.300978042339,-11.77939123466,
    2.989628809098E+03));
#3588 = CARTESIAN_POINT('',(74.441960680916,-11.75016449028,
    2.989890939146E+03));
#3589 = CARTESIAN_POINT('',(74.546277232091,-11.72722424725,
    2.990162326862E+03));
#3590 = CARTESIAN_POINT('',(74.615370454998,-11.71157959365,
    2.990439459551E+03));
#3591 = CARTESIAN_POINT('',(74.65,-11.70373871888,2.990719534242E+03));
#3592 = CARTESIAN_POINT('',(74.65,-11.70373871888,2.991E+03));
#3593 = PCURVE('',#2729,#3594);
#3594 = DEFINITIONAL_REPRESENTATION('',(#3595),#3646);
#3595 = B_SPLINE_CURVE_WITH_KNOTS('',7,(#3596,#3597,#3598,#3599,#3600,
    #3601,#3602,#3603,#3604,#3605,#3606,#3607,#3608,#3609,#3610,#3611,
    #3612,#3613,#3614,#3615,#3616,#3617,#3618,#3619,#3620,#3621,#3622,
    #3623,#3624,#3625,#3626,#3627,#3628,#3629,#3630,#3631,#3632,#3633,
    #3634,#3635,#3636,#3637,#3638,#3639,#3640,#3641,#3642,#3643,#3644,
    #3645),.UNSPECIFIED.,.F.,.F.,(8,6,6,6,6,6,6,6,8),(0.,0.136497633331,
    0.25546828081,0.366203333085,0.501746153774,0.637291309256,
    0.755431781855,0.865394127074,1.),.UNSPECIFIED.);
#3596 = CARTESIAN_POINT('',(0.,41.703738718888));
#3597 = CARTESIAN_POINT('',(0.105845049731,41.703738718888));
#3598 = CARTESIAN_POINT('',(0.211531260734,41.711580917745));
#3599 = CARTESIAN_POINT('',(0.31804225401,41.727225266805));
#3600 = CARTESIAN_POINT('',(0.426231717944,41.750164005877));
#3601 = CARTESIAN_POINT('',(0.537027784854,41.779391029083));
#3602 = CARTESIAN_POINT('',(0.651381263993,41.813096370735));
#3603 = CARTESIAN_POINT('',(0.87447176225,41.879179738629));
#3604 = CARTESIAN_POINT('',(0.985153131652,41.912092758007));
#3605 = CARTESIAN_POINT('',(1.100865513551,41.944486975411));
#3606 = CARTESIAN_POINT('',(1.22064131423,41.97264327315));
#3607 = CARTESIAN_POINT('',(1.343954315927,41.99268926959));
#3608 = CARTESIAN_POINT('',(1.47054478178,42.001994606438));
#3609 = CARTESIAN_POINT('',(1.721331785665,41.997647357745));
#3610 = CARTESIAN_POINT('',(1.838781345737,41.985648924403));
#3611 = CARTESIAN_POINT('',(1.952948435464,41.964962346341));
#3612 = CARTESIAN_POINT('',(2.06373672722,41.937998634979));
#3613 = CARTESIAN_POINT('',(2.170839999907,41.9078119229));
#3614 = CARTESIAN_POINT('',(2.273636236205,41.877249777761));
#3615 = CARTESIAN_POINT('',(2.490205619005,41.813098080087));
#3616 = CARTESIAN_POINT('',(2.604563778811,41.779391325533));
#3617 = CARTESIAN_POINT('',(2.715365302195,41.750162280127));
#3618 = CARTESIAN_POINT('',(2.82355710367,41.727224028964));
#3619 = CARTESIAN_POINT('',(2.930066708974,41.711580646753));
#3620 = CARTESIAN_POINT('',(3.035749427063,41.703738718888));
#3621 = CARTESIAN_POINT('',(3.24743770332,41.703738718888));
#3622 = CARTESIAN_POINT('',(3.353123914325,41.711580917745));
#3623 = CARTESIAN_POINT('',(3.459634907598,41.727225266804));
#3624 = CARTESIAN_POINT('',(3.567824371535,41.750164005877));
#3625 = CARTESIAN_POINT('',(3.678620438444,41.779391029083));
#3626 = CARTESIAN_POINT('',(3.792973917582,41.813096370735));
#3627 = CARTESIAN_POINT('',(4.016064415841,41.87917973863));
#3628 = CARTESIAN_POINT('',(4.126745785239,41.912092758006));
#3629 = CARTESIAN_POINT('',(4.242458167142,41.944486975411));
#3630 = CARTESIAN_POINT('',(4.362233967819,41.97264327315));
#3631 = CARTESIAN_POINT('',(4.485546969517,41.99268926959));
#3632 = CARTESIAN_POINT('',(4.612137435369,42.001994606438));
#3633 = CARTESIAN_POINT('',(4.862924439255,41.997647357745));
#3634 = CARTESIAN_POINT('',(4.980373999326,41.985648924403));
#3635 = CARTESIAN_POINT('',(5.094541089054,41.964962346341));
#3636 = CARTESIAN_POINT('',(5.205329380808,41.937998634979));
#3637 = CARTESIAN_POINT('',(5.312432653499,41.9078119229));
#3638 = CARTESIAN_POINT('',(5.415228889794,41.877249777761));
#3639 = CARTESIAN_POINT('',(5.631806125136,41.813095754025));
#3640 = CARTESIAN_POINT('',(5.746156847852,41.779391234661));
#3641 = CARTESIAN_POINT('',(5.856952492827,41.750164490286));
#3642 = CARTESIAN_POINT('',(5.965144766462,41.727224247254));
#3643 = CARTESIAN_POINT('',(6.071660926558,41.711579593656));
#3644 = CARTESIAN_POINT('',(6.177349171973,41.703738718888));
#3645 = CARTESIAN_POINT('',(6.28318530718,41.703738718888));
#3646 = ( GEOMETRIC_REPRESENTATION_CONTEXT(2) 
PARAMETRIC_REPRESENTATION_CONTEXT() REPRESENTATION_CONTEXT('2D SPACE',''
  ) );
#3647 = PCURVE('',#2811,#3648);
#3648 = DEFINITIONAL_REPRESENTATION('',(#3649),#3700);
#3649 = B_SPLINE_CURVE_WITH_KNOTS('',7,(#3650,#3651,#3652,#3653,#3654,
    #3655,#3656,#3657,#3658,#3659,#3660,#3661,#3662,#3663,#3664,#3665,
    #3666,#3667,#3668,#3669,#3670,#3671,#3672,#3673,#3674,#3675,#3676,
    #3677,#3678,#3679,#3680,#3681,#3682,#3683,#3684,#3685,#3686,#3687,
    #3688,#3689,#3690,#3691,#3692,#3693,#3694,#3695,#3696,#3697,#3698,
    #3699),.UNSPECIFIED.,.T.,.F.,(8,6,6,6,6,6,6,6,8),(0.,0.136497633331,
    0.25546828081,0.366203333085,0.501746153774,0.637291309256,
    0.755431781855,0.865394127074,1.),.UNSPECIFIED.);
#3650 = CARTESIAN_POINT('',(4.935057796175,1.411E+03));
#3651 = CARTESIAN_POINT('',(4.935057796175,1.411280489382E+03));
#3652 = CARTESIAN_POINT('',(4.932098454366,1.41156055867E+03));
#3653 = CARTESIAN_POINT('',(4.926195036885,1.411837676467E+03));
#3654 = CARTESIAN_POINT('',(4.917294964908,1.412109057358E+03));
#3655 = CARTESIAN_POINT('',(4.905298569362,1.412371190645E+03));
#3656 = CARTESIAN_POINT('',(4.890078955083,1.412619217712E+03));
#3657 = CARTESIAN_POINT('',(4.855323738721,1.413043400698E+03));
#3658 = CARTESIAN_POINT('',(4.836109085276,1.413230605959E+03));
#3659 = CARTESIAN_POINT('',(4.813973996712,1.413395179548E+03));
#3660 = CARTESIAN_POINT('',(4.789285106794,1.413526731768E+03));
#3661 = CARTESIAN_POINT('',(4.762583130076,1.413616840554E+03));
#3662 = CARTESIAN_POINT('',(4.734516791694,1.413659036198E+03));
#3663 = CARTESIAN_POINT('',(4.679157798111,1.413639342316E+03));
#3664 = CARTESIAN_POINT('',(4.653337985129,1.41358495084E+03));
#3665 = CARTESIAN_POINT('',(4.62894428796,1.41349050993E+03));
#3666 = CARTESIAN_POINT('',(4.606436380552,1.413361893421E+03));
#3667 = CARTESIAN_POINT('',(4.586185961849,1.413206048871E+03));
#3668 = CARTESIAN_POINT('',(4.568439198001,1.413031012459E+03));
#3669 = CARTESIAN_POINT('',(4.534699904685,1.412619228684E+03));
#3670 = CARTESIAN_POINT('',(4.519479307274,1.412371195672E+03));
#3671 = CARTESIAN_POINT('',(4.507482343952,1.412109047356E+03));
#3672 = CARTESIAN_POINT('',(4.498582450918,1.411837659077E+03));
#3673 = CARTESIAN_POINT('',(4.492679405225,1.411560544549E+03));
#3674 = CARTESIAN_POINT('',(4.489720164594,1.41128048455E+03));
#3675 = CARTESIAN_POINT('',(4.489720164594,1.410719510618E+03));
#3676 = CARTESIAN_POINT('',(4.492679506403,1.41043944133E+03));
#3677 = CARTESIAN_POINT('',(4.498582923885,1.410162323533E+03));
#3678 = CARTESIAN_POINT('',(4.507482995861,1.409890942642E+03));
#3679 = CARTESIAN_POINT('',(4.519479391407,1.409628809355E+03));
#3680 = CARTESIAN_POINT('',(4.534699005686,1.409380782288E+03));
#3681 = CARTESIAN_POINT('',(4.569454222049,1.408956599302E+03));
#3682 = CARTESIAN_POINT('',(4.588668875494,1.408769394041E+03));
#3683 = CARTESIAN_POINT('',(4.610803964058,1.408604820452E+03));
#3684 = CARTESIAN_POINT('',(4.635492853975,1.408473268232E+03));
#3685 = CARTESIAN_POINT('',(4.662194830694,1.408383159446E+03));
#3686 = CARTESIAN_POINT('',(4.690261169075,1.408340963802E+03));
#3687 = CARTESIAN_POINT('',(4.745620162658,1.408360657684E+03));
#3688 = CARTESIAN_POINT('',(4.77143997564,1.40841504916E+03));
#3689 = CARTESIAN_POINT('',(4.795833672809,1.40850949007E+03));
#3690 = CARTESIAN_POINT('',(4.818341580217,1.408638106579E+03));
#3691 = CARTESIAN_POINT('',(4.83859199892,1.408793951129E+03));
#3692 = CARTESIAN_POINT('',(4.856338762768,1.408968987541E+03));
#3693 = CARTESIAN_POINT('',(4.89007927943,1.409380786247E+03));
#3694 = CARTESIAN_POINT('',(4.905298375797,1.409628809098E+03));
#3695 = CARTESIAN_POINT('',(4.917294875347,1.409890939146E+03));
#3696 = CARTESIAN_POINT('',(4.926195416258,1.410162326862E+03));
#3697 = CARTESIAN_POINT('',(4.932098955361,1.410439459551E+03));
#3698 = CARTESIAN_POINT('',(4.935057796175,1.410719534242E+03));
#3699 = CARTESIAN_POINT('',(4.935057796175,1.411E+03));
#3700 = ( GEOMETRIC_REPRESENTATION_CONTEXT(2) 
PARAMETRIC_REPRESENTATION_CONTEXT() REPRESENTATION_CONTEXT('2D SPACE',''
  ) );
#3701 = ORIENTED_EDGE('',*,*,#3517,.T.);
#3702 = ADVANCED_FACE('',(#3703,#3729,#3732,#3735,#3738),#2811,.F.);
#3703 = FACE_BOUND('',#3704,.F.);
#3704 = EDGE_LOOP('',(#3705,#3706,#3727,#3728));
#3705 = ORIENTED_EDGE('',*,*,#2829,.T.);
#3706 = ORIENTED_EDGE('',*,*,#3707,.T.);
#3707 = EDGE_CURVE('',#2830,#2795,#3708,.T.);
#3708 = SEAM_CURVE('',#3709,(#3713,#3720),.PCURVE_S1.);
#3709 = LINE('',#3710,#3711);
#3710 = CARTESIAN_POINT('',(84.,-2.939152317954E-15,1.58E+03));
#3711 = VECTOR('',#3712,1.);
#3712 = DIRECTION('',(0.,0.,1.));
#3713 = PCURVE('',#2811,#3714);
#3714 = DEFINITIONAL_REPRESENTATION('',(#3715),#3719);
#3715 = LINE('',#3716,#3717);
#3716 = CARTESIAN_POINT('',(0.,-0.));
#3717 = VECTOR('',#3718,1.);
#3718 = DIRECTION('',(0.,1.));
#3719 = ( GEOMETRIC_REPRESENTATION_CONTEXT(2) 
PARAMETRIC_REPRESENTATION_CONTEXT() REPRESENTATION_CONTEXT('2D SPACE',''
  ) );
#3720 = PCURVE('',#2811,#3721);
#3721 = DEFINITIONAL_REPRESENTATION('',(#3722),#3726);
#3722 = LINE('',#3723,#3724);
#3723 = CARTESIAN_POINT('',(6.28318530718,-0.));
#3724 = VECTOR('',#3725,1.);
#3725 = DIRECTION('',(0.,1.));
#3726 = ( GEOMETRIC_REPRESENTATION_CONTEXT(2) 
PARAMETRIC_REPRESENTATION_CONTEXT() REPRESENTATION_CONTEXT('2D SPACE',''
  ) );
#3727 = ORIENTED_EDGE('',*,*,#2794,.F.);
#3728 = ORIENTED_EDGE('',*,*,#3707,.F.);
#3729 = FACE_BOUND('',#3730,.F.);
#3730 = EDGE_LOOP('',(#3731));
#3731 = ORIENTED_EDGE('',*,*,#2856,.T.);
#3732 = FACE_BOUND('',#3733,.F.);
#3733 = EDGE_LOOP('',(#3734));
#3734 = ORIENTED_EDGE('',*,*,#3115,.F.);
#3735 = FACE_BOUND('',#3736,.F.);
#3736 = EDGE_LOOP('',(#3737));
#3737 = ORIENTED_EDGE('',*,*,#3326,.T.);
#3738 = FACE_BOUND('',#3739,.F.);
#3739 = EDGE_LOOP('',(#3740));
#3740 = ORIENTED_EDGE('',*,*,#3540,.F.);
#3741 = MANIFOLD_SOLID_BREP('',#3742);
#3742 = CLOSED_SHELL('',(#3743,#4263,#4298,#4328,#4563,#4798));
#3743 = ADVANCED_FACE('',(#3744,#3831,#4047),#3758,.T.);
#3744 = FACE_BOUND('',#3745,.T.);
#3745 = EDGE_LOOP('',(#3746,#3776,#3803,#3804));
#3746 = ORIENTED_EDGE('',*,*,#3747,.T.);
#3747 = EDGE_CURVE('',#3748,#3750,#3752,.T.);
#3748 = VERTEX_POINT('',#3749);
#3749 = CARTESIAN_POINT('',(90.,-4.40872847693E-15,3.031E+03));
#3750 = VERTEX_POINT('',#3751);
#3751 = CARTESIAN_POINT('',(90.,-4.40872847693E-15,4.481E+03));
#3752 = SEAM_CURVE('',#3753,(#3757,#3769),.PCURVE_S1.);
#3753 = LINE('',#3754,#3755);
#3754 = CARTESIAN_POINT('',(90.,-4.40872847693E-15,3.031E+03));
#3755 = VECTOR('',#3756,1.);
#3756 = DIRECTION('',(0.,0.,1.));
#3757 = PCURVE('',#3758,#3763);
#3758 = CYLINDRICAL_SURFACE('',#3759,18.);
#3759 = AXIS2_PLACEMENT_3D('',#3760,#3761,#3762);
#3760 = CARTESIAN_POINT('',(72.,0.,3.031E+03));
#3761 = DIRECTION('',(0.,0.,1.));
#3762 = DIRECTION('',(1.,0.,-0.));
#3763 = DEFINITIONAL_REPRESENTATION('',(#3764),#3768);
#3764 = LINE('',#3765,#3766);
#3765 = CARTESIAN_POINT('',(6.28318530718,-0.));
#3766 = VECTOR('',#3767,1.);
#3767 = DIRECTION('',(0.,1.));
#3768 = ( GEOMETRIC_REPRESENTATION_CONTEXT(2) 
PARAMETRIC_REPRESENTATION_CONTEXT() REPRESENTATION_CONTEXT('2D SPACE',''
  ) );
#3769 = PCURVE('',#3758,#3770);
#3770 = DEFINITIONAL_REPRESENTATION('',(#3771),#3775);
#3771 = LINE('',#3772,#3773);
#3772 = CARTESIAN_POINT('',(0.,-0.));
#3773 = VECTOR('',#3774,1.);
#3774 = DIRECTION('',(0.,1.));
#3775 = ( GEOMETRIC_REPRESENTATION_CONTEXT(2) 
PARAMETRIC_REPRESENTATION_CONTEXT() REPRESENTATION_CONTEXT('2D SPACE',''
  ) );
#3776 = ORIENTED_EDGE('',*,*,#3777,.F.);
#3777 = EDGE_CURVE('',#3750,#3750,#3778,.T.);
#3778 = SURFACE_CURVE('',#3779,(#3784,#3791),.PCURVE_S1.);
#3779 = CIRCLE('',#3780,18.);
#3780 = AXIS2_PLACEMENT_3D('',#3781,#3782,#3783);
#3781 = CARTESIAN_POINT('',(72.,0.,4.481E+03));
#3782 = DIRECTION('',(0.,0.,1.));
#3783 = DIRECTION('',(1.,0.,-0.));
#3784 = PCURVE('',#3758,#3785);
#3785 = DEFINITIONAL_REPRESENTATION('',(#3786),#3790);
#3786 = LINE('',#3787,#3788);
#3787 = CARTESIAN_POINT('',(0.,1.45E+03));
#3788 = VECTOR('',#3789,1.);
#3789 = DIRECTION('',(1.,0.));
#3790 = ( GEOMETRIC_REPRESENTATION_CONTEXT(2) 
PARAMETRIC_REPRESENTATION_CONTEXT() REPRESENTATION_CONTEXT('2D SPACE',''
  ) );
#3791 = PCURVE('',#3792,#3797);
#3792 = PLANE('',#3793);
#3793 = AXIS2_PLACEMENT_3D('',#3794,#3795,#3796);
#3794 = CARTESIAN_POINT('',(72.,0.,4.481E+03));
#3795 = DIRECTION('',(0.,0.,1.));
#3796 = DIRECTION('',(1.,0.,-0.));
#3797 = DEFINITIONAL_REPRESENTATION('',(#3798),#3802);
#3798 = CIRCLE('',#3799,18.);
#3799 = AXIS2_PLACEMENT_2D('',#3800,#3801);
#3800 = CARTESIAN_POINT('',(0.,0.));
#3801 = DIRECTION('',(1.,0.));
#3802 = ( GEOMETRIC_REPRESENTATION_CONTEXT(2) 
PARAMETRIC_REPRESENTATION_CONTEXT() REPRESENTATION_CONTEXT('2D SPACE',''
  ) );
#3803 = ORIENTED_EDGE('',*,*,#3747,.F.);
#3804 = ORIENTED_EDGE('',*,*,#3805,.T.);
#3805 = EDGE_CURVE('',#3748,#3748,#3806,.T.);
#3806 = SURFACE_CURVE('',#3807,(#3812,#3819),.PCURVE_S1.);
#3807 = CIRCLE('',#3808,18.);
#3808 = AXIS2_PLACEMENT_3D('',#3809,#3810,#3811);
#3809 = CARTESIAN_POINT('',(72.,0.,3.031E+03));
#3810 = DIRECTION('',(0.,0.,1.));
#3811 = DIRECTION('',(1.,0.,-0.));
#3812 = PCURVE('',#3758,#3813);
#3813 = DEFINITIONAL_REPRESENTATION('',(#3814),#3818);
#3814 = LINE('',#3815,#3816);
#3815 = CARTESIAN_POINT('',(0.,0.));
#3816 = VECTOR('',#3817,1.);
#3817 = DIRECTION('',(1.,0.));
#3818 = ( GEOMETRIC_REPRESENTATION_CONTEXT(2) 
PARAMETRIC_REPRESENTATION_CONTEXT() REPRESENTATION_CONTEXT('2D SPACE',''
  ) );
#3819 = PCURVE('',#3820,#3825);
#3820 = PLANE('',#3821);
#3821 = AXIS2_PLACEMENT_3D('',#3822,#3823,#3824);
#3822 = CARTESIAN_POINT('',(72.,0.,3.031E+03));
#3823 = DIRECTION('',(0.,0.,1.));
#3824 = DIRECTION('',(1.,0.,-0.));
#3825 = DEFINITIONAL_REPRESENTATION('',(#3826),#3830);
#3826 = CIRCLE('',#3827,18.);
#3827 = AXIS2_PLACEMENT_2D('',#3828,#3829);
#3828 = CARTESIAN_POINT('',(0.,0.));
#3829 = DIRECTION('',(1.,0.));
#3830 = ( GEOMETRIC_REPRESENTATION_CONTEXT(2) 
PARAMETRIC_REPRESENTATION_CONTEXT() REPRESENTATION_CONTEXT('2D SPACE',''
  ) );
#3831 = FACE_BOUND('',#3832,.T.);
#3832 = EDGE_LOOP('',(#3833));
#3833 = ORIENTED_EDGE('',*,*,#3834,.T.);
#3834 = EDGE_CURVE('',#3835,#3835,#3837,.T.);
#3835 = VERTEX_POINT('',#3836);
#3836 = CARTESIAN_POINT('',(75.25,17.704166176355,3.071E+03));
#3837 = SURFACE_CURVE('',#3838,(#3904,#3973),.PCURVE_S1.);
#3838 = B_SPLINE_CURVE_WITH_KNOTS('',8,(#3839,#3840,#3841,#3842,#3843,
    #3844,#3845,#3846,#3847,#3848,#3849,#3850,#3851,#3852,#3853,#3854,
    #3855,#3856,#3857,#3858,#3859,#3860,#3861,#3862,#3863,#3864,#3865,
    #3866,#3867,#3868,#3869,#3870,#3871,#3872,#3873,#3874,#3875,#3876,
    #3877,#3878,#3879,#3880,#3881,#3882,#3883,#3884,#3885,#3886,#3887,
    #3888,#3889,#3890,#3891,#3892,#3893,#3894,#3895,#3896,#3897,#3898,
    #3899,#3900,#3901,#3902,#3903),.UNSPECIFIED.,.T.,.F.,(9,7,7,7,7,7,7,
    7,7,9),(0.,9.93500911816E-02,0.197289807616,0.288299431607,
    0.392906539836,0.601557628308,0.706316138395,0.797457484109,
    0.895538949582,1.),.UNSPECIFIED.);
#3839 = CARTESIAN_POINT('',(75.25,17.704166176355,3.071E+03));
#3840 = CARTESIAN_POINT('',(75.25,17.704166176355,3.071235632921E+03));
#3841 = CARTESIAN_POINT('',(75.230475913912,17.707750134939,
    3.071471248056E+03));
#3842 = CARTESIAN_POINT('',(75.191430943189,17.714918049258,
    3.071704967773E+03));
#3843 = CARTESIAN_POINT('',(75.133087690428,17.725503464953,
    3.071934915242E+03));
#3844 = CARTESIAN_POINT('',(75.055879104988,17.739178121888,
    3.072159244593E+03));
#3845 = CARTESIAN_POINT('',(74.960445572994,17.755470944998,
    3.07237616671E+03));
#3846 = CARTESIAN_POINT('',(74.84763815175,17.773801380243,
    3.07258397064E+03));
#3847 = CARTESIAN_POINT('',(74.59125059487,17.81297274498,
    3.07297531305E+03));
#3848 = CARTESIAN_POINT('',(74.445153784312,17.834228877622,
    3.073163698217E+03));
#3849 = CARTESIAN_POINT('',(74.279662702381,17.856837193744,
    3.073344260831E+03));
#3850 = CARTESIAN_POINT('',(74.094314911199,17.880185605679,
    3.073514765878E+03));
#3851 = CARTESIAN_POINT('',(73.888807218949,17.903498021215,
    3.073672649519E+03));
#3852 = CARTESIAN_POINT('',(73.663067138655,17.925826532311,
    3.073814971566E+03));
#3853 = CARTESIAN_POINT('',(73.417362888123,17.946073155466,
    3.073938340606E+03));
#3854 = CARTESIAN_POINT('',(72.906312660063,17.978860869835,
    3.074132156392E+03));
#3855 = CARTESIAN_POINT('',(72.642887917543,17.991890293537,
    3.074205995541E+03));
#3856 = CARTESIAN_POINT('',(72.366878169092,18.0009213862,
    3.074255340868E+03));
#3857 = CARTESIAN_POINT('',(72.083723619575,18.004983900348,
    3.07427709927E+03));
#3858 = CARTESIAN_POINT('',(71.799287647291,18.003642314914,
    3.074270022892E+03));
#3859 = CARTESIAN_POINT('',(71.51949745047,17.997106697948,
    3.074234696482E+03));
#3860 = CARTESIAN_POINT('',(71.249977165974,17.986170442963,
    3.074173555037E+03));
#3861 = CARTESIAN_POINT('',(70.703420774286,17.955627896543,
    3.073995968101E+03));
#3862 = CARTESIAN_POINT('',(70.432230774866,17.935024063023,
    3.073872933907E+03));
#3863 = CARTESIAN_POINT('',(70.183434603302,17.911578860845,
    3.073726778951E+03));
#3864 = CARTESIAN_POINT('',(69.957621005713,17.886680372092,
    3.073561761652E+03));
#3865 = CARTESIAN_POINT('',(69.75488679174,17.861541745342,
    3.073381599606E+03));
#3866 = CARTESIAN_POINT('',(69.574984767944,17.837155758927,
    3.073189564505E+03));
#3867 = CARTESIAN_POINT('',(69.417413512709,17.814296463347,
    3.072988537688E+03));
#3868 = CARTESIAN_POINT('',(69.010320938153,17.752100107511,
    3.072367163582E+03));
#3869 = CARTESIAN_POINT('',(68.822977885,17.718645074484,
    3.071924117866E+03));
#3870 = CARTESIAN_POINT('',(68.712890691641,17.697342788834,
    3.071465795286E+03));
#3871 = CARTESIAN_POINT('',(68.676457669431,17.690022384904,
    3.071000293425E+03));
#3872 = CARTESIAN_POINT('',(68.71267437382,17.697292603932,
    3.070534484185E+03));
#3873 = CARTESIAN_POINT('',(68.822918923179,17.718649857557,
    3.070075520583E+03));
#3874 = CARTESIAN_POINT('',(69.010712818238,17.752159979675,
    3.069632238264E+03));
#3875 = CARTESIAN_POINT('',(69.41741351275,17.814296463353,
    3.069011462312E+03));
#3876 = CARTESIAN_POINT('',(69.574984767966,17.837155758929,
    3.068810435495E+03));
#3877 = CARTESIAN_POINT('',(69.754886791716,17.861541745337,
    3.068618400394E+03));
#3878 = CARTESIAN_POINT('',(69.957621005658,17.886680372086,
    3.068438238348E+03));
#3879 = CARTESIAN_POINT('',(70.183434603266,17.911578860843,
    3.068273221049E+03));
#3880 = CARTESIAN_POINT('',(70.432230774892,17.935024063027,
    3.068127066093E+03));
#3881 = CARTESIAN_POINT('',(70.703420774356,17.955627896547,
    3.068004031899E+03));
#3882 = CARTESIAN_POINT('',(71.249977165974,17.986170442963,
    3.067826444963E+03));
#3883 = CARTESIAN_POINT('',(71.519497450471,17.997106697948,
    3.067765303518E+03));
#3884 = CARTESIAN_POINT('',(71.799287647291,18.003642314914,
    3.067729977108E+03));
#3885 = CARTESIAN_POINT('',(72.083723619575,18.004983900348,
    3.06772290073E+03));
#3886 = CARTESIAN_POINT('',(72.366878169093,18.0009213862,
    3.067744659132E+03));
#3887 = CARTESIAN_POINT('',(72.642887917542,17.991890293537,
    3.067794004459E+03));
#3888 = CARTESIAN_POINT('',(72.906312660063,17.978860869835,
    3.067867843608E+03));
#3889 = CARTESIAN_POINT('',(73.417362880366,17.946073155964,
    3.068061659391E+03));
#3890 = CARTESIAN_POINT('',(73.66306715287,17.925826531469,
    3.068185028438E+03));
#3891 = CARTESIAN_POINT('',(73.8888072152,17.903498021108,
    3.068327350484E+03));
#3892 = CARTESIAN_POINT('',(74.094314902062,17.880185606577,
    3.068485234115E+03));
#3893 = CARTESIAN_POINT('',(74.279662706185,17.856837193863,
    3.068655739166E+03));
#3894 = CARTESIAN_POINT('',(74.445153789733,17.834228876553,
    3.068836301794E+03));
#3895 = CARTESIAN_POINT('',(74.59125059102,17.812972745568,
    3.069024686944E+03));
#3896 = CARTESIAN_POINT('',(74.854083900883,17.772816586779,
    3.069425867961E+03));
#3897 = CARTESIAN_POINT('',(74.968781790025,17.754084941758,
    3.069640201335E+03));
#3898 = CARTESIAN_POINT('',(75.063322236978,17.737870416145,
    3.069860130909E+03));
#3899 = CARTESIAN_POINT('',(75.13830934835,17.724556410781,
    3.070084196164E+03));
#3900 = CARTESIAN_POINT('',(75.19422401956,17.714404948481,
    3.070311198883E+03));
#3901 = CARTESIAN_POINT('',(75.231399611411,17.707580791007,
    3.070540112993E+03));
#3902 = CARTESIAN_POINT('',(75.25,17.704166176355,3.070770009999E+03));
#3903 = CARTESIAN_POINT('',(75.25,17.704166176355,3.071E+03));
#3904 = PCURVE('',#3758,#3905);
#3905 = DEFINITIONAL_REPRESENTATION('',(#3906),#3972);
#3906 = B_SPLINE_CURVE_WITH_KNOTS('',8,(#3907,#3908,#3909,#3910,#3911,
    #3912,#3913,#3914,#3915,#3916,#3917,#3918,#3919,#3920,#3921,#3922,
    #3923,#3924,#3925,#3926,#3927,#3928,#3929,#3930,#3931,#3932,#3933,
    #3934,#3935,#3936,#3937,#3938,#3939,#3940,#3941,#3942,#3943,#3944,
    #3945,#3946,#3947,#3948,#3949,#3950,#3951,#3952,#3953,#3954,#3955,
    #3956,#3957,#3958,#3959,#3960,#3961,#3962,#3963,#3964,#3965,#3966,
    #3967,#3968,#3969,#3970,#3971),.UNSPECIFIED.,.T.,.F.,(9,7,7,7,7,7,7,
    7,7,9),(0.,9.93500911816E-02,0.197289807616,0.288299431607,
    0.392906539836,0.601557628308,0.706316138395,0.797457484109,
    0.895538949582,1.),.UNSPECIFIED.);
#3907 = CARTESIAN_POINT('',(1.389245065998,40.));
#3908 = CARTESIAN_POINT('',(1.389245065998,40.235632921125));
#3909 = CARTESIAN_POINT('',(1.390347856167,40.471248056202));
#3910 = CARTESIAN_POINT('',(1.39255328238,40.704967773272));
#3911 = CARTESIAN_POINT('',(1.395847478944,40.934915241871));
#3912 = CARTESIAN_POINT('',(1.40020350472,41.15924459334));
#3913 = CARTESIAN_POINT('',(1.405581853864,41.376166709595));
#3914 = CARTESIAN_POINT('',(1.411930841166,41.583970640365));
#3915 = CARTESIAN_POINT('',(1.426339876305,41.975313049907));
#3916 = CARTESIAN_POINT('',(1.434541615629,42.16369821744));
#3917 = CARTESIAN_POINT('',(1.443820349177,42.344260831339));
#3918 = CARTESIAN_POINT('',(1.454197611285,42.514765878378));
#3919 = CARTESIAN_POINT('',(1.465685917066,42.672649518773));
#3920 = CARTESIAN_POINT('',(1.478285618297,42.814971565755));
#3921 = CARTESIAN_POINT('',(1.491979862704,42.938340606007));
#3922 = CARTESIAN_POINT('',(1.520429914767,43.13215639243));
#3923 = CARTESIAN_POINT('',(1.535080939902,43.205995540705));
#3924 = CARTESIAN_POINT('',(1.550419406503,43.255340867793));
#3925 = CARTESIAN_POINT('',(1.566146404395,43.277099269858));
#3926 = CARTESIAN_POINT('',(1.581943027442,43.270022892289));
#3927 = CARTESIAN_POINT('',(1.597487286141,43.234696482377));
#3928 = CARTESIAN_POINT('',(1.612471211096,43.173555037375));
#3929 = CARTESIAN_POINT('',(1.642882828457,42.995968100614));
#3930 = CARTESIAN_POINT('',(1.657989333245,42.872933907213));
#3931 = CARTESIAN_POINT('',(1.671869052513,42.726778951252));
#3932 = CARTESIAN_POINT('',(1.68448760979,42.5617616518));
#3933 = CARTESIAN_POINT('',(1.695835313785,42.381599605688));
#3934 = CARTESIAN_POINT('',(1.70592050365,42.189564505191));
#3935 = CARTESIAN_POINT('',(1.7147658526,41.988537688332));
#3936 = CARTESIAN_POINT('',(1.737644541733,41.36716358199));
#3937 = CARTESIAN_POINT('',(1.74821381157,40.924117866429));
#3938 = CARTESIAN_POINT('',(1.754443715806,40.465795285735));
#3939 = CARTESIAN_POINT('',(1.756508368553,40.000293424699));
#3940 = CARTESIAN_POINT('',(1.754456024171,39.534484185073));
#3941 = CARTESIAN_POINT('',(1.748217003411,39.075520582619));
#3942 = CARTESIAN_POINT('',(1.737622517989,38.632238263799));
#3943 = CARTESIAN_POINT('',(1.714765852597,38.011462311605));
#3944 = CARTESIAN_POINT('',(1.705920503649,37.810435494798));
#3945 = CARTESIAN_POINT('',(1.695835313787,37.618400394351));
#3946 = CARTESIAN_POINT('',(1.684487609793,37.438238348242));
#3947 = CARTESIAN_POINT('',(1.671869052515,37.273221048756));
#3948 = CARTESIAN_POINT('',(1.657989333244,37.127066092761));
#3949 = CARTESIAN_POINT('',(1.642882828453,37.004031899364));
#3950 = CARTESIAN_POINT('',(1.612471211096,36.826444962625));
#3951 = CARTESIAN_POINT('',(1.597487286141,36.765303517623));
#3952 = CARTESIAN_POINT('',(1.581943027442,36.729977107711));
#3953 = CARTESIAN_POINT('',(1.566146404395,36.722900730142));
#3954 = CARTESIAN_POINT('',(1.550419406503,36.744659132208));
#3955 = CARTESIAN_POINT('',(1.535080939902,36.794004459295));
#3956 = CARTESIAN_POINT('',(1.520429914767,36.86784360757));
#3957 = CARTESIAN_POINT('',(1.491979863136,37.061659391051));
#3958 = CARTESIAN_POINT('',(1.478285617506,37.185028438422));
#3959 = CARTESIAN_POINT('',(1.465685917272,37.327350484275));
#3960 = CARTESIAN_POINT('',(1.454197611795,37.485234114542));
#3961 = CARTESIAN_POINT('',(1.443820348968,37.6557391656));
#3962 = CARTESIAN_POINT('',(1.434541615323,37.836301793535));
#3963 = CARTESIAN_POINT('',(1.426339876521,38.024686944217));
#3964 = CARTESIAN_POINT('',(1.411568588696,38.425867961116));
#3965 = CARTESIAN_POINT('',(1.40511240436,38.640201335061));
#3966 = CARTESIAN_POINT('',(1.399783692411,38.86013090907));
#3967 = CARTESIAN_POINT('',(1.395552651685,39.084196164196));
#3968 = CARTESIAN_POINT('',(1.392395503916,39.3111988829));
#3969 = CARTESIAN_POINT('',(1.390295691566,39.54011299295));
#3970 = CARTESIAN_POINT('',(1.389245065998,39.77000999874));
#3971 = CARTESIAN_POINT('',(1.389245065998,40.));
#3972 = ( GEOMETRIC_REPRESENTATION_CONTEXT(2) 
PARAMETRIC_REPRESENTATION_CONTEXT() REPRESENTATION_CONTEXT('2D SPACE',''
  ) );
#3973 = PCURVE('',#3974,#3979);
#3974 = CYLINDRICAL_SURFACE('',#3975,3.25);
#3975 = AXIS2_PLACEMENT_3D('',#3976,#3977,#3978);
#3976 = CARTESIAN_POINT('',(72.,30.,3.071E+03));
#3977 = DIRECTION('',(0.,-1.,2.22044604925E-16));
#3978 = DIRECTION('',(1.,0.,0.));
#3979 = DEFINITIONAL_REPRESENTATION('',(#3980),#4046);
#3980 = B_SPLINE_CURVE_WITH_KNOTS('',8,(#3981,#3982,#3983,#3984,#3985,
    #3986,#3987,#3988,#3989,#3990,#3991,#3992,#3993,#3994,#3995,#3996,
    #3997,#3998,#3999,#4000,#4001,#4002,#4003,#4004,#4005,#4006,#4007,
    #4008,#4009,#4010,#4011,#4012,#4013,#4014,#4015,#4016,#4017,#4018,
    #4019,#4020,#4021,#4022,#4023,#4024,#4025,#4026,#4027,#4028,#4029,
    #4030,#4031,#4032,#4033,#4034,#4035,#4036,#4037,#4038,#4039,#4040,
    #4041,#4042,#4043,#4044,#4045),.UNSPECIFIED.,.F.,.F.,(9,7,7,7,7,7,7,
    7,7,9),(0.,9.93500911816E-02,0.197289807616,0.288299431607,
    0.392906539836,0.601557628308,0.706316138395,0.797457484109,
    0.895538949582,1.),.UNSPECIFIED.);
#3981 = CARTESIAN_POINT('',(0.,12.295833823645));
#3982 = CARTESIAN_POINT('',(7.250243726923E-02,12.295833823645));
#3983 = CARTESIAN_POINT('',(0.144999300897,12.292249865061));
#3984 = CARTESIAN_POINT('',(0.21749404237,12.285081950742));
#3985 = CARTESIAN_POINT('',(0.289988930662,12.274496535047));
#3986 = CARTESIAN_POINT('',(0.362486819143,12.260821878112));
#3987 = CARTESIAN_POINT('',(0.434989821262,12.244529055002));
#3988 = CARTESIAN_POINT('',(0.507494894992,12.226198619757));
#3989 = CARTESIAN_POINT('',(0.651448687983,12.18702725502));
#3990 = CARTESIAN_POINT('',(0.724569050106,12.165771122378));
#3991 = CARTESIAN_POINT('',(0.799502838759,12.143162806256));
#3992 = CARTESIAN_POINT('',(0.876416108003,12.119814394321));
#3993 = CARTESIAN_POINT('',(0.955501656411,12.096501978785));
#3994 = CARTESIAN_POINT('',(1.036984142164,12.074173467689));
#3995 = CARTESIAN_POINT('',(1.121133364153,12.053926844534));
#3996 = CARTESIAN_POINT('',(1.289308222343,12.021139130165));
#3997 = CARTESIAN_POINT('',(1.373151368282,12.008109706463));
#3998 = CARTESIAN_POINT('',(1.458752364215,11.9990786138));
#3999 = CARTESIAN_POINT('',(1.545258259011,11.995016099652));
#4000 = CARTESIAN_POINT('',(1.631921386677,11.996357685086));
#4001 = CARTESIAN_POINT('',(1.718004507971,12.002893302052));
#4002 = CARTESIAN_POINT('',(1.802688412012,12.013829557037));
#4003 = CARTESIAN_POINT('',(1.979514073327,12.044372103457));
#4004 = CARTESIAN_POINT('',(2.070571637123,12.064975936977));
#4005 = CARTESIAN_POINT('',(2.158562026561,12.088421139155));
#4006 = CARTESIAN_POINT('',(2.243798441111,12.113319627908));
#4007 = CARTESIAN_POINT('',(2.326532388551,12.138458254658));
#4008 = CARTESIAN_POINT('',(2.406970566918,12.162844241073));
#4009 = CARTESIAN_POINT('',(2.48527933347,12.185703536653));
#4010 = CARTESIAN_POINT('',(2.71384939716,12.247899892489));
#4011 = CARTESIAN_POINT('',(2.859469524926,12.281354925516));
#4012 = CARTESIAN_POINT('',(3.001361693652,12.302657211166));
#4013 = CARTESIAN_POINT('',(3.141508736388,12.309977615096));
#4014 = CARTESIAN_POINT('',(3.281738589171,12.302707396068));
#4015 = CARTESIAN_POINT('',(3.423798815012,12.281350142443));
#4016 = CARTESIAN_POINT('',(3.569555938734,12.247840020325));
#4017 = CARTESIAN_POINT('',(3.797905973733,12.185703536647));
#4018 = CARTESIAN_POINT('',(3.876214740268,12.162844241071));
#4019 = CARTESIAN_POINT('',(3.956652918615,12.138458254663));
#4020 = CARTESIAN_POINT('',(4.039386866048,12.113319627914));
#4021 = CARTESIAN_POINT('',(4.124623280609,12.088421139157));
#4022 = CARTESIAN_POINT('',(4.212613670067,12.064975936973));
#4023 = CARTESIAN_POINT('',(4.303671233875,12.044372103453));
#4024 = CARTESIAN_POINT('',(4.480496895168,12.013829557037));
#4025 = CARTESIAN_POINT('',(4.565180799209,12.002893302052));
#4026 = CARTESIAN_POINT('',(4.651263920503,11.996357685086));
#4027 = CARTESIAN_POINT('',(4.737927048169,11.995016099652));
#4028 = CARTESIAN_POINT('',(4.824432942965,11.9990786138));
#4029 = CARTESIAN_POINT('',(4.910033938897,12.008109706463));
#4030 = CARTESIAN_POINT('',(4.993877084837,12.021139130165));
#4031 = CARTESIAN_POINT('',(5.162051940474,12.053926844036));
#4032 = CARTESIAN_POINT('',(5.246201169419,12.074173468531));
#4033 = CARTESIAN_POINT('',(5.327683650437,12.096501978892));
#4034 = CARTESIAN_POINT('',(5.406769195478,12.119814393423));
#4035 = CARTESIAN_POINT('',(5.483682468779,12.143162806137));
#4036 = CARTESIAN_POINT('',(5.558616260625,12.165771123447));
#4037 = CARTESIAN_POINT('',(5.631736617035,12.187027254432));
#4038 = CARTESIAN_POINT('',(5.779309503721,12.227183413221));
#4039 = CARTESIAN_POINT('',(5.853814333658,12.245915058242));
#4040 = CARTESIAN_POINT('',(5.927030876814,12.262129583855));
#4041 = CARTESIAN_POINT('',(5.999241278373,12.275443589219));
#4042 = CARTESIAN_POINT('',(6.070707023651,12.285595051519));
#4043 = CARTESIAN_POINT('',(6.141681306161,12.292419208993));
#4044 = CARTESIAN_POINT('',(6.212419152946,12.295833823645));
#4045 = CARTESIAN_POINT('',(6.28318530718,12.295833823645));
#4046 = ( GEOMETRIC_REPRESENTATION_CONTEXT(2) 
PARAMETRIC_REPRESENTATION_CONTEXT() REPRESENTATION_CONTEXT('2D SPACE',''
  ) );
#4047 = FACE_BOUND('',#4048,.T.);
#4048 = EDGE_LOOP('',(#4049));
#4049 = ORIENTED_EDGE('',*,*,#4050,.F.);
#4050 = EDGE_CURVE('',#4051,#4051,#4053,.T.);
#4051 = VERTEX_POINT('',#4052);
#4052 = CARTESIAN_POINT('',(75.25,-17.70416617635,3.071E+03));
#4053 = SURFACE_CURVE('',#4054,(#4120,#4189),.PCURVE_S1.);
#4054 = B_SPLINE_CURVE_WITH_KNOTS('',8,(#4055,#4056,#4057,#4058,#4059,
    #4060,#4061,#4062,#4063,#4064,#4065,#4066,#4067,#4068,#4069,#4070,
    #4071,#4072,#4073,#4074,#4075,#4076,#4077,#4078,#4079,#4080,#4081,
    #4082,#4083,#4084,#4085,#4086,#4087,#4088,#4089,#4090,#4091,#4092,
    #4093,#4094,#4095,#4096,#4097,#4098,#4099,#4100,#4101,#4102,#4103,
    #4104,#4105,#4106,#4107,#4108,#4109,#4110,#4111,#4112,#4113,#4114,
    #4115,#4116,#4117,#4118,#4119),.UNSPECIFIED.,.T.,.F.,(9,7,7,7,7,7,7,
    7,7,9),(0.,9.935009084815E-02,0.197289806968,0.288299430218,
    0.392906536991,0.601557622374,0.70631613093,0.797457475788,
    0.895538943741,1.),.UNSPECIFIED.);
#4055 = CARTESIAN_POINT('',(75.25,-17.70416617635,3.071E+03));
#4056 = CARTESIAN_POINT('',(75.25,-17.70416617635,3.071235632921E+03));
#4057 = CARTESIAN_POINT('',(75.230475913912,-17.70775013493,
    3.071471248056E+03));
#4058 = CARTESIAN_POINT('',(75.191430943189,-17.71491804925,
    3.071704967773E+03));
#4059 = CARTESIAN_POINT('',(75.133087690428,-17.72550346495,
    3.071934915242E+03));
#4060 = CARTESIAN_POINT('',(75.055879104988,-17.73917812188,
    3.072159244593E+03));
#4061 = CARTESIAN_POINT('',(74.960445572994,-17.75547094499,
    3.07237616671E+03));
#4062 = CARTESIAN_POINT('',(74.84763815175,-17.77380138024,
    3.07258397064E+03));
#4063 = CARTESIAN_POINT('',(74.591250594851,-17.81297274498,
    3.07297531305E+03));
#4064 = CARTESIAN_POINT('',(74.445153784301,-17.83422887762,
    3.073163698217E+03));
#4065 = CARTESIAN_POINT('',(74.279662702393,-17.85683719374,
    3.073344260831E+03));
#4066 = CARTESIAN_POINT('',(74.094314911223,-17.88018560567,
    3.073514765878E+03));
#4067 = CARTESIAN_POINT('',(73.888807218964,-17.90349802121,
    3.073672649519E+03));
#4068 = CARTESIAN_POINT('',(73.663067138644,-17.92582653231,
    3.073814971566E+03));
#4069 = CARTESIAN_POINT('',(73.417362888092,-17.94607315546,
    3.073938340606E+03));
#4070 = CARTESIAN_POINT('',(72.906312661308,-17.97886086975,
    3.074132156392E+03));
#4071 = CARTESIAN_POINT('',(72.642887915399,-17.99189029372,
    3.074205995542E+03));
#4072 = CARTESIAN_POINT('',(72.366878169059,-18.00092138604,
    3.074255340867E+03));
#4073 = CARTESIAN_POINT('',(72.083723621635,-18.00498390034,
    3.07427709927E+03));
#4074 = CARTESIAN_POINT('',(71.799287647331,-18.00364231506,
    3.074270022893E+03));
#4075 = CARTESIAN_POINT('',(71.519497448206,-17.99710669777,
    3.074234696481E+03));
#4076 = CARTESIAN_POINT('',(71.249977167288,-17.98617044303,
    3.074173555038E+03));
#4077 = CARTESIAN_POINT('',(70.703420774462,-17.95562789655,
    3.073995968101E+03));
#4078 = CARTESIAN_POINT('',(70.432230774931,-17.93502406303,
    3.073872933907E+03));
#4079 = CARTESIAN_POINT('',(70.183434603214,-17.91157886084,
    3.073726778951E+03));
#4080 = CARTESIAN_POINT('',(69.957621005576,-17.88668037207,
    3.073561761652E+03));
#4081 = CARTESIAN_POINT('',(69.754886791679,-17.86154174533,
    3.073381599606E+03));
#4082 = CARTESIAN_POINT('',(69.574984768001,-17.83715575893,
    3.073189564505E+03));
#4083 = CARTESIAN_POINT('',(69.417413512813,-17.81429646336,
    3.072988537688E+03));
#4084 = CARTESIAN_POINT('',(69.010320938188,-17.75210010751,
    3.072367163582E+03));
#4085 = CARTESIAN_POINT('',(68.822977884876,-17.71864507446,
    3.071924117866E+03));
#4086 = CARTESIAN_POINT('',(68.712890691868,-17.69734278886,
    3.071465795286E+03));
#4087 = CARTESIAN_POINT('',(68.676457669158,-17.69002238486,
    3.071000293425E+03));
#4088 = CARTESIAN_POINT('',(68.712674374049,-17.69729260396,
    3.070534484185E+03));
#4089 = CARTESIAN_POINT('',(68.822918923055,-17.71864985753,
    3.070075520583E+03));
#4090 = CARTESIAN_POINT('',(69.010712818272,-17.75215997968,
    3.069632238264E+03));
#4091 = CARTESIAN_POINT('',(69.41741351276,-17.81429646335,
    3.069011462312E+03));
#4092 = CARTESIAN_POINT('',(69.574984767972,-17.83715575893,
    3.068810435495E+03));
#4093 = CARTESIAN_POINT('',(69.75488679171,-17.86154174533,
    3.068618400394E+03));
#4094 = CARTESIAN_POINT('',(69.957621005645,-17.88668037208,
    3.068438238348E+03));
#4095 = CARTESIAN_POINT('',(70.183434603258,-17.91157886084,
    3.068273221049E+03));
#4096 = CARTESIAN_POINT('',(70.432230774898,-17.93502406302,
    3.068127066093E+03));
#4097 = CARTESIAN_POINT('',(70.703420774373,-17.95562789654,
    3.068004031899E+03));
#4098 = CARTESIAN_POINT('',(71.249977167288,-17.98617044303,
    3.067826444962E+03));
#4099 = CARTESIAN_POINT('',(71.519497448206,-17.99710669777,
    3.067765303519E+03));
#4100 = CARTESIAN_POINT('',(71.799287647331,-18.00364231506,
    3.067729977107E+03));
#4101 = CARTESIAN_POINT('',(72.083723621635,-18.00498390034,
    3.06772290073E+03));
#4102 = CARTESIAN_POINT('',(72.36687816906,-18.00092138604,
    3.067744659133E+03));
#4103 = CARTESIAN_POINT('',(72.642887915399,-17.99189029372,
    3.067794004458E+03));
#4104 = CARTESIAN_POINT('',(72.906312661308,-17.97886086975,
    3.067867843608E+03));
#4105 = CARTESIAN_POINT('',(73.417362888208,-17.94607315546,
    3.068061659394E+03));
#4106 = CARTESIAN_POINT('',(73.663067138685,-17.9258265323,
    3.068185028434E+03));
#4107 = CARTESIAN_POINT('',(73.888807218906,-17.90349802121,
    3.068327350481E+03));
#4108 = CARTESIAN_POINT('',(74.094314911134,-17.88018560568,
    3.068485234122E+03));
#4109 = CARTESIAN_POINT('',(74.279662702352,-17.85683719374,
    3.068655739169E+03));
#4110 = CARTESIAN_POINT('',(74.445153784339,-17.83422887761,
    3.068836301783E+03));
#4111 = CARTESIAN_POINT('',(74.591250594921,-17.81297274497,
    3.06902468695E+03));
#4112 = CARTESIAN_POINT('',(74.854083900883,-17.77281658677,
    3.069425867961E+03));
#4113 = CARTESIAN_POINT('',(74.968781790025,-17.75408494175,
    3.069640201335E+03));
#4114 = CARTESIAN_POINT('',(75.063322236978,-17.73787041614,
    3.069860130909E+03));
#4115 = CARTESIAN_POINT('',(75.13830934835,-17.72455641078,
    3.070084196164E+03));
#4116 = CARTESIAN_POINT('',(75.19422401956,-17.71440494848,
    3.070311198883E+03));
#4117 = CARTESIAN_POINT('',(75.231399611411,-17.707580791,
    3.070540112993E+03));
#4118 = CARTESIAN_POINT('',(75.25,-17.70416617635,3.070770009999E+03));
#4119 = CARTESIAN_POINT('',(75.25,-17.70416617635,3.071E+03));
#4120 = PCURVE('',#3758,#4121);
#4121 = DEFINITIONAL_REPRESENTATION('',(#4122),#4188);
#4122 = B_SPLINE_CURVE_WITH_KNOTS('',8,(#4123,#4124,#4125,#4126,#4127,
    #4128,#4129,#4130,#4131,#4132,#4133,#4134,#4135,#4136,#4137,#4138,
    #4139,#4140,#4141,#4142,#4143,#4144,#4145,#4146,#4147,#4148,#4149,
    #4150,#4151,#4152,#4153,#4154,#4155,#4156,#4157,#4158,#4159,#4160,
    #4161,#4162,#4163,#4164,#4165,#4166,#4167,#4168,#4169,#4170,#4171,
    #4172,#4173,#4174,#4175,#4176,#4177,#4178,#4179,#4180,#4181,#4182,
    #4183,#4184,#4185,#4186,#4187),.UNSPECIFIED.,.T.,.F.,(9,7,7,7,7,7,7,
    7,7,9),(0.,9.935009084815E-02,0.197289806968,0.288299430218,
    0.392906536991,0.601557622374,0.70631613093,0.797457475788,
    0.895538943741,1.),.UNSPECIFIED.);
#4123 = CARTESIAN_POINT('',(4.893940241182,40.));
#4124 = CARTESIAN_POINT('',(4.893940241182,40.235632921125));
#4125 = CARTESIAN_POINT('',(4.892837451013,40.471248056202));
#4126 = CARTESIAN_POINT('',(4.890632024799,40.704967773271));
#4127 = CARTESIAN_POINT('',(4.887337828236,40.934915241871));
#4128 = CARTESIAN_POINT('',(4.88298180246,41.15924459334));
#4129 = CARTESIAN_POINT('',(4.877603453316,41.376166709595));
#4130 = CARTESIAN_POINT('',(4.871254466014,41.583970640365));
#4131 = CARTESIAN_POINT('',(4.856845430874,41.975313049936));
#4132 = CARTESIAN_POINT('',(4.84864369155,42.163698217446));
#4133 = CARTESIAN_POINT('',(4.839364958003,42.344260831321));
#4134 = CARTESIAN_POINT('',(4.828987695896,42.514765878359));
#4135 = CARTESIAN_POINT('',(4.817499390115,42.672649518769));
#4136 = CARTESIAN_POINT('',(4.804899688882,42.814971565766));
#4137 = CARTESIAN_POINT('',(4.791205444474,42.938340606019));
#4138 = CARTESIAN_POINT('',(4.762755392482,43.132156391958));
#4139 = CARTESIAN_POINT('',(4.748104367158,43.205995541779));
#4140 = CARTESIAN_POINT('',(4.732765900675,43.255340866887));
#4141 = CARTESIAN_POINT('',(4.7170389029,43.277099269817));
#4142 = CARTESIAN_POINT('',(4.701242279739,43.270022893193));
#4143 = CARTESIAN_POINT('',(4.685698020913,43.234696481389));
#4144 = CARTESIAN_POINT('',(4.670714096156,43.173555037802));
#4145 = CARTESIAN_POINT('',(4.640302478732,42.995968100671));
#4146 = CARTESIAN_POINT('',(4.625195973938,42.872933907277));
#4147 = CARTESIAN_POINT('',(4.611316254662,42.726778951231));
#4148 = CARTESIAN_POINT('',(4.598697697382,42.561761651694));
#4149 = CARTESIAN_POINT('',(4.587349993391,42.38159960559));
#4150 = CARTESIAN_POINT('',(4.577264803533,42.189564505218));
#4151 = CARTESIAN_POINT('',(4.568419454586,41.988537688491));
#4152 = CARTESIAN_POINT('',(4.545540765448,41.367163582043));
#4153 = CARTESIAN_POINT('',(4.534971495602,40.924117866268));
#4154 = CARTESIAN_POINT('',(4.528741591386,40.465795285915));
#4155 = CARTESIAN_POINT('',(4.526676938611,40.000293424687));
#4156 = CARTESIAN_POINT('',(4.528729283021,39.534484184907));
#4157 = CARTESIAN_POINT('',(4.534968303762,39.075520582777));
#4158 = CARTESIAN_POINT('',(4.545562789192,38.632238263746));
#4159 = CARTESIAN_POINT('',(4.568419454583,38.01146231159));
#4160 = CARTESIAN_POINT('',(4.577264803531,37.810435494796));
#4161 = CARTESIAN_POINT('',(4.587349993392,37.61840039436));
#4162 = CARTESIAN_POINT('',(4.598697697386,37.438238348252));
#4163 = CARTESIAN_POINT('',(4.611316254664,37.273221048758));
#4164 = CARTESIAN_POINT('',(4.625195973936,37.127066092755));
#4165 = CARTESIAN_POINT('',(4.640302478728,37.004031899358));
#4166 = CARTESIAN_POINT('',(4.670714096156,36.826444962198));
#4167 = CARTESIAN_POINT('',(4.685698020913,36.765303518611));
#4168 = CARTESIAN_POINT('',(4.701242279739,36.729977106807));
#4169 = CARTESIAN_POINT('',(4.7170389029,36.722900730183));
#4170 = CARTESIAN_POINT('',(4.732765900675,36.744659133113));
#4171 = CARTESIAN_POINT('',(4.748104367158,36.794004458221));
#4172 = CARTESIAN_POINT('',(4.762755392482,36.867843608042));
#4173 = CARTESIAN_POINT('',(4.79120544448,37.061659394025));
#4174 = CARTESIAN_POINT('',(4.804899688884,37.185028434276));
#4175 = CARTESIAN_POINT('',(4.817499390112,37.327350481215));
#4176 = CARTESIAN_POINT('',(4.828987695891,37.485234121569));
#4177 = CARTESIAN_POINT('',(4.839364958001,37.655739168614));
#4178 = CARTESIAN_POINT('',(4.848643691552,37.836301782574));
#4179 = CARTESIAN_POINT('',(4.856845430878,38.02468695017));
#4180 = CARTESIAN_POINT('',(4.871616718484,38.425867961116));
#4181 = CARTESIAN_POINT('',(4.878072902819,38.640201335061));
#4182 = CARTESIAN_POINT('',(4.883401614768,38.86013090907));
#4183 = CARTESIAN_POINT('',(4.887632655495,39.084196164196));
#4184 = CARTESIAN_POINT('',(4.890789803263,39.3111988829));
#4185 = CARTESIAN_POINT('',(4.892889615613,39.54011299295));
#4186 = CARTESIAN_POINT('',(4.893940241182,39.77000999874));
#4187 = CARTESIAN_POINT('',(4.893940241182,40.));
#4188 = ( GEOMETRIC_REPRESENTATION_CONTEXT(2) 
PARAMETRIC_REPRESENTATION_CONTEXT() REPRESENTATION_CONTEXT('2D SPACE',''
  ) );
#4189 = PCURVE('',#4190,#4195);
#4190 = CYLINDRICAL_SURFACE('',#4191,3.25);
#4191 = AXIS2_PLACEMENT_3D('',#4192,#4193,#4194);
#4192 = CARTESIAN_POINT('',(72.,30.,3.071E+03));
#4193 = DIRECTION('',(0.,-1.,2.22044604925E-16));
#4194 = DIRECTION('',(1.,0.,0.));
#4195 = DEFINITIONAL_REPRESENTATION('',(#4196),#4262);
#4196 = B_SPLINE_CURVE_WITH_KNOTS('',8,(#4197,#4198,#4199,#4200,#4201,
    #4202,#4203,#4204,#4205,#4206,#4207,#4208,#4209,#4210,#4211,#4212,
    #4213,#4214,#4215,#4216,#4217,#4218,#4219,#4220,#4221,#4222,#4223,
    #4224,#4225,#4226,#4227,#4228,#4229,#4230,#4231,#4232,#4233,#4234,
    #4235,#4236,#4237,#4238,#4239,#4240,#4241,#4242,#4243,#4244,#4245,
    #4246,#4247,#4248,#4249,#4250,#4251,#4252,#4253,#4254,#4255,#4256,
    #4257,#4258,#4259,#4260,#4261),.UNSPECIFIED.,.F.,.F.,(9,7,7,7,7,7,7,
    7,7,9),(0.,9.935009084815E-02,0.197289806968,0.288299430218,
    0.392906536991,0.601557622374,0.70631613093,0.797457475788,
    0.895538943741,1.),.UNSPECIFIED.);
#4197 = CARTESIAN_POINT('',(0.,47.704166176355));
#4198 = CARTESIAN_POINT('',(7.250243726922E-02,47.704166176355));
#4199 = CARTESIAN_POINT('',(0.144999300897,47.707750134939));
#4200 = CARTESIAN_POINT('',(0.21749404237,47.714918049258));
#4201 = CARTESIAN_POINT('',(0.289988930662,47.725503464953));
#4202 = CARTESIAN_POINT('',(0.362486819143,47.739178121888));
#4203 = CARTESIAN_POINT('',(0.434989821262,47.755470944998));
#4204 = CARTESIAN_POINT('',(0.507494894992,47.773801380243));
#4205 = CARTESIAN_POINT('',(0.651448687993,47.812972744983));
#4206 = CARTESIAN_POINT('',(0.72456905011,47.834228877624));
#4207 = CARTESIAN_POINT('',(0.799502838753,47.856837193742));
#4208 = CARTESIAN_POINT('',(0.876416107994,47.880185605676));
#4209 = CARTESIAN_POINT('',(0.955501656406,47.903498021214));
#4210 = CARTESIAN_POINT('',(1.036984142168,47.925826532313));
#4211 = CARTESIAN_POINT('',(1.121133364164,47.946073155468));
#4212 = CARTESIAN_POINT('',(1.289308221933,47.978860869755));
#4213 = CARTESIAN_POINT('',(1.373151368981,47.99189029372));
#4214 = CARTESIAN_POINT('',(1.458752364221,48.000921386046));
#4215 = CARTESIAN_POINT('',(1.545258258347,48.004983900341));
#4216 = CARTESIAN_POINT('',(1.631921386672,48.003642315067));
#4217 = CARTESIAN_POINT('',(1.718004508694,47.997106697779));
#4218 = CARTESIAN_POINT('',(1.802688411587,47.986170443037));
#4219 = CARTESIAN_POINT('',(1.97951407327,47.955627896553));
#4220 = CARTESIAN_POINT('',(2.070571637098,47.935024063033));
#4221 = CARTESIAN_POINT('',(2.158562026586,47.91157886084));
#4222 = CARTESIAN_POINT('',(2.243798441162,47.886680372076));
#4223 = CARTESIAN_POINT('',(2.326532388585,47.861541745331));
#4224 = CARTESIAN_POINT('',(2.406970566902,47.837155758933));
#4225 = CARTESIAN_POINT('',(2.485279333411,47.814296463363));
#4226 = CARTESIAN_POINT('',(2.713849397141,47.752100107516));
#4227 = CARTESIAN_POINT('',(2.859469524983,47.718645074465));
#4228 = CARTESIAN_POINT('',(3.001361693591,47.697342788869));
#4229 = CARTESIAN_POINT('',(3.141508736388,47.690022384863));
#4230 = CARTESIAN_POINT('',(3.281738589233,47.697292603967));
#4231 = CARTESIAN_POINT('',(3.423798814955,47.718649857539));
#4232 = CARTESIAN_POINT('',(3.569555938753,47.75215997968));
#4233 = CARTESIAN_POINT('',(3.797905973739,47.814296463355));
#4234 = CARTESIAN_POINT('',(3.876214740269,47.83715575893));
#4235 = CARTESIAN_POINT('',(3.956652918612,47.861541745336));
#4236 = CARTESIAN_POINT('',(4.039386866044,47.886680372084));
#4237 = CARTESIAN_POINT('',(4.124623280606,47.911578860843));
#4238 = CARTESIAN_POINT('',(4.212613670069,47.935024063028));
#4239 = CARTESIAN_POINT('',(4.30367123388,47.955627896548));
#4240 = CARTESIAN_POINT('',(4.480496895593,47.986170443037));
#4241 = CARTESIAN_POINT('',(4.565180798486,47.997106697779));
#4242 = CARTESIAN_POINT('',(4.651263920508,48.003642315067));
#4243 = CARTESIAN_POINT('',(4.737927048832,48.004983900341));
#4244 = CARTESIAN_POINT('',(4.824432942959,48.000921386046));
#4245 = CARTESIAN_POINT('',(4.910033938198,47.99189029372));
#4246 = CARTESIAN_POINT('',(4.993877085247,47.978860869755));
#4247 = CARTESIAN_POINT('',(5.162051943054,47.946073155461));
#4248 = CARTESIAN_POINT('',(5.246201165028,47.925826532306));
#4249 = CARTESIAN_POINT('',(5.327683650756,47.903498021218));
#4250 = CARTESIAN_POINT('',(5.406769199152,47.880185605687));
#4251 = CARTESIAN_POINT('',(5.483682468404,47.856837193749));
#4252 = CARTESIAN_POINT('',(5.558616257082,47.834228877619));
#4253 = CARTESIAN_POINT('',(5.631736619225,47.812972744972));
#4254 = CARTESIAN_POINT('',(5.779309503721,47.772816586779));
#4255 = CARTESIAN_POINT('',(5.853814333658,47.754084941758));
#4256 = CARTESIAN_POINT('',(5.927030876814,47.737870416145));
#4257 = CARTESIAN_POINT('',(5.999241278373,47.724556410781));
#4258 = CARTESIAN_POINT('',(6.070707023651,47.714404948481));
#4259 = CARTESIAN_POINT('',(6.141681306161,47.707580791007));
#4260 = CARTESIAN_POINT('',(6.212419152946,47.704166176355));
#4261 = CARTESIAN_POINT('',(6.28318530718,47.704166176355));
#4262 = ( GEOMETRIC_REPRESENTATION_CONTEXT(2) 
PARAMETRIC_REPRESENTATION_CONTEXT() REPRESENTATION_CONTEXT('2D SPACE',''
  ) );
#4263 = ADVANCED_FACE('',(#4264,#4267),#3820,.F.);
#4264 = FACE_BOUND('',#4265,.F.);
#4265 = EDGE_LOOP('',(#4266));
#4266 = ORIENTED_EDGE('',*,*,#3805,.T.);
#4267 = FACE_BOUND('',#4268,.F.);
#4268 = EDGE_LOOP('',(#4269));
#4269 = ORIENTED_EDGE('',*,*,#4270,.F.);
#4270 = EDGE_CURVE('',#4271,#4271,#4273,.T.);
#4271 = VERTEX_POINT('',#4272);
#4272 = CARTESIAN_POINT('',(84.,-2.939152317954E-15,3.031E+03));
#4273 = SURFACE_CURVE('',#4274,(#4279,#4286),.PCURVE_S1.);
#4274 = CIRCLE('',#4275,12.);
#4275 = AXIS2_PLACEMENT_3D('',#4276,#4277,#4278);
#4276 = CARTESIAN_POINT('',(72.,0.,3.031E+03));
#4277 = DIRECTION('',(0.,0.,1.));
#4278 = DIRECTION('',(1.,0.,-0.));
#4279 = PCURVE('',#3820,#4280);
#4280 = DEFINITIONAL_REPRESENTATION('',(#4281),#4285);
#4281 = CIRCLE('',#4282,12.);
#4282 = AXIS2_PLACEMENT_2D('',#4283,#4284);
#4283 = CARTESIAN_POINT('',(0.,0.));
#4284 = DIRECTION('',(1.,0.));
#4285 = ( GEOMETRIC_REPRESENTATION_CONTEXT(2) 
PARAMETRIC_REPRESENTATION_CONTEXT() REPRESENTATION_CONTEXT('2D SPACE',''
  ) );
#4286 = PCURVE('',#4287,#4292);
#4287 = CYLINDRICAL_SURFACE('',#4288,12.);
#4288 = AXIS2_PLACEMENT_3D('',#4289,#4290,#4291);
#4289 = CARTESIAN_POINT('',(72.,0.,3.03E+03));
#4290 = DIRECTION('',(0.,0.,1.));
#4291 = DIRECTION('',(1.,0.,-0.));
#4292 = DEFINITIONAL_REPRESENTATION('',(#4293),#4297);
#4293 = LINE('',#4294,#4295);
#4294 = CARTESIAN_POINT('',(0.,1.));
#4295 = VECTOR('',#4296,1.);
#4296 = DIRECTION('',(1.,0.));
#4297 = ( GEOMETRIC_REPRESENTATION_CONTEXT(2) 
PARAMETRIC_REPRESENTATION_CONTEXT() REPRESENTATION_CONTEXT('2D SPACE',''
  ) );
#4298 = ADVANCED_FACE('',(#4299,#4302),#3792,.T.);
#4299 = FACE_BOUND('',#4300,.T.);
#4300 = EDGE_LOOP('',(#4301));
#4301 = ORIENTED_EDGE('',*,*,#3777,.T.);
#4302 = FACE_BOUND('',#4303,.T.);
#4303 = EDGE_LOOP('',(#4304));
#4304 = ORIENTED_EDGE('',*,*,#4305,.F.);
#4305 = EDGE_CURVE('',#4306,#4306,#4308,.T.);
#4306 = VERTEX_POINT('',#4307);
#4307 = CARTESIAN_POINT('',(84.,-2.939152317954E-15,4.481E+03));
#4308 = SURFACE_CURVE('',#4309,(#4314,#4321),.PCURVE_S1.);
#4309 = CIRCLE('',#4310,12.);
#4310 = AXIS2_PLACEMENT_3D('',#4311,#4312,#4313);
#4311 = CARTESIAN_POINT('',(72.,0.,4.481E+03));
#4312 = DIRECTION('',(0.,0.,1.));
#4313 = DIRECTION('',(1.,0.,-0.));
#4314 = PCURVE('',#3792,#4315);
#4315 = DEFINITIONAL_REPRESENTATION('',(#4316),#4320);
#4316 = CIRCLE('',#4317,12.);
#4317 = AXIS2_PLACEMENT_2D('',#4318,#4319);
#4318 = CARTESIAN_POINT('',(0.,0.));
#4319 = DIRECTION('',(1.,0.));
#4320 = ( GEOMETRIC_REPRESENTATION_CONTEXT(2) 
PARAMETRIC_REPRESENTATION_CONTEXT() REPRESENTATION_CONTEXT('2D SPACE',''
  ) );
#4321 = PCURVE('',#4287,#4322);
#4322 = DEFINITIONAL_REPRESENTATION('',(#4323),#4327);
#4323 = LINE('',#4324,#4325);
#4324 = CARTESIAN_POINT('',(0.,1.451E+03));
#4325 = VECTOR('',#4326,1.);
#4326 = DIRECTION('',(1.,0.));
#4327 = ( GEOMETRIC_REPRESENTATION_CONTEXT(2) 
PARAMETRIC_REPRESENTATION_CONTEXT() REPRESENTATION_CONTEXT('2D SPACE',''
  ) );
#4328 = ADVANCED_FACE('',(#4329),#3974,.F.);
#4329 = FACE_BOUND('',#4330,.F.);
#4330 = EDGE_LOOP('',(#4331,#4540,#4561,#4562));
#4331 = ORIENTED_EDGE('',*,*,#4332,.F.);
#4332 = EDGE_CURVE('',#4333,#4333,#4335,.T.);
#4333 = VERTEX_POINT('',#4334);
#4334 = CARTESIAN_POINT('',(75.25,11.551515052148,3.071E+03));
#4335 = SURFACE_CURVE('',#4336,(#4402,#4471),.PCURVE_S1.);
#4336 = B_SPLINE_CURVE_WITH_KNOTS('',8,(#4337,#4338,#4339,#4340,#4341,
    #4342,#4343,#4344,#4345,#4346,#4347,#4348,#4349,#4350,#4351,#4352,
    #4353,#4354,#4355,#4356,#4357,#4358,#4359,#4360,#4361,#4362,#4363,
    #4364,#4365,#4366,#4367,#4368,#4369,#4370,#4371,#4372,#4373,#4374,
    #4375,#4376,#4377,#4378,#4379,#4380,#4381,#4382,#4383,#4384,#4385,
    #4386,#4387,#4388,#4389,#4390,#4391,#4392,#4393,#4394,#4395,#4396,
    #4397,#4398,#4399,#4400,#4401),.UNSPECIFIED.,.T.,.F.,(9,7,7,7,7,7,7,
    7,7,9),(0.,0.111605808492,0.207700036323,0.298124784911,
    0.412578175002,0.5171696599,0.643198500864,0.733675405389,
    0.819024376649,1.),.UNSPECIFIED.);
#4337 = CARTESIAN_POINT('',(75.25,11.551515052148,3.071E+03));
#4338 = CARTESIAN_POINT('',(75.25,11.551515052148,3.07124877477E+03));
#4339 = CARTESIAN_POINT('',(75.22823710771,11.557638013745,
    3.071497357285E+03));
#4340 = CARTESIAN_POINT('',(75.18476877748,11.569867728497,
    3.071744566434E+03));
#4341 = CARTESIAN_POINT('',(75.119420080579,11.588005752819,
    3.071989173281E+03));
#4342 = CARTESIAN_POINT('',(75.031814752954,11.61166544784,
    3.07222982187E+03));
#4343 = CARTESIAN_POINT('',(74.921403388721,11.640244271754,
    3.072464931356E+03));
#4344 = CARTESIAN_POINT('',(74.787495883502,11.67288109034,
    3.072692571317E+03));
#4345 = CARTESIAN_POINT('',(74.493100774813,11.738992109008,
    3.073097771422E+03));
#4346 = CARTESIAN_POINT('',(74.338316991953,11.771849010171,
    3.073278688899E+03));
#4347 = CARTESIAN_POINT('',(74.164445835766,11.806202225228,
    3.073451025192E+03));
#4348 = CARTESIAN_POINT('',(73.971122380344,11.841051869469,
    3.07361246455E+03));
#4349 = CARTESIAN_POINT('',(73.75816941427,11.875170426492,
    3.073760379555E+03));
#4350 = CARTESIAN_POINT('',(73.525665838555,11.907109057008,
    3.073891788867E+03));
#4351 = CARTESIAN_POINT('',(73.274054517642,11.93524457349,
    3.074003286822E+03));
#4352 = CARTESIAN_POINT('',(72.750470928533,11.979218660944,
    3.074173409443E+03));
#4353 = CARTESIAN_POINT('',(72.480941664355,11.995653716915,
    3.07423464695E+03));
#4354 = CARTESIAN_POINT('',(72.200863149873,12.00547775325,
    3.074270081722E+03));
#4355 = CARTESIAN_POINT('',(71.916018482018,12.007492181013,
    3.074277177098E+03));
#4356 = CARTESIAN_POINT('',(71.632485237457,12.00138039271,
    3.074255326639E+03));
#4357 = CARTESIAN_POINT('',(71.356279051937,11.987797841388,
    3.074205824117E+03));
#4358 = CARTESIAN_POINT('',(71.093004503442,11.968215231164,
    3.074131897427E+03));
#4359 = CARTESIAN_POINT('',(70.536834686691,11.914553288694,
    3.073920970037E+03));
#4360 = CARTESIAN_POINT('',(70.253180763827,11.877862332238,
    3.073771868032E+03));
#4361 = CARTESIAN_POINT('',(69.99743967144,11.837290095611,
    3.073598030767E+03));
#4362 = CARTESIAN_POINT('',(69.769555976073,11.795399143748,
    3.073404706216E+03));
#4363 = CARTESIAN_POINT('',(69.568956088247,11.754282898318,
    3.073196150841E+03));
#4364 = CARTESIAN_POINT('',(69.394810491968,11.715559315101,
    3.072975820364E+03));
#4365 = CARTESIAN_POINT('',(69.246204435638,11.680449799118,
    3.072746491617E+03));
#4366 = CARTESIAN_POINT('',(69.009010419001,11.621858340501,
    3.072294556177E+03));
#4367 = CARTESIAN_POINT('',(68.916100310703,11.597572597368,
    3.072072589442E+03));
#4368 = CARTESIAN_POINT('',(68.843017226597,11.577676121654,
    3.071846027048E+03));
#4369 = CARTESIAN_POINT('',(68.789355404363,11.562668178012,
    3.071616201717E+03));
#4370 = CARTESIAN_POINT('',(68.754828104337,11.552875522897,
    3.071384273457E+03));
#4371 = CARTESIAN_POINT('',(68.739275889699,11.548469869959,
    3.071151299202E+03));
#4372 = CARTESIAN_POINT('',(68.742678767019,11.549476351185,
    3.070918300569E+03));
#4373 = CARTESIAN_POINT('',(68.792275920071,11.563360169299,
    3.070406813574E+03));
#4374 = CARTESIAN_POINT('',(68.847042176707,11.578612570053,
    3.070129351998E+03));
#4375 = CARTESIAN_POINT('',(68.929543731012,11.601271306012,
    3.069855474221E+03));
#4376 = CARTESIAN_POINT('',(69.040306406164,11.630803506957,
    3.069586942101E+03));
#4377 = CARTESIAN_POINT('',(69.18021512354,11.666371254787,
    3.06932590833E+03));
#4378 = CARTESIAN_POINT('',(69.350416868682,11.706731003075,
    3.06907512472E+03));
#4379 = CARTESIAN_POINT('',(69.55218364163,11.750111876109,
    3.068838227535E+03));
#4380 = CARTESIAN_POINT('',(69.955058134184,11.825715875389,
    3.068463550956E+03));
#4381 = CARTESIAN_POINT('',(70.14212215744,11.857976874889,
    3.068314964301E+03));
#4382 = CARTESIAN_POINT('',(70.347589941832,11.889774286078,
    3.068177838768E+03));
#4383 = CARTESIAN_POINT('',(70.570669708165,11.91976186652,
    3.068055471497E+03));
#4384 = CARTESIAN_POINT('',(70.810128704188,11.946487676892,
    3.06795098451E+03));
#4385 = CARTESIAN_POINT('',(71.06432064645,11.968515093659,
    3.067867335248E+03));
#4386 = CARTESIAN_POINT('',(71.33119038475,11.984554260978,
    3.06780733799E+03));
#4387 = CARTESIAN_POINT('',(71.86961803806,12.002140794305,
    3.067741961037E+03));
#4388 = CARTESIAN_POINT('',(72.134748122506,12.004284362921,
    3.067734322614E+03));
#4389 = CARTESIAN_POINT('',(72.399529878586,11.999591012322,
    3.067751554397E+03));
#4390 = CARTESIAN_POINT('',(72.659760887335,11.988160908807,
    3.06779328735E+03));
#4391 = CARTESIAN_POINT('',(72.911361442047,11.970700073922,
    3.067858059786E+03));
#4392 = CARTESIAN_POINT('',(73.150572684656,11.948424775347,
    3.067943326403E+03));
#4393 = CARTESIAN_POINT('',(73.374136042032,11.922862301981,
    3.068045438071E+03));
#4394 = CARTESIAN_POINT('',(74.014789529666,11.83779913015,
    3.068401683331E+03));
#4395 = CARTESIAN_POINT('',(74.380466613171,11.770715940201,
    3.068704857439E+03));
#4396 = CARTESIAN_POINT('',(74.67724872093,11.704275195136,
    3.069047690321E+03));
#4397 = CARTESIAN_POINT('',(74.909039438582,11.645750351081,
    3.069416375515E+03));
#4398 = CARTESIAN_POINT('',(75.079857285485,11.599380935078,
    3.069801426757E+03));
#4399 = CARTESIAN_POINT('',(75.192945352717,11.567567941216,
    3.070196455069E+03));
#4400 = CARTESIAN_POINT('',(75.25,11.551515052148,3.070597199534E+03));
#4401 = CARTESIAN_POINT('',(75.25,11.551515052148,3.071E+03));
#4402 = PCURVE('',#3974,#4403);
#4403 = DEFINITIONAL_REPRESENTATION('',(#4404),#4470);
#4404 = B_SPLINE_CURVE_WITH_KNOTS('',8,(#4405,#4406,#4407,#4408,#4409,
    #4410,#4411,#4412,#4413,#4414,#4415,#4416,#4417,#4418,#4419,#4420,
    #4421,#4422,#4423,#4424,#4425,#4426,#4427,#4428,#4429,#4430,#4431,
    #4432,#4433,#4434,#4435,#4436,#4437,#4438,#4439,#4440,#4441,#4442,
    #4443,#4444,#4445,#4446,#4447,#4448,#4449,#4450,#4451,#4452,#4453,
    #4454,#4455,#4456,#4457,#4458,#4459,#4460,#4461,#4462,#4463,#4464,
    #4465,#4466,#4467,#4468,#4469),.UNSPECIFIED.,.F.,.F.,(9,7,7,7,7,7,7,
    7,7,9),(0.,0.111605808492,0.207700036323,0.298124784911,
    0.412578175002,0.5171696599,0.643198500864,0.733675405389,
    0.819024376649,1.),.UNSPECIFIED.);
#4405 = CARTESIAN_POINT('',(0.,18.448484947852));
#4406 = CARTESIAN_POINT('',(7.654608312443E-02,18.448484947852));
#4407 = CARTESIAN_POINT('',(0.153032967885,18.442361986255));
#4408 = CARTESIAN_POINT('',(0.229780911181,18.430132271503));
#4409 = CARTESIAN_POINT('',(0.307090276732,18.411994247181));
#4410 = CARTESIAN_POINT('',(0.385265902712,18.38833455216));
#4411 = CARTESIAN_POINT('',(0.464625128973,18.359755728246));
#4412 = CARTESIAN_POINT('',(0.545509296371,18.32711890966));
#4413 = CARTESIAN_POINT('',(0.699618488483,18.261007890992));
#4414 = CARTESIAN_POINT('',(0.772647614053,18.228150989829));
#4415 = CARTESIAN_POINT('',(0.847545471848,18.193797774772));
#4416 = CARTESIAN_POINT('',(0.924465222245,18.158948130531));
#4417 = CARTESIAN_POINT('',(1.003589342986,18.124829573508));
#4418 = CARTESIAN_POINT('',(1.085134664949,18.092890942992));
#4419 = CARTESIAN_POINT('',(1.169365927847,18.06475542651));
#4420 = CARTESIAN_POINT('',(1.338759270979,18.020781339056));
#4421 = CARTESIAN_POINT('',(1.423454931831,18.004346283085));
#4422 = CARTESIAN_POINT('',(1.509628253017,17.99452224675));
#4423 = CARTESIAN_POINT('',(1.596412214022,17.992507818987));
#4424 = CARTESIAN_POINT('',(1.683031757469,17.99861960729));
#4425 = CARTESIAN_POINT('',(1.768699640361,18.012202158612));
#4426 = CARTESIAN_POINT('',(1.852509137009,18.031784768836));
#4427 = CARTESIAN_POINT('',(2.035531812522,18.085446711306));
#4428 = CARTESIAN_POINT('',(2.133406930625,18.122137667762));
#4429 = CARTESIAN_POINT('',(2.227577715362,18.162709904389));
#4430 = CARTESIAN_POINT('',(2.318537129659,18.204600856252));
#4431 = CARTESIAN_POINT('',(2.40671027661,18.245717101682));
#4432 = CARTESIAN_POINT('',(2.492483251937,18.284440684899));
#4433 = CARTESIAN_POINT('',(2.576212578871,18.319550200882));
#4434 = CARTESIAN_POINT('',(2.733258275622,18.378141659499));
#4435 = CARTESIAN_POINT('',(2.807018361994,18.402427402632));
#4436 = CARTESIAN_POINT('',(2.879836789961,18.422323878346));
#4437 = CARTESIAN_POINT('',(2.951965418584,18.437331821988));
#4438 = CARTESIAN_POINT('',(3.023639047606,18.447124477103));
#4439 = CARTESIAN_POINT('',(3.09508803664,18.451530130041));
#4440 = CARTESIAN_POINT('',(3.166546637966,18.450523648815));
#4441 = CARTESIAN_POINT('',(3.32466540812,18.436639830701));
#4442 = CARTESIAN_POINT('',(3.411265845133,18.421387429947));
#4443 = CARTESIAN_POINT('',(3.498576267632,18.398728693988));
#4444 = CARTESIAN_POINT('',(3.587072049051,18.369196493043));
#4445 = CARTESIAN_POINT('',(3.677241782797,18.333628745213));
#4446 = CARTESIAN_POINT('',(3.769597949229,18.293268996925));
#4447 = CARTESIAN_POINT('',(3.864699074081,18.249888123891));
#4448 = CARTESIAN_POINT('',(4.033983092336,18.174284124611));
#4449 = CARTESIAN_POINT('',(4.107266731068,18.142023125111));
#4450 = CARTESIAN_POINT('',(4.182833972711,18.110225713922));
#4451 = CARTESIAN_POINT('',(4.260519661064,18.08023813348));
#4452 = CARTESIAN_POINT('',(4.340231603366,18.053512323108));
#4453 = CARTESIAN_POINT('',(4.421940909859,18.031484906341));
#4454 = CARTESIAN_POINT('',(4.505681459774,18.015445739022));
#4455 = CARTESIAN_POINT('',(4.672568299909,17.997859205695));
#4456 = CARTESIAN_POINT('',(4.753835191332,17.995715637079));
#4457 = CARTESIAN_POINT('',(4.834883851658,18.000408987678));
#4458 = CARTESIAN_POINT('',(4.915274730473,18.011839091193));
#4459 = CARTESIAN_POINT('',(4.994554163637,18.029299926078));
#4460 = CARTESIAN_POINT('',(5.072206497239,18.051575224653));
#4461 = CARTESIAN_POINT('',(5.147594834428,18.077137698019));
#4462 = CARTESIAN_POINT('',(5.373145589927,18.16220086985));
#4463 = CARTESIAN_POINT('',(5.516816530294,18.229284059799));
#4464 = CARTESIAN_POINT('',(5.653370732847,18.295724804863));
#4465 = CARTESIAN_POINT('',(5.784427533903,18.354249648919));
#4466 = CARTESIAN_POINT('',(5.911496095869,18.400619064922));
#4467 = CARTESIAN_POINT('',(6.035940000643,18.432432058784));
#4468 = CARTESIAN_POINT('',(6.159246702277,18.448484947852));
#4469 = CARTESIAN_POINT('',(6.28318530718,18.448484947852));
#4470 = ( GEOMETRIC_REPRESENTATION_CONTEXT(2) 
PARAMETRIC_REPRESENTATION_CONTEXT() REPRESENTATION_CONTEXT('2D SPACE',''
  ) );
#4471 = PCURVE('',#4287,#4472);
#4472 = DEFINITIONAL_REPRESENTATION('',(#4473),#4539);
#4473 = B_SPLINE_CURVE_WITH_KNOTS('',8,(#4474,#4475,#4476,#4477,#4478,
    #4479,#4480,#4481,#4482,#4483,#4484,#4485,#4486,#4487,#4488,#4489,
    #4490,#4491,#4492,#4493,#4494,#4495,#4496,#4497,#4498,#4499,#4500,
    #4501,#4502,#4503,#4504,#4505,#4506,#4507,#4508,#4509,#4510,#4511,
    #4512,#4513,#4514,#4515,#4516,#4517,#4518,#4519,#4520,#4521,#4522,
    #4523,#4524,#4525,#4526,#4527,#4528,#4529,#4530,#4531,#4532,#4533,
    #4534,#4535,#4536,#4537,#4538),.UNSPECIFIED.,.T.,.F.,(9,7,7,7,7,7,7,
    7,7,9),(0.,0.111605808492,0.207700036323,0.298124784911,
    0.412578175002,0.5171696599,0.643198500864,0.733675405389,
    0.819024376649,1.),.UNSPECIFIED.);
#4474 = CARTESIAN_POINT('',(1.296537713306,41.));
#4475 = CARTESIAN_POINT('',(1.296537713306,41.248774770154));
#4476 = CARTESIAN_POINT('',(1.298421698268,41.497357285104));
#4477 = CARTESIAN_POINT('',(1.302184700792,41.744566433577));
#4478 = CARTESIAN_POINT('',(1.307836254018,41.989173281448));
#4479 = CARTESIAN_POINT('',(1.315397850088,42.229821870289));
#4480 = CARTESIAN_POINT('',(1.324900794564,42.464931355653));
#4481 = CARTESIAN_POINT('',(1.336384514346,42.692571316848));
#4482 = CARTESIAN_POINT('',(1.36152842608,43.097771421923));
#4483 = CARTESIAN_POINT('',(1.37471358467,43.278688899483));
#4484 = CARTESIAN_POINT('',(1.38948040017,43.451025191599));
#4485 = CARTESIAN_POINT('',(1.405845458225,43.612464550281));
#4486 = CARTESIAN_POINT('',(1.423810105881,43.760379554678));
#4487 = CARTESIAN_POINT('',(1.443357693701,43.891788867469));
#4488 = CARTESIAN_POINT('',(1.464447964066,44.003286821918));
#4489 = CARTESIAN_POINT('',(1.508233544451,44.173409442644));
#4490 = CARTESIAN_POINT('',(1.530730143061,44.234646950035));
#4491 = CARTESIAN_POINT('',(1.554071221837,44.270081722274));
#4492 = CARTESIAN_POINT('',(1.577790073395,44.27717709768));
#4493 = CARTESIAN_POINT('',(1.601404945735,44.25532663896));
#4494 = CARTESIAN_POINT('',(1.624437689754,44.205824117092));
#4495 = CARTESIAN_POINT('',(1.64643254144,44.131897426706));
#4496 = CARTESIAN_POINT('',(1.692995258191,43.920970037382));
#4497 = CARTESIAN_POINT('',(1.716817451012,43.771868032188));
#4498 = CARTESIAN_POINT('',(1.738382299577,43.5980307666));
#4499 = CARTESIAN_POINT('',(1.757681430739,43.404706215557));
#4500 = CARTESIAN_POINT('',(1.774740601954,43.196150841284));
#4501 = CARTESIAN_POINT('',(1.789604894238,42.975820363822));
#4502 = CARTESIAN_POINT('',(1.802329021054,42.746491616825));
#4503 = CARTESIAN_POINT('',(1.822689310657,42.294556176729));
#4504 = CARTESIAN_POINT('',(1.830691228285,42.072589441651));
#4505 = CARTESIAN_POINT('',(1.837002769331,41.846027048088));
#4506 = CARTESIAN_POINT('',(1.841646154202,41.616201717144));
#4507 = CARTESIAN_POINT('',(1.844636946908,41.38427345739));
#4508 = CARTESIAN_POINT('',(1.8459839358,41.151299201568));
#4509 = CARTESIAN_POINT('',(1.845688254856,40.918300569477));
#4510 = CARTESIAN_POINT('',(1.841396274288,40.406813574053));
#4511 = CARTESIAN_POINT('',(1.836658737685,40.129351997683));
#4512 = CARTESIAN_POINT('',(1.829529088185,39.85547422136));
#4513 = CARTESIAN_POINT('',(1.819976925896,39.586942101126));
#4514 = CARTESIAN_POINT('',(1.807948909459,39.325908330414));
#4515 = CARTESIAN_POINT('',(1.793376452289,39.075124720214));
#4516 = CARTESIAN_POINT('',(1.77618425312,38.838227534838));
#4517 = CARTESIAN_POINT('',(1.742025329052,38.463550956356));
#4518 = CARTESIAN_POINT('',(1.726208288614,38.314964300705));
#4519 = CARTESIAN_POINT('',(1.708886473342,38.177838767987));
#4520 = CARTESIAN_POINT('',(1.690137264544,38.055471496753));
#4521 = CARTESIAN_POINT('',(1.670069635413,37.950984509855));
#4522 = CARTESIAN_POINT('',(1.648819465683,37.867335248048));
#4523 = CARTESIAN_POINT('',(1.626548575563,37.807337990068));
#4524 = CARTESIAN_POINT('',(1.58165567647,37.741961036582));
#4525 = CARTESIAN_POINT('',(1.559567436245,37.734322614418));
#4526 = CARTESIAN_POINT('',(1.5375110949,37.7515543967));
#4527 = CARTESIAN_POINT('',(1.515818647435,37.793287350486));
#4528 = CARTESIAN_POINT('',(1.494813737927,37.858059785856));
#4529 = CARTESIAN_POINT('',(1.474800685231,37.943326403428));
#4530 = CARTESIAN_POINT('',(1.456052118098,38.045438071375));
#4531 = CARTESIAN_POINT('',(1.402195786941,38.40168333093));
#4532 = CARTESIAN_POINT('',(1.371252051367,38.704857438581));
#4533 = CARTESIAN_POINT('',(1.34593169296,39.047690320994));
#4534 = CARTESIAN_POINT('',(1.326015590827,39.416375515398));
#4535 = CARTESIAN_POINT('',(1.311266836373,39.801426756511));
#4536 = CARTESIAN_POINT('',(1.301476844958,40.196455068792));
#4537 = CARTESIAN_POINT('',(1.296537713306,40.597199534067));
#4538 = CARTESIAN_POINT('',(1.296537713306,41.));
#4539 = ( GEOMETRIC_REPRESENTATION_CONTEXT(2) 
PARAMETRIC_REPRESENTATION_CONTEXT() REPRESENTATION_CONTEXT('2D SPACE',''
  ) );
#4540 = ORIENTED_EDGE('',*,*,#4541,.F.);
#4541 = EDGE_CURVE('',#3835,#4333,#4542,.T.);
#4542 = SEAM_CURVE('',#4543,(#4547,#4554),.PCURVE_S1.);
#4543 = LINE('',#4544,#4545);
#4544 = CARTESIAN_POINT('',(75.25,30.,3.071E+03));
#4545 = VECTOR('',#4546,1.);
#4546 = DIRECTION('',(0.,-1.,2.22044604925E-16));
#4547 = PCURVE('',#3974,#4548);
#4548 = DEFINITIONAL_REPRESENTATION('',(#4549),#4553);
#4549 = LINE('',#4550,#4551);
#4550 = CARTESIAN_POINT('',(6.28318530718,-0.));
#4551 = VECTOR('',#4552,1.);
#4552 = DIRECTION('',(0.,1.));
#4553 = ( GEOMETRIC_REPRESENTATION_CONTEXT(2) 
PARAMETRIC_REPRESENTATION_CONTEXT() REPRESENTATION_CONTEXT('2D SPACE',''
  ) );
#4554 = PCURVE('',#3974,#4555);
#4555 = DEFINITIONAL_REPRESENTATION('',(#4556),#4560);
#4556 = LINE('',#4557,#4558);
#4557 = CARTESIAN_POINT('',(0.,-0.));
#4558 = VECTOR('',#4559,1.);
#4559 = DIRECTION('',(0.,1.));
#4560 = ( GEOMETRIC_REPRESENTATION_CONTEXT(2) 
PARAMETRIC_REPRESENTATION_CONTEXT() REPRESENTATION_CONTEXT('2D SPACE',''
  ) );
#4561 = ORIENTED_EDGE('',*,*,#3834,.T.);
#4562 = ORIENTED_EDGE('',*,*,#4541,.T.);
#4563 = ADVANCED_FACE('',(#4564),#4190,.F.);
#4564 = FACE_BOUND('',#4565,.F.);
#4565 = EDGE_LOOP('',(#4566,#4567,#4590,#4797));
#4566 = ORIENTED_EDGE('',*,*,#4050,.F.);
#4567 = ORIENTED_EDGE('',*,*,#4568,.F.);
#4568 = EDGE_CURVE('',#4569,#4051,#4571,.T.);
#4569 = VERTEX_POINT('',#4570);
#4570 = CARTESIAN_POINT('',(75.25,-11.55151505214,3.071E+03));
#4571 = SEAM_CURVE('',#4572,(#4576,#4583),.PCURVE_S1.);
#4572 = LINE('',#4573,#4574);
#4573 = CARTESIAN_POINT('',(75.25,30.,3.071E+03));
#4574 = VECTOR('',#4575,1.);
#4575 = DIRECTION('',(0.,-1.,2.22044604925E-16));
#4576 = PCURVE('',#4190,#4577);
#4577 = DEFINITIONAL_REPRESENTATION('',(#4578),#4582);
#4578 = LINE('',#4579,#4580);
#4579 = CARTESIAN_POINT('',(6.28318530718,-0.));
#4580 = VECTOR('',#4581,1.);
#4581 = DIRECTION('',(0.,1.));
#4582 = ( GEOMETRIC_REPRESENTATION_CONTEXT(2) 
PARAMETRIC_REPRESENTATION_CONTEXT() REPRESENTATION_CONTEXT('2D SPACE',''
  ) );
#4583 = PCURVE('',#4190,#4584);
#4584 = DEFINITIONAL_REPRESENTATION('',(#4585),#4589);
#4585 = LINE('',#4586,#4587);
#4586 = CARTESIAN_POINT('',(0.,-0.));
#4587 = VECTOR('',#4588,1.);
#4588 = DIRECTION('',(0.,1.));
#4589 = ( GEOMETRIC_REPRESENTATION_CONTEXT(2) 
PARAMETRIC_REPRESENTATION_CONTEXT() REPRESENTATION_CONTEXT('2D SPACE',''
  ) );
#4590 = ORIENTED_EDGE('',*,*,#4591,.T.);
#4591 = EDGE_CURVE('',#4569,#4569,#4592,.T.);
#4592 = SURFACE_CURVE('',#4593,(#4659,#4728),.PCURVE_S1.);
#4593 = B_SPLINE_CURVE_WITH_KNOTS('',8,(#4594,#4595,#4596,#4597,#4598,
    #4599,#4600,#4601,#4602,#4603,#4604,#4605,#4606,#4607,#4608,#4609,
    #4610,#4611,#4612,#4613,#4614,#4615,#4616,#4617,#4618,#4619,#4620,
    #4621,#4622,#4623,#4624,#4625,#4626,#4627,#4628,#4629,#4630,#4631,
    #4632,#4633,#4634,#4635,#4636,#4637,#4638,#4639,#4640,#4641,#4642,
    #4643,#4644,#4645,#4646,#4647,#4648,#4649,#4650,#4651,#4652,#4653,
    #4654,#4655,#4656,#4657,#4658),.UNSPECIFIED.,.T.,.F.,(9,7,7,7,7,7,7,
    7,7,9),(0.,0.111605812753,0.207700041591,0.298124789187,
    0.41257817858,0.517169662841,0.643198503038,0.733675407011,
    0.819024377752,1.),.UNSPECIFIED.);
#4594 = CARTESIAN_POINT('',(75.25,-11.55151505214,3.071E+03));
#4595 = CARTESIAN_POINT('',(75.25,-11.55151505214,3.07124877477E+03));
#4596 = CARTESIAN_POINT('',(75.22823710771,-11.55763801374,
    3.071497357285E+03));
#4597 = CARTESIAN_POINT('',(75.18476877748,-11.56986772849,
    3.071744566434E+03));
#4598 = CARTESIAN_POINT('',(75.119420080579,-11.58800575281,
    3.071989173281E+03));
#4599 = CARTESIAN_POINT('',(75.031814752954,-11.61166544784,
    3.07222982187E+03));
#4600 = CARTESIAN_POINT('',(74.921403388721,-11.64024427175,
    3.072464931356E+03));
#4601 = CARTESIAN_POINT('',(74.787495883502,-11.67288109034,
    3.072692571317E+03));
#4602 = CARTESIAN_POINT('',(74.493100778584,-11.73899210816,
    3.073097771417E+03));
#4603 = CARTESIAN_POINT('',(74.338316986399,-11.77184901177,
    3.073278688909E+03));
#4604 = CARTESIAN_POINT('',(74.16444583241,-11.80620222493,
    3.073451025189E+03));
#4605 = CARTESIAN_POINT('',(73.971122389197,-11.84105186823,
    3.073612464544E+03));
#4606 = CARTESIAN_POINT('',(73.758169417679,-11.87517042675,
    3.073760379558E+03));
#4607 = CARTESIAN_POINT('',(73.525665825203,-11.90710905802,
    3.073891788871E+03));
#4608 = CARTESIAN_POINT('',(73.274054524801,-11.93524457288,
    3.07400328682E+03));
#4609 = CARTESIAN_POINT('',(72.750470927246,-11.97921866105,
    3.074173409443E+03));
#4610 = CARTESIAN_POINT('',(72.480941666569,-11.99565371666,
    3.074234646949E+03));
#4611 = CARTESIAN_POINT('',(72.20086314983,-12.00547775347,
    3.074270081723E+03));
#4612 = CARTESIAN_POINT('',(71.916018480017,-12.007492181,
    3.074277177098E+03));
#4613 = CARTESIAN_POINT('',(71.632485237494,-12.00138039248,
    3.074255326638E+03));
#4614 = CARTESIAN_POINT('',(71.356279054004,-11.98779784165,
    3.074205824118E+03));
#4615 = CARTESIAN_POINT('',(71.093004502242,-11.96821523104,
    3.074131897426E+03));
#4616 = CARTESIAN_POINT('',(70.536834686691,-11.91455328869,
    3.073920970037E+03));
#4617 = CARTESIAN_POINT('',(70.253180763827,-11.87786233223,
    3.073771868032E+03));
#4618 = CARTESIAN_POINT('',(69.99743967144,-11.83729009561,
    3.073598030767E+03));
#4619 = CARTESIAN_POINT('',(69.769555976073,-11.79539914374,
    3.073404706216E+03));
#4620 = CARTESIAN_POINT('',(69.568956088247,-11.75428289831,
    3.073196150841E+03));
#4621 = CARTESIAN_POINT('',(69.394810491968,-11.7155593151,
    3.072975820364E+03));
#4622 = CARTESIAN_POINT('',(69.246204435638,-11.68044979911,
    3.072746491617E+03));
#4623 = CARTESIAN_POINT('',(69.009010419001,-11.6218583405,
    3.072294556177E+03));
#4624 = CARTESIAN_POINT('',(68.916100310704,-11.59757259736,
    3.072072589442E+03));
#4625 = CARTESIAN_POINT('',(68.843017226597,-11.57767612165,
    3.071846027048E+03));
#4626 = CARTESIAN_POINT('',(68.789355404363,-11.56266817801,
    3.071616201717E+03));
#4627 = CARTESIAN_POINT('',(68.754828104337,-11.55287552289,
    3.071384273457E+03));
#4628 = CARTESIAN_POINT('',(68.739275889699,-11.54846986995,
    3.071151299202E+03));
#4629 = CARTESIAN_POINT('',(68.742678767019,-11.54947635118,
    3.070918300569E+03));
#4630 = CARTESIAN_POINT('',(68.792275920071,-11.56336016929,
    3.070406813574E+03));
#4631 = CARTESIAN_POINT('',(68.847042176707,-11.57861257005,
    3.070129351998E+03));
#4632 = CARTESIAN_POINT('',(68.929543731012,-11.60127130601,
    3.069855474221E+03));
#4633 = CARTESIAN_POINT('',(69.040306406164,-11.63080350695,
    3.069586942101E+03));
#4634 = CARTESIAN_POINT('',(69.18021512354,-11.66637125478,
    3.06932590833E+03));
#4635 = CARTESIAN_POINT('',(69.350416868682,-11.70673100307,
    3.06907512472E+03));
#4636 = CARTESIAN_POINT('',(69.552183641629,-11.7501118761,
    3.068838227535E+03));
#4637 = CARTESIAN_POINT('',(69.955058134184,-11.82571587538,
    3.068463550956E+03));
#4638 = CARTESIAN_POINT('',(70.14212215744,-11.85797687488,
    3.068314964301E+03));
#4639 = CARTESIAN_POINT('',(70.347589941832,-11.88977428607,
    3.068177838768E+03));
#4640 = CARTESIAN_POINT('',(70.570669708165,-11.91976186652,
    3.068055471497E+03));
#4641 = CARTESIAN_POINT('',(70.810128704188,-11.94648767689,
    3.06795098451E+03));
#4642 = CARTESIAN_POINT('',(71.06432064645,-11.96851509365,
    3.067867335248E+03));
#4643 = CARTESIAN_POINT('',(71.33119038475,-11.98455426097,
    3.06780733799E+03));
#4644 = CARTESIAN_POINT('',(71.869618038061,-12.0021407943,
    3.067741961037E+03));
#4645 = CARTESIAN_POINT('',(72.134748122505,-12.00428436292,
    3.067734322614E+03));
#4646 = CARTESIAN_POINT('',(72.399529878587,-11.99959101232,
    3.067751554397E+03));
#4647 = CARTESIAN_POINT('',(72.659760887335,-11.9881609088,
    3.06779328735E+03));
#4648 = CARTESIAN_POINT('',(72.911361442046,-11.97070007392,
    3.067858059786E+03));
#4649 = CARTESIAN_POINT('',(73.150572684656,-11.94842477534,
    3.067943326403E+03));
#4650 = CARTESIAN_POINT('',(73.374136042032,-11.92286230198,
    3.068045438071E+03));
#4651 = CARTESIAN_POINT('',(74.014789529666,-11.83779913015,
    3.068401683331E+03));
#4652 = CARTESIAN_POINT('',(74.380466613172,-11.7707159402,
    3.068704857439E+03));
#4653 = CARTESIAN_POINT('',(74.677248720926,-11.70427519513,
    3.069047690321E+03));
#4654 = CARTESIAN_POINT('',(74.909039438585,-11.64575035108,
    3.069416375515E+03));
#4655 = CARTESIAN_POINT('',(75.079857285483,-11.59938093507,
    3.069801426757E+03));
#4656 = CARTESIAN_POINT('',(75.192945352717,-11.56756794121,
    3.070196455069E+03));
#4657 = CARTESIAN_POINT('',(75.25,-11.55151505214,3.070597199534E+03));
#4658 = CARTESIAN_POINT('',(75.25,-11.55151505214,3.071E+03));
#4659 = PCURVE('',#4190,#4660);
#4660 = DEFINITIONAL_REPRESENTATION('',(#4661),#4727);
#4661 = B_SPLINE_CURVE_WITH_KNOTS('',8,(#4662,#4663,#4664,#4665,#4666,
    #4667,#4668,#4669,#4670,#4671,#4672,#4673,#4674,#4675,#4676,#4677,
    #4678,#4679,#4680,#4681,#4682,#4683,#4684,#4685,#4686,#4687,#4688,
    #4689,#4690,#4691,#4692,#4693,#4694,#4695,#4696,#4697,#4698,#4699,
    #4700,#4701,#4702,#4703,#4704,#4705,#4706,#4707,#4708,#4709,#4710,
    #4711,#4712,#4713,#4714,#4715,#4716,#4717,#4718,#4719,#4720,#4721,
    #4722,#4723,#4724,#4725,#4726),.UNSPECIFIED.,.F.,.F.,(9,7,7,7,7,7,7,
    7,7,9),(0.,0.111605812753,0.207700041591,0.298124789187,
    0.41257817858,0.517169662841,0.643198503038,0.733675407011,
    0.819024377752,1.),.UNSPECIFIED.);
#4662 = CARTESIAN_POINT('',(0.,41.551515052148));
#4663 = CARTESIAN_POINT('',(7.654608312447E-02,41.551515052148));
#4664 = CARTESIAN_POINT('',(0.153032967885,41.557638013745));
#4665 = CARTESIAN_POINT('',(0.229780911181,41.569867728497));
#4666 = CARTESIAN_POINT('',(0.307090276732,41.588005752819));
#4667 = CARTESIAN_POINT('',(0.385265902712,41.61166544784));
#4668 = CARTESIAN_POINT('',(0.464625128973,41.640244271754));
#4669 = CARTESIAN_POINT('',(0.545509296371,41.67288109034));
#4670 = CARTESIAN_POINT('',(0.699618486509,41.738992108161));
#4671 = CARTESIAN_POINT('',(0.77264761736,41.771849011772));
#4672 = CARTESIAN_POINT('',(0.847545472164,41.806202224937));
#4673 = CARTESIAN_POINT('',(0.924465218786,41.841051868231));
#4674 = CARTESIAN_POINT('',(1.003589342655,41.87517042675));
#4675 = CARTESIAN_POINT('',(1.085134669034,41.907109058022));
#4676 = CARTESIAN_POINT('',(1.169365925531,41.935244572888));
#4677 = CARTESIAN_POINT('',(1.338759271396,41.979218661052));
#4678 = CARTESIAN_POINT('',(1.423454931123,41.995653716667));
#4679 = CARTESIAN_POINT('',(1.509628253023,42.005477753473));
#4680 = CARTESIAN_POINT('',(1.596412214666,42.007492181005));
#4681 = CARTESIAN_POINT('',(1.683031757461,42.001380392485));
#4682 = CARTESIAN_POINT('',(1.768699639686,41.987797841652));
#4683 = CARTESIAN_POINT('',(1.852509137403,41.968215231048));
#4684 = CARTESIAN_POINT('',(2.035531812522,41.914553288694));
#4685 = CARTESIAN_POINT('',(2.133406930625,41.877862332238));
#4686 = CARTESIAN_POINT('',(2.227577715362,41.837290095611));
#4687 = CARTESIAN_POINT('',(2.318537129659,41.795399143748));
#4688 = CARTESIAN_POINT('',(2.40671027661,41.754282898318));
#4689 = CARTESIAN_POINT('',(2.492483251937,41.715559315101));
#4690 = CARTESIAN_POINT('',(2.576212578871,41.680449799118));
#4691 = CARTESIAN_POINT('',(2.733258275622,41.621858340501));
#4692 = CARTESIAN_POINT('',(2.807018361994,41.597572597368));
#4693 = CARTESIAN_POINT('',(2.879836789961,41.577676121654));
#4694 = CARTESIAN_POINT('',(2.951965418584,41.562668178012));
#4695 = CARTESIAN_POINT('',(3.023639047606,41.552875522897));
#4696 = CARTESIAN_POINT('',(3.09508803664,41.548469869959));
#4697 = CARTESIAN_POINT('',(3.166546637966,41.549476351185));
#4698 = CARTESIAN_POINT('',(3.32466540812,41.563360169299));
#4699 = CARTESIAN_POINT('',(3.411265845133,41.578612570053));
#4700 = CARTESIAN_POINT('',(3.498576267632,41.601271306012));
#4701 = CARTESIAN_POINT('',(3.587072049051,41.630803506957));
#4702 = CARTESIAN_POINT('',(3.677241782797,41.666371254787));
#4703 = CARTESIAN_POINT('',(3.769597949229,41.706731003075));
#4704 = CARTESIAN_POINT('',(3.864699074081,41.750111876109));
#4705 = CARTESIAN_POINT('',(4.033983092336,41.825715875389));
#4706 = CARTESIAN_POINT('',(4.107266731068,41.857976874889));
#4707 = CARTESIAN_POINT('',(4.182833972711,41.889774286078));
#4708 = CARTESIAN_POINT('',(4.260519661064,41.91976186652));
#4709 = CARTESIAN_POINT('',(4.340231603366,41.946487676892));
#4710 = CARTESIAN_POINT('',(4.421940909859,41.968515093659));
#4711 = CARTESIAN_POINT('',(4.505681459774,41.984554260978));
#4712 = CARTESIAN_POINT('',(4.672568299909,42.002140794305));
#4713 = CARTESIAN_POINT('',(4.753835191332,42.004284362921));
#4714 = CARTESIAN_POINT('',(4.834883851658,41.999591012322));
#4715 = CARTESIAN_POINT('',(4.915274730473,41.988160908807));
#4716 = CARTESIAN_POINT('',(4.994554163637,41.970700073922));
#4717 = CARTESIAN_POINT('',(5.072206497239,41.948424775347));
#4718 = CARTESIAN_POINT('',(5.147594834428,41.922862301981));
#4719 = CARTESIAN_POINT('',(5.373145589927,41.83779913015));
#4720 = CARTESIAN_POINT('',(5.516816530295,41.770715940201));
#4721 = CARTESIAN_POINT('',(5.653370732846,41.704275195137));
#4722 = CARTESIAN_POINT('',(5.784427533904,41.645750351081));
#4723 = CARTESIAN_POINT('',(5.911496095868,41.599380935078));
#4724 = CARTESIAN_POINT('',(6.035940000643,41.567567941215));
#4725 = CARTESIAN_POINT('',(6.159246702277,41.551515052148));
#4726 = CARTESIAN_POINT('',(6.28318530718,41.551515052148));
#4727 = ( GEOMETRIC_REPRESENTATION_CONTEXT(2) 
PARAMETRIC_REPRESENTATION_CONTEXT() REPRESENTATION_CONTEXT('2D SPACE',''
  ) );
#4728 = PCURVE('',#4287,#4729);
#4729 = DEFINITIONAL_REPRESENTATION('',(#4730),#4796);
#4730 = B_SPLINE_CURVE_WITH_KNOTS('',8,(#4731,#4732,#4733,#4734,#4735,
    #4736,#4737,#4738,#4739,#4740,#4741,#4742,#4743,#4744,#4745,#4746,
    #4747,#4748,#4749,#4750,#4751,#4752,#4753,#4754,#4755,#4756,#4757,
    #4758,#4759,#4760,#4761,#4762,#4763,#4764,#4765,#4766,#4767,#4768,
    #4769,#4770,#4771,#4772,#4773,#4774,#4775,#4776,#4777,#4778,#4779,
    #4780,#4781,#4782,#4783,#4784,#4785,#4786,#4787,#4788,#4789,#4790,
    #4791,#4792,#4793,#4794,#4795),.UNSPECIFIED.,.T.,.F.,(9,7,7,7,7,7,7,
    7,7,9),(0.,0.111605812753,0.207700041591,0.298124789187,
    0.41257817858,0.517169662841,0.643198503038,0.733675407011,
    0.819024377752,1.),.UNSPECIFIED.);
#4731 = CARTESIAN_POINT('',(4.986647593873,41.));
#4732 = CARTESIAN_POINT('',(4.986647593873,41.248774770155));
#4733 = CARTESIAN_POINT('',(4.984763608912,41.497357285104));
#4734 = CARTESIAN_POINT('',(4.981000606387,41.744566433577));
#4735 = CARTESIAN_POINT('',(4.975349053161,41.989173281448));
#4736 = CARTESIAN_POINT('',(4.967787457091,42.229821870289));
#4737 = CARTESIAN_POINT('',(4.958284512616,42.464931355653));
#4738 = CARTESIAN_POINT('',(4.946800792833,42.692571316848));
#4739 = CARTESIAN_POINT('',(4.921656881421,43.097771416733));
#4740 = CARTESIAN_POINT('',(4.908471722032,43.278688909433));
#4741 = CARTESIAN_POINT('',(4.893704906736,43.45102518855));
#4742 = CARTESIAN_POINT('',(4.877339849701,43.612464544066));
#4743 = CARTESIAN_POINT('',(4.859375201577,43.760379557639));
#4744 = CARTESIAN_POINT('',(4.839827612364,43.891788870732));
#4745 = CARTESIAN_POINT('',(4.818737343712,44.003286819592));
#4746 = CARTESIAN_POINT('',(4.774951762621,44.173409443062));
#4747 = CARTESIAN_POINT('',(4.752455164304,44.234646949072));
#4748 = CARTESIAN_POINT('',(4.729114085339,44.270081723151));
#4749 = CARTESIAN_POINT('',(4.705395233618,44.277177097644));
#4750 = CARTESIAN_POINT('',(4.681780361448,44.25532663808));
#4751 = CARTESIAN_POINT('',(4.658747617598,44.20582411813));
#4752 = CARTESIAN_POINT('',(4.636752765639,44.131897426251));
#4753 = CARTESIAN_POINT('',(4.590190048988,43.920970037382));
#4754 = CARTESIAN_POINT('',(4.566367856167,43.771868032188));
#4755 = CARTESIAN_POINT('',(4.544803007603,43.5980307666));
#4756 = CARTESIAN_POINT('',(4.525503876441,43.404706215557));
#4757 = CARTESIAN_POINT('',(4.508444705226,43.196150841284));
#4758 = CARTESIAN_POINT('',(4.493580412942,42.975820363823));
#4759 = CARTESIAN_POINT('',(4.480856286125,42.746491616825));
#4760 = CARTESIAN_POINT('',(4.460495996522,42.294556176729));
#4761 = CARTESIAN_POINT('',(4.452494078894,42.072589441652));
#4762 = CARTESIAN_POINT('',(4.446182537849,41.846027048088));
#4763 = CARTESIAN_POINT('',(4.441539152978,41.616201717144));
#4764 = CARTESIAN_POINT('',(4.438548360272,41.38427345739));
#4765 = CARTESIAN_POINT('',(4.437201371379,41.151299201568));
#4766 = CARTESIAN_POINT('',(4.437497052324,40.918300569477));
#4767 = CARTESIAN_POINT('',(4.441789032892,40.406813574053));
#4768 = CARTESIAN_POINT('',(4.446526569495,40.129351997683));
#4769 = CARTESIAN_POINT('',(4.453656218995,39.85547422136));
#4770 = CARTESIAN_POINT('',(4.463208381284,39.586942101126));
#4771 = CARTESIAN_POINT('',(4.47523639772,39.325908330415));
#4772 = CARTESIAN_POINT('',(4.48980885489,39.075124720213));
#4773 = CARTESIAN_POINT('',(4.50700105406,38.838227534838));
#4774 = CARTESIAN_POINT('',(4.541159978127,38.463550956356));
#4775 = CARTESIAN_POINT('',(4.556977018565,38.314964300705));
#4776 = CARTESIAN_POINT('',(4.574298833837,38.177838767987));
#4777 = CARTESIAN_POINT('',(4.593048042636,38.055471496753));
#4778 = CARTESIAN_POINT('',(4.613115671767,37.950984509855));
#4779 = CARTESIAN_POINT('',(4.634365841496,37.867335248048));
#4780 = CARTESIAN_POINT('',(4.656636731617,37.807337990068));
#4781 = CARTESIAN_POINT('',(4.701529630709,37.741961036582));
#4782 = CARTESIAN_POINT('',(4.723617870935,37.734322614418));
#4783 = CARTESIAN_POINT('',(4.745674212279,37.7515543967));
#4784 = CARTESIAN_POINT('',(4.767366659744,37.793287350486));
#4785 = CARTESIAN_POINT('',(4.788371569253,37.858059785856));
#4786 = CARTESIAN_POINT('',(4.808384621948,37.943326403428));
#4787 = CARTESIAN_POINT('',(4.827133189082,38.045438071375));
#4788 = CARTESIAN_POINT('',(4.880989520239,38.40168333093));
#4789 = CARTESIAN_POINT('',(4.911933255813,38.704857438582));
#4790 = CARTESIAN_POINT('',(4.937253614219,39.047690320991));
#4791 = CARTESIAN_POINT('',(4.957169716353,39.416375515401));
#4792 = CARTESIAN_POINT('',(4.971918470807,39.801426756508));
#4793 = CARTESIAN_POINT('',(4.981708462222,40.196455068793));
#4794 = CARTESIAN_POINT('',(4.986647593873,40.597199534066));
#4795 = CARTESIAN_POINT('',(4.986647593873,41.));
#4796 = ( GEOMETRIC_REPRESENTATION_CONTEXT(2) 
PARAMETRIC_REPRESENTATION_CONTEXT() REPRESENTATION_CONTEXT('2D SPACE',''
  ) );
#4797 = ORIENTED_EDGE('',*,*,#4568,.T.);
#4798 = ADVANCED_FACE('',(#4799,#4825,#4828),#4287,.F.);
#4799 = FACE_BOUND('',#4800,.F.);
#4800 = EDGE_LOOP('',(#4801,#4822,#4823,#4824));
#4801 = ORIENTED_EDGE('',*,*,#4802,.T.);
#4802 = EDGE_CURVE('',#4271,#4306,#4803,.T.);
#4803 = SEAM_CURVE('',#4804,(#4808,#4815),.PCURVE_S1.);
#4804 = LINE('',#4805,#4806);
#4805 = CARTESIAN_POINT('',(84.,-2.939152317954E-15,3.03E+03));
#4806 = VECTOR('',#4807,1.);
#4807 = DIRECTION('',(0.,0.,1.));
#4808 = PCURVE('',#4287,#4809);
#4809 = DEFINITIONAL_REPRESENTATION('',(#4810),#4814);
#4810 = LINE('',#4811,#4812);
#4811 = CARTESIAN_POINT('',(6.28318530718,-0.));
#4812 = VECTOR('',#4813,1.);
#4813 = DIRECTION('',(0.,1.));
#4814 = ( GEOMETRIC_REPRESENTATION_CONTEXT(2) 
PARAMETRIC_REPRESENTATION_CONTEXT() REPRESENTATION_CONTEXT('2D SPACE',''
  ) );
#4815 = PCURVE('',#4287,#4816);
#4816 = DEFINITIONAL_REPRESENTATION('',(#4817),#4821);
#4817 = LINE('',#4818,#4819);
#4818 = CARTESIAN_POINT('',(0.,-0.));
#4819 = VECTOR('',#4820,1.);
#4820 = DIRECTION('',(0.,1.));
#4821 = ( GEOMETRIC_REPRESENTATION_CONTEXT(2) 
PARAMETRIC_REPRESENTATION_CONTEXT() REPRESENTATION_CONTEXT('2D SPACE',''
  ) );
#4822 = ORIENTED_EDGE('',*,*,#4305,.F.);
#4823 = ORIENTED_EDGE('',*,*,#4802,.F.);
#4824 = ORIENTED_EDGE('',*,*,#4270,.T.);
#4825 = FACE_BOUND('',#4826,.F.);
#4826 = EDGE_LOOP('',(#4827));
#4827 = ORIENTED_EDGE('',*,*,#4332,.T.);
#4828 = FACE_BOUND('',#4829,.F.);
#4829 = EDGE_LOOP('',(#4830));
#4830 = ORIENTED_EDGE('',*,*,#4591,.F.);
#4831 = MANIFOLD_SOLID_BREP('',#4832);
#4832 = CLOSED_SHELL('',(#4833,#5695,#5730,#5760,#5950,#6140,#6375,#6610
    ));
#4833 = ADVANCED_FACE('',(#4834,#4921,#5092,#5263,#5479),#4847,.T.);
#4834 = FACE_BOUND('',#4835,.T.);
#4835 = EDGE_LOOP('',(#4836,#4870,#4893,#4920));
#4836 = ORIENTED_EDGE('',*,*,#4837,.F.);
#4837 = EDGE_CURVE('',#4838,#4838,#4840,.T.);
#4838 = VERTEX_POINT('',#4839);
#4839 = CARTESIAN_POINT('',(92.,-4.898587196589E-15,1.661E+03));
#4840 = SURFACE_CURVE('',#4841,(#4846,#4858),.PCURVE_S1.);
#4841 = CIRCLE('',#4842,20.);
#4842 = AXIS2_PLACEMENT_3D('',#4843,#4844,#4845);
#4843 = CARTESIAN_POINT('',(72.,0.,1.661E+03));
#4844 = DIRECTION('',(0.,0.,1.));
#4845 = DIRECTION('',(1.,0.,-0.));
#4846 = PCURVE('',#4847,#4852);
#4847 = CYLINDRICAL_SURFACE('',#4848,20.);
#4848 = AXIS2_PLACEMENT_3D('',#4849,#4850,#4851);
#4849 = CARTESIAN_POINT('',(72.,0.,1.501E+03));
#4850 = DIRECTION('',(0.,0.,1.));
#4851 = DIRECTION('',(1.,0.,-0.));
#4852 = DEFINITIONAL_REPRESENTATION('',(#4853),#4857);
#4853 = LINE('',#4854,#4855);
#4854 = CARTESIAN_POINT('',(0.,160.));
#4855 = VECTOR('',#4856,1.);
#4856 = DIRECTION('',(1.,0.));
#4857 = ( GEOMETRIC_REPRESENTATION_CONTEXT(2) 
PARAMETRIC_REPRESENTATION_CONTEXT() REPRESENTATION_CONTEXT('2D SPACE',''
  ) );
#4858 = PCURVE('',#4859,#4864);
#4859 = PLANE('',#4860);
#4860 = AXIS2_PLACEMENT_3D('',#4861,#4862,#4863);
#4861 = CARTESIAN_POINT('',(72.,0.,1.661E+03));
#4862 = DIRECTION('',(0.,0.,1.));
#4863 = DIRECTION('',(1.,0.,-0.));
#4864 = DEFINITIONAL_REPRESENTATION('',(#4865),#4869);
#4865 = CIRCLE('',#4866,20.);
#4866 = AXIS2_PLACEMENT_2D('',#4867,#4868);
#4867 = CARTESIAN_POINT('',(0.,0.));
#4868 = DIRECTION('',(1.,0.));
#4869 = ( GEOMETRIC_REPRESENTATION_CONTEXT(2) 
PARAMETRIC_REPRESENTATION_CONTEXT() REPRESENTATION_CONTEXT('2D SPACE',''
  ) );
#4870 = ORIENTED_EDGE('',*,*,#4871,.F.);
#4871 = EDGE_CURVE('',#4872,#4838,#4874,.T.);
#4872 = VERTEX_POINT('',#4873);
#4873 = CARTESIAN_POINT('',(92.,-4.898587196589E-15,1.501E+03));
#4874 = SEAM_CURVE('',#4875,(#4879,#4886),.PCURVE_S1.);
#4875 = LINE('',#4876,#4877);
#4876 = CARTESIAN_POINT('',(92.,-4.898587196589E-15,1.501E+03));
#4877 = VECTOR('',#4878,1.);
#4878 = DIRECTION('',(0.,0.,1.));
#4879 = PCURVE('',#4847,#4880);
#4880 = DEFINITIONAL_REPRESENTATION('',(#4881),#4885);
#4881 = LINE('',#4882,#4883);
#4882 = CARTESIAN_POINT('',(6.28318530718,-0.));
#4883 = VECTOR('',#4884,1.);
#4884 = DIRECTION('',(0.,1.));
#4885 = ( GEOMETRIC_REPRESENTATION_CONTEXT(2) 
PARAMETRIC_REPRESENTATION_CONTEXT() REPRESENTATION_CONTEXT('2D SPACE',''
  ) );
#4886 = PCURVE('',#4847,#4887);
#4887 = DEFINITIONAL_REPRESENTATION('',(#4888),#4892);
#4888 = LINE('',#4889,#4890);
#4889 = CARTESIAN_POINT('',(0.,-0.));
#4890 = VECTOR('',#4891,1.);
#4891 = DIRECTION('',(0.,1.));
#4892 = ( GEOMETRIC_REPRESENTATION_CONTEXT(2) 
PARAMETRIC_REPRESENTATION_CONTEXT() REPRESENTATION_CONTEXT('2D SPACE',''
  ) );
#4893 = ORIENTED_EDGE('',*,*,#4894,.T.);
#4894 = EDGE_CURVE('',#4872,#4872,#4895,.T.);
#4895 = SURFACE_CURVE('',#4896,(#4901,#4908),.PCURVE_S1.);
#4896 = CIRCLE('',#4897,20.);
#4897 = AXIS2_PLACEMENT_3D('',#4898,#4899,#4900);
#4898 = CARTESIAN_POINT('',(72.,0.,1.501E+03));
#4899 = DIRECTION('',(0.,0.,1.));
#4900 = DIRECTION('',(1.,0.,-0.));
#4901 = PCURVE('',#4847,#4902);
#4902 = DEFINITIONAL_REPRESENTATION('',(#4903),#4907);
#4903 = LINE('',#4904,#4905);
#4904 = CARTESIAN_POINT('',(0.,0.));
#4905 = VECTOR('',#4906,1.);
#4906 = DIRECTION('',(1.,0.));
#4907 = ( GEOMETRIC_REPRESENTATION_CONTEXT(2) 
PARAMETRIC_REPRESENTATION_CONTEXT() REPRESENTATION_CONTEXT('2D SPACE',''
  ) );
#4908 = PCURVE('',#4909,#4914);
#4909 = PLANE('',#4910);
#4910 = AXIS2_PLACEMENT_3D('',#4911,#4912,#4913);
#4911 = CARTESIAN_POINT('',(72.,0.,1.501E+03));
#4912 = DIRECTION('',(0.,0.,1.));
#4913 = DIRECTION('',(1.,0.,-0.));
#4914 = DEFINITIONAL_REPRESENTATION('',(#4915),#4919);
#4915 = CIRCLE('',#4916,20.);
#4916 = AXIS2_PLACEMENT_2D('',#4917,#4918);
#4917 = CARTESIAN_POINT('',(0.,0.));
#4918 = DIRECTION('',(1.,0.));
#4919 = ( GEOMETRIC_REPRESENTATION_CONTEXT(2) 
PARAMETRIC_REPRESENTATION_CONTEXT() REPRESENTATION_CONTEXT('2D SPACE',''
  ) );
#4920 = ORIENTED_EDGE('',*,*,#4871,.T.);
#4921 = FACE_BOUND('',#4922,.T.);
#4922 = EDGE_LOOP('',(#4923));
#4923 = ORIENTED_EDGE('',*,*,#4924,.T.);
#4924 = EDGE_CURVE('',#4925,#4925,#4927,.T.);
#4925 = VERTEX_POINT('',#4926);
#4926 = CARTESIAN_POINT('',(74.65,19.823660106045,1.541E+03));
#4927 = SURFACE_CURVE('',#4928,(#4979,#5033),.PCURVE_S1.);
#4928 = B_SPLINE_CURVE_WITH_KNOTS('',7,(#4929,#4930,#4931,#4932,#4933,
    #4934,#4935,#4936,#4937,#4938,#4939,#4940,#4941,#4942,#4943,#4944,
    #4945,#4946,#4947,#4948,#4949,#4950,#4951,#4952,#4953,#4954,#4955,
    #4956,#4957,#4958,#4959,#4960,#4961,#4962,#4963,#4964,#4965,#4966,
    #4967,#4968,#4969,#4970,#4971,#4972,#4973,#4974,#4975,#4976,#4977,
    #4978),.UNSPECIFIED.,.T.,.F.,(8,6,6,6,6,6,6,6,8),(0.,0.136527260425,
    0.255341813039,0.365949747263,0.501601267978,0.637254268966,
    0.755307986392,0.865207636902,1.),.UNSPECIFIED.);
#4929 = CARTESIAN_POINT('',(74.65,19.823660106045,1.541E+03));
#4930 = CARTESIAN_POINT('',(74.65,19.823660106045,1.541279803547E+03));
#4931 = CARTESIAN_POINT('',(74.615533828509,19.828267430909,
    1.541559248712E+03));
#4932 = CARTESIAN_POINT('',(74.546752247972,19.837462403426,
    1.541835964177E+03));
#4933 = CARTESIAN_POINT('',(74.442770935343,19.850977335528,
    1.542107290689E+03));
#4934 = CARTESIAN_POINT('',(74.301948880952,19.868276008564,
    1.542369758764E+03));
#4935 = CARTESIAN_POINT('',(74.122173596688,19.888327414042,
    1.542618438559E+03));
#4936 = CARTESIAN_POINT('',(73.7092582324,19.92776177192,
    1.543043776773E+03));
#4937 = CARTESIAN_POINT('',(73.480605171881,19.947415567426,
    1.543231219975E+03));
#4938 = CARTESIAN_POINT('',(73.216446637144,19.966792751821,
    1.543395888017E+03));
#4939 = CARTESIAN_POINT('',(72.920939859569,19.983664796371,
    1.543527343942E+03));
#4940 = CARTESIAN_POINT('',(72.600747369689,19.995655229619,
    1.54361715249E+03));
#4941 = CARTESIAN_POINT('',(72.264335449884,20.001192068127,
    1.543659000875E+03));
#4942 = CARTESIAN_POINT('',(71.602289793766,19.998592581474,
    1.54363937364E+03));
#4943 = CARTESIAN_POINT('',(71.292908496692,19.991434788953,
    1.543585291281E+03));
#4944 = CARTESIAN_POINT('',(71.000589010004,19.979056762091,
    1.543491092406E+03));
#4945 = CARTESIAN_POINT('',(70.731341544449,19.962906069155,
    1.543362528487E+03));
#4946 = CARTESIAN_POINT('',(70.489749568884,19.944851275802,
    1.543206559957E+03));
#4947 = CARTESIAN_POINT('',(70.278617279507,19.926603855689,
    1.543031287511E+03));
#4948 = CARTESIAN_POINT('',(69.877836478268,19.888328376223,
    1.542618448937E+03));
#4949 = CARTESIAN_POINT('',(69.698049959386,19.868276158021,
    1.5423697634E+03));
#4950 = CARTESIAN_POINT('',(69.557221589885,19.850976334289,
    1.542107280784E+03));
#4951 = CARTESIAN_POINT('',(69.453242648364,19.837461726882,
    1.541835947523E+03));
#4952 = CARTESIAN_POINT('',(69.384465422487,19.828267330215,
    1.541559236072E+03));
#4953 = CARTESIAN_POINT('',(69.35,19.823660106045,1.541279800494E+03));
#4954 = CARTESIAN_POINT('',(69.35,19.823660106045,1.540720196453E+03));
#4955 = CARTESIAN_POINT('',(69.384466171491,19.828267430909,
    1.540440751288E+03));
#4956 = CARTESIAN_POINT('',(69.453247752028,19.837462403425,
    1.540164035823E+03));
#4957 = CARTESIAN_POINT('',(69.557229064657,19.850977335528,
    1.539892709311E+03));
#4958 = CARTESIAN_POINT('',(69.698051119049,19.868276008564,
    1.539630241236E+03));
#4959 = CARTESIAN_POINT('',(69.877826403311,19.888327414042,
    1.539381561441E+03));
#4960 = CARTESIAN_POINT('',(70.290741767601,19.927761771921,
    1.538956223227E+03));
#4961 = CARTESIAN_POINT('',(70.519394828117,19.947415567426,
    1.538768780025E+03));
#4962 = CARTESIAN_POINT('',(70.783553362858,19.966792751821,
    1.538604111983E+03));
#4963 = CARTESIAN_POINT('',(71.079060140429,19.983664796371,
    1.538472656058E+03));
#4964 = CARTESIAN_POINT('',(71.399252630312,19.995655229619,
    1.53838284751E+03));
#4965 = CARTESIAN_POINT('',(71.735664550116,20.001192068127,
    1.538340999125E+03));
#4966 = CARTESIAN_POINT('',(72.397710206136,19.998592581475,
    1.53836062636E+03));
#4967 = CARTESIAN_POINT('',(72.707091503406,19.991434788957,
    1.538414708719E+03));
#4968 = CARTESIAN_POINT('',(72.999410990066,19.979056762081,
    1.538508907595E+03));
#4969 = CARTESIAN_POINT('',(73.268658455472,19.962906069159,
    1.538637471513E+03));
#4970 = CARTESIAN_POINT('',(73.510250431051,19.94485127581,
    1.538793440043E+03));
#4971 = CARTESIAN_POINT('',(73.721382720562,19.926603855682,
    1.538968712489E+03));
#4972 = CARTESIAN_POINT('',(74.12217907249,19.88832689109,
    1.539381567082E+03));
#4973 = CARTESIAN_POINT('',(74.301947345407,19.868276014092,
    1.539630242741E+03));
#4974 = CARTESIAN_POINT('',(74.442769069202,19.850977709355,
    1.539892705563E+03));
#4975 = CARTESIAN_POINT('',(74.54675526378,19.837461993635,
    1.540164036221E+03));
#4976 = CARTESIAN_POINT('',(74.615538848887,19.828266761558,
    1.540440765161E+03));
#4977 = CARTESIAN_POINT('',(74.65,19.823660106045,1.540720216728E+03));
#4978 = CARTESIAN_POINT('',(74.65,19.823660106045,1.541E+03));
#4979 = PCURVE('',#4847,#4980);
#4980 = DEFINITIONAL_REPRESENTATION('',(#4981),#5032);
#4981 = B_SPLINE_CURVE_WITH_KNOTS('',7,(#4982,#4983,#4984,#4985,#4986,
    #4987,#4988,#4989,#4990,#4991,#4992,#4993,#4994,#4995,#4996,#4997,
    #4998,#4999,#5000,#5001,#5002,#5003,#5004,#5005,#5006,#5007,#5008,
    #5009,#5010,#5011,#5012,#5013,#5014,#5015,#5016,#5017,#5018,#5019,
    #5020,#5021,#5022,#5023,#5024,#5025,#5026,#5027,#5028,#5029,#5030,
    #5031),.UNSPECIFIED.,.T.,.F.,(8,6,6,6,6,6,6,6,8),(0.,0.136527260425,
    0.255341813039,0.365949747263,0.501601267978,0.637254268966,
    0.755307986392,0.865207636902,1.),.UNSPECIFIED.);
#4982 = CARTESIAN_POINT('',(1.437905530923,40.));
#4983 = CARTESIAN_POINT('',(1.437905530923,40.279803547438));
#4984 = CARTESIAN_POINT('',(1.439644167893,40.559248712251));
#4985 = CARTESIAN_POINT('',(1.443113845564,40.835964177313));
#4986 = CARTESIAN_POINT('',(1.448356593457,41.10729068897));
#4987 = CARTESIAN_POINT('',(1.455450258252,41.369758763987));
#4988 = CARTESIAN_POINT('',(1.464493623492,41.618438558887));
#4989 = CARTESIAN_POINT('',(1.485233329773,42.043776772544));
#4990 = CARTESIAN_POINT('',(1.496707614223,42.231219974965));
#4991 = CARTESIAN_POINT('',(1.509949345394,42.395888016872));
#4992 = CARTESIAN_POINT('',(1.524744726996,42.527343941883));
#4993 = CARTESIAN_POINT('',(1.540760041811,42.617152490026));
#4994 = CARTESIAN_POINT('',(1.557579432242,42.659000875149));
#4995 = CARTESIAN_POINT('',(1.590681970215,42.639373639622));
#4996 = CARTESIAN_POINT('',(1.606152325678,42.585291281011));
#4997 = CARTESIAN_POINT('',(1.620777230576,42.491092405541));
#4998 = CARTESIAN_POINT('',(1.634260835579,42.362528487373));
#4999 = CARTESIAN_POINT('',(1.646372772103,42.206559957356));
#5000 = CARTESIAN_POINT('',(1.656968306538,42.031287510692));
#5001 = CARTESIAN_POINT('',(1.677098524058,41.618448936956));
#5002 = CARTESIAN_POINT('',(1.686142452306,41.369763399869));
#5003 = CARTESIAN_POINT('',(1.693236436855,41.107280783699));
#5004 = CARTESIAN_POINT('',(1.698479065627,40.835947523238));
#5005 = CARTESIAN_POINT('',(1.701948523432,40.559236071905));
#5006 = CARTESIAN_POINT('',(1.703687122667,40.279800494166));
#5007 = CARTESIAN_POINT('',(1.703687122667,39.720196452562));
#5008 = CARTESIAN_POINT('',(1.701948485697,39.440751287749));
#5009 = CARTESIAN_POINT('',(1.698478808026,39.164035822688));
#5010 = CARTESIAN_POINT('',(1.693236060132,38.89270931103));
#5011 = CARTESIAN_POINT('',(1.686142395338,38.630241236013));
#5012 = CARTESIAN_POINT('',(1.677099030098,38.381561441113));
#5013 = CARTESIAN_POINT('',(1.656359323817,37.956223227456));
#5014 = CARTESIAN_POINT('',(1.644885039367,37.768780025036));
#5015 = CARTESIAN_POINT('',(1.631643308196,37.604111983126));
#5016 = CARTESIAN_POINT('',(1.616847926594,37.472656058118));
#5017 = CARTESIAN_POINT('',(1.600832611779,37.382847509973));
#5018 = CARTESIAN_POINT('',(1.584013221348,37.340999124851));
#5019 = CARTESIAN_POINT('',(1.550910683379,37.360626360375));
#5020 = CARTESIAN_POINT('',(1.535440327907,37.414708718965));
#5021 = CARTESIAN_POINT('',(1.52081542301,37.508907594523));
#5022 = CARTESIAN_POINT('',(1.507331818015,37.637471512625));
#5023 = CARTESIAN_POINT('',(1.49521988149,37.793440042546));
#5024 = CARTESIAN_POINT('',(1.484624347049,37.968712489379));
#5025 = CARTESIAN_POINT('',(1.464493348456,38.381567081658));
#5026 = CARTESIAN_POINT('',(1.455450334665,38.630242740647));
#5027 = CARTESIAN_POINT('',(1.448356688165,38.892705563059));
#5028 = CARTESIAN_POINT('',(1.443113693524,39.16403622084));
#5029 = CARTESIAN_POINT('',(1.439643914615,39.440765161053));
#5030 = CARTESIAN_POINT('',(1.437905530923,39.720216728219));
#5031 = CARTESIAN_POINT('',(1.437905530923,40.));
#5032 = ( GEOMETRIC_REPRESENTATION_CONTEXT(2) 
PARAMETRIC_REPRESENTATION_CONTEXT() REPRESENTATION_CONTEXT('2D SPACE',''
  ) );
#5033 = PCURVE('',#5034,#5039);
#5034 = CYLINDRICAL_SURFACE('',#5035,2.65);
#5035 = AXIS2_PLACEMENT_3D('',#5036,#5037,#5038);
#5036 = CARTESIAN_POINT('',(72.,30.,1.541E+03));
#5037 = DIRECTION('',(0.,-1.,2.22044604925E-16));
#5038 = DIRECTION('',(1.,0.,0.));
#5039 = DEFINITIONAL_REPRESENTATION('',(#5040),#5091);
#5040 = B_SPLINE_CURVE_WITH_KNOTS('',7,(#5041,#5042,#5043,#5044,#5045,
    #5046,#5047,#5048,#5049,#5050,#5051,#5052,#5053,#5054,#5055,#5056,
    #5057,#5058,#5059,#5060,#5061,#5062,#5063,#5064,#5065,#5066,#5067,
    #5068,#5069,#5070,#5071,#5072,#5073,#5074,#5075,#5076,#5077,#5078,
    #5079,#5080,#5081,#5082,#5083,#5084,#5085,#5086,#5087,#5088,#5089,
    #5090),.UNSPECIFIED.,.F.,.F.,(8,6,6,6,6,6,6,6,8),(0.,0.136527260425,
    0.255341813039,0.365949747263,0.501601267978,0.637254268966,
    0.755307986392,0.865207636902,1.),.UNSPECIFIED.);
#5041 = CARTESIAN_POINT('',(0.,10.176339893955));
#5042 = CARTESIAN_POINT('',(0.105586244316,10.176339893955));
#5043 = CARTESIAN_POINT('',(0.21103691258,10.171732569091));
#5044 = CARTESIAN_POINT('',(0.317382027231,10.162537596574));
#5045 = CARTESIAN_POINT('',(0.425512133663,10.149022664472));
#5046 = CARTESIAN_POINT('',(0.536385501536,10.131723991436));
#5047 = CARTESIAN_POINT('',(0.650971484261,10.111672585958));
#5048 = CARTESIAN_POINT('',(0.874669551019,10.07223822808));
#5049 = CARTESIAN_POINT('',(0.985522730363,10.052584432574));
#5050 = CARTESIAN_POINT('',(1.101382495433,10.033207248179));
#5051 = CARTESIAN_POINT('',(1.22125733841,10.016335203629));
#5052 = CARTESIAN_POINT('',(1.344570647384,10.004344770381));
#5053 = CARTESIAN_POINT('',(1.470994594086,9.998807931873));
#5054 = CARTESIAN_POINT('',(1.720932907347,10.001407418526));
#5055 = CARTESIAN_POINT('',(1.838234010256,10.008565211047));
#5056 = CARTESIAN_POINT('',(1.952406120585,10.020943237909));
#5057 = CARTESIAN_POINT('',(2.063292677391,10.037093930845));
#5058 = CARTESIAN_POINT('',(2.170539215943,10.055148724198));
#5059 = CARTESIAN_POINT('',(2.273491578296,10.073396144311));
#5060 = CARTESIAN_POINT('',(2.490615711193,10.111671623777));
#5061 = CARTESIAN_POINT('',(2.605206191109,10.131723841979));
#5062 = CARTESIAN_POINT('',(2.716084831312,10.149023665711));
#5063 = CARTESIAN_POINT('',(2.824217013757,10.162538273118));
#5064 = CARTESIAN_POINT('',(2.930560498491,10.171732669785));
#5065 = CARTESIAN_POINT('',(3.036007561452,10.176339893955));
#5066 = CARTESIAN_POINT('',(3.247178897906,10.176339893955));
#5067 = CARTESIAN_POINT('',(3.35262956617,10.171732569091));
#5068 = CARTESIAN_POINT('',(3.45897468082,10.162537596575));
#5069 = CARTESIAN_POINT('',(3.567104787253,10.149022664472));
#5070 = CARTESIAN_POINT('',(3.677978155126,10.131723991436));
#5071 = CARTESIAN_POINT('',(3.792564137851,10.111672585958));
#5072 = CARTESIAN_POINT('',(4.016262204609,10.072238228079));
#5073 = CARTESIAN_POINT('',(4.127115383952,10.052584432574));
#5074 = CARTESIAN_POINT('',(4.242975149023,10.033207248179));
#5075 = CARTESIAN_POINT('',(4.362849991999,10.016335203629));
#5076 = CARTESIAN_POINT('',(4.486163300974,10.004344770381));
#5077 = CARTESIAN_POINT('',(4.612587247676,9.998807931873));
#5078 = CARTESIAN_POINT('',(4.862525560899,10.001407418525));
#5079 = CARTESIAN_POINT('',(4.979826663883,10.008565211043));
#5080 = CARTESIAN_POINT('',(5.0939987742,10.020943237919));
#5081 = CARTESIAN_POINT('',(5.204885330961,10.037093930841));
#5082 = CARTESIAN_POINT('',(5.312131869489,10.05514872419));
#5083 = CARTESIAN_POINT('',(5.415084231923,10.073396144318));
#5084 = CARTESIAN_POINT('',(5.63221678945,10.11167310891));
#5085 = CARTESIAN_POINT('',(5.746799814748,10.131723985908));
#5086 = CARTESIAN_POINT('',(5.857671846664,10.149022290645));
#5087 = CARTESIAN_POINT('',(5.965803818922,10.162538006365));
#5088 = CARTESIAN_POINT('',(6.072153633106,10.171733238442));
#5089 = CARTESIAN_POINT('',(6.177606714055,10.176339893955));
#5090 = CARTESIAN_POINT('',(6.28318530718,10.176339893955));
#5091 = ( GEOMETRIC_REPRESENTATION_CONTEXT(2) 
PARAMETRIC_REPRESENTATION_CONTEXT() REPRESENTATION_CONTEXT('2D SPACE',''
  ) );
#5092 = FACE_BOUND('',#5093,.T.);
#5093 = EDGE_LOOP('',(#5094));
#5094 = ORIENTED_EDGE('',*,*,#5095,.F.);
#5095 = EDGE_CURVE('',#5096,#5096,#5098,.T.);
#5096 = VERTEX_POINT('',#5097);
#5097 = CARTESIAN_POINT('',(74.65,-19.82366010604,1.541E+03));
#5098 = SURFACE_CURVE('',#5099,(#5150,#5204),.PCURVE_S1.);
#5099 = B_SPLINE_CURVE_WITH_KNOTS('',7,(#5100,#5101,#5102,#5103,#5104,
    #5105,#5106,#5107,#5108,#5109,#5110,#5111,#5112,#5113,#5114,#5115,
    #5116,#5117,#5118,#5119,#5120,#5121,#5122,#5123,#5124,#5125,#5126,
    #5127,#5128,#5129,#5130,#5131,#5132,#5133,#5134,#5135,#5136,#5137,
    #5138,#5139,#5140,#5141,#5142,#5143,#5144,#5145,#5146,#5147,#5148,
    #5149),.UNSPECIFIED.,.T.,.F.,(8,6,6,6,6,6,6,6,8),(0.,0.136527260422,
    0.255341813033,0.365949747249,0.501601267963,0.637254268948,
    0.755307986372,0.865207636915,1.),.UNSPECIFIED.);
#5100 = CARTESIAN_POINT('',(74.65,-19.82366010604,1.541E+03));
#5101 = CARTESIAN_POINT('',(74.65,-19.82366010604,1.541279803547E+03));
#5102 = CARTESIAN_POINT('',(74.61553382851,-19.8282674309,
    1.541559248712E+03));
#5103 = CARTESIAN_POINT('',(74.546752247971,-19.83746240342,
    1.541835964177E+03));
#5104 = CARTESIAN_POINT('',(74.442770935344,-19.85097733552,
    1.542107290689E+03));
#5105 = CARTESIAN_POINT('',(74.301948880951,-19.86827600856,
    1.542369758764E+03));
#5106 = CARTESIAN_POINT('',(74.122173596688,-19.88832741404,
    1.542618438559E+03));
#5107 = CARTESIAN_POINT('',(73.7092582324,-19.92776177192,
    1.543043776773E+03));
#5108 = CARTESIAN_POINT('',(73.480605171881,-19.94741556742,
    1.543231219975E+03));
#5109 = CARTESIAN_POINT('',(73.216446637144,-19.96679275182,
    1.543395888017E+03));
#5110 = CARTESIAN_POINT('',(72.92093985957,-19.98366479637,
    1.543527343942E+03));
#5111 = CARTESIAN_POINT('',(72.600747369688,-19.99565522961,
    1.54361715249E+03));
#5112 = CARTESIAN_POINT('',(72.264335449884,-20.00119206812,
    1.543659000875E+03));
#5113 = CARTESIAN_POINT('',(71.602289793777,-19.99859258147,
    1.54363937364E+03));
#5114 = CARTESIAN_POINT('',(71.292908496681,-19.99143478895,
    1.543585291281E+03));
#5115 = CARTESIAN_POINT('',(71.000589009997,-19.97905676209,
    1.543491092406E+03));
#5116 = CARTESIAN_POINT('',(70.731341544458,-19.96290606915,
    1.543362528487E+03));
#5117 = CARTESIAN_POINT('',(70.489749568892,-19.9448512758,
    1.543206559957E+03));
#5118 = CARTESIAN_POINT('',(70.278617279499,-19.92660385568,
    1.543031287511E+03));
#5119 = CARTESIAN_POINT('',(69.877836478268,-19.88832837622,
    1.542618448937E+03));
#5120 = CARTESIAN_POINT('',(69.698049959387,-19.86827615802,
    1.5423697634E+03));
#5121 = CARTESIAN_POINT('',(69.557221589884,-19.85097633428,
    1.542107280784E+03));
#5122 = CARTESIAN_POINT('',(69.453242648365,-19.83746172688,
    1.541835947523E+03));
#5123 = CARTESIAN_POINT('',(69.384465422487,-19.82826733021,
    1.541559236072E+03));
#5124 = CARTESIAN_POINT('',(69.35,-19.82366010604,1.541279800494E+03));
#5125 = CARTESIAN_POINT('',(69.35,-19.82366010604,1.540720196453E+03));
#5126 = CARTESIAN_POINT('',(69.384466171491,-19.8282674309,
    1.540440751288E+03));
#5127 = CARTESIAN_POINT('',(69.453247752028,-19.83746240342,
    1.540164035823E+03));
#5128 = CARTESIAN_POINT('',(69.557229064657,-19.85097733552,
    1.539892709311E+03));
#5129 = CARTESIAN_POINT('',(69.698051119049,-19.86827600856,
    1.539630241236E+03));
#5130 = CARTESIAN_POINT('',(69.877826403311,-19.88832741404,
    1.539381561441E+03));
#5131 = CARTESIAN_POINT('',(70.290741767601,-19.92776177192,
    1.538956223227E+03));
#5132 = CARTESIAN_POINT('',(70.519394828117,-19.94741556742,
    1.538768780025E+03));
#5133 = CARTESIAN_POINT('',(70.783553362857,-19.96679275182,
    1.538604111983E+03));
#5134 = CARTESIAN_POINT('',(71.079060140429,-19.98366479637,
    1.538472656058E+03));
#5135 = CARTESIAN_POINT('',(71.399252630312,-19.99565522961,
    1.53838284751E+03));
#5136 = CARTESIAN_POINT('',(71.735664550116,-20.00119206812,
    1.538340999125E+03));
#5137 = CARTESIAN_POINT('',(72.397710206234,-19.99859258147,
    1.53836062636E+03));
#5138 = CARTESIAN_POINT('',(72.707091503308,-19.99143478895,
    1.538414708719E+03));
#5139 = CARTESIAN_POINT('',(72.999410989995,-19.97905676209,
    1.538508907594E+03));
#5140 = CARTESIAN_POINT('',(73.268658455551,-19.96290606915,
    1.538637471513E+03));
#5141 = CARTESIAN_POINT('',(73.510250431117,-19.9448512758,
    1.538793440043E+03));
#5142 = CARTESIAN_POINT('',(73.721382720493,-19.92660385568,
    1.538968712489E+03));
#5143 = CARTESIAN_POINT('',(74.122179072491,-19.88832689109,
    1.539381567082E+03));
#5144 = CARTESIAN_POINT('',(74.301947345406,-19.86827601409,
    1.539630242741E+03));
#5145 = CARTESIAN_POINT('',(74.442769069203,-19.85097770935,
    1.539892705563E+03));
#5146 = CARTESIAN_POINT('',(74.546755263779,-19.83746199363,
    1.540164036221E+03));
#5147 = CARTESIAN_POINT('',(74.615538848887,-19.82826676155,
    1.540440765161E+03));
#5148 = CARTESIAN_POINT('',(74.65,-19.82366010604,1.540720216728E+03));
#5149 = CARTESIAN_POINT('',(74.65,-19.82366010604,1.541E+03));
#5150 = PCURVE('',#4847,#5151);
#5151 = DEFINITIONAL_REPRESENTATION('',(#5152),#5203);
#5152 = B_SPLINE_CURVE_WITH_KNOTS('',7,(#5153,#5154,#5155,#5156,#5157,
    #5158,#5159,#5160,#5161,#5162,#5163,#5164,#5165,#5166,#5167,#5168,
    #5169,#5170,#5171,#5172,#5173,#5174,#5175,#5176,#5177,#5178,#5179,
    #5180,#5181,#5182,#5183,#5184,#5185,#5186,#5187,#5188,#5189,#5190,
    #5191,#5192,#5193,#5194,#5195,#5196,#5197,#5198,#5199,#5200,#5201,
    #5202),.UNSPECIFIED.,.T.,.F.,(8,6,6,6,6,6,6,6,8),(0.,0.136527260422,
    0.255341813033,0.365949747249,0.501601267963,0.637254268948,
    0.755307986372,0.865207636915,1.),.UNSPECIFIED.);
#5153 = CARTESIAN_POINT('',(4.845279776257,40.));
#5154 = CARTESIAN_POINT('',(4.845279776257,40.279803547438));
#5155 = CARTESIAN_POINT('',(4.843541139287,40.55924871225));
#5156 = CARTESIAN_POINT('',(4.840071461615,40.835964177314));
#5157 = CARTESIAN_POINT('',(4.834828713722,41.107290688969));
#5158 = CARTESIAN_POINT('',(4.827735048928,41.369758763988));
#5159 = CARTESIAN_POINT('',(4.818691683688,41.618438558887));
#5160 = CARTESIAN_POINT('',(4.797951977407,42.043776772544));
#5161 = CARTESIAN_POINT('',(4.786477692957,42.231219974965));
#5162 = CARTESIAN_POINT('',(4.773235961786,42.395888016873));
#5163 = CARTESIAN_POINT('',(4.758440580184,42.527343941883));
#5164 = CARTESIAN_POINT('',(4.742425265369,42.617152490026));
#5165 = CARTESIAN_POINT('',(4.725605874938,42.659000875149));
#5166 = CARTESIAN_POINT('',(4.692503336965,42.639373639623));
#5167 = CARTESIAN_POINT('',(4.677032981501,42.585291281014));
#5168 = CARTESIAN_POINT('',(4.662408076603,42.491092405534));
#5169 = CARTESIAN_POINT('',(4.648924471601,42.362528487374));
#5170 = CARTESIAN_POINT('',(4.636812535077,42.206559957367));
#5171 = CARTESIAN_POINT('',(4.626217000642,42.031287510684));
#5172 = CARTESIAN_POINT('',(4.606086783121,41.618448936955));
#5173 = CARTESIAN_POINT('',(4.597042854874,41.36976339987));
#5174 = CARTESIAN_POINT('',(4.589948870325,41.107280783697));
#5175 = CARTESIAN_POINT('',(4.584706241553,40.835947523239));
#5176 = CARTESIAN_POINT('',(4.581236783747,40.559236071904));
#5177 = CARTESIAN_POINT('',(4.579498184513,40.279800494166));
#5178 = CARTESIAN_POINT('',(4.579498184513,39.720196452562));
#5179 = CARTESIAN_POINT('',(4.581236821482,39.440751287749));
#5180 = CARTESIAN_POINT('',(4.584706499154,39.164035822687));
#5181 = CARTESIAN_POINT('',(4.589949247047,38.89270931103));
#5182 = CARTESIAN_POINT('',(4.597042911842,38.630241236012));
#5183 = CARTESIAN_POINT('',(4.606086277081,38.381561441113));
#5184 = CARTESIAN_POINT('',(4.626825983362,37.956223227456));
#5185 = CARTESIAN_POINT('',(4.638300267813,37.768780025036));
#5186 = CARTESIAN_POINT('',(4.651541998983,37.604111983126));
#5187 = CARTESIAN_POINT('',(4.666337380586,37.472656058118));
#5188 = CARTESIAN_POINT('',(4.6823526954,37.382847509973));
#5189 = CARTESIAN_POINT('',(4.699172085832,37.340999124851));
#5190 = CARTESIAN_POINT('',(4.732274623805,37.360626360378));
#5191 = CARTESIAN_POINT('',(4.747744979268,37.414708718989));
#5192 = CARTESIAN_POINT('',(4.762369884166,37.50890759446));
#5193 = CARTESIAN_POINT('',(4.775853489169,37.637471512626));
#5194 = CARTESIAN_POINT('',(4.787965425693,37.793440042645));
#5195 = CARTESIAN_POINT('',(4.798560960127,37.968712489307));
#5196 = CARTESIAN_POINT('',(4.818691958724,38.381567081658));
#5197 = CARTESIAN_POINT('',(4.827734972515,38.630242740646));
#5198 = CARTESIAN_POINT('',(4.834828619014,38.892705563061));
#5199 = CARTESIAN_POINT('',(4.840071613656,39.164036220838));
#5200 = CARTESIAN_POINT('',(4.843541392564,39.440765161054));
#5201 = CARTESIAN_POINT('',(4.845279776257,39.720216728219));
#5202 = CARTESIAN_POINT('',(4.845279776257,40.));
#5203 = ( GEOMETRIC_REPRESENTATION_CONTEXT(2) 
PARAMETRIC_REPRESENTATION_CONTEXT() REPRESENTATION_CONTEXT('2D SPACE',''
  ) );
#5204 = PCURVE('',#5205,#5210);
#5205 = CYLINDRICAL_SURFACE('',#5206,2.65);
#5206 = AXIS2_PLACEMENT_3D('',#5207,#5208,#5209);
#5207 = CARTESIAN_POINT('',(72.,30.,1.541E+03));
#5208 = DIRECTION('',(0.,-1.,2.22044604925E-16));
#5209 = DIRECTION('',(1.,0.,0.));
#5210 = DEFINITIONAL_REPRESENTATION('',(#5211),#5262);
#5211 = B_SPLINE_CURVE_WITH_KNOTS('',7,(#5212,#5213,#5214,#5215,#5216,
    #5217,#5218,#5219,#5220,#5221,#5222,#5223,#5224,#5225,#5226,#5227,
    #5228,#5229,#5230,#5231,#5232,#5233,#5234,#5235,#5236,#5237,#5238,
    #5239,#5240,#5241,#5242,#5243,#5244,#5245,#5246,#5247,#5248,#5249,
    #5250,#5251,#5252,#5253,#5254,#5255,#5256,#5257,#5258,#5259,#5260,
    #5261),.UNSPECIFIED.,.F.,.F.,(8,6,6,6,6,6,6,6,8),(0.,0.136527260422,
    0.255341813033,0.365949747249,0.501601267963,0.637254268948,
    0.755307986372,0.865207636915,1.),.UNSPECIFIED.);
#5212 = CARTESIAN_POINT('',(0.,49.823660106045));
#5213 = CARTESIAN_POINT('',(0.105586244316,49.823660106045));
#5214 = CARTESIAN_POINT('',(0.21103691258,49.828267430909));
#5215 = CARTESIAN_POINT('',(0.317382027231,49.837462403426));
#5216 = CARTESIAN_POINT('',(0.425512133662,49.850977335528));
#5217 = CARTESIAN_POINT('',(0.536385501536,49.868276008564));
#5218 = CARTESIAN_POINT('',(0.650971484261,49.888327414042));
#5219 = CARTESIAN_POINT('',(0.874669551019,49.92776177192));
#5220 = CARTESIAN_POINT('',(0.985522730363,49.947415567426));
#5221 = CARTESIAN_POINT('',(1.101382495433,49.966792751821));
#5222 = CARTESIAN_POINT('',(1.221257338409,49.983664796371));
#5223 = CARTESIAN_POINT('',(1.344570647384,49.995655229619));
#5224 = CARTESIAN_POINT('',(1.470994594086,50.001192068127));
#5225 = CARTESIAN_POINT('',(1.720932907342,49.998592581474));
#5226 = CARTESIAN_POINT('',(1.838234010261,49.991434788954));
#5227 = CARTESIAN_POINT('',(1.952406120588,49.97905676209));
#5228 = CARTESIAN_POINT('',(2.063292677389,49.962906069156));
#5229 = CARTESIAN_POINT('',(2.170539215938,49.944851275803));
#5230 = CARTESIAN_POINT('',(2.2734915783,49.926603855688));
#5231 = CARTESIAN_POINT('',(2.490615711193,49.888328376223));
#5232 = CARTESIAN_POINT('',(2.605206191108,49.868276158021));
#5233 = CARTESIAN_POINT('',(2.716084831313,49.850976334289));
#5234 = CARTESIAN_POINT('',(2.824217013756,49.837461726882));
#5235 = CARTESIAN_POINT('',(2.930560498492,49.828267330215));
#5236 = CARTESIAN_POINT('',(3.036007561452,49.823660106045));
#5237 = CARTESIAN_POINT('',(3.247178897906,49.823660106045));
#5238 = CARTESIAN_POINT('',(3.35262956617,49.828267430909));
#5239 = CARTESIAN_POINT('',(3.45897468082,49.837462403426));
#5240 = CARTESIAN_POINT('',(3.567104787252,49.850977335528));
#5241 = CARTESIAN_POINT('',(3.677978155126,49.868276008564));
#5242 = CARTESIAN_POINT('',(3.792564137851,49.888327414042));
#5243 = CARTESIAN_POINT('',(4.016262204609,49.927761771921));
#5244 = CARTESIAN_POINT('',(4.127115383953,49.947415567426));
#5245 = CARTESIAN_POINT('',(4.242975149023,49.966792751821));
#5246 = CARTESIAN_POINT('',(4.362849991999,49.983664796371));
#5247 = CARTESIAN_POINT('',(4.486163300974,49.995655229619));
#5248 = CARTESIAN_POINT('',(4.612587247676,50.001192068127));
#5249 = CARTESIAN_POINT('',(4.862525560936,49.998592581474));
#5250 = CARTESIAN_POINT('',(4.979826663846,49.991434788953));
#5251 = CARTESIAN_POINT('',(5.093998774175,49.979056762091));
#5252 = CARTESIAN_POINT('',(5.20488533098,49.962906069155));
#5253 = CARTESIAN_POINT('',(5.312131869534,49.944851275802));
#5254 = CARTESIAN_POINT('',(5.415084231886,49.926603855689));
#5255 = CARTESIAN_POINT('',(5.63221678945,49.88832689109));
#5256 = CARTESIAN_POINT('',(5.746799814748,49.868276014092));
#5257 = CARTESIAN_POINT('',(5.857671846665,49.850977709355));
#5258 = CARTESIAN_POINT('',(5.965803818921,49.837461993635));
#5259 = CARTESIAN_POINT('',(6.072153633107,49.828266761558));
#5260 = CARTESIAN_POINT('',(6.177606714055,49.823660106045));
#5261 = CARTESIAN_POINT('',(6.28318530718,49.823660106045));
#5262 = ( GEOMETRIC_REPRESENTATION_CONTEXT(2) 
PARAMETRIC_REPRESENTATION_CONTEXT() REPRESENTATION_CONTEXT('2D SPACE',''
  ) );
#5263 = FACE_BOUND('',#5264,.T.);
#5264 = EDGE_LOOP('',(#5265));
#5265 = ORIENTED_EDGE('',*,*,#5266,.T.);
#5266 = EDGE_CURVE('',#5267,#5267,#5269,.T.);
#5267 = VERTEX_POINT('',#5268);
#5268 = CARTESIAN_POINT('',(75.25,19.734170871866,1.621E+03));
#5269 = SURFACE_CURVE('',#5270,(#5336,#5405),.PCURVE_S1.);
#5270 = B_SPLINE_CURVE_WITH_KNOTS('',8,(#5271,#5272,#5273,#5274,#5275,
    #5276,#5277,#5278,#5279,#5280,#5281,#5282,#5283,#5284,#5285,#5286,
    #5287,#5288,#5289,#5290,#5291,#5292,#5293,#5294,#5295,#5296,#5297,
    #5298,#5299,#5300,#5301,#5302,#5303,#5304,#5305,#5306,#5307,#5308,
    #5309,#5310,#5311,#5312,#5313,#5314,#5315,#5316,#5317,#5318,#5319,
    #5320,#5321,#5322,#5323,#5324,#5325,#5326,#5327,#5328,#5329,#5330,
    #5331,#5332,#5333,#5334,#5335),.UNSPECIFIED.,.T.,.F.,(9,7,7,7,7,7,7,
    7,7,9),(0.,9.933585488415E-02,0.197233670375,0.288261378416,
    0.392831118972,0.601575195404,0.706298045386,0.797459034817,
    0.895500190804,1.),.UNSPECIFIED.);
#5271 = CARTESIAN_POINT('',(75.25,19.734170871866,1.621E+03));
#5272 = CARTESIAN_POINT('',(75.25,19.734170871866,1.621235629396E+03));
#5273 = CARTESIAN_POINT('',(75.230476474705,19.737386067497,
    1.621471246359E+03));
#5274 = CARTESIAN_POINT('',(75.191431174669,19.743816685063,
    1.621704969334E+03));
#5275 = CARTESIAN_POINT('',(75.133086848058,19.753314102448,
    1.621934918519E+03));
#5276 = CARTESIAN_POINT('',(75.055877743893,19.765585003609,
    1.622159246743E+03));
#5277 = CARTESIAN_POINT('',(74.960445494262,19.78020826446,
    1.622376165658E+03));
#5278 = CARTESIAN_POINT('',(74.847640375533,19.796664570152,
    1.622583967246E+03));
#5279 = CARTESIAN_POINT('',(74.59128462264,19.831836517116,
    1.622975261111E+03));
#5280 = CARTESIAN_POINT('',(74.445199338371,19.850927904562,
    1.623163647188E+03));
#5281 = CARTESIAN_POINT('',(74.279695727421,19.871242498586,
    1.623344237213E+03));
#5282 = CARTESIAN_POINT('',(74.09431750575,19.892230007452,
    1.623514774693E+03));
#5283 = CARTESIAN_POINT('',(73.888773632605,19.913191282519,
    1.623672680478E+03));
#5284 = CARTESIAN_POINT('',(73.663008200202,19.93327167209,
    1.623815006276E+03));
#5285 = CARTESIAN_POINT('',(73.417308646418,19.95148143792,
    1.623938361177E+03));
#5286 = CARTESIAN_POINT('',(72.906208807234,19.980981712019,
    1.624132195779E+03));
#5287 = CARTESIAN_POINT('',(72.642761397841,19.992704686486,
    1.624206021511E+03));
#5288 = CARTESIAN_POINT('',(72.366781636454,20.000829397038,
    1.624255342989E+03));
#5289 = CARTESIAN_POINT('',(72.083684565908,20.004484023235,
    1.624277087482E+03));
#5290 = CARTESIAN_POINT('',(71.799310556374,20.003276785153,
    1.624270013976E+03));
#5291 = CARTESIAN_POINT('',(71.519564162876,19.997396604526,
    1.624234703974E+03));
#5292 = CARTESIAN_POINT('',(71.250045338563,19.987556773201,
    1.624173577188E+03));
#5293 = CARTESIAN_POINT('',(70.703504909645,19.960077435156,
    1.623995995438E+03));
#5294 = CARTESIAN_POINT('',(70.432329791892,19.941545962602,
    1.623872986175E+03));
#5295 = CARTESIAN_POINT('',(70.183504488672,19.920459778839,
    1.6237268342E+03));
#5296 = CARTESIAN_POINT('',(69.957643545959,19.898070101807,
    1.623561794355E+03));
#5297 = CARTESIAN_POINT('',(69.754866287506,19.875471048222,
    1.623381592831E+03));
#5298 = CARTESIAN_POINT('',(69.574942143719,19.853557326818,
    1.623189519887E+03));
#5299 = CARTESIAN_POINT('',(69.41737831136,19.833025069554,
    1.622988483958E+03));
#5300 = CARTESIAN_POINT('',(69.010173427679,19.777156658525,
    1.622366938426E+03));
#5301 = CARTESIAN_POINT('',(68.82288809083,19.747136050844,
    1.621923809829E+03));
#5302 = CARTESIAN_POINT('',(68.712913357897,19.728051924469,
    1.62146558737E+03));
#5303 = CARTESIAN_POINT('',(68.676528994039,19.72150059785,
    1.621000297488E+03));
#5304 = CARTESIAN_POINT('',(68.712693680909,19.728006284007,
    1.620534694986E+03));
#5305 = CARTESIAN_POINT('',(68.822829388178,19.74714048222,
    1.620075822419E+03));
#5306 = CARTESIAN_POINT('',(69.010570078225,19.777211078883,
    1.619632456138E+03));
#5307 = CARTESIAN_POINT('',(69.417378311364,19.833025069555,
    1.619011516042E+03));
#5308 = CARTESIAN_POINT('',(69.574942143722,19.853557326818,
    1.618810480113E+03));
#5309 = CARTESIAN_POINT('',(69.754866287503,19.875471048222,
    1.618618407169E+03));
#5310 = CARTESIAN_POINT('',(69.957643545954,19.898070101806,
    1.618438205645E+03));
#5311 = CARTESIAN_POINT('',(70.183504488669,19.920459778839,
    1.6182731658E+03));
#5312 = CARTESIAN_POINT('',(70.432329791894,19.941545962602,
    1.618127013825E+03));
#5313 = CARTESIAN_POINT('',(70.703504909653,19.960077435156,
    1.618004004562E+03));
#5314 = CARTESIAN_POINT('',(71.250045338563,19.987556773201,
    1.617826422812E+03));
#5315 = CARTESIAN_POINT('',(71.519564162877,19.997396604526,
    1.617765296026E+03));
#5316 = CARTESIAN_POINT('',(71.799310556375,20.003276785153,
    1.617729986024E+03));
#5317 = CARTESIAN_POINT('',(72.083684565907,20.004484023235,
    1.617722912518E+03));
#5318 = CARTESIAN_POINT('',(72.366781636454,20.000829397038,
    1.617744657011E+03));
#5319 = CARTESIAN_POINT('',(72.642761397842,19.992704686486,
    1.617793978489E+03));
#5320 = CARTESIAN_POINT('',(72.906208807234,19.980981712019,
    1.617867804221E+03));
#5321 = CARTESIAN_POINT('',(73.417308646418,19.95148143792,
    1.618061638823E+03));
#5322 = CARTESIAN_POINT('',(73.663008200202,19.93327167209,
    1.618184993724E+03));
#5323 = CARTESIAN_POINT('',(73.888773632605,19.913191282519,
    1.618327319522E+03));
#5324 = CARTESIAN_POINT('',(74.09431750575,19.892230007452,
    1.618485225307E+03));
#5325 = CARTESIAN_POINT('',(74.279695727422,19.871242498586,
    1.618655762787E+03));
#5326 = CARTESIAN_POINT('',(74.445199338371,19.850927904562,
    1.618836352812E+03));
#5327 = CARTESIAN_POINT('',(74.59128462264,19.831836517116,
    1.619024738889E+03));
#5328 = CARTESIAN_POINT('',(74.854153677785,19.795770946666,
    1.619425974467E+03));
#5329 = CARTESIAN_POINT('',(74.968875099953,19.778950168482,
    1.619640384186E+03));
#5330 = CARTESIAN_POINT('',(75.063407924274,19.764397764816,
    1.6198603534E+03));
#5331 = CARTESIAN_POINT('',(75.138370924132,19.752454240702,
    1.620084420953E+03));
#5332 = CARTESIAN_POINT('',(75.194257676339,19.743350857607,
    1.620311393058E+03));
#5333 = CARTESIAN_POINT('',(75.231410986434,19.737232364349,
    1.620540252031E+03));
#5334 = CARTESIAN_POINT('',(75.25,19.734170871866,1.620770080343E+03));
#5335 = CARTESIAN_POINT('',(75.25,19.734170871866,1.621E+03));
#5336 = PCURVE('',#4847,#5337);
#5337 = DEFINITIONAL_REPRESENTATION('',(#5338),#5404);
#5338 = B_SPLINE_CURVE_WITH_KNOTS('',8,(#5339,#5340,#5341,#5342,#5343,
    #5344,#5345,#5346,#5347,#5348,#5349,#5350,#5351,#5352,#5353,#5354,
    #5355,#5356,#5357,#5358,#5359,#5360,#5361,#5362,#5363,#5364,#5365,
    #5366,#5367,#5368,#5369,#5370,#5371,#5372,#5373,#5374,#5375,#5376,
    #5377,#5378,#5379,#5380,#5381,#5382,#5383,#5384,#5385,#5386,#5387,
    #5388,#5389,#5390,#5391,#5392,#5393,#5394,#5395,#5396,#5397,#5398,
    #5399,#5400,#5401,#5402,#5403),.UNSPECIFIED.,.T.,.F.,(9,7,7,7,7,7,7,
    7,7,9),(0.,9.933585488415E-02,0.197233670375,0.288261378416,
    0.392831118972,0.601575195404,0.706298045386,0.797459034817,
    0.895500190804,1.),.UNSPECIFIED.);
#5339 = CARTESIAN_POINT('',(1.407572523278,120.));
#5340 = CARTESIAN_POINT('',(1.407572523278,120.23562939587));
#5341 = CARTESIAN_POINT('',(1.408561844869,120.47124635937));
#5342 = CARTESIAN_POINT('',(1.410540418381,120.70496933391));
#5343 = CARTESIAN_POINT('',(1.413496023755,120.93491851886));
#5344 = CARTESIAN_POINT('',(1.417404860352,121.15924674337));
#5345 = CARTESIAN_POINT('',(1.422232003903,121.37616565826));
#5346 = CARTESIAN_POINT('',(1.427931750587,121.58396724604));
#5347 = CARTESIAN_POINT('',(1.440869615354,121.97526111092));
#5348 = CARTESIAN_POINT('',(1.448235840779,122.16364718811));
#5349 = CARTESIAN_POINT('',(1.456572681374,122.34423721254));
#5350 = CARTESIAN_POINT('',(1.465899923423,122.51477469329));
#5351 = CARTESIAN_POINT('',(1.476228956988,122.67268047778));
#5352 = CARTESIAN_POINT('',(1.487559888854,122.81500627598));
#5353 = CARTESIAN_POINT('',(1.499876917786,122.93836117717));
#5354 = CARTESIAN_POINT('',(1.525474442656,123.13219577861));
#5355 = CARTESIAN_POINT('',(1.538658700659,123.20602151121));
#5356 = CARTESIAN_POINT('',(1.552461033943,123.25534298944));
#5357 = CARTESIAN_POINT('',(1.566613110921,123.27708748247));
#5358 = CARTESIAN_POINT('',(1.580827894755,123.27001397636));
#5359 = CARTESIAN_POINT('',(1.594815476334,123.23470397374));
#5360 = CARTESIAN_POINT('',(1.608299122947,123.17357718799));
#5361 = CARTESIAN_POINT('',(1.635660663221,122.99599543784));
#5362 = CARTESIAN_POINT('',(1.649248839485,122.8729861754));
#5363 = CARTESIAN_POINT('',(1.661732130917,122.72683420005));
#5364 = CARTESIAN_POINT('',(1.673078587478,122.56179435495));
#5365 = CARTESIAN_POINT('',(1.683279086354,122.38159283137));
#5366 = CARTESIAN_POINT('',(1.692341214041,122.18951988723));
#5367 = CARTESIAN_POINT('',(1.700285833815,121.98848395803));
#5368 = CARTESIAN_POINT('',(1.720836812906,121.36693842635));
#5369 = CARTESIAN_POINT('',(1.730318201987,120.92380982886));
#5370 = CARTESIAN_POINT('',(1.735899498647,120.46558736984));
#5371 = CARTESIAN_POINT('',(1.737748056273,120.00029748753));
#5372 = CARTESIAN_POINT('',(1.735910696219,119.53469498556));
#5373 = CARTESIAN_POINT('',(1.730321075284,119.07582241863));
#5374 = CARTESIAN_POINT('',(1.720816794587,118.63245613794));
#5375 = CARTESIAN_POINT('',(1.700285833814,118.01151604196));
#5376 = CARTESIAN_POINT('',(1.692341214041,117.81048011276));
#5377 = CARTESIAN_POINT('',(1.683279086355,117.61840716862));
#5378 = CARTESIAN_POINT('',(1.673078587478,117.43820564505));
#5379 = CARTESIAN_POINT('',(1.661732130917,117.27316579994));
#5380 = CARTESIAN_POINT('',(1.649248839485,117.12701382459));
#5381 = CARTESIAN_POINT('',(1.635660663221,117.00400456214));
#5382 = CARTESIAN_POINT('',(1.608299122947,116.826422812));
#5383 = CARTESIAN_POINT('',(1.594815476334,116.76529602626));
#5384 = CARTESIAN_POINT('',(1.580827894755,116.72998602363));
#5385 = CARTESIAN_POINT('',(1.566613110921,116.72291251752));
#5386 = CARTESIAN_POINT('',(1.552461033943,116.74465701055));
#5387 = CARTESIAN_POINT('',(1.538658700659,116.79397848878));
#5388 = CARTESIAN_POINT('',(1.525474442656,116.86780422138));
#5389 = CARTESIAN_POINT('',(1.499876917786,117.06163882282));
#5390 = CARTESIAN_POINT('',(1.487559888854,117.18499372401));
#5391 = CARTESIAN_POINT('',(1.476228956988,117.32731952221));
#5392 = CARTESIAN_POINT('',(1.465899923423,117.4852253067));
#5393 = CARTESIAN_POINT('',(1.456572681374,117.65576278745));
#5394 = CARTESIAN_POINT('',(1.448235840779,117.83635281188));
#5395 = CARTESIAN_POINT('',(1.440869615354,118.02473888907));
#5396 = CARTESIAN_POINT('',(1.427603034641,118.42597446652));
#5397 = CARTESIAN_POINT('',(1.421805878079,118.6403841863));
#5398 = CARTESIAN_POINT('',(1.417023721355,118.86035339984));
#5399 = CARTESIAN_POINT('',(1.413228342955,119.08442095279));
#5400 = CARTESIAN_POINT('',(1.41039717883,119.31139305845));
#5401 = CARTESIAN_POINT('',(1.408514496754,119.5402520313));
#5402 = CARTESIAN_POINT('',(1.407572523278,119.7700803429));
#5403 = CARTESIAN_POINT('',(1.407572523278,120.));
#5404 = ( GEOMETRIC_REPRESENTATION_CONTEXT(2) 
PARAMETRIC_REPRESENTATION_CONTEXT() REPRESENTATION_CONTEXT('2D SPACE',''
  ) );
#5405 = PCURVE('',#5406,#5411);
#5406 = CYLINDRICAL_SURFACE('',#5407,3.25);
#5407 = AXIS2_PLACEMENT_3D('',#5408,#5409,#5410);
#5408 = CARTESIAN_POINT('',(72.,30.,1.621E+03));
#5409 = DIRECTION('',(0.,-1.,2.22044604925E-16));
#5410 = DIRECTION('',(1.,0.,0.));
#5411 = DEFINITIONAL_REPRESENTATION('',(#5412),#5478);
#5412 = B_SPLINE_CURVE_WITH_KNOTS('',8,(#5413,#5414,#5415,#5416,#5417,
    #5418,#5419,#5420,#5421,#5422,#5423,#5424,#5425,#5426,#5427,#5428,
    #5429,#5430,#5431,#5432,#5433,#5434,#5435,#5436,#5437,#5438,#5439,
    #5440,#5441,#5442,#5443,#5444,#5445,#5446,#5447,#5448,#5449,#5450,
    #5451,#5452,#5453,#5454,#5455,#5456,#5457,#5458,#5459,#5460,#5461,
    #5462,#5463,#5464,#5465,#5466,#5467,#5468,#5469,#5470,#5471,#5472,
    #5473,#5474,#5475,#5476,#5477),.UNSPECIFIED.,.F.,.F.,(9,7,7,7,7,7,7,
    7,7,9),(0.,9.933585488415E-02,0.197233670375,0.288261378416,
    0.392831118972,0.601575195404,0.706298045386,0.797459034817,
    0.895500190804,1.),.UNSPECIFIED.);
#5413 = CARTESIAN_POINT('',(0.,10.265829128134));
#5414 = CARTESIAN_POINT('',(7.250135257546E-02,10.265829128134));
#5415 = CARTESIAN_POINT('',(0.144998786932,10.262613932503));
#5416 = CARTESIAN_POINT('',(0.217494485457,10.256183314937));
#5417 = CARTESIAN_POINT('',(0.289989940641,10.246685897552));
#5418 = CARTESIAN_POINT('',(0.362487583311,10.234414996391));
#5419 = CARTESIAN_POINT('',(0.434989558138,10.21979173554));
#5420 = CARTESIAN_POINT('',(0.507493646406,10.203335429848));
#5421 = CARTESIAN_POINT('',(0.651429582428,10.168163482884));
#5422 = CARTESIAN_POINT('',(0.724548236473,10.149072095438));
#5423 = CARTESIAN_POINT('',(0.799490741405,10.128757501414));
#5424 = CARTESIAN_POINT('',(0.876417238301,10.107769992548));
#5425 = CARTESIAN_POINT('',(0.955515311766,10.086808717481));
#5426 = CARTESIAN_POINT('',(1.037004887236,10.06672832791));
#5427 = CARTESIAN_POINT('',(1.121151213849,10.04851856208));
#5428 = CARTESIAN_POINT('',(1.289342397917,10.019018287981));
#5429 = CARTESIAN_POINT('',(1.373190599781,10.007295313514));
#5430 = CARTESIAN_POINT('',(1.458781400777,9.999170602962));
#5431 = CARTESIAN_POINT('',(1.545270044112,9.995515976765));
#5432 = CARTESIAN_POINT('',(1.631914848132,9.996723214847));
#5433 = CARTESIAN_POINT('',(1.717984272587,10.002603395474));
#5434 = CARTESIAN_POINT('',(1.802666356349,10.012443226799));
#5435 = CARTESIAN_POINT('',(1.97948685328,10.039922564844));
#5436 = CARTESIAN_POINT('',(2.070537689119,10.058454037398));
#5437 = CARTESIAN_POINT('',(2.158535219899,10.079540221161));
#5438 = CARTESIAN_POINT('',(2.243786842991,10.101929898193));
#5439 = CARTESIAN_POINT('',(2.326538122814,10.124528951778));
#5440 = CARTESIAN_POINT('',(2.406989235264,10.146442673182));
#5441 = CARTESIAN_POINT('',(2.485299097953,10.166974930446));
#5442 = CARTESIAN_POINT('',(2.713932219792,10.222843341475));
#5443 = CARTESIAN_POINT('',(2.859563957209,10.252863949156));
#5444 = CARTESIAN_POINT('',(3.001420114321,10.271948075531));
#5445 = CARTESIAN_POINT('',(3.141507638801,10.278499402151));
#5446 = CARTESIAN_POINT('',(3.281679160658,10.271993715993));
#5447 = CARTESIAN_POINT('',(3.42370602468,10.25285951778));
#5448 = CARTESIAN_POINT('',(3.56947579457,10.222788921117));
#5449 = CARTESIAN_POINT('',(3.797886209229,10.166974930445));
#5450 = CARTESIAN_POINT('',(3.876196071916,10.146442673182));
#5451 = CARTESIAN_POINT('',(3.956647184365,10.124528951778));
#5452 = CARTESIAN_POINT('',(4.039398464187,10.101929898194));
#5453 = CARTESIAN_POINT('',(4.124650087279,10.079540221161));
#5454 = CARTESIAN_POINT('',(4.212647618061,10.058454037398));
#5455 = CARTESIAN_POINT('',(4.303698453902,10.039922564844));
#5456 = CARTESIAN_POINT('',(4.48051895083,10.012443226799));
#5457 = CARTESIAN_POINT('',(4.565201034593,10.002603395474));
#5458 = CARTESIAN_POINT('',(4.651270459048,9.996723214847));
#5459 = CARTESIAN_POINT('',(4.737915263067,9.995515976765));
#5460 = CARTESIAN_POINT('',(4.824403906402,9.999170602962));
#5461 = CARTESIAN_POINT('',(4.909994707399,10.007295313514));
#5462 = CARTESIAN_POINT('',(4.993842909263,10.019018287981));
#5463 = CARTESIAN_POINT('',(5.162034093331,10.04851856208));
#5464 = CARTESIAN_POINT('',(5.246180419943,10.06672832791));
#5465 = CARTESIAN_POINT('',(5.327669995414,10.086808717481));
#5466 = CARTESIAN_POINT('',(5.406768068878,10.107769992548));
#5467 = CARTESIAN_POINT('',(5.483694565774,10.128757501414));
#5468 = CARTESIAN_POINT('',(5.558637070706,10.149072095438));
#5469 = CARTESIAN_POINT('',(5.631755724752,10.168163482884));
#5470 = CARTESIAN_POINT('',(5.779348681323,10.204229053334));
#5471 = CARTESIAN_POINT('',(5.853877130547,10.221049831518));
#5472 = CARTESIAN_POINT('',(5.92710362407,10.235602235184));
#5473 = CARTESIAN_POINT('',(5.99931239202,10.247545759298));
#5474 = CARTESIAN_POINT('',(6.070767267827,10.256649142393));
#5475 = CARTESIAN_POINT('',(6.141724085722,10.262767635651));
#5476 = CARTESIAN_POINT('',(6.212440797305,10.265829128134));
#5477 = CARTESIAN_POINT('',(6.28318530718,10.265829128134));
#5478 = ( GEOMETRIC_REPRESENTATION_CONTEXT(2) 
PARAMETRIC_REPRESENTATION_CONTEXT() REPRESENTATION_CONTEXT('2D SPACE',''
  ) );
#5479 = FACE_BOUND('',#5480,.T.);
#5480 = EDGE_LOOP('',(#5481));
#5481 = ORIENTED_EDGE('',*,*,#5482,.F.);
#5482 = EDGE_CURVE('',#5483,#5483,#5485,.T.);
#5483 = VERTEX_POINT('',#5484);
#5484 = CARTESIAN_POINT('',(75.25,-19.73417087186,1.621E+03));
#5485 = SURFACE_CURVE('',#5486,(#5552,#5621),.PCURVE_S1.);
#5486 = B_SPLINE_CURVE_WITH_KNOTS('',8,(#5487,#5488,#5489,#5490,#5491,
    #5492,#5493,#5494,#5495,#5496,#5497,#5498,#5499,#5500,#5501,#5502,
    #5503,#5504,#5505,#5506,#5507,#5508,#5509,#5510,#5511,#5512,#5513,
    #5514,#5515,#5516,#5517,#5518,#5519,#5520,#5521,#5522,#5523,#5524,
    #5525,#5526,#5527,#5528,#5529,#5530,#5531,#5532,#5533,#5534,#5535,
    #5536,#5537,#5538,#5539,#5540,#5541,#5542,#5543,#5544,#5545,#5546,
    #5547,#5548,#5549,#5550,#5551),.UNSPECIFIED.,.T.,.F.,(9,7,7,7,7,7,7,
    7,7,9),(0.,9.933585485716E-02,0.197233670339,0.288261378387,
    0.39283111895,0.601575195396,0.706298045381,0.797459034814,
    0.895500190802,1.),.UNSPECIFIED.);
#5487 = CARTESIAN_POINT('',(75.25,-19.73417087186,1.621E+03));
#5488 = CARTESIAN_POINT('',(75.25,-19.73417087186,1.621235629396E+03));
#5489 = CARTESIAN_POINT('',(75.230476474705,-19.73738606749,
    1.621471246359E+03));
#5490 = CARTESIAN_POINT('',(75.191431174669,-19.74381668506,
    1.621704969334E+03));
#5491 = CARTESIAN_POINT('',(75.133086848058,-19.75331410244,
    1.621934918519E+03));
#5492 = CARTESIAN_POINT('',(75.055877743893,-19.7655850036,
    1.622159246743E+03));
#5493 = CARTESIAN_POINT('',(74.960445494262,-19.78020826446,
    1.622376165658E+03));
#5494 = CARTESIAN_POINT('',(74.847640375533,-19.79666457015,
    1.622583967246E+03));
#5495 = CARTESIAN_POINT('',(74.591284622616,-19.83183651711,
    1.622975261111E+03));
#5496 = CARTESIAN_POINT('',(74.445199338358,-19.85092790456,
    1.623163647188E+03));
#5497 = CARTESIAN_POINT('',(74.279695727436,-19.87124249858,
    1.623344237213E+03));
#5498 = CARTESIAN_POINT('',(74.09431750578,-19.89223000744,
    1.623514774693E+03));
#5499 = CARTESIAN_POINT('',(73.888773632624,-19.91319128251,
    1.623672680478E+03));
#5500 = CARTESIAN_POINT('',(73.66300820019,-19.93327167209,
    1.623815006276E+03));
#5501 = CARTESIAN_POINT('',(73.417308646378,-19.95148143792,
    1.623938361177E+03));
#5502 = CARTESIAN_POINT('',(72.906208807235,-19.98098171201,
    1.624132195779E+03));
#5503 = CARTESIAN_POINT('',(72.64276139784,-19.99270468648,
    1.624206021511E+03));
#5504 = CARTESIAN_POINT('',(72.366781636454,-20.00082939703,
    1.624255342989E+03));
#5505 = CARTESIAN_POINT('',(72.083684565908,-20.00448402323,
    1.624277087482E+03));
#5506 = CARTESIAN_POINT('',(71.799310556374,-20.00327678515,
    1.624270013976E+03));
#5507 = CARTESIAN_POINT('',(71.519564162875,-19.99739660452,
    1.624234703974E+03));
#5508 = CARTESIAN_POINT('',(71.250045338563,-19.9875567732,
    1.624173577188E+03));
#5509 = CARTESIAN_POINT('',(70.703504909645,-19.96007743515,
    1.623995995438E+03));
#5510 = CARTESIAN_POINT('',(70.432329791892,-19.9415459626,
    1.623872986175E+03));
#5511 = CARTESIAN_POINT('',(70.183504488672,-19.92045977883,
    1.6237268342E+03));
#5512 = CARTESIAN_POINT('',(69.957643545959,-19.8980701018,
    1.623561794355E+03));
#5513 = CARTESIAN_POINT('',(69.754866287506,-19.87547104822,
    1.623381592831E+03));
#5514 = CARTESIAN_POINT('',(69.574942143719,-19.85355732681,
    1.623189519887E+03));
#5515 = CARTESIAN_POINT('',(69.41737831136,-19.83302506955,
    1.622988483958E+03));
#5516 = CARTESIAN_POINT('',(69.010173427679,-19.77715665852,
    1.622366938426E+03));
#5517 = CARTESIAN_POINT('',(68.82288809083,-19.74713605084,
    1.621923809829E+03));
#5518 = CARTESIAN_POINT('',(68.712913357897,-19.72805192446,
    1.62146558737E+03));
#5519 = CARTESIAN_POINT('',(68.676528994039,-19.72150059785,
    1.621000297488E+03));
#5520 = CARTESIAN_POINT('',(68.71269368091,-19.728006284,
    1.620534694986E+03));
#5521 = CARTESIAN_POINT('',(68.822829388177,-19.74714048222,
    1.620075822419E+03));
#5522 = CARTESIAN_POINT('',(69.010570078225,-19.77721107888,
    1.619632456138E+03));
#5523 = CARTESIAN_POINT('',(69.41737831136,-19.83302506955,
    1.619011516042E+03));
#5524 = CARTESIAN_POINT('',(69.57494214372,-19.85355732681,
    1.618810480113E+03));
#5525 = CARTESIAN_POINT('',(69.754866287505,-19.87547104822,
    1.618618407169E+03));
#5526 = CARTESIAN_POINT('',(69.957643545959,-19.8980701018,
    1.618438205645E+03));
#5527 = CARTESIAN_POINT('',(70.183504488673,-19.92045977883,
    1.6182731658E+03));
#5528 = CARTESIAN_POINT('',(70.432329791891,-19.9415459626,
    1.618127013825E+03));
#5529 = CARTESIAN_POINT('',(70.703504909645,-19.96007743515,
    1.618004004562E+03));
#5530 = CARTESIAN_POINT('',(71.250045338563,-19.9875567732,
    1.617826422812E+03));
#5531 = CARTESIAN_POINT('',(71.519564162875,-19.99739660452,
    1.617765296026E+03));
#5532 = CARTESIAN_POINT('',(71.799310556374,-20.00327678515,
    1.617729986024E+03));
#5533 = CARTESIAN_POINT('',(72.083684565908,-20.00448402323,
    1.617722912518E+03));
#5534 = CARTESIAN_POINT('',(72.366781636454,-20.00082939703,
    1.617744657011E+03));
#5535 = CARTESIAN_POINT('',(72.642761397841,-19.99270468648,
    1.617793978489E+03));
#5536 = CARTESIAN_POINT('',(72.906208807234,-19.98098171201,
    1.617867804221E+03));
#5537 = CARTESIAN_POINT('',(73.417308646419,-19.95148143792,
    1.618061638823E+03));
#5538 = CARTESIAN_POINT('',(73.663008200202,-19.93327167209,
    1.618184993724E+03));
#5539 = CARTESIAN_POINT('',(73.888773632606,-19.91319128251,
    1.618327319522E+03));
#5540 = CARTESIAN_POINT('',(74.09431750575,-19.89223000745,
    1.618485225307E+03));
#5541 = CARTESIAN_POINT('',(74.279695727421,-19.87124249858,
    1.618655762787E+03));
#5542 = CARTESIAN_POINT('',(74.445199338371,-19.85092790456,
    1.618836352812E+03));
#5543 = CARTESIAN_POINT('',(74.59128462264,-19.83183651711,
    1.619024738889E+03));
#5544 = CARTESIAN_POINT('',(74.854153677785,-19.79577094666,
    1.619425974467E+03));
#5545 = CARTESIAN_POINT('',(74.968875099953,-19.77895016848,
    1.619640384186E+03));
#5546 = CARTESIAN_POINT('',(75.063407924274,-19.76439776481,
    1.6198603534E+03));
#5547 = CARTESIAN_POINT('',(75.138370924132,-19.7524542407,
    1.620084420953E+03));
#5548 = CARTESIAN_POINT('',(75.194257676339,-19.7433508576,
    1.620311393058E+03));
#5549 = CARTESIAN_POINT('',(75.231410986434,-19.73723236434,
    1.620540252031E+03));
#5550 = CARTESIAN_POINT('',(75.25,-19.73417087186,1.620770080343E+03));
#5551 = CARTESIAN_POINT('',(75.25,-19.73417087186,1.621E+03));
#5552 = PCURVE('',#4847,#5553);
#5553 = DEFINITIONAL_REPRESENTATION('',(#5554),#5620);
#5554 = B_SPLINE_CURVE_WITH_KNOTS('',8,(#5555,#5556,#5557,#5558,#5559,
    #5560,#5561,#5562,#5563,#5564,#5565,#5566,#5567,#5568,#5569,#5570,
    #5571,#5572,#5573,#5574,#5575,#5576,#5577,#5578,#5579,#5580,#5581,
    #5582,#5583,#5584,#5585,#5586,#5587,#5588,#5589,#5590,#5591,#5592,
    #5593,#5594,#5595,#5596,#5597,#5598,#5599,#5600,#5601,#5602,#5603,
    #5604,#5605,#5606,#5607,#5608,#5609,#5610,#5611,#5612,#5613,#5614,
    #5615,#5616,#5617,#5618,#5619),.UNSPECIFIED.,.T.,.F.,(9,7,7,7,7,7,7,
    7,7,9),(0.,9.933585485716E-02,0.197233670339,0.288261378387,
    0.39283111895,0.601575195396,0.706298045381,0.797459034814,
    0.895500190802,1.),.UNSPECIFIED.);
#5555 = CARTESIAN_POINT('',(4.875612783901,120.));
#5556 = CARTESIAN_POINT('',(4.875612783901,120.23562939587));
#5557 = CARTESIAN_POINT('',(4.874623462311,120.47124635937));
#5558 = CARTESIAN_POINT('',(4.872644888798,120.70496933391));
#5559 = CARTESIAN_POINT('',(4.869689283425,120.93491851886));
#5560 = CARTESIAN_POINT('',(4.865780446828,121.15924674337));
#5561 = CARTESIAN_POINT('',(4.860953303277,121.37616565826));
#5562 = CARTESIAN_POINT('',(4.855253556593,121.58396724604));
#5563 = CARTESIAN_POINT('',(4.842315691824,121.97526111095));
#5564 = CARTESIAN_POINT('',(4.834949466399,122.16364718812));
#5565 = CARTESIAN_POINT('',(4.826612625806,122.34423721252));
#5566 = CARTESIAN_POINT('',(4.817285383758,122.51477469326));
#5567 = CARTESIAN_POINT('',(4.806956350193,122.67268047777));
#5568 = CARTESIAN_POINT('',(4.795625418325,122.81500627599));
#5569 = CARTESIAN_POINT('',(4.783308389391,122.93836117718));
#5570 = CARTESIAN_POINT('',(4.757710864524,123.13219577861));
#5571 = CARTESIAN_POINT('',(4.744526606521,123.20602151121));
#5572 = CARTESIAN_POINT('',(4.730724273236,123.25534298944));
#5573 = CARTESIAN_POINT('',(4.716572196259,123.27708748247));
#5574 = CARTESIAN_POINT('',(4.702357412424,123.27001397636));
#5575 = CARTESIAN_POINT('',(4.688369830846,123.23470397374));
#5576 = CARTESIAN_POINT('',(4.674886184232,123.17357718799));
#5577 = CARTESIAN_POINT('',(4.647524643959,122.99599543784));
#5578 = CARTESIAN_POINT('',(4.633936467694,122.8729861754));
#5579 = CARTESIAN_POINT('',(4.621453176263,122.72683420005));
#5580 = CARTESIAN_POINT('',(4.610106719702,122.56179435495));
#5581 = CARTESIAN_POINT('',(4.599906220825,122.38159283137));
#5582 = CARTESIAN_POINT('',(4.590844093138,122.18951988723));
#5583 = CARTESIAN_POINT('',(4.582899473365,121.98848395803));
#5584 = CARTESIAN_POINT('',(4.562348494274,121.36693842635));
#5585 = CARTESIAN_POINT('',(4.552867105192,120.92380982885));
#5586 = CARTESIAN_POINT('',(4.547285808532,120.46558736984));
#5587 = CARTESIAN_POINT('',(4.545437250906,120.00029748753));
#5588 = CARTESIAN_POINT('',(4.547274610961,119.53469498556));
#5589 = CARTESIAN_POINT('',(4.552864231895,119.07582241863));
#5590 = CARTESIAN_POINT('',(4.562368512592,118.63245613794));
#5591 = CARTESIAN_POINT('',(4.582899473365,118.01151604197));
#5592 = CARTESIAN_POINT('',(4.590844093138,117.81048011276));
#5593 = CARTESIAN_POINT('',(4.599906220825,117.61840716862));
#5594 = CARTESIAN_POINT('',(4.610106719702,117.43820564505));
#5595 = CARTESIAN_POINT('',(4.621453176263,117.27316579994));
#5596 = CARTESIAN_POINT('',(4.633936467694,117.12701382459));
#5597 = CARTESIAN_POINT('',(4.647524643959,117.00400456215));
#5598 = CARTESIAN_POINT('',(4.674886184232,116.826422812));
#5599 = CARTESIAN_POINT('',(4.688369830846,116.76529602626));
#5600 = CARTESIAN_POINT('',(4.702357412424,116.72998602363));
#5601 = CARTESIAN_POINT('',(4.716572196259,116.72291251752));
#5602 = CARTESIAN_POINT('',(4.730724273236,116.74465701055));
#5603 = CARTESIAN_POINT('',(4.744526606521,116.79397848878));
#5604 = CARTESIAN_POINT('',(4.757710864524,116.86780422138));
#5605 = CARTESIAN_POINT('',(4.783308389394,117.06163882282));
#5606 = CARTESIAN_POINT('',(4.795625418325,117.18499372401));
#5607 = CARTESIAN_POINT('',(4.806956350192,117.32731952221));
#5608 = CARTESIAN_POINT('',(4.817285383756,117.4852253067));
#5609 = CARTESIAN_POINT('',(4.826612625806,117.65576278745));
#5610 = CARTESIAN_POINT('',(4.8349494664,117.83635281188));
#5611 = CARTESIAN_POINT('',(4.842315691826,118.02473888907));
#5612 = CARTESIAN_POINT('',(4.855582272539,118.42597446652));
#5613 = CARTESIAN_POINT('',(4.8613794291,118.6403841863));
#5614 = CARTESIAN_POINT('',(4.866161585825,118.86035339984));
#5615 = CARTESIAN_POINT('',(4.869956964225,119.08442095279));
#5616 = CARTESIAN_POINT('',(4.87278812835,119.31139305845));
#5617 = CARTESIAN_POINT('',(4.874670810426,119.5402520313));
#5618 = CARTESIAN_POINT('',(4.875612783901,119.7700803429));
#5619 = CARTESIAN_POINT('',(4.875612783901,120.));
#5620 = ( GEOMETRIC_REPRESENTATION_CONTEXT(2) 
PARAMETRIC_REPRESENTATION_CONTEXT() REPRESENTATION_CONTEXT('2D SPACE',''
  ) );
#5621 = PCURVE('',#5622,#5627);
#5622 = CYLINDRICAL_SURFACE('',#5623,3.25);
#5623 = AXIS2_PLACEMENT_3D('',#5624,#5625,#5626);
#5624 = CARTESIAN_POINT('',(72.,30.,1.621E+03));
#5625 = DIRECTION('',(0.,-1.,2.22044604925E-16));
#5626 = DIRECTION('',(1.,0.,0.));
#5627 = DEFINITIONAL_REPRESENTATION('',(#5628),#5694);
#5628 = B_SPLINE_CURVE_WITH_KNOTS('',8,(#5629,#5630,#5631,#5632,#5633,
    #5634,#5635,#5636,#5637,#5638,#5639,#5640,#5641,#5642,#5643,#5644,
    #5645,#5646,#5647,#5648,#5649,#5650,#5651,#5652,#5653,#5654,#5655,
    #5656,#5657,#5658,#5659,#5660,#5661,#5662,#5663,#5664,#5665,#5666,
    #5667,#5668,#5669,#5670,#5671,#5672,#5673,#5674,#5675,#5676,#5677,
    #5678,#5679,#5680,#5681,#5682,#5683,#5684,#5685,#5686,#5687,#5688,
    #5689,#5690,#5691,#5692,#5693),.UNSPECIFIED.,.F.,.F.,(9,7,7,7,7,7,7,
    7,7,9),(0.,9.933585485716E-02,0.197233670339,0.288261378387,
    0.39283111895,0.601575195396,0.706298045381,0.797459034814,
    0.895500190802,1.),.UNSPECIFIED.);
#5629 = CARTESIAN_POINT('',(0.,49.734170871866));
#5630 = CARTESIAN_POINT('',(7.250135257544E-02,49.734170871866));
#5631 = CARTESIAN_POINT('',(0.144998786932,49.737386067497));
#5632 = CARTESIAN_POINT('',(0.217494485457,49.743816685063));
#5633 = CARTESIAN_POINT('',(0.289989940641,49.753314102448));
#5634 = CARTESIAN_POINT('',(0.362487583311,49.765585003609));
#5635 = CARTESIAN_POINT('',(0.434989558138,49.78020826446));
#5636 = CARTESIAN_POINT('',(0.507493646406,49.796664570152));
#5637 = CARTESIAN_POINT('',(0.651429582441,49.831836517119));
#5638 = CARTESIAN_POINT('',(0.724548236477,49.850927904564));
#5639 = CARTESIAN_POINT('',(0.799490741397,49.871242498584));
#5640 = CARTESIAN_POINT('',(0.87641723829,49.892230007449));
#5641 = CARTESIAN_POINT('',(0.95551531176,49.913191282518));
#5642 = CARTESIAN_POINT('',(1.037004887241,49.933271672092));
#5643 = CARTESIAN_POINT('',(1.121151213862,49.951481437922));
#5644 = CARTESIAN_POINT('',(1.289342397916,49.980981712018));
#5645 = CARTESIAN_POINT('',(1.373190599781,49.992704686486));
#5646 = CARTESIAN_POINT('',(1.458781400778,50.000829397038));
#5647 = CARTESIAN_POINT('',(1.545270044112,50.004484023235));
#5648 = CARTESIAN_POINT('',(1.631914848132,50.003276785153));
#5649 = CARTESIAN_POINT('',(1.717984272587,49.997396604526));
#5650 = CARTESIAN_POINT('',(1.802666356349,49.987556773201));
#5651 = CARTESIAN_POINT('',(1.97948685328,49.960077435156));
#5652 = CARTESIAN_POINT('',(2.070537689119,49.941545962602));
#5653 = CARTESIAN_POINT('',(2.158535219899,49.920459778839));
#5654 = CARTESIAN_POINT('',(2.243786842991,49.898070101807));
#5655 = CARTESIAN_POINT('',(2.326538122813,49.875471048222));
#5656 = CARTESIAN_POINT('',(2.406989235264,49.853557326818));
#5657 = CARTESIAN_POINT('',(2.485299097953,49.833025069554));
#5658 = CARTESIAN_POINT('',(2.713932219792,49.777156658525));
#5659 = CARTESIAN_POINT('',(2.859563957209,49.747136050844));
#5660 = CARTESIAN_POINT('',(3.001420114322,49.728051924469));
#5661 = CARTESIAN_POINT('',(3.141507638801,49.72150059785));
#5662 = CARTESIAN_POINT('',(3.281679160658,49.728006284007));
#5663 = CARTESIAN_POINT('',(3.42370602468,49.74714048222));
#5664 = CARTESIAN_POINT('',(3.56947579457,49.777211078883));
#5665 = CARTESIAN_POINT('',(3.797886209226,49.833025069554));
#5666 = CARTESIAN_POINT('',(3.876196071916,49.853557326818));
#5667 = CARTESIAN_POINT('',(3.956647184366,49.875471048222));
#5668 = CARTESIAN_POINT('',(4.039398464189,49.898070101807));
#5669 = CARTESIAN_POINT('',(4.12465008728,49.920459778839));
#5670 = CARTESIAN_POINT('',(4.21264761806,49.941545962602));
#5671 = CARTESIAN_POINT('',(4.303698453899,49.960077435156));
#5672 = CARTESIAN_POINT('',(4.48051895083,49.987556773201));
#5673 = CARTESIAN_POINT('',(4.565201034593,49.997396604526));
#5674 = CARTESIAN_POINT('',(4.651270459048,50.003276785153));
#5675 = CARTESIAN_POINT('',(4.737915263068,50.004484023235));
#5676 = CARTESIAN_POINT('',(4.824403906402,50.000829397038));
#5677 = CARTESIAN_POINT('',(4.909994707399,49.992704686486));
#5678 = CARTESIAN_POINT('',(4.993842909263,49.980981712019));
#5679 = CARTESIAN_POINT('',(5.162034093331,49.95148143792));
#5680 = CARTESIAN_POINT('',(5.246180419943,49.93327167209));
#5681 = CARTESIAN_POINT('',(5.327669995414,49.913191282519));
#5682 = CARTESIAN_POINT('',(5.406768068878,49.892230007452));
#5683 = CARTESIAN_POINT('',(5.483694565774,49.871242498586));
#5684 = CARTESIAN_POINT('',(5.558637070707,49.850927904562));
#5685 = CARTESIAN_POINT('',(5.631755724751,49.831836517116));
#5686 = CARTESIAN_POINT('',(5.779348681323,49.795770946666));
#5687 = CARTESIAN_POINT('',(5.853877130547,49.778950168482));
#5688 = CARTESIAN_POINT('',(5.92710362407,49.764397764816));
#5689 = CARTESIAN_POINT('',(5.99931239202,49.752454240702));
#5690 = CARTESIAN_POINT('',(6.070767267827,49.743350857607));
#5691 = CARTESIAN_POINT('',(6.141724085722,49.737232364349));
#5692 = CARTESIAN_POINT('',(6.212440797305,49.734170871866));
#5693 = CARTESIAN_POINT('',(6.28318530718,49.734170871866));
#5694 = ( GEOMETRIC_REPRESENTATION_CONTEXT(2) 
PARAMETRIC_REPRESENTATION_CONTEXT() REPRESENTATION_CONTEXT('2D SPACE',''
  ) );
#5695 = ADVANCED_FACE('',(#5696,#5699),#4859,.T.);
#5696 = FACE_BOUND('',#5697,.T.);
#5697 = EDGE_LOOP('',(#5698));
#5698 = ORIENTED_EDGE('',*,*,#4837,.T.);
#5699 = FACE_BOUND('',#5700,.T.);
#5700 = EDGE_LOOP('',(#5701));
#5701 = ORIENTED_EDGE('',*,*,#5702,.F.);
#5702 = EDGE_CURVE('',#5703,#5703,#5705,.T.);
#5703 = VERTEX_POINT('',#5704);
#5704 = CARTESIAN_POINT('',(90.5,-4.531193156845E-15,1.661E+03));
#5705 = SURFACE_CURVE('',#5706,(#5711,#5718),.PCURVE_S1.);
#5706 = CIRCLE('',#5707,18.5);
#5707 = AXIS2_PLACEMENT_3D('',#5708,#5709,#5710);
#5708 = CARTESIAN_POINT('',(72.,0.,1.661E+03));
#5709 = DIRECTION('',(0.,0.,1.));
#5710 = DIRECTION('',(1.,0.,-0.));
#5711 = PCURVE('',#4859,#5712);
#5712 = DEFINITIONAL_REPRESENTATION('',(#5713),#5717);
#5713 = CIRCLE('',#5714,18.5);
#5714 = AXIS2_PLACEMENT_2D('',#5715,#5716);
#5715 = CARTESIAN_POINT('',(0.,0.));
#5716 = DIRECTION('',(1.,0.));
#5717 = ( GEOMETRIC_REPRESENTATION_CONTEXT(2) 
PARAMETRIC_REPRESENTATION_CONTEXT() REPRESENTATION_CONTEXT('2D SPACE',''
  ) );
#5718 = PCURVE('',#5719,#5724);
#5719 = CYLINDRICAL_SURFACE('',#5720,18.5);
#5720 = AXIS2_PLACEMENT_3D('',#5721,#5722,#5723);
#5721 = CARTESIAN_POINT('',(72.,0.,1.5E+03));
#5722 = DIRECTION('',(0.,0.,1.));
#5723 = DIRECTION('',(1.,0.,-0.));
#5724 = DEFINITIONAL_REPRESENTATION('',(#5725),#5729);
#5725 = LINE('',#5726,#5727);
#5726 = CARTESIAN_POINT('',(0.,161.));
#5727 = VECTOR('',#5728,1.);
#5728 = DIRECTION('',(1.,0.));
#5729 = ( GEOMETRIC_REPRESENTATION_CONTEXT(2) 
PARAMETRIC_REPRESENTATION_CONTEXT() REPRESENTATION_CONTEXT('2D SPACE',''
  ) );
#5730 = ADVANCED_FACE('',(#5731,#5734),#4909,.F.);
#5731 = FACE_BOUND('',#5732,.F.);
#5732 = EDGE_LOOP('',(#5733));
#5733 = ORIENTED_EDGE('',*,*,#4894,.T.);
#5734 = FACE_BOUND('',#5735,.F.);
#5735 = EDGE_LOOP('',(#5736));
#5736 = ORIENTED_EDGE('',*,*,#5737,.F.);
#5737 = EDGE_CURVE('',#5738,#5738,#5740,.T.);
#5738 = VERTEX_POINT('',#5739);
#5739 = CARTESIAN_POINT('',(90.5,-4.531193156845E-15,1.501E+03));
#5740 = SURFACE_CURVE('',#5741,(#5746,#5753),.PCURVE_S1.);
#5741 = CIRCLE('',#5742,18.5);
#5742 = AXIS2_PLACEMENT_3D('',#5743,#5744,#5745);
#5743 = CARTESIAN_POINT('',(72.,0.,1.501E+03));
#5744 = DIRECTION('',(0.,0.,1.));
#5745 = DIRECTION('',(1.,0.,-0.));
#5746 = PCURVE('',#4909,#5747);
#5747 = DEFINITIONAL_REPRESENTATION('',(#5748),#5752);
#5748 = CIRCLE('',#5749,18.5);
#5749 = AXIS2_PLACEMENT_2D('',#5750,#5751);
#5750 = CARTESIAN_POINT('',(0.,0.));
#5751 = DIRECTION('',(1.,0.));
#5752 = ( GEOMETRIC_REPRESENTATION_CONTEXT(2) 
PARAMETRIC_REPRESENTATION_CONTEXT() REPRESENTATION_CONTEXT('2D SPACE',''
  ) );
#5753 = PCURVE('',#5719,#5754);
#5754 = DEFINITIONAL_REPRESENTATION('',(#5755),#5759);
#5755 = LINE('',#5756,#5757);
#5756 = CARTESIAN_POINT('',(0.,1.));
#5757 = VECTOR('',#5758,1.);
#5758 = DIRECTION('',(1.,0.));
#5759 = ( GEOMETRIC_REPRESENTATION_CONTEXT(2) 
PARAMETRIC_REPRESENTATION_CONTEXT() REPRESENTATION_CONTEXT('2D SPACE',''
  ) );
#5760 = ADVANCED_FACE('',(#5761),#5034,.F.);
#5761 = FACE_BOUND('',#5762,.F.);
#5762 = EDGE_LOOP('',(#5763,#5927,#5948,#5949));
#5763 = ORIENTED_EDGE('',*,*,#5764,.F.);
#5764 = EDGE_CURVE('',#5765,#5765,#5767,.T.);
#5765 = VERTEX_POINT('',#5766);
#5766 = CARTESIAN_POINT('',(74.65,18.309218989351,1.541E+03));
#5767 = SURFACE_CURVE('',#5768,(#5819,#5873),.PCURVE_S1.);
#5768 = B_SPLINE_CURVE_WITH_KNOTS('',7,(#5769,#5770,#5771,#5772,#5773,
    #5774,#5775,#5776,#5777,#5778,#5779,#5780,#5781,#5782,#5783,#5784,
    #5785,#5786,#5787,#5788,#5789,#5790,#5791,#5792,#5793,#5794,#5795,
    #5796,#5797,#5798,#5799,#5800,#5801,#5802,#5803,#5804,#5805,#5806,
    #5807,#5808,#5809,#5810,#5811,#5812,#5813,#5814,#5815,#5816,#5817,
    #5818),.UNSPECIFIED.,.T.,.F.,(8,6,6,6,6,6,6,6,8),(0.,0.136524586194,
    0.255353950237,0.365973897591,0.501615162757,0.637257979044,
    0.755319861107,0.865225348569,1.),.UNSPECIFIED.);
#5769 = CARTESIAN_POINT('',(74.65,18.309218989351,1.541E+03));
#5770 = CARTESIAN_POINT('',(74.65,18.309218989351,1.541279866353E+03));
#5771 = CARTESIAN_POINT('',(74.615518347693,18.314209651024,
    1.54155937049E+03));
#5772 = CARTESIAN_POINT('',(74.5467075816,18.324169392594,
    1.541836124834E+03));
#5773 = CARTESIAN_POINT('',(74.442694855104,18.338805157696,
    1.542107457055E+03));
#5774 = CARTESIAN_POINT('',(74.30185769486,18.357530427827,
    1.542369893491E+03));
#5775 = CARTESIAN_POINT('',(74.122102639432,18.379225028434,
    1.542618511651E+03));
#5776 = CARTESIAN_POINT('',(73.709292277049,18.421878760172,
    1.543043741704E+03));
#5777 = CARTESIAN_POINT('',(73.48067728352,18.443135720121,
    1.543231162758E+03));
#5778 = CARTESIAN_POINT('',(73.216558444909,18.464090114184,
    1.543395821799E+03));
#5779 = CARTESIAN_POINT('',(72.92108555142,18.482332306343,
    1.54352728634E+03));
#5780 = CARTESIAN_POINT('',(72.600902329843,18.495298682068,
    1.543617122938E+03));
#5781 = CARTESIAN_POINT('',(72.264448443303,18.50128920372,
    1.543659004225E+03));
#5782 = CARTESIAN_POINT('',(71.602189728824,18.498478039831,
    1.543639370673E+03));
#5783 = CARTESIAN_POINT('',(71.292772700885,18.49073566851,
    1.543585259101E+03));
#5784 = CARTESIAN_POINT('',(71.000462940689,18.477350601666,
    1.543491037652E+03));
#5785 = CARTESIAN_POINT('',(70.731247361652,18.459887639743,
    1.543362469191E+03));
#5786 = CARTESIAN_POINT('',(70.489692156616,18.44036308159,
    1.543206512432E+03));
#5787 = CARTESIAN_POINT('',(70.278592536967,18.420626955614,
    1.543031262024E+03));
#5788 = CARTESIAN_POINT('',(69.877907481346,18.379226074166,
    1.542618522076E+03));
#5789 = CARTESIAN_POINT('',(69.698141144512,18.357530591057,
    1.54236989815E+03));
#5790 = CARTESIAN_POINT('',(69.55729765571,18.338804071835,
    1.542107447134E+03));
#5791 = CARTESIAN_POINT('',(69.453287284836,18.324168656084,
    1.541836108126E+03));
#5792 = CARTESIAN_POINT('',(69.384480867273,18.314209536686,
    1.54155935774E+03));
#5793 = CARTESIAN_POINT('',(69.35,18.309218989351,1.541279863153E+03));
#5794 = CARTESIAN_POINT('',(69.35,18.309218989351,1.540720133647E+03));
#5795 = CARTESIAN_POINT('',(69.384481652308,18.314209651024,
    1.54044062951E+03));
#5796 = CARTESIAN_POINT('',(69.4532924184,18.324169392594,
    1.540163875166E+03));
#5797 = CARTESIAN_POINT('',(69.557305144896,18.338805157696,
    1.539892542945E+03));
#5798 = CARTESIAN_POINT('',(69.698142305141,18.357530427827,
    1.539630106509E+03));
#5799 = CARTESIAN_POINT('',(69.877897360568,18.379225028434,
    1.539381488349E+03));
#5800 = CARTESIAN_POINT('',(70.290707722921,18.421878760168,
    1.538956258296E+03));
#5801 = CARTESIAN_POINT('',(70.519322716508,18.443135720124,
    1.538768837242E+03));
#5802 = CARTESIAN_POINT('',(70.783441555127,18.464090114186,
    1.538604178201E+03));
#5803 = CARTESIAN_POINT('',(71.078914448548,18.482332306338,
    1.53847271366E+03));
#5804 = CARTESIAN_POINT('',(71.399097670113,18.49529868207,
    1.538382877062E+03));
#5805 = CARTESIAN_POINT('',(71.735551556741,18.50128920372,
    1.538340995775E+03));
#5806 = CARTESIAN_POINT('',(72.397810271176,18.498478039831,
    1.538360629327E+03));
#5807 = CARTESIAN_POINT('',(72.707227299114,18.49073566851,
    1.538414740899E+03));
#5808 = CARTESIAN_POINT('',(72.999537059313,18.477350601665,
    1.538508962348E+03));
#5809 = CARTESIAN_POINT('',(73.268752638346,18.459887639743,
    1.538637530809E+03));
#5810 = CARTESIAN_POINT('',(73.510307843386,18.44036308159,
    1.538793487568E+03));
#5811 = CARTESIAN_POINT('',(73.721407463033,18.420626955614,
    1.538968737976E+03));
#5812 = CARTESIAN_POINT('',(74.122107996219,18.379224474943,
    1.539381493867E+03));
#5813 = CARTESIAN_POINT('',(74.301856096292,18.357530443549,
    1.539630107878E+03));
#5814 = CARTESIAN_POINT('',(74.44269305569,18.33880555514,
    1.539892539215E+03));
#5815 = CARTESIAN_POINT('',(74.546710706542,18.324168932937,
    1.54016387579E+03));
#5816 = CARTESIAN_POINT('',(74.615523427786,18.314208917693,
    1.540440643711E+03));
#5817 = CARTESIAN_POINT('',(74.65,18.309218989351,1.540720154159E+03));
#5818 = CARTESIAN_POINT('',(74.65,18.309218989351,1.541E+03));
#5819 = PCURVE('',#5034,#5820);
#5820 = DEFINITIONAL_REPRESENTATION('',(#5821),#5872);
#5821 = B_SPLINE_CURVE_WITH_KNOTS('',7,(#5822,#5823,#5824,#5825,#5826,
    #5827,#5828,#5829,#5830,#5831,#5832,#5833,#5834,#5835,#5836,#5837,
    #5838,#5839,#5840,#5841,#5842,#5843,#5844,#5845,#5846,#5847,#5848,
    #5849,#5850,#5851,#5852,#5853,#5854,#5855,#5856,#5857,#5858,#5859,
    #5860,#5861,#5862,#5863,#5864,#5865,#5866,#5867,#5868,#5869,#5870,
    #5871),.UNSPECIFIED.,.F.,.F.,(8,6,6,6,6,6,6,6,8),(0.,0.136524586194,
    0.255353950237,0.365973897591,0.501615162757,0.637257979044,
    0.755319861107,0.865225348569,1.),.UNSPECIFIED.);
#5822 = CARTESIAN_POINT('',(0.,11.690781010649));
#5823 = CARTESIAN_POINT('',(0.105609944642,11.690781010649));
#5824 = CARTESIAN_POINT('',(0.211082868542,11.685790348976));
#5825 = CARTESIAN_POINT('',(0.31744393871,11.675830607406));
#5826 = CARTESIAN_POINT('',(0.425579861823,11.661194842304));
#5827 = CARTESIAN_POINT('',(0.536445949693,11.642469572173));
#5828 = CARTESIAN_POINT('',(0.651009925556,11.620774971566));
#5829 = CARTESIAN_POINT('',(0.874651107234,11.578121239828));
#5830 = CARTESIAN_POINT('',(0.985488281323,11.556864279879));
#5831 = CARTESIAN_POINT('',(1.101334207359,11.535909885816));
#5832 = CARTESIAN_POINT('',(1.221199531855,11.517667693657));
#5833 = CARTESIAN_POINT('',(1.344512527342,11.504701317932));
#5834 = CARTESIAN_POINT('',(1.470951936326,11.49871079628));
#5835 = CARTESIAN_POINT('',(1.720970684292,11.501521960169));
#5836 = CARTESIAN_POINT('',(1.838285592769,11.50926433149));
#5837 = CARTESIAN_POINT('',(1.952456965355,11.522649398334));
#5838 = CARTESIAN_POINT('',(2.063334104101,11.540112360257));
#5839 = CARTESIAN_POINT('',(2.170567176866,11.55963691841));
#5840 = CARTESIAN_POINT('',(2.273504982637,11.579373044386));
#5841 = CARTESIAN_POINT('',(2.490577245074,11.620773925834));
#5842 = CARTESIAN_POINT('',(2.605145737075,11.642469408943));
#5843 = CARTESIAN_POINT('',(2.716017109771,11.661195928165));
#5844 = CARTESIAN_POINT('',(2.824155125907,11.675831343916));
#5845 = CARTESIAN_POINT('',(2.930514583894,11.685790463314));
#5846 = CARTESIAN_POINT('',(3.035983916633,11.690781010649));
#5847 = CARTESIAN_POINT('',(3.247202598232,11.690781010649));
#5848 = CARTESIAN_POINT('',(3.352675522132,11.685790348976));
#5849 = CARTESIAN_POINT('',(3.459036592299,11.675830607406));
#5850 = CARTESIAN_POINT('',(3.567172515413,11.661194842304));
#5851 = CARTESIAN_POINT('',(3.678038603283,11.642469572173));
#5852 = CARTESIAN_POINT('',(3.792602579145,11.620774971566));
#5853 = CARTESIAN_POINT('',(4.016243760807,11.578121239832));
#5854 = CARTESIAN_POINT('',(4.127080934932,11.556864279876));
#5855 = CARTESIAN_POINT('',(4.242926860956,11.535909885814));
#5856 = CARTESIAN_POINT('',(4.362792185434,11.517667693662));
#5857 = CARTESIAN_POINT('',(4.486105180915,11.50470131793));
#5858 = CARTESIAN_POINT('',(4.612544589933,11.49871079628));
#5859 = CARTESIAN_POINT('',(4.862563337882,11.501521960169));
#5860 = CARTESIAN_POINT('',(4.979878246359,11.50926433149));
#5861 = CARTESIAN_POINT('',(5.094049618945,11.522649398335));
#5862 = CARTESIAN_POINT('',(5.204926757689,11.540112360257));
#5863 = CARTESIAN_POINT('',(5.312159830457,11.55963691841));
#5864 = CARTESIAN_POINT('',(5.415097636227,11.579373044386));
#5865 = CARTESIAN_POINT('',(5.632178283679,11.620775525057));
#5866 = CARTESIAN_POINT('',(5.746739313483,11.642469556451));
#5867 = CARTESIAN_POINT('',(5.857604136098,11.66119444486));
#5868 = CARTESIAN_POINT('',(5.965741997236,11.675831067063));
#5869 = CARTESIAN_POINT('',(6.072107800775,11.685791082307));
#5870 = CARTESIAN_POINT('',(6.177583102872,11.690781010649));
#5871 = CARTESIAN_POINT('',(6.28318530718,11.690781010649));
#5872 = ( GEOMETRIC_REPRESENTATION_CONTEXT(2) 
PARAMETRIC_REPRESENTATION_CONTEXT() REPRESENTATION_CONTEXT('2D SPACE',''
  ) );
#5873 = PCURVE('',#5719,#5874);
#5874 = DEFINITIONAL_REPRESENTATION('',(#5875),#5926);
#5875 = B_SPLINE_CURVE_WITH_KNOTS('',7,(#5876,#5877,#5878,#5879,#5880,
    #5881,#5882,#5883,#5884,#5885,#5886,#5887,#5888,#5889,#5890,#5891,
    #5892,#5893,#5894,#5895,#5896,#5897,#5898,#5899,#5900,#5901,#5902,
    #5903,#5904,#5905,#5906,#5907,#5908,#5909,#5910,#5911,#5912,#5913,
    #5914,#5915,#5916,#5917,#5918,#5919,#5920,#5921,#5922,#5923,#5924,
    #5925),.UNSPECIFIED.,.T.,.F.,(8,6,6,6,6,6,6,6,8),(0.,0.136524586194,
    0.255353950237,0.365973897591,0.501615162757,0.637257979044,
    0.755319861107,0.865225348569,1.),.UNSPECIFIED.);
#5876 = CARTESIAN_POINT('',(1.427058645363,41.));
#5877 = CARTESIAN_POINT('',(1.427058645363,41.279866353302));
#5878 = CARTESIAN_POINT('',(1.428941938479,41.559370489596));
#5879 = CARTESIAN_POINT('',(1.432700204403,41.8361248337));
#5880 = CARTESIAN_POINT('',(1.43837783957,42.107457055106));
#5881 = CARTESIAN_POINT('',(1.446057188584,42.36989349141));
#5882 = CARTESIAN_POINT('',(1.455842749099,42.618511650943));
#5883 = CARTESIAN_POINT('',(1.47827562022,43.043741703638));
#5884 = CARTESIAN_POINT('',(1.490685828088,43.231162758199));
#5885 = CARTESIAN_POINT('',(1.505005252228,43.395821799036));
#5886 = CARTESIAN_POINT('',(1.521002088411,43.527286340325));
#5887 = CARTESIAN_POINT('',(1.538316490051,43.6171229382));
#5888 = CARTESIAN_POINT('',(1.55650166207,43.659004224991));
#5889 = CARTESIAN_POINT('',(1.592299752928,43.639370673062));
#5890 = CARTESIAN_POINT('',(1.609026629214,43.585259100845));
#5891 = CARTESIAN_POINT('',(1.624838449873,43.491037651995));
#5892 = CARTESIAN_POINT('',(1.6394174762,43.362469190722));
#5893 = CARTESIAN_POINT('',(1.652515391904,43.206512432249));
#5894 = CARTESIAN_POINT('',(1.663975394765,43.031262023755));
#5895 = CARTESIAN_POINT('',(1.685749354509,42.618522076212));
#5896 = CARTESIAN_POINT('',(1.695535526449,42.369898149877));
#5897 = CARTESIAN_POINT('',(1.703215222625,42.107447134419));
#5898 = CARTESIAN_POINT('',(1.708892729753,41.836108125573));
#5899 = CARTESIAN_POINT('',(1.712650757927,41.559357739548));
#5900 = CARTESIAN_POINT('',(1.714534008227,41.279863152936));
#5901 = CARTESIAN_POINT('',(1.714534008227,40.720133646699));
#5902 = CARTESIAN_POINT('',(1.71265071511,40.440629510404));
#5903 = CARTESIAN_POINT('',(1.708892449187,40.163875166301));
#5904 = CARTESIAN_POINT('',(1.70321481402,39.892542944894));
#5905 = CARTESIAN_POINT('',(1.695535465005,39.63010650859));
#5906 = CARTESIAN_POINT('',(1.685749904491,39.381488349057));
#5907 = CARTESIAN_POINT('',(1.663317033372,38.956258296394));
#5908 = CARTESIAN_POINT('',(1.6509068255,38.768837241757));
#5909 = CARTESIAN_POINT('',(1.63658740136,38.604178200964));
#5910 = CARTESIAN_POINT('',(1.620590565181,38.472713659705));
#5911 = CARTESIAN_POINT('',(1.603276163542,38.382877061785));
#5912 = CARTESIAN_POINT('',(1.585090991518,38.34099577501));
#5913 = CARTESIAN_POINT('',(1.549292900662,38.360629326938));
#5914 = CARTESIAN_POINT('',(1.532566024376,38.414740899155));
#5915 = CARTESIAN_POINT('',(1.516754203717,38.508962348006));
#5916 = CARTESIAN_POINT('',(1.50217517739,38.637530809276));
#5917 = CARTESIAN_POINT('',(1.489077261685,38.793487567752));
#5918 = CARTESIAN_POINT('',(1.477617258825,38.968737976244));
#5919 = CARTESIAN_POINT('',(1.455842458001,39.381493867007));
#5920 = CARTESIAN_POINT('',(1.446057274569,39.630107878213));
#5921 = CARTESIAN_POINT('',(1.438377938591,39.892539214753));
#5922 = CARTESIAN_POINT('',(1.43270003384,40.163875789767));
#5923 = CARTESIAN_POINT('',(1.428941660987,40.440643711096));
#5924 = CARTESIAN_POINT('',(1.427058645363,40.720154158585));
#5925 = CARTESIAN_POINT('',(1.427058645363,41.));
#5926 = ( GEOMETRIC_REPRESENTATION_CONTEXT(2) 
PARAMETRIC_REPRESENTATION_CONTEXT() REPRESENTATION_CONTEXT('2D SPACE',''
  ) );
#5927 = ORIENTED_EDGE('',*,*,#5928,.F.);
#5928 = EDGE_CURVE('',#4925,#5765,#5929,.T.);
#5929 = SEAM_CURVE('',#5930,(#5934,#5941),.PCURVE_S1.);
#5930 = LINE('',#5931,#5932);
#5931 = CARTESIAN_POINT('',(74.65,30.,1.541E+03));
#5932 = VECTOR('',#5933,1.);
#5933 = DIRECTION('',(0.,-1.,2.22044604925E-16));
#5934 = PCURVE('',#5034,#5935);
#5935 = DEFINITIONAL_REPRESENTATION('',(#5936),#5940);
#5936 = LINE('',#5937,#5938);
#5937 = CARTESIAN_POINT('',(6.28318530718,-0.));
#5938 = VECTOR('',#5939,1.);
#5939 = DIRECTION('',(0.,1.));
#5940 = ( GEOMETRIC_REPRESENTATION_CONTEXT(2) 
PARAMETRIC_REPRESENTATION_CONTEXT() REPRESENTATION_CONTEXT('2D SPACE',''
  ) );
#5941 = PCURVE('',#5034,#5942);
#5942 = DEFINITIONAL_REPRESENTATION('',(#5943),#5947);
#5943 = LINE('',#5944,#5945);
#5944 = CARTESIAN_POINT('',(0.,-0.));
#5945 = VECTOR('',#5946,1.);
#5946 = DIRECTION('',(0.,1.));
#5947 = ( GEOMETRIC_REPRESENTATION_CONTEXT(2) 
PARAMETRIC_REPRESENTATION_CONTEXT() REPRESENTATION_CONTEXT('2D SPACE',''
  ) );
#5948 = ORIENTED_EDGE('',*,*,#4924,.T.);
#5949 = ORIENTED_EDGE('',*,*,#5928,.T.);
#5950 = ADVANCED_FACE('',(#5951),#5205,.F.);
#5951 = FACE_BOUND('',#5952,.F.);
#5952 = EDGE_LOOP('',(#5953,#5954,#5977,#6139));
#5953 = ORIENTED_EDGE('',*,*,#5095,.F.);
#5954 = ORIENTED_EDGE('',*,*,#5955,.F.);
#5955 = EDGE_CURVE('',#5956,#5096,#5958,.T.);
#5956 = VERTEX_POINT('',#5957);
#5957 = CARTESIAN_POINT('',(74.65,-18.30921898935,1.541E+03));
#5958 = SEAM_CURVE('',#5959,(#5963,#5970),.PCURVE_S1.);
#5959 = LINE('',#5960,#5961);
#5960 = CARTESIAN_POINT('',(74.65,30.,1.541E+03));
#5961 = VECTOR('',#5962,1.);
#5962 = DIRECTION('',(0.,-1.,2.22044604925E-16));
#5963 = PCURVE('',#5205,#5964);
#5964 = DEFINITIONAL_REPRESENTATION('',(#5965),#5969);
#5965 = LINE('',#5966,#5967);
#5966 = CARTESIAN_POINT('',(6.28318530718,-0.));
#5967 = VECTOR('',#5968,1.);
#5968 = DIRECTION('',(0.,1.));
#5969 = ( GEOMETRIC_REPRESENTATION_CONTEXT(2) 
PARAMETRIC_REPRESENTATION_CONTEXT() REPRESENTATION_CONTEXT('2D SPACE',''
  ) );
#5970 = PCURVE('',#5205,#5971);
#5971 = DEFINITIONAL_REPRESENTATION('',(#5972),#5976);
#5972 = LINE('',#5973,#5974);
#5973 = CARTESIAN_POINT('',(0.,-0.));
#5974 = VECTOR('',#5975,1.);
#5975 = DIRECTION('',(0.,1.));
#5976 = ( GEOMETRIC_REPRESENTATION_CONTEXT(2) 
PARAMETRIC_REPRESENTATION_CONTEXT() REPRESENTATION_CONTEXT('2D SPACE',''
  ) );
#5977 = ORIENTED_EDGE('',*,*,#5978,.T.);
#5978 = EDGE_CURVE('',#5956,#5956,#5979,.T.);
#5979 = SURFACE_CURVE('',#5980,(#6031,#6085),.PCURVE_S1.);
#5980 = B_SPLINE_CURVE_WITH_KNOTS('',7,(#5981,#5982,#5983,#5984,#5985,
    #5986,#5987,#5988,#5989,#5990,#5991,#5992,#5993,#5994,#5995,#5996,
    #5997,#5998,#5999,#6000,#6001,#6002,#6003,#6004,#6005,#6006,#6007,
    #6008,#6009,#6010,#6011,#6012,#6013,#6014,#6015,#6016,#6017,#6018,
    #6019,#6020,#6021,#6022,#6023,#6024,#6025,#6026,#6027,#6028,#6029,
    #6030),.UNSPECIFIED.,.T.,.F.,(8,6,6,6,6,6,6,6,8),(0.,0.136524586209,
    0.255353950229,0.365973897578,0.501615162754,0.637257979051,
    0.755319861106,0.865225348558,1.),.UNSPECIFIED.);
#5981 = CARTESIAN_POINT('',(74.65,-18.30921898935,1.541E+03));
#5982 = CARTESIAN_POINT('',(74.65,-18.30921898935,1.541279866353E+03));
#5983 = CARTESIAN_POINT('',(74.615518347692,-18.31420965102,
    1.54155937049E+03));
#5984 = CARTESIAN_POINT('',(74.5467075816,-18.32416939259,
    1.541836124834E+03));
#5985 = CARTESIAN_POINT('',(74.442694855103,-18.33880515769,
    1.542107457055E+03));
#5986 = CARTESIAN_POINT('',(74.30185769486,-18.35753042782,
    1.542369893491E+03));
#5987 = CARTESIAN_POINT('',(74.122102639431,-18.37922502843,
    1.542618511651E+03));
#5988 = CARTESIAN_POINT('',(73.709292277107,-18.42187876016,
    1.543043741704E+03));
#5989 = CARTESIAN_POINT('',(73.480677283465,-18.44313572012,
    1.543231162758E+03));
#5990 = CARTESIAN_POINT('',(73.216558444841,-18.46409011418,
    1.543395821799E+03));
#5991 = CARTESIAN_POINT('',(72.92108555148,-18.48233230633,
    1.54352728634E+03));
#5992 = CARTESIAN_POINT('',(72.600902329927,-18.49529868207,
    1.543617122938E+03));
#5993 = CARTESIAN_POINT('',(72.264448443219,-18.50128920372,
    1.543659004225E+03));
#5994 = CARTESIAN_POINT('',(71.602189728854,-18.49847803983,
    1.543639370673E+03));
#5995 = CARTESIAN_POINT('',(71.292772700856,-18.49073566851,
    1.543585259101E+03));
#5996 = CARTESIAN_POINT('',(71.000462940666,-18.47735060166,
    1.543491037652E+03));
#5997 = CARTESIAN_POINT('',(70.731247361677,-18.45988763974,
    1.543362469191E+03));
#5998 = CARTESIAN_POINT('',(70.489692156635,-18.44036308159,
    1.543206512432E+03));
#5999 = CARTESIAN_POINT('',(70.278592536946,-18.42062695561,
    1.543031262024E+03));
#6000 = CARTESIAN_POINT('',(69.877907481346,-18.37922607416,
    1.542618522076E+03));
#6001 = CARTESIAN_POINT('',(69.698141144512,-18.35753059105,
    1.54236989815E+03));
#6002 = CARTESIAN_POINT('',(69.55729765571,-18.33880407183,
    1.542107447134E+03));
#6003 = CARTESIAN_POINT('',(69.453287284836,-18.32416865608,
    1.541836108126E+03));
#6004 = CARTESIAN_POINT('',(69.384480867273,-18.31420953668,
    1.54155935774E+03));
#6005 = CARTESIAN_POINT('',(69.35,-18.30921898935,1.541279863153E+03));
#6006 = CARTESIAN_POINT('',(69.35,-18.30921898935,1.540720133647E+03));
#6007 = CARTESIAN_POINT('',(69.384481652308,-18.31420965102,
    1.54044062951E+03));
#6008 = CARTESIAN_POINT('',(69.4532924184,-18.32416939259,
    1.540163875166E+03));
#6009 = CARTESIAN_POINT('',(69.557305144896,-18.33880515769,
    1.539892542945E+03));
#6010 = CARTESIAN_POINT('',(69.698142305141,-18.35753042782,
    1.539630106509E+03));
#6011 = CARTESIAN_POINT('',(69.877897360568,-18.37922502843,
    1.539381488349E+03));
#6012 = CARTESIAN_POINT('',(70.290707722893,-18.42187876016,
    1.538956258296E+03));
#6013 = CARTESIAN_POINT('',(70.519322716534,-18.44313572012,
    1.538768837242E+03));
#6014 = CARTESIAN_POINT('',(70.783441555159,-18.46409011418,
    1.538604178201E+03));
#6015 = CARTESIAN_POINT('',(71.07891444852,-18.48233230633,
    1.53847271366E+03));
#6016 = CARTESIAN_POINT('',(71.399097670073,-18.49529868207,
    1.538382877062E+03));
#6017 = CARTESIAN_POINT('',(71.735551556781,-18.50128920372,
    1.538340995775E+03));
#6018 = CARTESIAN_POINT('',(72.397810271133,-18.49847803983,
    1.538360629327E+03));
#6019 = CARTESIAN_POINT('',(72.707227299157,-18.49073566851,
    1.538414740899E+03));
#6020 = CARTESIAN_POINT('',(72.999537059342,-18.47735060166,
    1.538508962348E+03));
#6021 = CARTESIAN_POINT('',(73.268752638313,-18.45988763974,
    1.538637530809E+03));
#6022 = CARTESIAN_POINT('',(73.510307843357,-18.44036308159,
    1.538793487568E+03));
#6023 = CARTESIAN_POINT('',(73.721407463063,-18.42062695561,
    1.538968737976E+03));
#6024 = CARTESIAN_POINT('',(74.12210799622,-18.37922447494,
    1.539381493867E+03));
#6025 = CARTESIAN_POINT('',(74.301856096291,-18.35753044354,
    1.539630107878E+03));
#6026 = CARTESIAN_POINT('',(74.44269305569,-18.33880555514,
    1.539892539215E+03));
#6027 = CARTESIAN_POINT('',(74.546710706541,-18.32416893293,
    1.54016387579E+03));
#6028 = CARTESIAN_POINT('',(74.615523427786,-18.31420891769,
    1.540440643711E+03));
#6029 = CARTESIAN_POINT('',(74.65,-18.30921898935,1.540720154159E+03));
#6030 = CARTESIAN_POINT('',(74.65,-18.30921898935,1.541E+03));
#6031 = PCURVE('',#5205,#6032);
#6032 = DEFINITIONAL_REPRESENTATION('',(#6033),#6084);
#6033 = B_SPLINE_CURVE_WITH_KNOTS('',7,(#6034,#6035,#6036,#6037,#6038,
    #6039,#6040,#6041,#6042,#6043,#6044,#6045,#6046,#6047,#6048,#6049,
    #6050,#6051,#6052,#6053,#6054,#6055,#6056,#6057,#6058,#6059,#6060,
    #6061,#6062,#6063,#6064,#6065,#6066,#6067,#6068,#6069,#6070,#6071,
    #6072,#6073,#6074,#6075,#6076,#6077,#6078,#6079,#6080,#6081,#6082,
    #6083),.UNSPECIFIED.,.F.,.F.,(8,6,6,6,6,6,6,6,8),(0.,0.136524586209,
    0.255353950229,0.365973897578,0.501615162754,0.637257979051,
    0.755319861106,0.865225348558,1.),.UNSPECIFIED.);
#6034 = CARTESIAN_POINT('',(0.,48.309218989351));
#6035 = CARTESIAN_POINT('',(0.105609944642,48.309218989351));
#6036 = CARTESIAN_POINT('',(0.211082868542,48.314209651024));
#6037 = CARTESIAN_POINT('',(0.317443938709,48.324169392594));
#6038 = CARTESIAN_POINT('',(0.425579861824,48.338805157696));
#6039 = CARTESIAN_POINT('',(0.536445949693,48.357530427827));
#6040 = CARTESIAN_POINT('',(0.651009925556,48.379225028434));
#6041 = CARTESIAN_POINT('',(0.874651107202,48.421878760166));
#6042 = CARTESIAN_POINT('',(0.985488281361,48.443135720128));
#6043 = CARTESIAN_POINT('',(1.101334207373,48.464090114188));
#6044 = CARTESIAN_POINT('',(1.221199531835,48.482332306334));
#6045 = CARTESIAN_POINT('',(1.34451252731,48.495298682072));
#6046 = CARTESIAN_POINT('',(1.470951936358,48.50128920372));
#6047 = CARTESIAN_POINT('',(1.720970684281,48.498478039831));
#6048 = CARTESIAN_POINT('',(1.83828559278,48.490735668511));
#6049 = CARTESIAN_POINT('',(1.952456965363,48.477350601662));
#6050 = CARTESIAN_POINT('',(2.063334104095,48.459887639744));
#6051 = CARTESIAN_POINT('',(2.170567176853,48.440363081593));
#6052 = CARTESIAN_POINT('',(2.273504982649,48.420626955612));
#6053 = CARTESIAN_POINT('',(2.490577245074,48.379226074166));
#6054 = CARTESIAN_POINT('',(2.605145737074,48.357530591057));
#6055 = CARTESIAN_POINT('',(2.716017109771,48.338804071835));
#6056 = CARTESIAN_POINT('',(2.824155125907,48.324168656084));
#6057 = CARTESIAN_POINT('',(2.930514583894,48.314209536686));
#6058 = CARTESIAN_POINT('',(3.035983916633,48.309218989351));
#6059 = CARTESIAN_POINT('',(3.247202598232,48.309218989351));
#6060 = CARTESIAN_POINT('',(3.352675522132,48.314209651024));
#6061 = CARTESIAN_POINT('',(3.459036592299,48.324169392594));
#6062 = CARTESIAN_POINT('',(3.567172515413,48.338805157696));
#6063 = CARTESIAN_POINT('',(3.678038603283,48.357530427827));
#6064 = CARTESIAN_POINT('',(3.792602579145,48.379225028434));
#6065 = CARTESIAN_POINT('',(4.016243760792,48.421878760166));
#6066 = CARTESIAN_POINT('',(4.12708093495,48.443135720128));
#6067 = CARTESIAN_POINT('',(4.242926860963,48.464090114188));
#6068 = CARTESIAN_POINT('',(4.362792185425,48.482332306334));
#6069 = CARTESIAN_POINT('',(4.4861051809,48.495298682072));
#6070 = CARTESIAN_POINT('',(4.612544589948,48.50128920372));
#6071 = CARTESIAN_POINT('',(4.862563337866,48.498478039831));
#6072 = CARTESIAN_POINT('',(4.979878246375,48.490735668512));
#6073 = CARTESIAN_POINT('',(5.094049618956,48.477350601661));
#6074 = CARTESIAN_POINT('',(5.204926757682,48.459887639745));
#6075 = CARTESIAN_POINT('',(5.312159830437,48.440363081594));
#6076 = CARTESIAN_POINT('',(5.415097636243,48.420626955611));
#6077 = CARTESIAN_POINT('',(5.632178283679,48.379224474943));
#6078 = CARTESIAN_POINT('',(5.746739313482,48.357530443549));
#6079 = CARTESIAN_POINT('',(5.857604136098,48.33880555514));
#6080 = CARTESIAN_POINT('',(5.965741997236,48.324168932937));
#6081 = CARTESIAN_POINT('',(6.072107800775,48.314208917693));
#6082 = CARTESIAN_POINT('',(6.177583102872,48.309218989351));
#6083 = CARTESIAN_POINT('',(6.28318530718,48.309218989351));
#6084 = ( GEOMETRIC_REPRESENTATION_CONTEXT(2) 
PARAMETRIC_REPRESENTATION_CONTEXT() REPRESENTATION_CONTEXT('2D SPACE',''
  ) );
#6085 = PCURVE('',#5719,#6086);
#6086 = DEFINITIONAL_REPRESENTATION('',(#6087),#6138);
#6087 = B_SPLINE_CURVE_WITH_KNOTS('',7,(#6088,#6089,#6090,#6091,#6092,
    #6093,#6094,#6095,#6096,#6097,#6098,#6099,#6100,#6101,#6102,#6103,
    #6104,#6105,#6106,#6107,#6108,#6109,#6110,#6111,#6112,#6113,#6114,
    #6115,#6116,#6117,#6118,#6119,#6120,#6121,#6122,#6123,#6124,#6125,
    #6126,#6127,#6128,#6129,#6130,#6131,#6132,#6133,#6134,#6135,#6136,
    #6137),.UNSPECIFIED.,.T.,.F.,(8,6,6,6,6,6,6,6,8),(0.,0.136524586209,
    0.255353950229,0.365973897578,0.501615162754,0.637257979051,
    0.755319861106,0.865225348558,1.),.UNSPECIFIED.);
#6088 = CARTESIAN_POINT('',(4.856126661816,41.));
#6089 = CARTESIAN_POINT('',(4.856126661816,41.279866353301));
#6090 = CARTESIAN_POINT('',(4.8542433687,41.559370489597));
#6091 = CARTESIAN_POINT('',(4.850485102777,41.836124833698));
#6092 = CARTESIAN_POINT('',(4.84480746761,42.107457055108));
#6093 = CARTESIAN_POINT('',(4.837128118595,42.369893491409));
#6094 = CARTESIAN_POINT('',(4.827342558081,42.618511650943));
#6095 = CARTESIAN_POINT('',(4.804909686963,43.043741703577));
#6096 = CARTESIAN_POINT('',(4.792499479088,43.231162758284));
#6097 = CARTESIAN_POINT('',(4.778180054948,43.395821799034));
#6098 = CARTESIAN_POINT('',(4.762183218772,43.527286340269));
#6099 = CARTESIAN_POINT('',(4.744868817134,43.617122938227));
#6100 = CARTESIAN_POINT('',(4.726683645105,43.659004224989));
#6101 = CARTESIAN_POINT('',(4.690885554253,43.639370673063));
#6102 = CARTESIAN_POINT('',(4.674158677964,43.585259100852));
#6103 = CARTESIAN_POINT('',(4.658346857306,43.491037651975));
#6104 = CARTESIAN_POINT('',(4.643767830981,43.362469190723));
#6105 = CARTESIAN_POINT('',(4.630669915276,43.206512432279));
#6106 = CARTESIAN_POINT('',(4.619209912414,43.031262023734));
#6107 = CARTESIAN_POINT('',(4.59743595267,42.618522076212));
#6108 = CARTESIAN_POINT('',(4.587649780731,42.369898149877));
#6109 = CARTESIAN_POINT('',(4.579970084554,42.107447134418));
#6110 = CARTESIAN_POINT('',(4.574292577427,41.836108125574));
#6111 = CARTESIAN_POINT('',(4.570534549253,41.559357739548));
#6112 = CARTESIAN_POINT('',(4.568651298953,41.279863152936));
#6113 = CARTESIAN_POINT('',(4.568651298953,40.720133646699));
#6114 = CARTESIAN_POINT('',(4.570534592069,40.440629510404));
#6115 = CARTESIAN_POINT('',(4.574292857992,40.163875166301));
#6116 = CARTESIAN_POINT('',(4.579970493159,39.892542944894));
#6117 = CARTESIAN_POINT('',(4.587649842174,39.63010650859));
#6118 = CARTESIAN_POINT('',(4.597435402689,39.381488349057));
#6119 = CARTESIAN_POINT('',(4.619868273806,38.956258296422));
#6120 = CARTESIAN_POINT('',(4.632278481681,38.768837241717));
#6121 = CARTESIAN_POINT('',(4.646597905822,38.604178200965));
#6122 = CARTESIAN_POINT('',(4.662594741998,38.472713659731));
#6123 = CARTESIAN_POINT('',(4.679909143636,38.382877061773));
#6124 = CARTESIAN_POINT('',(4.698094315664,38.340995775011));
#6125 = CARTESIAN_POINT('',(4.733892406516,38.360629326936));
#6126 = CARTESIAN_POINT('',(4.750619282806,38.414740899145));
#6127 = CARTESIAN_POINT('',(4.766431103464,38.508962348033));
#6128 = CARTESIAN_POINT('',(4.781010129787,38.637530809277));
#6129 = CARTESIAN_POINT('',(4.794108045493,38.793487567709));
#6130 = CARTESIAN_POINT('',(4.805568048356,38.968737976275));
#6131 = CARTESIAN_POINT('',(4.827342849178,39.381493867008));
#6132 = CARTESIAN_POINT('',(4.837128032611,39.630107878213));
#6133 = CARTESIAN_POINT('',(4.844807368589,39.892539214754));
#6134 = CARTESIAN_POINT('',(4.850485273339,40.163875789767));
#6135 = CARTESIAN_POINT('',(4.854243646193,40.440643711097));
#6136 = CARTESIAN_POINT('',(4.856126661816,40.720154158585));
#6137 = CARTESIAN_POINT('',(4.856126661816,41.));
#6138 = ( GEOMETRIC_REPRESENTATION_CONTEXT(2) 
PARAMETRIC_REPRESENTATION_CONTEXT() REPRESENTATION_CONTEXT('2D SPACE',''
  ) );
#6139 = ORIENTED_EDGE('',*,*,#5955,.T.);
#6140 = ADVANCED_FACE('',(#6141),#5406,.F.);
#6141 = FACE_BOUND('',#6142,.F.);
#6142 = EDGE_LOOP('',(#6143,#6352,#6373,#6374));
#6143 = ORIENTED_EDGE('',*,*,#6144,.F.);
#6144 = EDGE_CURVE('',#6145,#6145,#6147,.T.);
#6145 = VERTEX_POINT('',#6146);
#6146 = CARTESIAN_POINT('',(75.25,18.212289806611,1.621E+03));
#6147 = SURFACE_CURVE('',#6148,(#6214,#6283),.PCURVE_S1.);
#6148 = B_SPLINE_CURVE_WITH_KNOTS('',8,(#6149,#6150,#6151,#6152,#6153,
    #6154,#6155,#6156,#6157,#6158,#6159,#6160,#6161,#6162,#6163,#6164,
    #6165,#6166,#6167,#6168,#6169,#6170,#6171,#6172,#6173,#6174,#6175,
    #6176,#6177,#6178,#6179,#6180,#6181,#6182,#6183,#6184,#6185,#6186,
    #6187,#6188,#6189,#6190,#6191,#6192,#6193,#6194,#6195,#6196,#6197,
    #6198,#6199,#6200,#6201,#6202,#6203,#6204,#6205,#6206,#6207,#6208,
    #6209,#6210,#6211,#6212,#6213),.UNSPECIFIED.,.T.,.F.,(9,7,7,7,7,7,7,
    7,7,9),(0.,9.93460586613E-02,0.197274003734,0.288288725277,
    0.392885336149,0.601562585719,0.706311069424,0.797457943558,
    0.895528076767,1.),.UNSPECIFIED.);
#6149 = CARTESIAN_POINT('',(75.25,18.212289806611,1.621E+03));
#6150 = CARTESIAN_POINT('',(75.25,18.212289806611,1.62123563192E+03));
#6151 = CARTESIAN_POINT('',(75.230476073125,18.215773744874,
    1.621471247574E+03));
#6152 = CARTESIAN_POINT('',(75.191431008947,18.22274168906,
    1.621704968216E+03));
#6153 = CARTESIAN_POINT('',(75.133087451357,18.233032045609,
    1.621934916172E+03));
#6154 = CARTESIAN_POINT('',(75.055878718613,18.246326071834,
    1.622159245204E+03));
#6155 = CARTESIAN_POINT('',(74.960445550529,18.262166290848,
    1.622376166411E+03));
#6156 = CARTESIAN_POINT('',(74.847638782812,18.279988809365,
    1.622583969677E+03));
#6157 = CARTESIAN_POINT('',(74.591260104616,18.318076472339,
    1.622975298535E+03));
#6158 = CARTESIAN_POINT('',(74.445166481893,18.338746223893,
    1.623163684008E+03));
#6159 = CARTESIAN_POINT('',(74.279671842069,18.360733511951,
    1.623344254335E+03));
#6160 = CARTESIAN_POINT('',(74.094315483192,18.383442968822,
    1.623514768485E+03));
#6161 = CARTESIAN_POINT('',(73.88879762521,18.406119273541,
    1.623672658323E+03));
#6162 = CARTESIAN_POINT('',(73.663050444598,18.427839669573,
    1.623814981386E+03));
#6163 = CARTESIAN_POINT('',(73.417347574005,18.447535377552,
    1.623938346414E+03));
#6164 = CARTESIAN_POINT('',(72.906283515422,18.479434300275,
    1.624132167446E+03));
#6165 = CARTESIAN_POINT('',(72.642852407085,18.492110513333,
    1.624206002832E+03));
#6166 = CARTESIAN_POINT('',(72.366851071019,18.500896529344,
    1.624255341464E+03));
#6167 = CARTESIAN_POINT('',(72.083712655217,18.504848749084,
    1.624277095961E+03));
#6168 = CARTESIAN_POINT('',(71.799294077103,18.503543479947,
    1.624270020389E+03));
#6169 = CARTESIAN_POINT('',(71.51951617425,18.497185070206,
    1.624234698586E+03));
#6170 = CARTESIAN_POINT('',(71.249996296943,18.486545238632,
    1.624173561253E+03));
#6171 = CARTESIAN_POINT('',(70.70344448628,18.456830889393,
    1.623995975805E+03));
#6172 = CARTESIAN_POINT('',(70.432258728262,18.436787559218,
    1.623872948654E+03));
#6173 = CARTESIAN_POINT('',(70.183454407491,18.413980419483,
    1.623726794577E+03));
#6174 = CARTESIAN_POINT('',(69.957627514209,18.389760624817,
    1.623561770978E+03));
#6175 = CARTESIAN_POINT('',(69.754881185601,18.365309229998,
    1.623381597855E+03));
#6176 = CARTESIAN_POINT('',(69.574972905394,18.341592551346,
    1.623189552108E+03));
#6177 = CARTESIAN_POINT('',(69.417403681667,18.319363566002,
    1.622988522683E+03));
#6178 = CARTESIAN_POINT('',(69.010279338017,18.258881099603,
    1.622367100085E+03));
#6179 = CARTESIAN_POINT('',(68.822952658951,18.226357328703,
    1.621924031154E+03));
#6180 = CARTESIAN_POINT('',(68.712897077309,18.205657564536,
    1.621465736844E+03));
#6181 = CARTESIAN_POINT('',(68.676477701399,18.198546292705,
    1.621000294541E+03));
#6182 = CARTESIAN_POINT('',(68.712679833765,18.205608595467,
    1.620534543412E+03));
#6183 = CARTESIAN_POINT('',(68.822893773397,18.226362020833,
    1.620075605575E+03));
#6184 = CARTESIAN_POINT('',(69.010672535169,18.258939513043,
    1.619632299751E+03));
#6185 = CARTESIAN_POINT('',(69.417403681668,18.319363566002,
    1.619011477317E+03));
#6186 = CARTESIAN_POINT('',(69.574972905395,18.341592551346,
    1.618810447892E+03));
#6187 = CARTESIAN_POINT('',(69.754881185601,18.365309229998,
    1.618618402145E+03));
#6188 = CARTESIAN_POINT('',(69.957627514208,18.389760624816,
    1.618438229022E+03));
#6189 = CARTESIAN_POINT('',(70.18345440749,18.413980419483,
    1.618273205423E+03));
#6190 = CARTESIAN_POINT('',(70.432258728262,18.436787559218,
    1.618127051346E+03));
#6191 = CARTESIAN_POINT('',(70.703444486283,18.456830889393,
    1.618004024195E+03));
#6192 = CARTESIAN_POINT('',(71.249996298261,18.486545238703,
    1.617826438746E+03));
#6193 = CARTESIAN_POINT('',(71.519516171978,18.497185070041,
    1.617765301415E+03));
#6194 = CARTESIAN_POINT('',(71.799294077143,18.503543480096,
    1.61772997961E+03));
#6195 = CARTESIAN_POINT('',(72.083712657285,18.504848749078,
    1.617722904039E+03));
#6196 = CARTESIAN_POINT('',(72.366851070985,18.500896529194,
    1.617744658537E+03));
#6197 = CARTESIAN_POINT('',(72.642852404933,18.492110513511,
    1.617793997167E+03));
#6198 = CARTESIAN_POINT('',(72.906283516673,18.479434300197,
    1.617867832555E+03));
#6199 = CARTESIAN_POINT('',(73.417347566191,18.44753537804,
    1.618061653583E+03));
#6200 = CARTESIAN_POINT('',(73.663050458823,18.427839668754,
    1.618185018618E+03));
#6201 = CARTESIAN_POINT('',(73.888797621477,18.406119273436,
    1.61832734168E+03));
#6202 = CARTESIAN_POINT('',(74.094315474071,18.383442969693,
    1.618485231508E+03));
#6203 = CARTESIAN_POINT('',(74.279671845892,18.360733512064,
    1.618655745662E+03));
#6204 = CARTESIAN_POINT('',(74.445166487311,18.338746222853,
    1.618836316003E+03));
#6205 = CARTESIAN_POINT('',(74.591260100736,18.318076472916,
    1.61902470146E+03));
#6206 = CARTESIAN_POINT('',(74.854103545201,18.279028403091,
    1.619425897946E+03));
#6207 = CARTESIAN_POINT('',(74.968808048493,18.260814486202,
    1.619640252796E+03));
#6208 = CARTESIAN_POINT('',(75.063346346854,18.245050566666,
    1.619860193508E+03));
#6209 = CARTESIAN_POINT('',(75.138326678373,18.232108294788,
    1.620084259411E+03));
#6210 = CARTESIAN_POINT('',(75.194233500272,18.222241222701,
    1.620311253543E+03));
#6211 = CARTESIAN_POINT('',(75.231402821721,18.215608581727,
    1.62054015217E+03));
#6212 = CARTESIAN_POINT('',(75.25,18.212289806611,1.620770029843E+03));
#6213 = CARTESIAN_POINT('',(75.25,18.212289806611,1.621E+03));
#6214 = PCURVE('',#5406,#6215);
#6215 = DEFINITIONAL_REPRESENTATION('',(#6216),#6282);
#6216 = B_SPLINE_CURVE_WITH_KNOTS('',8,(#6217,#6218,#6219,#6220,#6221,
    #6222,#6223,#6224,#6225,#6226,#6227,#6228,#6229,#6230,#6231,#6232,
    #6233,#6234,#6235,#6236,#6237,#6238,#6239,#6240,#6241,#6242,#6243,
    #6244,#6245,#6246,#6247,#6248,#6249,#6250,#6251,#6252,#6253,#6254,
    #6255,#6256,#6257,#6258,#6259,#6260,#6261,#6262,#6263,#6264,#6265,
    #6266,#6267,#6268,#6269,#6270,#6271,#6272,#6273,#6274,#6275,#6276,
    #6277,#6278,#6279,#6280,#6281),.UNSPECIFIED.,.F.,.F.,(9,7,7,7,7,7,7,
    7,7,9),(0.,9.93460586613E-02,0.197274003734,0.288288725277,
    0.392885336149,0.601562585719,0.706311069424,0.797457943558,
    0.895528076767,1.),.UNSPECIFIED.);
#6217 = CARTESIAN_POINT('',(0.,11.787710193389));
#6218 = CARTESIAN_POINT('',(7.250212926299E-02,11.787710193389));
#6219 = CARTESIAN_POINT('',(0.144999154971,11.784226255126));
#6220 = CARTESIAN_POINT('',(0.217494168114,11.77725831094));
#6221 = CARTESIAN_POINT('',(0.289989217315,11.766967954391));
#6222 = CARTESIAN_POINT('',(0.36248703608,11.753673928166));
#6223 = CARTESIAN_POINT('',(0.434989746679,11.737833709152));
#6224 = CARTESIAN_POINT('',(0.50749454067,11.720011190635));
#6225 = CARTESIAN_POINT('',(0.65144334855,11.681923527661));
#6226 = CARTESIAN_POINT('',(0.724563252195,11.661253776107));
#6227 = CARTESIAN_POINT('',(0.799499500097,11.639266488049));
#6228 = CARTESIAN_POINT('',(0.876416487611,11.616557031178));
#6229 = CARTESIAN_POINT('',(0.955505550829,11.593880726459));
#6230 = CARTESIAN_POINT('',(1.03699001688,11.572160330427));
#6231 = CARTESIAN_POINT('',(1.121138403677,11.552464622448));
#6232 = CARTESIAN_POINT('',(1.289317813173,11.520565699725));
#6233 = CARTESIAN_POINT('',(1.373162379632,11.507889486667));
#6234 = CARTESIAN_POINT('',(1.458760515122,11.499103470656));
#6235 = CARTESIAN_POINT('',(1.545261567667,11.495151250916));
#6236 = CARTESIAN_POINT('',(1.631919551629,11.496456520053));
#6237 = CARTESIAN_POINT('',(1.717998828541,11.502814929794));
#6238 = CARTESIAN_POINT('',(1.80268222263,11.513454761368));
#6239 = CARTESIAN_POINT('',(1.979506401861,11.543169110607));
#6240 = CARTESIAN_POINT('',(2.07056205416,11.563212440782));
#6241 = CARTESIAN_POINT('',(2.158554434577,11.586019580517));
#6242 = CARTESIAN_POINT('',(2.243795114681,11.610239375183));
#6243 = CARTESIAN_POINT('',(2.326533933511,11.634690770002));
#6244 = CARTESIAN_POINT('',(2.406975757156,11.658407448654));
#6245 = CARTESIAN_POINT('',(2.4852848533,11.680636433998));
#6246 = CARTESIAN_POINT('',(2.713872754368,11.741118900397));
#6247 = CARTESIAN_POINT('',(2.859496099281,11.773642671297));
#6248 = CARTESIAN_POINT('',(3.001378118536,11.794342435464));
#6249 = CARTESIAN_POINT('',(3.14150843506,11.801453707295));
#6250 = CARTESIAN_POINT('',(3.281721889324,11.794391404533));
#6251 = CARTESIAN_POINT('',(3.423772696847,11.773637979167));
#6252 = CARTESIAN_POINT('',(3.56953332102,11.741060486957));
#6253 = CARTESIAN_POINT('',(3.79790045388,11.680636433998));
#6254 = CARTESIAN_POINT('',(3.876209550024,11.658407448654));
#6255 = CARTESIAN_POINT('',(3.956651373669,11.634690770002));
#6256 = CARTESIAN_POINT('',(4.039390192498,11.610239375184));
#6257 = CARTESIAN_POINT('',(4.124630872602,11.586019580517));
#6258 = CARTESIAN_POINT('',(4.21262325302,11.563212440782));
#6259 = CARTESIAN_POINT('',(4.30367890532,11.543169110607));
#6260 = CARTESIAN_POINT('',(4.480503084976,11.513454761297));
#6261 = CARTESIAN_POINT('',(4.565186477913,11.502814929959));
#6262 = CARTESIAN_POINT('',(4.651265755555,11.496456519904));
#6263 = CARTESIAN_POINT('',(4.737923740178,11.495151250922));
#6264 = CARTESIAN_POINT('',(4.824424792052,11.499103470806));
#6265 = CARTESIAN_POINT('',(4.910022926845,11.507889486489));
#6266 = CARTESIAN_POINT('',(4.993867494418,11.520565699803));
#6267 = CARTESIAN_POINT('',(5.162046900931,11.55246462196));
#6268 = CARTESIAN_POINT('',(5.246195294704,11.572160331246));
#6269 = CARTESIAN_POINT('',(5.327679756025,11.593880726564));
#6270 = CARTESIAN_POINT('',(5.406768815876,11.616557030307));
#6271 = CARTESIAN_POINT('',(5.483685807449,11.639266487936));
#6272 = CARTESIAN_POINT('',(5.558622058538,11.661253777147));
#6273 = CARTESIAN_POINT('',(5.631741956451,11.681923527084));
#6274 = CARTESIAN_POINT('',(5.779320533406,11.720971596909));
#6275 = CARTESIAN_POINT('',(5.853832006789,11.739185513798));
#6276 = CARTESIAN_POINT('',(5.927051344842,11.754949433334));
#6277 = CARTESIAN_POINT('',(5.99926128756,11.767891705212));
#6278 = CARTESIAN_POINT('',(6.070723982724,11.777758777299));
#6279 = CARTESIAN_POINT('',(6.141693360154,11.784391418273));
#6280 = CARTESIAN_POINT('',(6.212425258873,11.787710193389));
#6281 = CARTESIAN_POINT('',(6.28318530718,11.787710193389));
#6282 = ( GEOMETRIC_REPRESENTATION_CONTEXT(2) 
PARAMETRIC_REPRESENTATION_CONTEXT() REPRESENTATION_CONTEXT('2D SPACE',''
  ) );
#6283 = PCURVE('',#5719,#6284);
#6284 = DEFINITIONAL_REPRESENTATION('',(#6285),#6351);
#6285 = B_SPLINE_CURVE_WITH_KNOTS('',8,(#6286,#6287,#6288,#6289,#6290,
    #6291,#6292,#6293,#6294,#6295,#6296,#6297,#6298,#6299,#6300,#6301,
    #6302,#6303,#6304,#6305,#6306,#6307,#6308,#6309,#6310,#6311,#6312,
    #6313,#6314,#6315,#6316,#6317,#6318,#6319,#6320,#6321,#6322,#6323,
    #6324,#6325,#6326,#6327,#6328,#6329,#6330,#6331,#6332,#6333,#6334,
    #6335,#6336,#6337,#6338,#6339,#6340,#6341,#6342,#6343,#6344,#6345,
    #6346,#6347,#6348,#6349,#6350),.UNSPECIFIED.,.T.,.F.,(9,7,7,7,7,7,7,
    7,7,9),(0.,9.93460586613E-02,0.197274003734,0.288288725277,
    0.392885336149,0.601562585719,0.706311069424,0.797457943558,
    0.895528076767,1.),.UNSPECIFIED.);
#6286 = CARTESIAN_POINT('',(1.394204250885,121.));
#6287 = CARTESIAN_POINT('',(1.394204250885,121.2356319201));
#6288 = CARTESIAN_POINT('',(1.395276264759,121.47124757443));
#6289 = CARTESIAN_POINT('',(1.397420163784,121.70496821617));
#6290 = CARTESIAN_POINT('',(1.400622536125,121.93491617195));
#6291 = CARTESIAN_POINT('',(1.404857304919,122.15924520371));
#6292 = CARTESIAN_POINT('',(1.410086224409,122.37616641149));
#6293 = CARTESIAN_POINT('',(1.416259254133,122.58396967713));
#6294 = CARTESIAN_POINT('',(1.430269653767,122.97529853451));
#6295 = CARTESIAN_POINT('',(1.438245063118,123.16368400791));
#6296 = CARTESIAN_POINT('',(1.447268761046,123.34425433515));
#6297 = CARTESIAN_POINT('',(1.457361822499,123.51476848497));
#6298 = CARTESIAN_POINT('',(1.468536462296,123.67265832268));
#6299 = CARTESIAN_POINT('',(1.480792957993,123.81498138637));
#6300 = CARTESIAN_POINT('',(1.494114718901,123.93834641388));
#6301 = CARTESIAN_POINT('',(1.521793562324,124.13216744553));
#6302 = CARTESIAN_POINT('',(1.536048108591,124.20600283162));
#6303 = CARTESIAN_POINT('',(1.550971328335,124.25534146434));
#6304 = CARTESIAN_POINT('',(1.566272598272,124.27709596058));
#6305 = CARTESIAN_POINT('',(1.581641624947,124.27002038932));
#6306 = CARTESIAN_POINT('',(1.596765085488,124.23469858585));
#6307 = CARTESIAN_POINT('',(1.611343467239,124.1735612534));
#6308 = CARTESIAN_POINT('',(1.640930437714,123.9959758051));
#6309 = CARTESIAN_POINT('',(1.655626324134,123.87294865397));
#6310 = CARTESIAN_POINT('',(1.669128346549,123.72679457737));
#6311 = CARTESIAN_POINT('',(1.681402750265,123.56177097751));
#6312 = CARTESIAN_POINT('',(1.692439983229,123.38159785463));
#6313 = CARTESIAN_POINT('',(1.702248182711,123.1895521082));
#6314 = CARTESIAN_POINT('',(1.710849547393,122.98852268251));
#6315 = CARTESIAN_POINT('',(1.733097788921,122.36710008476));
#6316 = CARTESIAN_POINT('',(1.743371976508,121.9240311535));
#6317 = CARTESIAN_POINT('',(1.749425703049,121.46573684406));
#6318 = CARTESIAN_POINT('',(1.751431619603,121.00029454085));
#6319 = CARTESIAN_POINT('',(1.749437714332,120.53454341181));
#6320 = CARTESIAN_POINT('',(1.743375082052,120.07560557531));
#6321 = CARTESIAN_POINT('',(1.733076301763,119.63229975068));
#6322 = CARTESIAN_POINT('',(1.710849547393,119.01147731747));
#6323 = CARTESIAN_POINT('',(1.702248182711,118.8104478918));
#6324 = CARTESIAN_POINT('',(1.692439983229,118.61840214536));
#6325 = CARTESIAN_POINT('',(1.681402750265,118.43822902248));
#6326 = CARTESIAN_POINT('',(1.66912834655,118.27320542262));
#6327 = CARTESIAN_POINT('',(1.655626324134,118.12705134602));
#6328 = CARTESIAN_POINT('',(1.640930437714,118.00402419489));
#6329 = CARTESIAN_POINT('',(1.611343467167,117.82643874616));
#6330 = CARTESIAN_POINT('',(1.596765085611,117.76530141513));
#6331 = CARTESIAN_POINT('',(1.581641624945,117.72997960976));
#6332 = CARTESIAN_POINT('',(1.56627259816,117.72290403945));
#6333 = CARTESIAN_POINT('',(1.550971328337,117.74465853656));
#6334 = CARTESIAN_POINT('',(1.536048108708,117.79399716729));
#6335 = CARTESIAN_POINT('',(1.521793562256,117.86783255494));
#6336 = CARTESIAN_POINT('',(1.494114719324,118.06165358315));
#6337 = CARTESIAN_POINT('',(1.480792957223,118.18501861779));
#6338 = CARTESIAN_POINT('',(1.468536462496,118.32734168037));
#6339 = CARTESIAN_POINT('',(1.457361822995,118.48523150795));
#6340 = CARTESIAN_POINT('',(1.447268760841,118.65574566179));
#6341 = CARTESIAN_POINT('',(1.438245062821,118.83631600306));
#6342 = CARTESIAN_POINT('',(1.430269653979,119.02470145956));
#6343 = CARTESIAN_POINT('',(1.415905972397,119.42589794562));
#6344 = CARTESIAN_POINT('',(1.409628358355,119.64025279635));
#6345 = CARTESIAN_POINT('',(1.404447829867,119.86019350814));
#6346 = CARTESIAN_POINT('',(1.400334964201,120.08425941124));
#6347 = CARTESIAN_POINT('',(1.39726627112,120.31125354326));
#6348 = CARTESIAN_POINT('',(1.395225387551,120.54015216972));
#6349 = CARTESIAN_POINT('',(1.394204250885,120.770029843));
#6350 = CARTESIAN_POINT('',(1.394204250885,121.));
#6351 = ( GEOMETRIC_REPRESENTATION_CONTEXT(2) 
PARAMETRIC_REPRESENTATION_CONTEXT() REPRESENTATION_CONTEXT('2D SPACE',''
  ) );
#6352 = ORIENTED_EDGE('',*,*,#6353,.F.);
#6353 = EDGE_CURVE('',#5267,#6145,#6354,.T.);
#6354 = SEAM_CURVE('',#6355,(#6359,#6366),.PCURVE_S1.);
#6355 = LINE('',#6356,#6357);
#6356 = CARTESIAN_POINT('',(75.25,30.,1.621E+03));
#6357 = VECTOR('',#6358,1.);
#6358 = DIRECTION('',(0.,-1.,2.22044604925E-16));
#6359 = PCURVE('',#5406,#6360);
#6360 = DEFINITIONAL_REPRESENTATION('',(#6361),#6365);
#6361 = LINE('',#6362,#6363);
#6362 = CARTESIAN_POINT('',(6.28318530718,-0.));
#6363 = VECTOR('',#6364,1.);
#6364 = DIRECTION('',(0.,1.));
#6365 = ( GEOMETRIC_REPRESENTATION_CONTEXT(2) 
PARAMETRIC_REPRESENTATION_CONTEXT() REPRESENTATION_CONTEXT('2D SPACE',''
  ) );
#6366 = PCURVE('',#5406,#6367);
#6367 = DEFINITIONAL_REPRESENTATION('',(#6368),#6372);
#6368 = LINE('',#6369,#6370);
#6369 = CARTESIAN_POINT('',(0.,-0.));
#6370 = VECTOR('',#6371,1.);
#6371 = DIRECTION('',(0.,1.));
#6372 = ( GEOMETRIC_REPRESENTATION_CONTEXT(2) 
PARAMETRIC_REPRESENTATION_CONTEXT() REPRESENTATION_CONTEXT('2D SPACE',''
  ) );
#6373 = ORIENTED_EDGE('',*,*,#5266,.T.);
#6374 = ORIENTED_EDGE('',*,*,#6353,.T.);
#6375 = ADVANCED_FACE('',(#6376),#5622,.F.);
#6376 = FACE_BOUND('',#6377,.F.);
#6377 = EDGE_LOOP('',(#6378,#6379,#6402,#6609));
#6378 = ORIENTED_EDGE('',*,*,#5482,.F.);
#6379 = ORIENTED_EDGE('',*,*,#6380,.F.);
#6380 = EDGE_CURVE('',#6381,#5483,#6383,.T.);
#6381 = VERTEX_POINT('',#6382);
#6382 = CARTESIAN_POINT('',(75.25,-18.21228980661,1.621E+03));
#6383 = SEAM_CURVE('',#6384,(#6388,#6395),.PCURVE_S1.);
#6384 = LINE('',#6385,#6386);
#6385 = CARTESIAN_POINT('',(75.25,30.,1.621E+03));
#6386 = VECTOR('',#6387,1.);
#6387 = DIRECTION('',(0.,-1.,2.22044604925E-16));
#6388 = PCURVE('',#5622,#6389);
#6389 = DEFINITIONAL_REPRESENTATION('',(#6390),#6394);
#6390 = LINE('',#6391,#6392);
#6391 = CARTESIAN_POINT('',(6.28318530718,-0.));
#6392 = VECTOR('',#6393,1.);
#6393 = DIRECTION('',(0.,1.));
#6394 = ( GEOMETRIC_REPRESENTATION_CONTEXT(2) 
PARAMETRIC_REPRESENTATION_CONTEXT() REPRESENTATION_CONTEXT('2D SPACE',''
  ) );
#6395 = PCURVE('',#5622,#6396);
#6396 = DEFINITIONAL_REPRESENTATION('',(#6397),#6401);
#6397 = LINE('',#6398,#6399);
#6398 = CARTESIAN_POINT('',(0.,-0.));
#6399 = VECTOR('',#6400,1.);
#6400 = DIRECTION('',(0.,1.));
#6401 = ( GEOMETRIC_REPRESENTATION_CONTEXT(2) 
PARAMETRIC_REPRESENTATION_CONTEXT() REPRESENTATION_CONTEXT('2D SPACE',''
  ) );
#6402 = ORIENTED_EDGE('',*,*,#6403,.T.);
#6403 = EDGE_CURVE('',#6381,#6381,#6404,.T.);
#6404 = SURFACE_CURVE('',#6405,(#6471,#6540),.PCURVE_S1.);
#6405 = B_SPLINE_CURVE_WITH_KNOTS('',8,(#6406,#6407,#6408,#6409,#6410,
    #6411,#6412,#6413,#6414,#6415,#6416,#6417,#6418,#6419,#6420,#6421,
    #6422,#6423,#6424,#6425,#6426,#6427,#6428,#6429,#6430,#6431,#6432,
    #6433,#6434,#6435,#6436,#6437,#6438,#6439,#6440,#6441,#6442,#6443,
    #6444,#6445,#6446,#6447,#6448,#6449,#6450,#6451,#6452,#6453,#6454,
    #6455,#6456,#6457,#6458,#6459,#6460,#6461,#6462,#6463,#6464,#6465,
    #6466,#6467,#6468,#6469,#6470),.UNSPECIFIED.,.T.,.F.,(9,7,7,7,7,7,7,
    7,7,9),(0.,9.934605463188E-02,0.197273998699,0.288288721517,
    0.392885333309,0.601562584715,0.70631106934,0.797457943804,
    0.895528076884,1.),.UNSPECIFIED.);
#6406 = CARTESIAN_POINT('',(75.25,-18.21228980661,1.621E+03));
#6407 = CARTESIAN_POINT('',(75.25,-18.21228980661,1.62123563192E+03));
#6408 = CARTESIAN_POINT('',(75.230476073125,-18.21577374487,
    1.621471247574E+03));
#6409 = CARTESIAN_POINT('',(75.191431008947,-18.22274168906,
    1.621704968216E+03));
#6410 = CARTESIAN_POINT('',(75.133087451358,-18.2330320456,
    1.621934916172E+03));
#6411 = CARTESIAN_POINT('',(75.055878718613,-18.24632607183,
    1.622159245204E+03));
#6412 = CARTESIAN_POINT('',(74.960445550529,-18.26216629084,
    1.622376166411E+03));
#6413 = CARTESIAN_POINT('',(74.847638782812,-18.27998880936,
    1.622583969677E+03));
#6414 = CARTESIAN_POINT('',(74.591260100761,-18.31807647291,
    1.62297529854E+03));
#6415 = CARTESIAN_POINT('',(74.445166487325,-18.33874622285,
    1.623163683997E+03));
#6416 = CARTESIAN_POINT('',(74.279671845877,-18.36073351206,
    1.623344254338E+03));
#6417 = CARTESIAN_POINT('',(74.094315474038,-18.38344296969,
    1.623514768492E+03));
#6418 = CARTESIAN_POINT('',(73.888797621457,-18.40611927343,
    1.62367265832E+03));
#6419 = CARTESIAN_POINT('',(73.663050458839,-18.42783966875,
    1.623814981382E+03));
#6420 = CARTESIAN_POINT('',(73.417347566232,-18.44753537803,
    1.623938346417E+03));
#6421 = CARTESIAN_POINT('',(72.906283516673,-18.47943430019,
    1.624132167445E+03));
#6422 = CARTESIAN_POINT('',(72.642852404932,-18.49211051351,
    1.624206002833E+03));
#6423 = CARTESIAN_POINT('',(72.366851070984,-18.50089652919,
    1.624255341463E+03));
#6424 = CARTESIAN_POINT('',(72.083712657286,-18.50484874907,
    1.624277095961E+03));
#6425 = CARTESIAN_POINT('',(71.799294077143,-18.50354348009,
    1.62427002039E+03));
#6426 = CARTESIAN_POINT('',(71.519516171976,-18.49718507004,
    1.624234698585E+03));
#6427 = CARTESIAN_POINT('',(71.249996298263,-18.4865452387,
    1.624173561254E+03));
#6428 = CARTESIAN_POINT('',(70.703444486282,-18.45683088939,
    1.623995975805E+03));
#6429 = CARTESIAN_POINT('',(70.432258728263,-18.43678755921,
    1.623872948654E+03));
#6430 = CARTESIAN_POINT('',(70.18345440749,-18.41398041948,
    1.623726794577E+03));
#6431 = CARTESIAN_POINT('',(69.957627514208,-18.38976062481,
    1.623561770978E+03));
#6432 = CARTESIAN_POINT('',(69.754881185601,-18.36530922999,
    1.623381597855E+03));
#6433 = CARTESIAN_POINT('',(69.574972905394,-18.34159255134,
    1.623189552108E+03));
#6434 = CARTESIAN_POINT('',(69.417403681668,-18.319363566,
    1.622988522683E+03));
#6435 = CARTESIAN_POINT('',(69.010279338017,-18.2588810996,
    1.622367100085E+03));
#6436 = CARTESIAN_POINT('',(68.822952658951,-18.2263573287,
    1.621924031154E+03));
#6437 = CARTESIAN_POINT('',(68.712897077309,-18.20565756453,
    1.621465736844E+03));
#6438 = CARTESIAN_POINT('',(68.676477701399,-18.1985462927,
    1.621000294541E+03));
#6439 = CARTESIAN_POINT('',(68.712679833765,-18.20560859546,
    1.620534543412E+03));
#6440 = CARTESIAN_POINT('',(68.822893773397,-18.22636202083,
    1.620075605575E+03));
#6441 = CARTESIAN_POINT('',(69.010672535169,-18.25893951304,
    1.619632299751E+03));
#6442 = CARTESIAN_POINT('',(69.417403681668,-18.319363566,
    1.619011477317E+03));
#6443 = CARTESIAN_POINT('',(69.574972905394,-18.34159255134,
    1.618810447892E+03));
#6444 = CARTESIAN_POINT('',(69.754881185601,-18.36530922999,
    1.618618402145E+03));
#6445 = CARTESIAN_POINT('',(69.957627514208,-18.38976062481,
    1.618438229022E+03));
#6446 = CARTESIAN_POINT('',(70.18345440749,-18.41398041948,
    1.618273205423E+03));
#6447 = CARTESIAN_POINT('',(70.432258728263,-18.43678755921,
    1.618127051346E+03));
#6448 = CARTESIAN_POINT('',(70.703444486282,-18.45683088939,
    1.618004024195E+03));
#6449 = CARTESIAN_POINT('',(71.249996296944,-18.48654523863,
    1.617826438747E+03));
#6450 = CARTESIAN_POINT('',(71.519516174249,-18.4971850702,
    1.617765301414E+03));
#6451 = CARTESIAN_POINT('',(71.799294077103,-18.50354347994,
    1.617729979611E+03));
#6452 = CARTESIAN_POINT('',(72.083712655217,-18.50484874908,
    1.617722904039E+03));
#6453 = CARTESIAN_POINT('',(72.366851071018,-18.50089652934,
    1.617744658536E+03));
#6454 = CARTESIAN_POINT('',(72.642852407085,-18.49211051333,
    1.617793997168E+03));
#6455 = CARTESIAN_POINT('',(72.906283515422,-18.47943430027,
    1.617867832554E+03));
#6456 = CARTESIAN_POINT('',(73.417347566233,-18.44753537803,
    1.618061653583E+03));
#6457 = CARTESIAN_POINT('',(73.663050458837,-18.42783966875,
    1.618185018618E+03));
#6458 = CARTESIAN_POINT('',(73.888797621458,-18.40611927343,
    1.61832734168E+03));
#6459 = CARTESIAN_POINT('',(74.094315474039,-18.38344296969,
    1.618485231508E+03));
#6460 = CARTESIAN_POINT('',(74.279671845877,-18.36073351206,
    1.618655745662E+03));
#6461 = CARTESIAN_POINT('',(74.445166487325,-18.33874622285,
    1.618836316003E+03));
#6462 = CARTESIAN_POINT('',(74.591260100761,-18.31807647291,
    1.61902470146E+03));
#6463 = CARTESIAN_POINT('',(74.854103545201,-18.27902840309,
    1.619425897946E+03));
#6464 = CARTESIAN_POINT('',(74.968808048493,-18.2608144862,
    1.619640252796E+03));
#6465 = CARTESIAN_POINT('',(75.063346346854,-18.24505056666,
    1.619860193508E+03));
#6466 = CARTESIAN_POINT('',(75.138326678373,-18.23210829478,
    1.620084259411E+03));
#6467 = CARTESIAN_POINT('',(75.194233500272,-18.2222412227,
    1.620311253543E+03));
#6468 = CARTESIAN_POINT('',(75.231402821721,-18.21560858172,
    1.62054015217E+03));
#6469 = CARTESIAN_POINT('',(75.25,-18.21228980661,1.620770029843E+03));
#6470 = CARTESIAN_POINT('',(75.25,-18.21228980661,1.621E+03));
#6471 = PCURVE('',#5622,#6472);
#6472 = DEFINITIONAL_REPRESENTATION('',(#6473),#6539);
#6473 = B_SPLINE_CURVE_WITH_KNOTS('',8,(#6474,#6475,#6476,#6477,#6478,
    #6479,#6480,#6481,#6482,#6483,#6484,#6485,#6486,#6487,#6488,#6489,
    #6490,#6491,#6492,#6493,#6494,#6495,#6496,#6497,#6498,#6499,#6500,
    #6501,#6502,#6503,#6504,#6505,#6506,#6507,#6508,#6509,#6510,#6511,
    #6512,#6513,#6514,#6515,#6516,#6517,#6518,#6519,#6520,#6521,#6522,
    #6523,#6524,#6525,#6526,#6527,#6528,#6529,#6530,#6531,#6532,#6533,
    #6534,#6535,#6536,#6537,#6538),.UNSPECIFIED.,.F.,.F.,(9,7,7,7,7,7,7,
    7,7,9),(0.,9.934605463188E-02,0.197273998699,0.288288721517,
    0.392885333309,0.601562584715,0.70631106934,0.797457943804,
    0.895528076884,1.),.UNSPECIFIED.);
#6474 = CARTESIAN_POINT('',(0.,48.212289806611));
#6475 = CARTESIAN_POINT('',(7.250212926299E-02,48.212289806611));
#6476 = CARTESIAN_POINT('',(0.144999154971,48.215773744874));
#6477 = CARTESIAN_POINT('',(0.217494168114,48.22274168906));
#6478 = CARTESIAN_POINT('',(0.289989217315,48.233032045609));
#6479 = CARTESIAN_POINT('',(0.36248703608,48.246326071834));
#6480 = CARTESIAN_POINT('',(0.434989746679,48.262166290848));
#6481 = CARTESIAN_POINT('',(0.50749454067,48.279988809365));
#6482 = CARTESIAN_POINT('',(0.651443350715,48.318076472912));
#6483 = CARTESIAN_POINT('',(0.724563248637,48.338746222851));
#6484 = CARTESIAN_POINT('',(0.799499499739,48.360733512067));
#6485 = CARTESIAN_POINT('',(0.876416491316,48.383442969697));
#6486 = CARTESIAN_POINT('',(0.95550555116,48.406119273437));
#6487 = CARTESIAN_POINT('',(1.03699001247,48.427839668752));
#6488 = CARTESIAN_POINT('',(1.121138406235,48.447535378037));
#6489 = CARTESIAN_POINT('',(1.289317812761,48.479434300197));
#6490 = CARTESIAN_POINT('',(1.373162380335,48.492110513511));
#6491 = CARTESIAN_POINT('',(1.458760515128,48.500896529194));
#6492 = CARTESIAN_POINT('',(1.545261567001,48.504848749078));
#6493 = CARTESIAN_POINT('',(1.631919551624,48.503543480097));
#6494 = CARTESIAN_POINT('',(1.717998829267,48.497185070041));
#6495 = CARTESIAN_POINT('',(1.802682222203,48.486545238704));
#6496 = CARTESIAN_POINT('',(1.97950640186,48.456830889393));
#6497 = CARTESIAN_POINT('',(2.07056205416,48.436787559218));
#6498 = CARTESIAN_POINT('',(2.158554434577,48.413980419483));
#6499 = CARTESIAN_POINT('',(2.243795114681,48.389760624816));
#6500 = CARTESIAN_POINT('',(2.326533933511,48.365309229998));
#6501 = CARTESIAN_POINT('',(2.406975757156,48.341592551346));
#6502 = CARTESIAN_POINT('',(2.485284853299,48.319363566002));
#6503 = CARTESIAN_POINT('',(2.713872754368,48.258881099603));
#6504 = CARTESIAN_POINT('',(2.859496099281,48.226357328703));
#6505 = CARTESIAN_POINT('',(3.001378118535,48.205657564536));
#6506 = CARTESIAN_POINT('',(3.141508435061,48.198546292705));
#6507 = CARTESIAN_POINT('',(3.281721889324,48.205608595467));
#6508 = CARTESIAN_POINT('',(3.423772696847,48.226362020833));
#6509 = CARTESIAN_POINT('',(3.56953332102,48.258939513043));
#6510 = CARTESIAN_POINT('',(3.79790045388,48.319363566002));
#6511 = CARTESIAN_POINT('',(3.876209550024,48.341592551346));
#6512 = CARTESIAN_POINT('',(3.956651373669,48.365309229998));
#6513 = CARTESIAN_POINT('',(4.039390192498,48.389760624816));
#6514 = CARTESIAN_POINT('',(4.124630872602,48.413980419483));
#6515 = CARTESIAN_POINT('',(4.21262325302,48.436787559218));
#6516 = CARTESIAN_POINT('',(4.303678905319,48.456830889393));
#6517 = CARTESIAN_POINT('',(4.48050308455,48.486545238632));
#6518 = CARTESIAN_POINT('',(4.565186478639,48.497185070206));
#6519 = CARTESIAN_POINT('',(4.651265755551,48.503543479947));
#6520 = CARTESIAN_POINT('',(4.737923739512,48.504848749084));
#6521 = CARTESIAN_POINT('',(4.824424792057,48.500896529344));
#6522 = CARTESIAN_POINT('',(4.910022927547,48.492110513333));
#6523 = CARTESIAN_POINT('',(4.993867494007,48.479434300275));
#6524 = CARTESIAN_POINT('',(5.162046900945,48.447535378037));
#6525 = CARTESIAN_POINT('',(5.246195294709,48.427839668752));
#6526 = CARTESIAN_POINT('',(5.327679756019,48.406119273437));
#6527 = CARTESIAN_POINT('',(5.406768815863,48.383442969697));
#6528 = CARTESIAN_POINT('',(5.483685807441,48.360733512067));
#6529 = CARTESIAN_POINT('',(5.558622058542,48.338746222851));
#6530 = CARTESIAN_POINT('',(5.631741956465,48.318076472912));
#6531 = CARTESIAN_POINT('',(5.779320533406,48.279028403091));
#6532 = CARTESIAN_POINT('',(5.853832006789,48.260814486202));
#6533 = CARTESIAN_POINT('',(5.927051344842,48.245050566666));
#6534 = CARTESIAN_POINT('',(5.99926128756,48.232108294788));
#6535 = CARTESIAN_POINT('',(6.070723982724,48.222241222701));
#6536 = CARTESIAN_POINT('',(6.141693360154,48.215608581727));
#6537 = CARTESIAN_POINT('',(6.212425258873,48.212289806611));
#6538 = CARTESIAN_POINT('',(6.28318530718,48.212289806611));
#6539 = ( GEOMETRIC_REPRESENTATION_CONTEXT(2) 
PARAMETRIC_REPRESENTATION_CONTEXT() REPRESENTATION_CONTEXT('2D SPACE',''
  ) );
#6540 = PCURVE('',#5719,#6541);
#6541 = DEFINITIONAL_REPRESENTATION('',(#6542),#6608);
#6542 = B_SPLINE_CURVE_WITH_KNOTS('',8,(#6543,#6544,#6545,#6546,#6547,
    #6548,#6549,#6550,#6551,#6552,#6553,#6554,#6555,#6556,#6557,#6558,
    #6559,#6560,#6561,#6562,#6563,#6564,#6565,#6566,#6567,#6568,#6569,
    #6570,#6571,#6572,#6573,#6574,#6575,#6576,#6577,#6578,#6579,#6580,
    #6581,#6582,#6583,#6584,#6585,#6586,#6587,#6588,#6589,#6590,#6591,
    #6592,#6593,#6594,#6595,#6596,#6597,#6598,#6599,#6600,#6601,#6602,
    #6603,#6604,#6605,#6606,#6607),.UNSPECIFIED.,.T.,.F.,(9,7,7,7,7,7,7,
    7,7,9),(0.,9.934605463188E-02,0.197273998699,0.288288721517,
    0.392885333309,0.601562584715,0.70631106934,0.797457943804,
    0.895528076884,1.),.UNSPECIFIED.);
#6543 = CARTESIAN_POINT('',(4.888981056295,121.));
#6544 = CARTESIAN_POINT('',(4.888981056295,121.2356319201));
#6545 = CARTESIAN_POINT('',(4.88790904242,121.47124757443));
#6546 = CARTESIAN_POINT('',(4.885765143395,121.70496821617));
#6547 = CARTESIAN_POINT('',(4.882562771055,121.93491617195));
#6548 = CARTESIAN_POINT('',(4.878328002261,122.15924520371));
#6549 = CARTESIAN_POINT('',(4.873099082771,122.37616641149));
#6550 = CARTESIAN_POINT('',(4.866926053046,122.58396967713));
#6551 = CARTESIAN_POINT('',(4.852915653202,122.97529854039));
#6552 = CARTESIAN_POINT('',(4.844940244359,123.16368399692));
#6553 = CARTESIAN_POINT('',(4.835916546338,123.34425433822));
#6554 = CARTESIAN_POINT('',(4.825823484183,123.51476849207));
#6555 = CARTESIAN_POINT('',(4.814648844683,123.67265831963));
#6556 = CARTESIAN_POINT('',(4.802392349957,123.81498138219));
#6557 = CARTESIAN_POINT('',(4.789070587858,123.93834641683));
#6558 = CARTESIAN_POINT('',(4.761391744923,124.13216744506));
#6559 = CARTESIAN_POINT('',(4.747137198472,124.2060028327));
#6560 = CARTESIAN_POINT('',(4.732213978842,124.25534146343));
#6561 = CARTESIAN_POINT('',(4.71691270902,124.27709596054));
#6562 = CARTESIAN_POINT('',(4.701543682235,124.27002039023));
#6563 = CARTESIAN_POINT('',(4.686420221569,124.23469858486));
#6564 = CARTESIAN_POINT('',(4.671841840012,124.17356125383));
#6565 = CARTESIAN_POINT('',(4.642254869466,123.9959758051));
#6566 = CARTESIAN_POINT('',(4.627558983045,123.87294865397));
#6567 = CARTESIAN_POINT('',(4.61405696063,123.72679457737));
#6568 = CARTESIAN_POINT('',(4.601782556915,123.56177097751));
#6569 = CARTESIAN_POINT('',(4.590745323951,123.38159785463));
#6570 = CARTESIAN_POINT('',(4.580937124469,123.1895521082));
#6571 = CARTESIAN_POINT('',(4.572335759786,122.98852268252));
#6572 = CARTESIAN_POINT('',(4.550087518258,122.36710008477));
#6573 = CARTESIAN_POINT('',(4.539813330671,121.9240311535));
#6574 = CARTESIAN_POINT('',(4.533759604131,121.46573684406));
#6575 = CARTESIAN_POINT('',(4.531753687577,121.00029454085));
#6576 = CARTESIAN_POINT('',(4.533747592848,120.53454341181));
#6577 = CARTESIAN_POINT('',(4.539810225128,120.07560557531));
#6578 = CARTESIAN_POINT('',(4.550109005417,119.63229975068));
#6579 = CARTESIAN_POINT('',(4.572335759786,119.01147731747));
#6580 = CARTESIAN_POINT('',(4.580937124469,118.8104478918));
#6581 = CARTESIAN_POINT('',(4.590745323951,118.61840214536));
#6582 = CARTESIAN_POINT('',(4.601782556915,118.43822902248));
#6583 = CARTESIAN_POINT('',(4.61405696063,118.27320542262));
#6584 = CARTESIAN_POINT('',(4.627558983045,118.12705134602));
#6585 = CARTESIAN_POINT('',(4.642254869466,118.00402419489));
#6586 = CARTESIAN_POINT('',(4.671841839941,117.82643874659));
#6587 = CARTESIAN_POINT('',(4.686420221692,117.76530141414));
#6588 = CARTESIAN_POINT('',(4.701543682233,117.72997961067));
#6589 = CARTESIAN_POINT('',(4.716912708908,117.72290403941));
#6590 = CARTESIAN_POINT('',(4.732213978844,117.74465853565));
#6591 = CARTESIAN_POINT('',(4.747137198588,117.79399716837));
#6592 = CARTESIAN_POINT('',(4.761391744855,117.86783255446));
#6593 = CARTESIAN_POINT('',(4.789070587858,118.06165358316));
#6594 = CARTESIAN_POINT('',(4.802392349957,118.1850186178));
#6595 = CARTESIAN_POINT('',(4.814648844683,118.32734168037));
#6596 = CARTESIAN_POINT('',(4.825823484183,118.48523150793));
#6597 = CARTESIAN_POINT('',(4.835916546338,118.65574566177));
#6598 = CARTESIAN_POINT('',(4.844940244359,118.83631600307));
#6599 = CARTESIAN_POINT('',(4.852915653202,119.0247014596));
#6600 = CARTESIAN_POINT('',(4.867279334783,119.42589794562));
#6601 = CARTESIAN_POINT('',(4.873556948824,119.64025279635));
#6602 = CARTESIAN_POINT('',(4.878737477313,119.86019350814));
#6603 = CARTESIAN_POINT('',(4.882850342979,120.08425941124));
#6604 = CARTESIAN_POINT('',(4.88591903606,120.31125354326));
#6605 = CARTESIAN_POINT('',(4.887959919628,120.54015216972));
#6606 = CARTESIAN_POINT('',(4.888981056295,120.770029843));
#6607 = CARTESIAN_POINT('',(4.888981056295,121.));
#6608 = ( GEOMETRIC_REPRESENTATION_CONTEXT(2) 
PARAMETRIC_REPRESENTATION_CONTEXT() REPRESENTATION_CONTEXT('2D SPACE',''
  ) );
#6609 = ORIENTED_EDGE('',*,*,#6380,.T.);
#6610 = ADVANCED_FACE('',(#6611,#6637,#6640,#6643,#6646),#5719,.F.);
#6611 = FACE_BOUND('',#6612,.F.);
#6612 = EDGE_LOOP('',(#6613,#6614,#6635,#6636));
#6613 = ORIENTED_EDGE('',*,*,#5737,.T.);
#6614 = ORIENTED_EDGE('',*,*,#6615,.T.);
#6615 = EDGE_CURVE('',#5738,#5703,#6616,.T.);
#6616 = SEAM_CURVE('',#6617,(#6621,#6628),.PCURVE_S1.);
#6617 = LINE('',#6618,#6619);
#6618 = CARTESIAN_POINT('',(90.5,-4.531193156845E-15,1.5E+03));
#6619 = VECTOR('',#6620,1.);
#6620 = DIRECTION('',(0.,0.,1.));
#6621 = PCURVE('',#5719,#6622);
#6622 = DEFINITIONAL_REPRESENTATION('',(#6623),#6627);
#6623 = LINE('',#6624,#6625);
#6624 = CARTESIAN_POINT('',(0.,-0.));
#6625 = VECTOR('',#6626,1.);
#6626 = DIRECTION('',(0.,1.));
#6627 = ( GEOMETRIC_REPRESENTATION_CONTEXT(2) 
PARAMETRIC_REPRESENTATION_CONTEXT() REPRESENTATION_CONTEXT('2D SPACE',''
  ) );
#6628 = PCURVE('',#5719,#6629);
#6629 = DEFINITIONAL_REPRESENTATION('',(#6630),#6634);
#6630 = LINE('',#6631,#6632);
#6631 = CARTESIAN_POINT('',(6.28318530718,-0.));
#6632 = VECTOR('',#6633,1.);
#6633 = DIRECTION('',(0.,1.));
#6634 = ( GEOMETRIC_REPRESENTATION_CONTEXT(2) 
PARAMETRIC_REPRESENTATION_CONTEXT() REPRESENTATION_CONTEXT('2D SPACE',''
  ) );
#6635 = ORIENTED_EDGE('',*,*,#5702,.F.);
#6636 = ORIENTED_EDGE('',*,*,#6615,.F.);
#6637 = FACE_BOUND('',#6638,.F.);
#6638 = EDGE_LOOP('',(#6639));
#6639 = ORIENTED_EDGE('',*,*,#5764,.T.);
#6640 = FACE_BOUND('',#6641,.F.);
#6641 = EDGE_LOOP('',(#6642));
#6642 = ORIENTED_EDGE('',*,*,#5978,.F.);
#6643 = FACE_BOUND('',#6644,.F.);
#6644 = EDGE_LOOP('',(#6645));
#6645 = ORIENTED_EDGE('',*,*,#6144,.T.);
#6646 = FACE_BOUND('',#6647,.F.);
#6647 = EDGE_LOOP('',(#6648));
#6648 = ORIENTED_EDGE('',*,*,#6403,.F.);
#6649 = MANIFOLD_SOLID_BREP('',#6650);
#6650 = CLOSED_SHELL('',(#6651,#7513,#7548,#7578,#7768,#7958,#8193,#8428
    ));
#6651 = ADVANCED_FACE('',(#6652,#6739,#6910,#7081,#7297),#6665,.T.);
#6652 = FACE_BOUND('',#6653,.T.);
#6653 = EDGE_LOOP('',(#6654,#6688,#6711,#6738));
#6654 = ORIENTED_EDGE('',*,*,#6655,.F.);
#6655 = EDGE_CURVE('',#6656,#6656,#6658,.T.);
#6656 = VERTEX_POINT('',#6657);
#6657 = CARTESIAN_POINT('',(92.,-4.898587196589E-15,3.111E+03));
#6658 = SURFACE_CURVE('',#6659,(#6664,#6676),.PCURVE_S1.);
#6659 = CIRCLE('',#6660,20.);
#6660 = AXIS2_PLACEMENT_3D('',#6661,#6662,#6663);
#6661 = CARTESIAN_POINT('',(72.,0.,3.111E+03));
#6662 = DIRECTION('',(0.,0.,1.));
#6663 = DIRECTION('',(1.,0.,-0.));
#6664 = PCURVE('',#6665,#6670);
#6665 = CYLINDRICAL_SURFACE('',#6666,20.);
#6666 = AXIS2_PLACEMENT_3D('',#6667,#6668,#6669);
#6667 = CARTESIAN_POINT('',(72.,0.,2.951E+03));
#6668 = DIRECTION('',(0.,0.,1.));
#6669 = DIRECTION('',(1.,0.,-0.));
#6670 = DEFINITIONAL_REPRESENTATION('',(#6671),#6675);
#6671 = LINE('',#6672,#6673);
#6672 = CARTESIAN_POINT('',(0.,160.));
#6673 = VECTOR('',#6674,1.);
#6674 = DIRECTION('',(1.,0.));
#6675 = ( GEOMETRIC_REPRESENTATION_CONTEXT(2) 
PARAMETRIC_REPRESENTATION_CONTEXT() REPRESENTATION_CONTEXT('2D SPACE',''
  ) );
#6676 = PCURVE('',#6677,#6682);
#6677 = PLANE('',#6678);
#6678 = AXIS2_PLACEMENT_3D('',#6679,#6680,#6681);
#6679 = CARTESIAN_POINT('',(72.,0.,3.111E+03));
#6680 = DIRECTION('',(0.,0.,1.));
#6681 = DIRECTION('',(1.,0.,-0.));
#6682 = DEFINITIONAL_REPRESENTATION('',(#6683),#6687);
#6683 = CIRCLE('',#6684,20.);
#6684 = AXIS2_PLACEMENT_2D('',#6685,#6686);
#6685 = CARTESIAN_POINT('',(0.,0.));
#6686 = DIRECTION('',(1.,0.));
#6687 = ( GEOMETRIC_REPRESENTATION_CONTEXT(2) 
PARAMETRIC_REPRESENTATION_CONTEXT() REPRESENTATION_CONTEXT('2D SPACE',''
  ) );
#6688 = ORIENTED_EDGE('',*,*,#6689,.F.);
#6689 = EDGE_CURVE('',#6690,#6656,#6692,.T.);
#6690 = VERTEX_POINT('',#6691);
#6691 = CARTESIAN_POINT('',(92.,-4.898587196589E-15,2.951E+03));
#6692 = SEAM_CURVE('',#6693,(#6697,#6704),.PCURVE_S1.);
#6693 = LINE('',#6694,#6695);
#6694 = CARTESIAN_POINT('',(92.,-4.898587196589E-15,2.951E+03));
#6695 = VECTOR('',#6696,1.);
#6696 = DIRECTION('',(0.,0.,1.));
#6697 = PCURVE('',#6665,#6698);
#6698 = DEFINITIONAL_REPRESENTATION('',(#6699),#6703);
#6699 = LINE('',#6700,#6701);
#6700 = CARTESIAN_POINT('',(6.28318530718,-0.));
#6701 = VECTOR('',#6702,1.);
#6702 = DIRECTION('',(0.,1.));
#6703 = ( GEOMETRIC_REPRESENTATION_CONTEXT(2) 
PARAMETRIC_REPRESENTATION_CONTEXT() REPRESENTATION_CONTEXT('2D SPACE',''
  ) );
#6704 = PCURVE('',#6665,#6705);
#6705 = DEFINITIONAL_REPRESENTATION('',(#6706),#6710);
#6706 = LINE('',#6707,#6708);
#6707 = CARTESIAN_POINT('',(0.,-0.));
#6708 = VECTOR('',#6709,1.);
#6709 = DIRECTION('',(0.,1.));
#6710 = ( GEOMETRIC_REPRESENTATION_CONTEXT(2) 
PARAMETRIC_REPRESENTATION_CONTEXT() REPRESENTATION_CONTEXT('2D SPACE',''
  ) );
#6711 = ORIENTED_EDGE('',*,*,#6712,.T.);
#6712 = EDGE_CURVE('',#6690,#6690,#6713,.T.);
#6713 = SURFACE_CURVE('',#6714,(#6719,#6726),.PCURVE_S1.);
#6714 = CIRCLE('',#6715,20.);
#6715 = AXIS2_PLACEMENT_3D('',#6716,#6717,#6718);
#6716 = CARTESIAN_POINT('',(72.,0.,2.951E+03));
#6717 = DIRECTION('',(0.,0.,1.));
#6718 = DIRECTION('',(1.,0.,-0.));
#6719 = PCURVE('',#6665,#6720);
#6720 = DEFINITIONAL_REPRESENTATION('',(#6721),#6725);
#6721 = LINE('',#6722,#6723);
#6722 = CARTESIAN_POINT('',(0.,0.));
#6723 = VECTOR('',#6724,1.);
#6724 = DIRECTION('',(1.,0.));
#6725 = ( GEOMETRIC_REPRESENTATION_CONTEXT(2) 
PARAMETRIC_REPRESENTATION_CONTEXT() REPRESENTATION_CONTEXT('2D SPACE',''
  ) );
#6726 = PCURVE('',#6727,#6732);
#6727 = PLANE('',#6728);
#6728 = AXIS2_PLACEMENT_3D('',#6729,#6730,#6731);
#6729 = CARTESIAN_POINT('',(72.,0.,2.951E+03));
#6730 = DIRECTION('',(0.,0.,1.));
#6731 = DIRECTION('',(1.,0.,-0.));
#6732 = DEFINITIONAL_REPRESENTATION('',(#6733),#6737);
#6733 = CIRCLE('',#6734,20.);
#6734 = AXIS2_PLACEMENT_2D('',#6735,#6736);
#6735 = CARTESIAN_POINT('',(0.,0.));
#6736 = DIRECTION('',(1.,0.));
#6737 = ( GEOMETRIC_REPRESENTATION_CONTEXT(2) 
PARAMETRIC_REPRESENTATION_CONTEXT() REPRESENTATION_CONTEXT('2D SPACE',''
  ) );
#6738 = ORIENTED_EDGE('',*,*,#6689,.T.);
#6739 = FACE_BOUND('',#6740,.T.);
#6740 = EDGE_LOOP('',(#6741));
#6741 = ORIENTED_EDGE('',*,*,#6742,.T.);
#6742 = EDGE_CURVE('',#6743,#6743,#6745,.T.);
#6743 = VERTEX_POINT('',#6744);
#6744 = CARTESIAN_POINT('',(74.65,19.823660106045,2.991E+03));
#6745 = SURFACE_CURVE('',#6746,(#6797,#6851),.PCURVE_S1.);
#6746 = B_SPLINE_CURVE_WITH_KNOTS('',7,(#6747,#6748,#6749,#6750,#6751,
    #6752,#6753,#6754,#6755,#6756,#6757,#6758,#6759,#6760,#6761,#6762,
    #6763,#6764,#6765,#6766,#6767,#6768,#6769,#6770,#6771,#6772,#6773,
    #6774,#6775,#6776,#6777,#6778,#6779,#6780,#6781,#6782,#6783,#6784,
    #6785,#6786,#6787,#6788,#6789,#6790,#6791,#6792,#6793,#6794,#6795,
    #6796),.UNSPECIFIED.,.T.,.F.,(8,6,6,6,6,6,6,6,8),(0.,0.136527260406,
    0.255341813038,0.365949747251,0.501601267955,0.637254268931,
    0.755307986384,0.865207636913,1.),.UNSPECIFIED.);
#6747 = CARTESIAN_POINT('',(74.65,19.823660106045,2.991E+03));
#6748 = CARTESIAN_POINT('',(74.65,19.823660106045,2.991279803547E+03));
#6749 = CARTESIAN_POINT('',(74.615533828509,19.828267430909,
    2.991559248712E+03));
#6750 = CARTESIAN_POINT('',(74.546752247972,19.837462403426,
    2.991835964177E+03));
#6751 = CARTESIAN_POINT('',(74.442770935343,19.850977335528,
    2.992107290689E+03));
#6752 = CARTESIAN_POINT('',(74.301948880951,19.868276008564,
    2.992369758764E+03));
#6753 = CARTESIAN_POINT('',(74.122173596689,19.888327414042,
    2.992618438559E+03));
#6754 = CARTESIAN_POINT('',(73.709258232343,19.927761771926,
    2.993043776773E+03));
#6755 = CARTESIAN_POINT('',(73.480605171934,19.94741556742,
    2.993231219975E+03));
#6756 = CARTESIAN_POINT('',(73.216446637211,19.966792751818,
    2.993395888017E+03));
#6757 = CARTESIAN_POINT('',(72.920939859511,19.98366479638,
    2.993527343942E+03));
#6758 = CARTESIAN_POINT('',(72.600747369605,19.995655229616,
    2.99361715249E+03));
#6759 = CARTESIAN_POINT('',(72.264335449967,20.001192068128,
    2.993659000875E+03));
#6760 = CARTESIAN_POINT('',(71.602289793766,19.998592581474,
    2.99363937364E+03));
#6761 = CARTESIAN_POINT('',(71.292908496691,19.991434788953,
    2.993585291281E+03));
#6762 = CARTESIAN_POINT('',(71.000589010006,19.979056762091,
    2.993491092406E+03));
#6763 = CARTESIAN_POINT('',(70.731341544448,19.962906069155,
    2.993362528487E+03));
#6764 = CARTESIAN_POINT('',(70.489749568885,19.944851275802,
    2.993206559957E+03));
#6765 = CARTESIAN_POINT('',(70.278617279507,19.926603855689,
    2.993031287511E+03));
#6766 = CARTESIAN_POINT('',(69.877836478267,19.888328376223,
    2.992618448937E+03));
#6767 = CARTESIAN_POINT('',(69.698049959387,19.868276158021,
    2.9923697634E+03));
#6768 = CARTESIAN_POINT('',(69.557221589884,19.850976334289,
    2.992107280784E+03));
#6769 = CARTESIAN_POINT('',(69.453242648365,19.837461726882,
    2.991835947523E+03));
#6770 = CARTESIAN_POINT('',(69.384465422487,19.828267330215,
    2.991559236072E+03));
#6771 = CARTESIAN_POINT('',(69.35,19.823660106045,2.991279800494E+03));
#6772 = CARTESIAN_POINT('',(69.35,19.823660106045,2.990720196453E+03));
#6773 = CARTESIAN_POINT('',(69.384466171491,19.828267430909,
    2.990440751288E+03));
#6774 = CARTESIAN_POINT('',(69.453247752028,19.837462403425,
    2.990164035823E+03));
#6775 = CARTESIAN_POINT('',(69.557229064657,19.850977335528,
    2.989892709311E+03));
#6776 = CARTESIAN_POINT('',(69.698051119049,19.868276008564,
    2.989630241236E+03));
#6777 = CARTESIAN_POINT('',(69.877826403311,19.888327414042,
    2.989381561441E+03));
#6778 = CARTESIAN_POINT('',(70.29074176766,19.927761771926,
    2.988956223227E+03));
#6779 = CARTESIAN_POINT('',(70.519394828063,19.94741556742,
    2.988768780025E+03));
#6780 = CARTESIAN_POINT('',(70.783553362786,19.966792751818,
    2.988604111983E+03));
#6781 = CARTESIAN_POINT('',(71.07906014049,19.98366479638,
    2.988472656058E+03));
#6782 = CARTESIAN_POINT('',(71.3992526304,19.995655229615,
    2.98838284751E+03));
#6783 = CARTESIAN_POINT('',(71.735664550029,20.001192068128,
    2.988340999125E+03));
#6784 = CARTESIAN_POINT('',(72.397710206199,19.998592581475,
    2.98836062636E+03));
#6785 = CARTESIAN_POINT('',(72.707091503345,19.991434788955,
    2.988414708719E+03));
#6786 = CARTESIAN_POINT('',(72.999410990018,19.979056762088,
    2.988508907594E+03));
#6787 = CARTESIAN_POINT('',(73.268658455525,19.962906069156,
    2.988637471513E+03));
#6788 = CARTESIAN_POINT('',(73.510250431091,19.944851275805,
    2.988793440043E+03));
#6789 = CARTESIAN_POINT('',(73.721382720518,19.926603855687,
    2.988968712489E+03));
#6790 = CARTESIAN_POINT('',(74.12217907249,19.88832689109,
    2.989381567082E+03));
#6791 = CARTESIAN_POINT('',(74.301947345407,19.868276014092,
    2.989630242741E+03));
#6792 = CARTESIAN_POINT('',(74.442769069202,19.850977709355,
    2.989892705563E+03));
#6793 = CARTESIAN_POINT('',(74.54675526378,19.837461993635,
    2.990164036221E+03));
#6794 = CARTESIAN_POINT('',(74.615538848887,19.828266761558,
    2.990440765161E+03));
#6795 = CARTESIAN_POINT('',(74.65,19.823660106045,2.990720216728E+03));
#6796 = CARTESIAN_POINT('',(74.65,19.823660106045,2.991E+03));
#6797 = PCURVE('',#6665,#6798);
#6798 = DEFINITIONAL_REPRESENTATION('',(#6799),#6850);
#6799 = B_SPLINE_CURVE_WITH_KNOTS('',7,(#6800,#6801,#6802,#6803,#6804,
    #6805,#6806,#6807,#6808,#6809,#6810,#6811,#6812,#6813,#6814,#6815,
    #6816,#6817,#6818,#6819,#6820,#6821,#6822,#6823,#6824,#6825,#6826,
    #6827,#6828,#6829,#6830,#6831,#6832,#6833,#6834,#6835,#6836,#6837,
    #6838,#6839,#6840,#6841,#6842,#6843,#6844,#6845,#6846,#6847,#6848,
    #6849),.UNSPECIFIED.,.T.,.F.,(8,6,6,6,6,6,6,6,8),(0.,0.136527260406,
    0.255341813038,0.365949747251,0.501601267955,0.637254268931,
    0.755307986384,0.865207636913,1.),.UNSPECIFIED.);
#6800 = CARTESIAN_POINT('',(1.437905530923,40.));
#6801 = CARTESIAN_POINT('',(1.437905530923,40.279803547438));
#6802 = CARTESIAN_POINT('',(1.439644167893,40.559248712252));
#6803 = CARTESIAN_POINT('',(1.443113845564,40.835964177312));
#6804 = CARTESIAN_POINT('',(1.448356593457,41.107290688971));
#6805 = CARTESIAN_POINT('',(1.455450258252,41.369758763988));
#6806 = CARTESIAN_POINT('',(1.464493623492,41.618438558887));
#6807 = CARTESIAN_POINT('',(1.485233329775,42.043776772602));
#6808 = CARTESIAN_POINT('',(1.49670761422,42.231219974884));
#6809 = CARTESIAN_POINT('',(1.50994934539,42.395888016872));
#6810 = CARTESIAN_POINT('',(1.524744726999,42.527343941938));
#6811 = CARTESIAN_POINT('',(1.540760041815,42.61715249));
#6812 = CARTESIAN_POINT('',(1.557579432238,42.659000875151));
#6813 = CARTESIAN_POINT('',(1.590681970215,42.639373639622));
#6814 = CARTESIAN_POINT('',(1.606152325678,42.585291281011));
#6815 = CARTESIAN_POINT('',(1.620777230576,42.491092405541));
#6816 = CARTESIAN_POINT('',(1.634260835579,42.362528487373));
#6817 = CARTESIAN_POINT('',(1.646372772103,42.206559957356));
#6818 = CARTESIAN_POINT('',(1.656968306538,42.031287510692));
#6819 = CARTESIAN_POINT('',(1.677098524058,41.618448936955));
#6820 = CARTESIAN_POINT('',(1.686142452306,41.369763399869));
#6821 = CARTESIAN_POINT('',(1.693236436855,41.107280783699));
#6822 = CARTESIAN_POINT('',(1.698479065627,40.835947523237));
#6823 = CARTESIAN_POINT('',(1.701948523432,40.559236071906));
#6824 = CARTESIAN_POINT('',(1.703687122667,40.279800494166));
#6825 = CARTESIAN_POINT('',(1.703687122667,39.720196452562));
#6826 = CARTESIAN_POINT('',(1.701948485697,39.440751287748));
#6827 = CARTESIAN_POINT('',(1.698478808026,39.164035822688));
#6828 = CARTESIAN_POINT('',(1.693236060132,38.892709311029));
#6829 = CARTESIAN_POINT('',(1.686142395338,38.630241236012));
#6830 = CARTESIAN_POINT('',(1.677099030098,38.381561441113));
#6831 = CARTESIAN_POINT('',(1.656359323814,37.956223227395));
#6832 = CARTESIAN_POINT('',(1.64488503937,37.76878002512));
#6833 = CARTESIAN_POINT('',(1.6316433082,37.604111983127));
#6834 = CARTESIAN_POINT('',(1.616847926591,37.47265605806));
#6835 = CARTESIAN_POINT('',(1.600832611775,37.382847510001));
#6836 = CARTESIAN_POINT('',(1.584013221352,37.340999124848));
#6837 = CARTESIAN_POINT('',(1.550910683376,37.360626360376));
#6838 = CARTESIAN_POINT('',(1.53544032791,37.414708718981));
#6839 = CARTESIAN_POINT('',(1.520815423012,37.508907594481));
#6840 = CARTESIAN_POINT('',(1.507331818012,37.637471512627));
#6841 = CARTESIAN_POINT('',(1.495219881488,37.793440042608));
#6842 = CARTESIAN_POINT('',(1.484624347051,37.968712489333));
#6843 = CARTESIAN_POINT('',(1.464493348456,38.381567081658));
#6844 = CARTESIAN_POINT('',(1.455450334665,38.630242740647));
#6845 = CARTESIAN_POINT('',(1.448356688165,38.892705563059));
#6846 = CARTESIAN_POINT('',(1.443113693524,39.16403622084));
#6847 = CARTESIAN_POINT('',(1.439643914615,39.440765161052));
#6848 = CARTESIAN_POINT('',(1.437905530923,39.720216728219));
#6849 = CARTESIAN_POINT('',(1.437905530923,40.));
#6850 = ( GEOMETRIC_REPRESENTATION_CONTEXT(2) 
PARAMETRIC_REPRESENTATION_CONTEXT() REPRESENTATION_CONTEXT('2D SPACE',''
  ) );
#6851 = PCURVE('',#6852,#6857);
#6852 = CYLINDRICAL_SURFACE('',#6853,2.65);
#6853 = AXIS2_PLACEMENT_3D('',#6854,#6855,#6856);
#6854 = CARTESIAN_POINT('',(72.,30.,2.991E+03));
#6855 = DIRECTION('',(0.,-1.,2.22044604925E-16));
#6856 = DIRECTION('',(1.,0.,0.));
#6857 = DEFINITIONAL_REPRESENTATION('',(#6858),#6909);
#6858 = B_SPLINE_CURVE_WITH_KNOTS('',7,(#6859,#6860,#6861,#6862,#6863,
    #6864,#6865,#6866,#6867,#6868,#6869,#6870,#6871,#6872,#6873,#6874,
    #6875,#6876,#6877,#6878,#6879,#6880,#6881,#6882,#6883,#6884,#6885,
    #6886,#6887,#6888,#6889,#6890,#6891,#6892,#6893,#6894,#6895,#6896,
    #6897,#6898,#6899,#6900,#6901,#6902,#6903,#6904,#6905,#6906,#6907,
    #6908),.UNSPECIFIED.,.F.,.F.,(8,6,6,6,6,6,6,6,8),(0.,0.136527260406,
    0.255341813038,0.365949747251,0.501601267955,0.637254268931,
    0.755307986384,0.865207636913,1.),.UNSPECIFIED.);
#6859 = CARTESIAN_POINT('',(0.,10.176339893955));
#6860 = CARTESIAN_POINT('',(0.105586244316,10.176339893955));
#6861 = CARTESIAN_POINT('',(0.21103691258,10.171732569091));
#6862 = CARTESIAN_POINT('',(0.31738202723,10.162537596575));
#6863 = CARTESIAN_POINT('',(0.425512133663,10.149022664472));
#6864 = CARTESIAN_POINT('',(0.536385501536,10.131723991436));
#6865 = CARTESIAN_POINT('',(0.650971484261,10.111672585958));
#6866 = CARTESIAN_POINT('',(0.87466955105,10.072238228074));
#6867 = CARTESIAN_POINT('',(0.985522730327,10.05258443258));
#6868 = CARTESIAN_POINT('',(1.101382495418,10.033207248182));
#6869 = CARTESIAN_POINT('',(1.221257338429,10.01633520362));
#6870 = CARTESIAN_POINT('',(1.344570647416,10.004344770384));
#6871 = CARTESIAN_POINT('',(1.470994594055,9.998807931872));
#6872 = CARTESIAN_POINT('',(1.720932907346,10.001407418526));
#6873 = CARTESIAN_POINT('',(1.838234010257,10.008565211047));
#6874 = CARTESIAN_POINT('',(1.952406120584,10.020943237909));
#6875 = CARTESIAN_POINT('',(2.063292677391,10.037093930845));
#6876 = CARTESIAN_POINT('',(2.170539215943,10.055148724198));
#6877 = CARTESIAN_POINT('',(2.273491578296,10.073396144311));
#6878 = CARTESIAN_POINT('',(2.490615711193,10.111671623777));
#6879 = CARTESIAN_POINT('',(2.605206191108,10.131723841979));
#6880 = CARTESIAN_POINT('',(2.716084831312,10.149023665711));
#6881 = CARTESIAN_POINT('',(2.824217013757,10.162538273118));
#6882 = CARTESIAN_POINT('',(2.930560498491,10.171732669785));
#6883 = CARTESIAN_POINT('',(3.036007561452,10.176339893955));
#6884 = CARTESIAN_POINT('',(3.247178897906,10.176339893955));
#6885 = CARTESIAN_POINT('',(3.35262956617,10.171732569091));
#6886 = CARTESIAN_POINT('',(3.45897468082,10.162537596575));
#6887 = CARTESIAN_POINT('',(3.567104787253,10.149022664472));
#6888 = CARTESIAN_POINT('',(3.677978155126,10.131723991436));
#6889 = CARTESIAN_POINT('',(3.792564137851,10.111672585958));
#6890 = CARTESIAN_POINT('',(4.016262204641,10.072238228074));
#6891 = CARTESIAN_POINT('',(4.127115383915,10.05258443258));
#6892 = CARTESIAN_POINT('',(4.242975149007,10.033207248182));
#6893 = CARTESIAN_POINT('',(4.362849992019,10.01633520362));
#6894 = CARTESIAN_POINT('',(4.486163301008,10.004344770385));
#6895 = CARTESIAN_POINT('',(4.612587247643,9.998807931872));
#6896 = CARTESIAN_POINT('',(4.862525560923,10.001407418525));
#6897 = CARTESIAN_POINT('',(4.97982666386,10.008565211045));
#6898 = CARTESIAN_POINT('',(5.093998774183,10.020943237912));
#6899 = CARTESIAN_POINT('',(5.204885330975,10.037093930844));
#6900 = CARTESIAN_POINT('',(5.312131869516,10.055148724195));
#6901 = CARTESIAN_POINT('',(5.4150842319,10.073396144313));
#6902 = CARTESIAN_POINT('',(5.63221678945,10.11167310891));
#6903 = CARTESIAN_POINT('',(5.746799814748,10.131723985908));
#6904 = CARTESIAN_POINT('',(5.857671846664,10.149022290645));
#6905 = CARTESIAN_POINT('',(5.965803818923,10.162538006365));
#6906 = CARTESIAN_POINT('',(6.072153633106,10.171733238442));
#6907 = CARTESIAN_POINT('',(6.177606714055,10.176339893955));
#6908 = CARTESIAN_POINT('',(6.28318530718,10.176339893955));
#6909 = ( GEOMETRIC_REPRESENTATION_CONTEXT(2) 
PARAMETRIC_REPRESENTATION_CONTEXT() REPRESENTATION_CONTEXT('2D SPACE',''
  ) );
#6910 = FACE_BOUND('',#6911,.T.);
#6911 = EDGE_LOOP('',(#6912));
#6912 = ORIENTED_EDGE('',*,*,#6913,.F.);
#6913 = EDGE_CURVE('',#6914,#6914,#6916,.T.);
#6914 = VERTEX_POINT('',#6915);
#6915 = CARTESIAN_POINT('',(74.65,-19.82366010604,2.991E+03));
#6916 = SURFACE_CURVE('',#6917,(#6968,#7022),.PCURVE_S1.);
#6917 = B_SPLINE_CURVE_WITH_KNOTS('',7,(#6918,#6919,#6920,#6921,#6922,
    #6923,#6924,#6925,#6926,#6927,#6928,#6929,#6930,#6931,#6932,#6933,
    #6934,#6935,#6936,#6937,#6938,#6939,#6940,#6941,#6942,#6943,#6944,
    #6945,#6946,#6947,#6948,#6949,#6950,#6951,#6952,#6953,#6954,#6955,
    #6956,#6957,#6958,#6959,#6960,#6961,#6962,#6963,#6964,#6965,#6966,
    #6967),.UNSPECIFIED.,.T.,.F.,(8,6,6,6,6,6,6,6,8),(0.,0.136527260417,
    0.255341813024,0.36594974721,0.501601267928,0.637254268918,
    0.755307986345,0.865207636919,1.),.UNSPECIFIED.);
#6918 = CARTESIAN_POINT('',(74.65,-19.82366010604,2.991E+03));
#6919 = CARTESIAN_POINT('',(74.65,-19.82366010604,2.991279803547E+03));
#6920 = CARTESIAN_POINT('',(74.615533828509,-19.8282674309,
    2.991559248712E+03));
#6921 = CARTESIAN_POINT('',(74.546752247972,-19.83746240342,
    2.991835964177E+03));
#6922 = CARTESIAN_POINT('',(74.442770935343,-19.85097733552,
    2.992107290689E+03));
#6923 = CARTESIAN_POINT('',(74.301948880951,-19.86827600856,
    2.992369758764E+03));
#6924 = CARTESIAN_POINT('',(74.122173596689,-19.88832741404,
    2.992618438559E+03));
#6925 = CARTESIAN_POINT('',(73.7092582324,-19.92776177192,
    2.993043776773E+03));
#6926 = CARTESIAN_POINT('',(73.480605171881,-19.94741556742,
    2.993231219975E+03));
#6927 = CARTESIAN_POINT('',(73.216446637144,-19.96679275182,
    2.993395888017E+03));
#6928 = CARTESIAN_POINT('',(72.920939859569,-19.98366479637,
    2.993527343942E+03));
#6929 = CARTESIAN_POINT('',(72.600747369689,-19.99565522961,
    2.99361715249E+03));
#6930 = CARTESIAN_POINT('',(72.264335449883,-20.00119206812,
    2.993659000875E+03));
#6931 = CARTESIAN_POINT('',(71.602289793856,-19.99859258147,
    2.99363937364E+03));
#6932 = CARTESIAN_POINT('',(71.292908496601,-19.99143478895,
    2.993585291281E+03));
#6933 = CARTESIAN_POINT('',(71.000589009944,-19.97905676208,
    2.993491092405E+03));
#6934 = CARTESIAN_POINT('',(70.731341544517,-19.96290606915,
    2.993362528487E+03));
#6935 = CARTESIAN_POINT('',(70.489749568945,-19.9448512758,
    2.993206559957E+03));
#6936 = CARTESIAN_POINT('',(70.278617279444,-19.92660385568,
    2.993031287511E+03));
#6937 = CARTESIAN_POINT('',(69.877836478267,-19.88832837622,
    2.992618448937E+03));
#6938 = CARTESIAN_POINT('',(69.698049959387,-19.86827615802,
    2.9923697634E+03));
#6939 = CARTESIAN_POINT('',(69.557221589883,-19.85097633428,
    2.992107280784E+03));
#6940 = CARTESIAN_POINT('',(69.453242648365,-19.83746172688,
    2.991835947523E+03));
#6941 = CARTESIAN_POINT('',(69.384465422487,-19.82826733021,
    2.991559236072E+03));
#6942 = CARTESIAN_POINT('',(69.35,-19.82366010604,2.991279800494E+03));
#6943 = CARTESIAN_POINT('',(69.35,-19.82366010604,2.990720196453E+03));
#6944 = CARTESIAN_POINT('',(69.384466171491,-19.8282674309,
    2.990440751288E+03));
#6945 = CARTESIAN_POINT('',(69.453247752028,-19.83746240342,
    2.990164035823E+03));
#6946 = CARTESIAN_POINT('',(69.557229064657,-19.85097733552,
    2.989892709311E+03));
#6947 = CARTESIAN_POINT('',(69.698051119049,-19.86827600856,
    2.989630241236E+03));
#6948 = CARTESIAN_POINT('',(69.877826403311,-19.88832741404,
    2.989381561441E+03));
#6949 = CARTESIAN_POINT('',(70.2907417676,-19.92776177192,
    2.988956223227E+03));
#6950 = CARTESIAN_POINT('',(70.51939482812,-19.94741556742,
    2.988768780025E+03));
#6951 = CARTESIAN_POINT('',(70.783553362855,-19.96679275182,
    2.988604111983E+03));
#6952 = CARTESIAN_POINT('',(71.079060140433,-19.98366479637,
    2.988472656058E+03));
#6953 = CARTESIAN_POINT('',(71.399252630309,-19.99565522961,
    2.98838284751E+03));
#6954 = CARTESIAN_POINT('',(71.735664550117,-20.00119206812,
    2.988340999125E+03));
#6955 = CARTESIAN_POINT('',(72.397710206313,-19.99859258147,
    2.98836062636E+03));
#6956 = CARTESIAN_POINT('',(72.707091503231,-19.99143478895,
    2.988414708719E+03));
#6957 = CARTESIAN_POINT('',(72.999410989934,-19.97905676209,
    2.988508907594E+03));
#6958 = CARTESIAN_POINT('',(73.268658455619,-19.96290606915,
    2.988637471513E+03));
#6959 = CARTESIAN_POINT('',(73.510250431168,-19.94485127579,
    2.988793440043E+03));
#6960 = CARTESIAN_POINT('',(73.721382720437,-19.92660385569,
    2.988968712489E+03));
#6961 = CARTESIAN_POINT('',(74.12217907249,-19.88832689109,
    2.989381567082E+03));
#6962 = CARTESIAN_POINT('',(74.301947345406,-19.86827601409,
    2.989630242741E+03));
#6963 = CARTESIAN_POINT('',(74.442769069203,-19.85097770935,
    2.989892705563E+03));
#6964 = CARTESIAN_POINT('',(74.546755263779,-19.83746199363,
    2.990164036221E+03));
#6965 = CARTESIAN_POINT('',(74.615538848887,-19.82826676155,
    2.990440765161E+03));
#6966 = CARTESIAN_POINT('',(74.65,-19.82366010604,2.990720216728E+03));
#6967 = CARTESIAN_POINT('',(74.65,-19.82366010604,2.991E+03));
#6968 = PCURVE('',#6665,#6969);
#6969 = DEFINITIONAL_REPRESENTATION('',(#6970),#7021);
#6970 = B_SPLINE_CURVE_WITH_KNOTS('',7,(#6971,#6972,#6973,#6974,#6975,
    #6976,#6977,#6978,#6979,#6980,#6981,#6982,#6983,#6984,#6985,#6986,
    #6987,#6988,#6989,#6990,#6991,#6992,#6993,#6994,#6995,#6996,#6997,
    #6998,#6999,#7000,#7001,#7002,#7003,#7004,#7005,#7006,#7007,#7008,
    #7009,#7010,#7011,#7012,#7013,#7014,#7015,#7016,#7017,#7018,#7019,
    #7020),.UNSPECIFIED.,.T.,.F.,(8,6,6,6,6,6,6,6,8),(0.,0.136527260417,
    0.255341813024,0.36594974721,0.501601267928,0.637254268918,
    0.755307986345,0.865207636919,1.),.UNSPECIFIED.);
#6971 = CARTESIAN_POINT('',(4.845279776257,40.));
#6972 = CARTESIAN_POINT('',(4.845279776257,40.279803547438));
#6973 = CARTESIAN_POINT('',(4.843541139287,40.55924871225));
#6974 = CARTESIAN_POINT('',(4.840071461615,40.835964177315));
#6975 = CARTESIAN_POINT('',(4.834828713722,41.107290688968));
#6976 = CARTESIAN_POINT('',(4.827735048928,41.369758763988));
#6977 = CARTESIAN_POINT('',(4.818691683688,41.618438558887));
#6978 = CARTESIAN_POINT('',(4.797951977407,42.043776772544));
#6979 = CARTESIAN_POINT('',(4.786477692957,42.231219974966));
#6980 = CARTESIAN_POINT('',(4.773235961786,42.395888016872));
#6981 = CARTESIAN_POINT('',(4.758440580184,42.527343941884));
#6982 = CARTESIAN_POINT('',(4.742425265369,42.617152490026));
#6983 = CARTESIAN_POINT('',(4.725605874938,42.659000875149));
#6984 = CARTESIAN_POINT('',(4.692503336969,42.639373639625));
#6985 = CARTESIAN_POINT('',(4.677032981497,42.585291281032));
#6986 = CARTESIAN_POINT('',(4.6624080766,42.491092405485));
#6987 = CARTESIAN_POINT('',(4.648924471604,42.362528487373));
#6988 = CARTESIAN_POINT('',(4.63681253508,42.206559957447));
#6989 = CARTESIAN_POINT('',(4.626217000639,42.031287510627));
#6990 = CARTESIAN_POINT('',(4.606086783121,41.618448936955));
#6991 = CARTESIAN_POINT('',(4.597042854874,41.36976339987));
#6992 = CARTESIAN_POINT('',(4.589948870325,41.107280783696));
#6993 = CARTESIAN_POINT('',(4.584706241553,40.83594752324));
#6994 = CARTESIAN_POINT('',(4.581236783747,40.559236071904));
#6995 = CARTESIAN_POINT('',(4.579498184513,40.279800494166));
#6996 = CARTESIAN_POINT('',(4.579498184513,39.720196452562));
#6997 = CARTESIAN_POINT('',(4.581236821482,39.440751287748));
#6998 = CARTESIAN_POINT('',(4.584706499154,39.164035822688));
#6999 = CARTESIAN_POINT('',(4.589949247047,38.89270931103));
#7000 = CARTESIAN_POINT('',(4.597042911842,38.630241236012));
#7001 = CARTESIAN_POINT('',(4.606086277081,38.381561441113));
#7002 = CARTESIAN_POINT('',(4.626825983362,37.956223227456));
#7003 = CARTESIAN_POINT('',(4.638300267813,37.768780025034));
#7004 = CARTESIAN_POINT('',(4.651541998983,37.604111983128));
#7005 = CARTESIAN_POINT('',(4.666337380586,37.472656058116));
#7006 = CARTESIAN_POINT('',(4.6823526954,37.382847509974));
#7007 = CARTESIAN_POINT('',(4.699172085832,37.340999124851));
#7008 = CARTESIAN_POINT('',(4.732274623809,37.36062636038));
#7009 = CARTESIAN_POINT('',(4.747744979264,37.414708719008));
#7010 = CARTESIAN_POINT('',(4.762369884163,37.508907594407));
#7011 = CARTESIAN_POINT('',(4.775853489172,37.637471512629));
#7012 = CARTESIAN_POINT('',(4.787965425696,37.793440042724));
#7013 = CARTESIAN_POINT('',(4.798560960125,37.96871248925));
#7014 = CARTESIAN_POINT('',(4.818691958724,38.381567081658));
#7015 = CARTESIAN_POINT('',(4.827734972515,38.630242740646));
#7016 = CARTESIAN_POINT('',(4.834828619014,38.89270556306));
#7017 = CARTESIAN_POINT('',(4.840071613656,39.164036220839));
#7018 = CARTESIAN_POINT('',(4.843541392564,39.440765161053));
#7019 = CARTESIAN_POINT('',(4.845279776257,39.720216728219));
#7020 = CARTESIAN_POINT('',(4.845279776257,40.));
#7021 = ( GEOMETRIC_REPRESENTATION_CONTEXT(2) 
PARAMETRIC_REPRESENTATION_CONTEXT() REPRESENTATION_CONTEXT('2D SPACE',''
  ) );
#7022 = PCURVE('',#7023,#7028);
#7023 = CYLINDRICAL_SURFACE('',#7024,2.65);
#7024 = AXIS2_PLACEMENT_3D('',#7025,#7026,#7027);
#7025 = CARTESIAN_POINT('',(72.,30.,2.991E+03));
#7026 = DIRECTION('',(0.,-1.,2.22044604925E-16));
#7027 = DIRECTION('',(1.,0.,0.));
#7028 = DEFINITIONAL_REPRESENTATION('',(#7029),#7080);
#7029 = B_SPLINE_CURVE_WITH_KNOTS('',7,(#7030,#7031,#7032,#7033,#7034,
    #7035,#7036,#7037,#7038,#7039,#7040,#7041,#7042,#7043,#7044,#7045,
    #7046,#7047,#7048,#7049,#7050,#7051,#7052,#7053,#7054,#7055,#7056,
    #7057,#7058,#7059,#7060,#7061,#7062,#7063,#7064,#7065,#7066,#7067,
    #7068,#7069,#7070,#7071,#7072,#7073,#7074,#7075,#7076,#7077,#7078,
    #7079),.UNSPECIFIED.,.F.,.F.,(8,6,6,6,6,6,6,6,8),(0.,0.136527260417,
    0.255341813024,0.36594974721,0.501601267928,0.637254268918,
    0.755307986345,0.865207636919,1.),.UNSPECIFIED.);
#7030 = CARTESIAN_POINT('',(0.,49.823660106045));
#7031 = CARTESIAN_POINT('',(0.105586244316,49.823660106045));
#7032 = CARTESIAN_POINT('',(0.21103691258,49.828267430909));
#7033 = CARTESIAN_POINT('',(0.317382027231,49.837462403426));
#7034 = CARTESIAN_POINT('',(0.425512133662,49.850977335528));
#7035 = CARTESIAN_POINT('',(0.536385501536,49.868276008564));
#7036 = CARTESIAN_POINT('',(0.650971484261,49.888327414042));
#7037 = CARTESIAN_POINT('',(0.874669551019,49.92776177192));
#7038 = CARTESIAN_POINT('',(0.985522730363,49.947415567427));
#7039 = CARTESIAN_POINT('',(1.101382495433,49.966792751821));
#7040 = CARTESIAN_POINT('',(1.221257338409,49.983664796371));
#7041 = CARTESIAN_POINT('',(1.344570647384,49.995655229619));
#7042 = CARTESIAN_POINT('',(1.470994594086,50.001192068127));
#7043 = CARTESIAN_POINT('',(1.720932907313,49.998592581475));
#7044 = CARTESIAN_POINT('',(1.83823401029,49.991434788957));
#7045 = CARTESIAN_POINT('',(1.952406120607,49.979056762082));
#7046 = CARTESIAN_POINT('',(2.063292677375,49.962906069159));
#7047 = CARTESIAN_POINT('',(2.170539215902,49.944851275809));
#7048 = CARTESIAN_POINT('',(2.273491578331,49.926603855683));
#7049 = CARTESIAN_POINT('',(2.490615711193,49.888328376223));
#7050 = CARTESIAN_POINT('',(2.605206191108,49.868276158021));
#7051 = CARTESIAN_POINT('',(2.716084831313,49.850976334289));
#7052 = CARTESIAN_POINT('',(2.824217013756,49.837461726882));
#7053 = CARTESIAN_POINT('',(2.930560498492,49.828267330215));
#7054 = CARTESIAN_POINT('',(3.036007561452,49.823660106045));
#7055 = CARTESIAN_POINT('',(3.247178897906,49.823660106045));
#7056 = CARTESIAN_POINT('',(3.35262956617,49.828267430909));
#7057 = CARTESIAN_POINT('',(3.45897468082,49.837462403426));
#7058 = CARTESIAN_POINT('',(3.567104787252,49.850977335528));
#7059 = CARTESIAN_POINT('',(3.677978155126,49.868276008564));
#7060 = CARTESIAN_POINT('',(3.792564137851,49.888327414042));
#7061 = CARTESIAN_POINT('',(4.016262204608,49.92776177192));
#7062 = CARTESIAN_POINT('',(4.127115383954,49.947415567427));
#7063 = CARTESIAN_POINT('',(4.242975149022,49.966792751821));
#7064 = CARTESIAN_POINT('',(4.362849992,49.983664796371));
#7065 = CARTESIAN_POINT('',(4.486163300973,49.995655229619));
#7066 = CARTESIAN_POINT('',(4.612587247676,50.001192068127));
#7067 = CARTESIAN_POINT('',(4.862525560966,49.998592581474));
#7068 = CARTESIAN_POINT('',(4.979826663817,49.991434788951));
#7069 = CARTESIAN_POINT('',(5.093998774153,49.979056762099));
#7070 = CARTESIAN_POINT('',(5.204885330997,49.962906069152));
#7071 = CARTESIAN_POINT('',(5.312131869568,49.944851275796));
#7072 = CARTESIAN_POINT('',(5.415084231856,49.926603855694));
#7073 = CARTESIAN_POINT('',(5.63221678945,49.88832689109));
#7074 = CARTESIAN_POINT('',(5.746799814748,49.868276014092));
#7075 = CARTESIAN_POINT('',(5.857671846665,49.850977709355));
#7076 = CARTESIAN_POINT('',(5.965803818922,49.837461993635));
#7077 = CARTESIAN_POINT('',(6.072153633106,49.828266761558));
#7078 = CARTESIAN_POINT('',(6.177606714055,49.823660106045));
#7079 = CARTESIAN_POINT('',(6.28318530718,49.823660106045));
#7080 = ( GEOMETRIC_REPRESENTATION_CONTEXT(2) 
PARAMETRIC_REPRESENTATION_CONTEXT() REPRESENTATION_CONTEXT('2D SPACE',''
  ) );
#7081 = FACE_BOUND('',#7082,.T.);
#7082 = EDGE_LOOP('',(#7083));
#7083 = ORIENTED_EDGE('',*,*,#7084,.T.);
#7084 = EDGE_CURVE('',#7085,#7085,#7087,.T.);
#7085 = VERTEX_POINT('',#7086);
#7086 = CARTESIAN_POINT('',(75.25,19.734170871866,3.071E+03));
#7087 = SURFACE_CURVE('',#7088,(#7154,#7223),.PCURVE_S1.);
#7088 = B_SPLINE_CURVE_WITH_KNOTS('',8,(#7089,#7090,#7091,#7092,#7093,
    #7094,#7095,#7096,#7097,#7098,#7099,#7100,#7101,#7102,#7103,#7104,
    #7105,#7106,#7107,#7108,#7109,#7110,#7111,#7112,#7113,#7114,#7115,
    #7116,#7117,#7118,#7119,#7120,#7121,#7122,#7123,#7124,#7125,#7126,
    #7127,#7128,#7129,#7130,#7131,#7132,#7133,#7134,#7135,#7136,#7137,
    #7138,#7139,#7140,#7141,#7142,#7143,#7144,#7145,#7146,#7147,#7148,
    #7149,#7150,#7151,#7152,#7153),.UNSPECIFIED.,.T.,.F.,(9,7,7,7,7,7,7,
    7,7,9),(0.,9.93358546622E-02,0.197233669934,0.288261377773,
    0.392831118072,0.601575193932,0.706298043624,0.797459033278,
    0.895500190009,1.),.UNSPECIFIED.);
#7089 = CARTESIAN_POINT('',(75.25,19.734170871866,3.071E+03));
#7090 = CARTESIAN_POINT('',(75.25,19.734170871866,3.071235629396E+03));
#7091 = CARTESIAN_POINT('',(75.230476474705,19.737386067497,
    3.071471246359E+03));
#7092 = CARTESIAN_POINT('',(75.191431174669,19.743816685063,
    3.071704969334E+03));
#7093 = CARTESIAN_POINT('',(75.133086848058,19.753314102448,
    3.071934918519E+03));
#7094 = CARTESIAN_POINT('',(75.055877743893,19.765585003609,
    3.072159246743E+03));
#7095 = CARTESIAN_POINT('',(74.960445494262,19.78020826446,
    3.072376165658E+03));
#7096 = CARTESIAN_POINT('',(74.847640375533,19.796664570152,
    3.072583967246E+03));
#7097 = CARTESIAN_POINT('',(74.591284622639,19.831836517116,
    3.072975261111E+03));
#7098 = CARTESIAN_POINT('',(74.445199338371,19.850927904562,
    3.073163647188E+03));
#7099 = CARTESIAN_POINT('',(74.279695727421,19.871242498586,
    3.073344237213E+03));
#7100 = CARTESIAN_POINT('',(74.09431750575,19.892230007452,
    3.073514774693E+03));
#7101 = CARTESIAN_POINT('',(73.888773632606,19.913191282519,
    3.073672680478E+03));
#7102 = CARTESIAN_POINT('',(73.6630082002,19.93327167209,
    3.073815006276E+03));
#7103 = CARTESIAN_POINT('',(73.417308646419,19.951481437919,
    3.073938361177E+03));
#7104 = CARTESIAN_POINT('',(72.906208807234,19.980981712018,
    3.074132195779E+03));
#7105 = CARTESIAN_POINT('',(72.64276139784,19.992704686486,
    3.074206021511E+03));
#7106 = CARTESIAN_POINT('',(72.366781636455,20.000829397038,
    3.074255342989E+03));
#7107 = CARTESIAN_POINT('',(72.083684565908,20.004484023235,
    3.074277087482E+03));
#7108 = CARTESIAN_POINT('',(71.799310556373,20.003276785153,
    3.074270013976E+03));
#7109 = CARTESIAN_POINT('',(71.519564162875,19.997396604526,
    3.074234703974E+03));
#7110 = CARTESIAN_POINT('',(71.250045338564,19.987556773201,
    3.074173577188E+03));
#7111 = CARTESIAN_POINT('',(70.70350490971,19.960077435159,
    3.073995995438E+03));
#7112 = CARTESIAN_POINT('',(70.432329791917,19.941545962605,
    3.073872986175E+03));
#7113 = CARTESIAN_POINT('',(70.18350448864,19.920459778837,
    3.0737268342E+03));
#7114 = CARTESIAN_POINT('',(69.957643545907,19.898070101801,
    3.073561794355E+03));
#7115 = CARTESIAN_POINT('',(69.754866287482,19.875471048219,
    3.073381592831E+03));
#7116 = CARTESIAN_POINT('',(69.574942143741,19.853557326821,
    3.073189519887E+03));
#7117 = CARTESIAN_POINT('',(69.417378311399,19.833025069559,
    3.072988483958E+03));
#7118 = CARTESIAN_POINT('',(69.010173427679,19.777156658525,
    3.072366938426E+03));
#7119 = CARTESIAN_POINT('',(68.82288809083,19.747136050844,
    3.071923809829E+03));
#7120 = CARTESIAN_POINT('',(68.712913357896,19.728051924469,
    3.07146558737E+03));
#7121 = CARTESIAN_POINT('',(68.676528994039,19.72150059785,
    3.071000297488E+03));
#7122 = CARTESIAN_POINT('',(68.71269368091,19.728006284007,
    3.070534694986E+03));
#7123 = CARTESIAN_POINT('',(68.822829388177,19.74714048222,
    3.070075822419E+03));
#7124 = CARTESIAN_POINT('',(69.010570078225,19.777211078883,
    3.069632456138E+03));
#7125 = CARTESIAN_POINT('',(69.41737831136,19.833025069554,
    3.069011516042E+03));
#7126 = CARTESIAN_POINT('',(69.574942143719,19.853557326818,
    3.068810480113E+03));
#7127 = CARTESIAN_POINT('',(69.754866287506,19.875471048222,
    3.068618407169E+03));
#7128 = CARTESIAN_POINT('',(69.957643545959,19.898070101807,
    3.068438205645E+03));
#7129 = CARTESIAN_POINT('',(70.183504488672,19.920459778839,
    3.0682731658E+03));
#7130 = CARTESIAN_POINT('',(70.432329791893,19.941545962602,
    3.068127013825E+03));
#7131 = CARTESIAN_POINT('',(70.703504909644,19.960077435156,
    3.068004004562E+03));
#7132 = CARTESIAN_POINT('',(71.250045339896,19.987556773268,
    3.067826422812E+03));
#7133 = CARTESIAN_POINT('',(71.519564160579,19.997396604371,
    3.067765296027E+03));
#7134 = CARTESIAN_POINT('',(71.799310556413,20.003276785293,
    3.067729986023E+03));
#7135 = CARTESIAN_POINT('',(72.083684568001,20.004484023229,
    3.067722912518E+03));
#7136 = CARTESIAN_POINT('',(72.366781636422,20.000829396897,
    3.067744657011E+03));
#7137 = CARTESIAN_POINT('',(72.642761395661,19.992704686652,
    3.067793978488E+03));
#7138 = CARTESIAN_POINT('',(72.906208808501,19.980981711945,
    3.067867804222E+03));
#7139 = CARTESIAN_POINT('',(73.417308646419,19.95148143792,
    3.068061638823E+03));
#7140 = CARTESIAN_POINT('',(73.663008200201,19.93327167209,
    3.068184993724E+03));
#7141 = CARTESIAN_POINT('',(73.888773632605,19.913191282519,
    3.068327319522E+03));
#7142 = CARTESIAN_POINT('',(74.09431750575,19.892230007452,
    3.068485225307E+03));
#7143 = CARTESIAN_POINT('',(74.279695727421,19.871242498586,
    3.068655762787E+03));
#7144 = CARTESIAN_POINT('',(74.445199338371,19.850927904562,
    3.068836352812E+03));
#7145 = CARTESIAN_POINT('',(74.591284622639,19.831836517116,
    3.069024738889E+03));
#7146 = CARTESIAN_POINT('',(74.854153677786,19.795770946666,
    3.069425974467E+03));
#7147 = CARTESIAN_POINT('',(74.968875099953,19.778950168482,
    3.069640384186E+03));
#7148 = CARTESIAN_POINT('',(75.063407924273,19.764397764816,
    3.0698603534E+03));
#7149 = CARTESIAN_POINT('',(75.138370924132,19.752454240702,
    3.070084420953E+03));
#7150 = CARTESIAN_POINT('',(75.194257676339,19.743350857607,
    3.070311393058E+03));
#7151 = CARTESIAN_POINT('',(75.231410986434,19.737232364349,
    3.070540252031E+03));
#7152 = CARTESIAN_POINT('',(75.25,19.734170871866,3.070770080343E+03));
#7153 = CARTESIAN_POINT('',(75.25,19.734170871866,3.071E+03));
#7154 = PCURVE('',#6665,#7155);
#7155 = DEFINITIONAL_REPRESENTATION('',(#7156),#7222);
#7156 = B_SPLINE_CURVE_WITH_KNOTS('',8,(#7157,#7158,#7159,#7160,#7161,
    #7162,#7163,#7164,#7165,#7166,#7167,#7168,#7169,#7170,#7171,#7172,
    #7173,#7174,#7175,#7176,#7177,#7178,#7179,#7180,#7181,#7182,#7183,
    #7184,#7185,#7186,#7187,#7188,#7189,#7190,#7191,#7192,#7193,#7194,
    #7195,#7196,#7197,#7198,#7199,#7200,#7201,#7202,#7203,#7204,#7205,
    #7206,#7207,#7208,#7209,#7210,#7211,#7212,#7213,#7214,#7215,#7216,
    #7217,#7218,#7219,#7220,#7221),.UNSPECIFIED.,.T.,.F.,(9,7,7,7,7,7,7,
    7,7,9),(0.,9.93358546622E-02,0.197233669934,0.288261377773,
    0.392831118072,0.601575193932,0.706298043624,0.797459033278,
    0.895500190009,1.),.UNSPECIFIED.);
#7157 = CARTESIAN_POINT('',(1.407572523278,120.));
#7158 = CARTESIAN_POINT('',(1.407572523278,120.23562939587));
#7159 = CARTESIAN_POINT('',(1.408561844869,120.47124635937));
#7160 = CARTESIAN_POINT('',(1.410540418381,120.70496933391));
#7161 = CARTESIAN_POINT('',(1.413496023755,120.93491851886));
#7162 = CARTESIAN_POINT('',(1.417404860352,121.15924674337));
#7163 = CARTESIAN_POINT('',(1.422232003903,121.37616565826));
#7164 = CARTESIAN_POINT('',(1.427931750587,121.58396724604));
#7165 = CARTESIAN_POINT('',(1.440869615354,121.97526111092));
#7166 = CARTESIAN_POINT('',(1.448235840779,122.16364718811));
#7167 = CARTESIAN_POINT('',(1.456572681374,122.34423721254));
#7168 = CARTESIAN_POINT('',(1.465899923423,122.51477469329));
#7169 = CARTESIAN_POINT('',(1.476228956988,122.67268047778));
#7170 = CARTESIAN_POINT('',(1.487559888854,122.81500627598));
#7171 = CARTESIAN_POINT('',(1.499876917786,122.93836117717));
#7172 = CARTESIAN_POINT('',(1.525474442656,123.13219577861));
#7173 = CARTESIAN_POINT('',(1.538658700659,123.20602151121));
#7174 = CARTESIAN_POINT('',(1.552461033943,123.25534298944));
#7175 = CARTESIAN_POINT('',(1.566613110921,123.27708748247));
#7176 = CARTESIAN_POINT('',(1.580827894756,123.27001397636));
#7177 = CARTESIAN_POINT('',(1.594815476334,123.23470397374));
#7178 = CARTESIAN_POINT('',(1.608299122947,123.17357718799));
#7179 = CARTESIAN_POINT('',(1.635660663218,122.99599543787));
#7180 = CARTESIAN_POINT('',(1.649248839484,122.87298617542));
#7181 = CARTESIAN_POINT('',(1.661732130919,122.72683420004));
#7182 = CARTESIAN_POINT('',(1.67307858748,122.56179435491));
#7183 = CARTESIAN_POINT('',(1.683279086356,122.38159283133));
#7184 = CARTESIAN_POINT('',(1.69234121404,122.18951988724));
#7185 = CARTESIAN_POINT('',(1.700285833813,121.98848395809));
#7186 = CARTESIAN_POINT('',(1.720836812906,121.36693842635));
#7187 = CARTESIAN_POINT('',(1.730318201987,120.92380982886));
#7188 = CARTESIAN_POINT('',(1.735899498647,120.46558736984));
#7189 = CARTESIAN_POINT('',(1.737748056274,120.00029748753));
#7190 = CARTESIAN_POINT('',(1.735910696218,119.53469498556));
#7191 = CARTESIAN_POINT('',(1.730321075284,119.07582241863));
#7192 = CARTESIAN_POINT('',(1.720816794587,118.63245613794));
#7193 = CARTESIAN_POINT('',(1.700285833815,118.01151604196));
#7194 = CARTESIAN_POINT('',(1.692341214041,117.81048011276));
#7195 = CARTESIAN_POINT('',(1.683279086354,117.61840716862));
#7196 = CARTESIAN_POINT('',(1.673078587478,117.43820564505));
#7197 = CARTESIAN_POINT('',(1.661732130917,117.27316579994));
#7198 = CARTESIAN_POINT('',(1.649248839485,117.12701382459));
#7199 = CARTESIAN_POINT('',(1.635660663221,117.00400456215));
#7200 = CARTESIAN_POINT('',(1.608299122881,116.82642281157));
#7201 = CARTESIAN_POINT('',(1.594815476449,116.76529602726));
#7202 = CARTESIAN_POINT('',(1.580827894754,116.72998602271));
#7203 = CARTESIAN_POINT('',(1.566613110816,116.72291251757));
#7204 = CARTESIAN_POINT('',(1.552461033945,116.74465701147));
#7205 = CARTESIAN_POINT('',(1.538658700768,116.79397848769));
#7206 = CARTESIAN_POINT('',(1.525474442593,116.86780422186));
#7207 = CARTESIAN_POINT('',(1.499876917786,117.06163882282));
#7208 = CARTESIAN_POINT('',(1.487559888854,117.18499372401));
#7209 = CARTESIAN_POINT('',(1.476228956988,117.32731952221));
#7210 = CARTESIAN_POINT('',(1.465899923423,117.4852253067));
#7211 = CARTESIAN_POINT('',(1.456572681374,117.65576278745));
#7212 = CARTESIAN_POINT('',(1.448235840779,117.83635281188));
#7213 = CARTESIAN_POINT('',(1.440869615354,118.02473888907));
#7214 = CARTESIAN_POINT('',(1.427603034641,118.42597446652));
#7215 = CARTESIAN_POINT('',(1.42180587808,118.6403841863));
#7216 = CARTESIAN_POINT('',(1.417023721355,118.86035339984));
#7217 = CARTESIAN_POINT('',(1.413228342955,119.08442095279));
#7218 = CARTESIAN_POINT('',(1.41039717883,119.31139305845));
#7219 = CARTESIAN_POINT('',(1.408514496754,119.5402520313));
#7220 = CARTESIAN_POINT('',(1.407572523278,119.7700803429));
#7221 = CARTESIAN_POINT('',(1.407572523278,120.));
#7222 = ( GEOMETRIC_REPRESENTATION_CONTEXT(2) 
PARAMETRIC_REPRESENTATION_CONTEXT() REPRESENTATION_CONTEXT('2D SPACE',''
  ) );
#7223 = PCURVE('',#7224,#7229);
#7224 = CYLINDRICAL_SURFACE('',#7225,3.25);
#7225 = AXIS2_PLACEMENT_3D('',#7226,#7227,#7228);
#7226 = CARTESIAN_POINT('',(72.,30.,3.071E+03));
#7227 = DIRECTION('',(0.,-1.,2.22044604925E-16));
#7228 = DIRECTION('',(1.,0.,0.));
#7229 = DEFINITIONAL_REPRESENTATION('',(#7230),#7296);
#7230 = B_SPLINE_CURVE_WITH_KNOTS('',8,(#7231,#7232,#7233,#7234,#7235,
    #7236,#7237,#7238,#7239,#7240,#7241,#7242,#7243,#7244,#7245,#7246,
    #7247,#7248,#7249,#7250,#7251,#7252,#7253,#7254,#7255,#7256,#7257,
    #7258,#7259,#7260,#7261,#7262,#7263,#7264,#7265,#7266,#7267,#7268,
    #7269,#7270,#7271,#7272,#7273,#7274,#7275,#7276,#7277,#7278,#7279,
    #7280,#7281,#7282,#7283,#7284,#7285,#7286,#7287,#7288,#7289,#7290,
    #7291,#7292,#7293,#7294,#7295),.UNSPECIFIED.,.F.,.F.,(9,7,7,7,7,7,7,
    7,7,9),(0.,9.93358546622E-02,0.197233669934,0.288261377773,
    0.392831118072,0.601575193932,0.706298043624,0.797459033278,
    0.895500190009,1.),.UNSPECIFIED.);
#7231 = CARTESIAN_POINT('',(0.,10.265829128134));
#7232 = CARTESIAN_POINT('',(7.250135257541E-02,10.265829128134));
#7233 = CARTESIAN_POINT('',(0.144998786932,10.262613932503));
#7234 = CARTESIAN_POINT('',(0.217494485457,10.256183314937));
#7235 = CARTESIAN_POINT('',(0.289989940641,10.246685897552));
#7236 = CARTESIAN_POINT('',(0.362487583311,10.234414996391));
#7237 = CARTESIAN_POINT('',(0.434989558138,10.21979173554));
#7238 = CARTESIAN_POINT('',(0.507493646406,10.203335429848));
#7239 = CARTESIAN_POINT('',(0.651429582428,10.168163482884));
#7240 = CARTESIAN_POINT('',(0.724548236473,10.149072095438));
#7241 = CARTESIAN_POINT('',(0.799490741405,10.128757501414));
#7242 = CARTESIAN_POINT('',(0.876417238301,10.107769992548));
#7243 = CARTESIAN_POINT('',(0.955515311765,10.086808717481));
#7244 = CARTESIAN_POINT('',(1.037004887237,10.06672832791));
#7245 = CARTESIAN_POINT('',(1.121151213849,10.048518562081));
#7246 = CARTESIAN_POINT('',(1.289342397917,10.019018287982));
#7247 = CARTESIAN_POINT('',(1.373190599781,10.007295313514));
#7248 = CARTESIAN_POINT('',(1.458781400777,9.999170602962));
#7249 = CARTESIAN_POINT('',(1.545270044112,9.995515976765));
#7250 = CARTESIAN_POINT('',(1.631914848132,9.996723214847));
#7251 = CARTESIAN_POINT('',(1.717984272587,10.002603395474));
#7252 = CARTESIAN_POINT('',(1.802666356349,10.012443226799));
#7253 = CARTESIAN_POINT('',(1.97948685326,10.039922564841));
#7254 = CARTESIAN_POINT('',(2.07053768911,10.058454037395));
#7255 = CARTESIAN_POINT('',(2.158535219909,10.079540221163));
#7256 = CARTESIAN_POINT('',(2.24378684301,10.101929898199));
#7257 = CARTESIAN_POINT('',(2.326538122827,10.124528951781));
#7258 = CARTESIAN_POINT('',(2.406989235258,10.146442673179));
#7259 = CARTESIAN_POINT('',(2.485299097932,10.166974930441));
#7260 = CARTESIAN_POINT('',(2.713932219792,10.222843341475));
#7261 = CARTESIAN_POINT('',(2.859563957209,10.252863949156));
#7262 = CARTESIAN_POINT('',(3.001420114322,10.271948075531));
#7263 = CARTESIAN_POINT('',(3.141507638801,10.278499402151));
#7264 = CARTESIAN_POINT('',(3.281679160659,10.271993715993));
#7265 = CARTESIAN_POINT('',(3.42370602468,10.25285951778));
#7266 = CARTESIAN_POINT('',(3.56947579457,10.222788921117));
#7267 = CARTESIAN_POINT('',(3.797886209226,10.166974930446));
#7268 = CARTESIAN_POINT('',(3.876196071916,10.146442673182));
#7269 = CARTESIAN_POINT('',(3.956647184366,10.124528951778));
#7270 = CARTESIAN_POINT('',(4.039398464188,10.101929898193));
#7271 = CARTESIAN_POINT('',(4.12465008728,10.079540221161));
#7272 = CARTESIAN_POINT('',(4.212647618061,10.058454037398));
#7273 = CARTESIAN_POINT('',(4.303698453899,10.039922564844));
#7274 = CARTESIAN_POINT('',(4.480518951261,10.012443226732));
#7275 = CARTESIAN_POINT('',(4.565201033859,10.002603395629));
#7276 = CARTESIAN_POINT('',(4.651270459052,9.996723214707));
#7277 = CARTESIAN_POINT('',(4.737915263742,9.995515976771));
#7278 = CARTESIAN_POINT('',(4.824403906397,9.999170603103));
#7279 = CARTESIAN_POINT('',(4.909994706687,10.007295313348));
#7280 = CARTESIAN_POINT('',(4.99384290968,10.019018288055));
#7281 = CARTESIAN_POINT('',(5.162034093331,10.04851856208));
#7282 = CARTESIAN_POINT('',(5.246180419943,10.06672832791));
#7283 = CARTESIAN_POINT('',(5.327669995414,10.086808717481));
#7284 = CARTESIAN_POINT('',(5.406768068878,10.107769992548));
#7285 = CARTESIAN_POINT('',(5.483694565775,10.128757501414));
#7286 = CARTESIAN_POINT('',(5.558637070706,10.149072095438));
#7287 = CARTESIAN_POINT('',(5.631755724751,10.168163482884));
#7288 = CARTESIAN_POINT('',(5.779348681323,10.204229053334));
#7289 = CARTESIAN_POINT('',(5.853877130547,10.221049831518));
#7290 = CARTESIAN_POINT('',(5.92710362407,10.235602235184));
#7291 = CARTESIAN_POINT('',(5.99931239202,10.247545759298));
#7292 = CARTESIAN_POINT('',(6.070767267827,10.256649142393));
#7293 = CARTESIAN_POINT('',(6.141724085722,10.262767635651));
#7294 = CARTESIAN_POINT('',(6.212440797305,10.265829128134));
#7295 = CARTESIAN_POINT('',(6.28318530718,10.265829128134));
#7296 = ( GEOMETRIC_REPRESENTATION_CONTEXT(2) 
PARAMETRIC_REPRESENTATION_CONTEXT() REPRESENTATION_CONTEXT('2D SPACE',''
  ) );
#7297 = FACE_BOUND('',#7298,.T.);
#7298 = EDGE_LOOP('',(#7299));
#7299 = ORIENTED_EDGE('',*,*,#7300,.F.);
#7300 = EDGE_CURVE('',#7301,#7301,#7303,.T.);
#7301 = VERTEX_POINT('',#7302);
#7302 = CARTESIAN_POINT('',(75.25,-19.73417087186,3.071E+03));
#7303 = SURFACE_CURVE('',#7304,(#7370,#7439),.PCURVE_S1.);
#7304 = B_SPLINE_CURVE_WITH_KNOTS('',8,(#7305,#7306,#7307,#7308,#7309,
    #7310,#7311,#7312,#7313,#7314,#7315,#7316,#7317,#7318,#7319,#7320,
    #7321,#7322,#7323,#7324,#7325,#7326,#7327,#7328,#7329,#7330,#7331,
    #7332,#7333,#7334,#7335,#7336,#7337,#7338,#7339,#7340,#7341,#7342,
    #7343,#7344,#7345,#7346,#7347,#7348,#7349,#7350,#7351,#7352,#7353,
    #7354,#7355,#7356,#7357,#7358,#7359,#7360,#7361,#7362,#7363,#7364,
    #7365,#7366,#7367,#7368,#7369),.UNSPECIFIED.,.T.,.F.,(9,7,7,7,7,7,7,
    7,7,9),(0.,9.933585463093E-02,0.197233669872,0.288261377681,
    0.392831117971,0.60157519387,0.706298043581,0.797459033252,
    0.895500189998,1.),.UNSPECIFIED.);
#7305 = CARTESIAN_POINT('',(75.25,-19.73417087186,3.071E+03));
#7306 = CARTESIAN_POINT('',(75.25,-19.73417087186,3.071235629396E+03));
#7307 = CARTESIAN_POINT('',(75.230476474705,-19.73738606749,
    3.071471246359E+03));
#7308 = CARTESIAN_POINT('',(75.191431174669,-19.74381668506,
    3.071704969334E+03));
#7309 = CARTESIAN_POINT('',(75.133086848058,-19.75331410244,
    3.071934918519E+03));
#7310 = CARTESIAN_POINT('',(75.055877743893,-19.7655850036,
    3.072159246743E+03));
#7311 = CARTESIAN_POINT('',(74.960445494262,-19.78020826446,
    3.072376165658E+03));
#7312 = CARTESIAN_POINT('',(74.847640375533,-19.79666457015,
    3.072583967246E+03));
#7313 = CARTESIAN_POINT('',(74.59128462264,-19.83183651711,
    3.072975261111E+03));
#7314 = CARTESIAN_POINT('',(74.445199338371,-19.85092790456,
    3.073163647188E+03));
#7315 = CARTESIAN_POINT('',(74.279695727421,-19.87124249858,
    3.073344237213E+03));
#7316 = CARTESIAN_POINT('',(74.094317505751,-19.89223000745,
    3.073514774693E+03));
#7317 = CARTESIAN_POINT('',(73.888773632606,-19.91319128251,
    3.073672680478E+03));
#7318 = CARTESIAN_POINT('',(73.663008200201,-19.93327167209,
    3.073815006276E+03));
#7319 = CARTESIAN_POINT('',(73.417308646419,-19.95148143792,
    3.073938361177E+03));
#7320 = CARTESIAN_POINT('',(72.906208807234,-19.98098171201,
    3.074132195779E+03));
#7321 = CARTESIAN_POINT('',(72.64276139784,-19.99270468648,
    3.074206021511E+03));
#7322 = CARTESIAN_POINT('',(72.366781636456,-20.00082939703,
    3.074255342989E+03));
#7323 = CARTESIAN_POINT('',(72.083684565908,-20.00448402323,
    3.074277087482E+03));
#7324 = CARTESIAN_POINT('',(71.799310556373,-20.00327678515,
    3.074270013976E+03));
#7325 = CARTESIAN_POINT('',(71.519564162876,-19.99739660452,
    3.074234703974E+03));
#7326 = CARTESIAN_POINT('',(71.250045338564,-19.9875567732,
    3.074173577188E+03));
#7327 = CARTESIAN_POINT('',(70.703504909644,-19.96007743515,
    3.073995995438E+03));
#7328 = CARTESIAN_POINT('',(70.432329791893,-19.9415459626,
    3.073872986175E+03));
#7329 = CARTESIAN_POINT('',(70.183504488672,-19.92045977883,
    3.0737268342E+03));
#7330 = CARTESIAN_POINT('',(69.957643545959,-19.8980701018,
    3.073561794355E+03));
#7331 = CARTESIAN_POINT('',(69.754866287506,-19.87547104822,
    3.073381592831E+03));
#7332 = CARTESIAN_POINT('',(69.57494214372,-19.85355732681,
    3.073189519887E+03));
#7333 = CARTESIAN_POINT('',(69.41737831136,-19.83302506955,
    3.072988483958E+03));
#7334 = CARTESIAN_POINT('',(69.01017342768,-19.77715665852,
    3.072366938426E+03));
#7335 = CARTESIAN_POINT('',(68.822888090829,-19.74713605084,
    3.071923809829E+03));
#7336 = CARTESIAN_POINT('',(68.712913357898,-19.72805192446,
    3.07146558737E+03));
#7337 = CARTESIAN_POINT('',(68.676528994038,-19.72150059785,
    3.071000297488E+03));
#7338 = CARTESIAN_POINT('',(68.712693680909,-19.728006284,
    3.070534694986E+03));
#7339 = CARTESIAN_POINT('',(68.822829388178,-19.74714048222,
    3.070075822419E+03));
#7340 = CARTESIAN_POINT('',(69.010570078224,-19.77721107888,
    3.069632456138E+03));
#7341 = CARTESIAN_POINT('',(69.41737831136,-19.83302506955,
    3.069011516042E+03));
#7342 = CARTESIAN_POINT('',(69.57494214372,-19.85355732681,
    3.068810480113E+03));
#7343 = CARTESIAN_POINT('',(69.754866287506,-19.87547104822,
    3.068618407169E+03));
#7344 = CARTESIAN_POINT('',(69.957643545959,-19.8980701018,
    3.068438205645E+03));
#7345 = CARTESIAN_POINT('',(70.183504488672,-19.92045977883,
    3.0682731658E+03));
#7346 = CARTESIAN_POINT('',(70.432329791893,-19.9415459626,
    3.068127013825E+03));
#7347 = CARTESIAN_POINT('',(70.703504909644,-19.96007743515,
    3.068004004562E+03));
#7348 = CARTESIAN_POINT('',(71.250045339896,-19.98755677326,
    3.067826422812E+03));
#7349 = CARTESIAN_POINT('',(71.519564160579,-19.99739660437,
    3.067765296027E+03));
#7350 = CARTESIAN_POINT('',(71.799310556412,-20.00327678529,
    3.067729986023E+03));
#7351 = CARTESIAN_POINT('',(72.083684568001,-20.00448402322,
    3.067722912518E+03));
#7352 = CARTESIAN_POINT('',(72.366781636423,-20.00082939689,
    3.067744657011E+03));
#7353 = CARTESIAN_POINT('',(72.642761395661,-19.99270468665,
    3.067793978488E+03));
#7354 = CARTESIAN_POINT('',(72.906208808501,-19.98098171194,
    3.067867804222E+03));
#7355 = CARTESIAN_POINT('',(73.41730864641,-19.95148143792,
    3.068061638823E+03));
#7356 = CARTESIAN_POINT('',(73.663008200198,-19.93327167209,
    3.068184993724E+03));
#7357 = CARTESIAN_POINT('',(73.88877363261,-19.91319128251,
    3.068327319522E+03));
#7358 = CARTESIAN_POINT('',(74.094317505758,-19.89223000745,
    3.068485225307E+03));
#7359 = CARTESIAN_POINT('',(74.279695727425,-19.87124249858,
    3.068655762787E+03));
#7360 = CARTESIAN_POINT('',(74.445199338368,-19.85092790456,
    3.068836352812E+03));
#7361 = CARTESIAN_POINT('',(74.591284622634,-19.83183651711,
    3.069024738889E+03));
#7362 = CARTESIAN_POINT('',(74.854153677786,-19.79577094666,
    3.069425974467E+03));
#7363 = CARTESIAN_POINT('',(74.968875099953,-19.77895016848,
    3.069640384186E+03));
#7364 = CARTESIAN_POINT('',(75.063407924273,-19.76439776481,
    3.0698603534E+03));
#7365 = CARTESIAN_POINT('',(75.138370924132,-19.7524542407,
    3.070084420953E+03));
#7366 = CARTESIAN_POINT('',(75.194257676339,-19.7433508576,
    3.070311393058E+03));
#7367 = CARTESIAN_POINT('',(75.231410986434,-19.73723236434,
    3.070540252031E+03));
#7368 = CARTESIAN_POINT('',(75.25,-19.73417087186,3.070770080343E+03));
#7369 = CARTESIAN_POINT('',(75.25,-19.73417087186,3.071E+03));
#7370 = PCURVE('',#6665,#7371);
#7371 = DEFINITIONAL_REPRESENTATION('',(#7372),#7438);
#7372 = B_SPLINE_CURVE_WITH_KNOTS('',8,(#7373,#7374,#7375,#7376,#7377,
    #7378,#7379,#7380,#7381,#7382,#7383,#7384,#7385,#7386,#7387,#7388,
    #7389,#7390,#7391,#7392,#7393,#7394,#7395,#7396,#7397,#7398,#7399,
    #7400,#7401,#7402,#7403,#7404,#7405,#7406,#7407,#7408,#7409,#7410,
    #7411,#7412,#7413,#7414,#7415,#7416,#7417,#7418,#7419,#7420,#7421,
    #7422,#7423,#7424,#7425,#7426,#7427,#7428,#7429,#7430,#7431,#7432,
    #7433,#7434,#7435,#7436,#7437),.UNSPECIFIED.,.T.,.F.,(9,7,7,7,7,7,7,
    7,7,9),(0.,9.933585463093E-02,0.197233669872,0.288261377681,
    0.392831117971,0.60157519387,0.706298043581,0.797459033252,
    0.895500189998,1.),.UNSPECIFIED.);
#7373 = CARTESIAN_POINT('',(4.875612783901,120.));
#7374 = CARTESIAN_POINT('',(4.875612783901,120.23562939587));
#7375 = CARTESIAN_POINT('',(4.874623462311,120.47124635937));
#7376 = CARTESIAN_POINT('',(4.872644888798,120.70496933391));
#7377 = CARTESIAN_POINT('',(4.869689283425,120.93491851886));
#7378 = CARTESIAN_POINT('',(4.865780446828,121.15924674337));
#7379 = CARTESIAN_POINT('',(4.860953303277,121.37616565826));
#7380 = CARTESIAN_POINT('',(4.855253556593,121.58396724604));
#7381 = CARTESIAN_POINT('',(4.842315691826,121.97526111092));
#7382 = CARTESIAN_POINT('',(4.8349494664,122.16364718811));
#7383 = CARTESIAN_POINT('',(4.826612625806,122.34423721254));
#7384 = CARTESIAN_POINT('',(4.817285383756,122.51477469329));
#7385 = CARTESIAN_POINT('',(4.806956350192,122.67268047778));
#7386 = CARTESIAN_POINT('',(4.795625418325,122.81500627598));
#7387 = CARTESIAN_POINT('',(4.783308389394,122.93836117717));
#7388 = CARTESIAN_POINT('',(4.757710864524,123.13219577861));
#7389 = CARTESIAN_POINT('',(4.744526606521,123.20602151121));
#7390 = CARTESIAN_POINT('',(4.730724273237,123.25534298944));
#7391 = CARTESIAN_POINT('',(4.716572196259,123.27708748247));
#7392 = CARTESIAN_POINT('',(4.702357412424,123.27001397636));
#7393 = CARTESIAN_POINT('',(4.688369830846,123.23470397374));
#7394 = CARTESIAN_POINT('',(4.674886184232,123.17357718799));
#7395 = CARTESIAN_POINT('',(4.647524643958,122.99599543784));
#7396 = CARTESIAN_POINT('',(4.633936467694,122.8729861754));
#7397 = CARTESIAN_POINT('',(4.621453176263,122.72683420005));
#7398 = CARTESIAN_POINT('',(4.610106719702,122.56179435494));
#7399 = CARTESIAN_POINT('',(4.599906220825,122.38159283137));
#7400 = CARTESIAN_POINT('',(4.590844093138,122.18951988723));
#7401 = CARTESIAN_POINT('',(4.582899473365,121.98848395803));
#7402 = CARTESIAN_POINT('',(4.562348494274,121.36693842635));
#7403 = CARTESIAN_POINT('',(4.552867105192,120.92380982885));
#7404 = CARTESIAN_POINT('',(4.547285808532,120.46558736984));
#7405 = CARTESIAN_POINT('',(4.545437250906,120.00029748752));
#7406 = CARTESIAN_POINT('',(4.547274610961,119.53469498557));
#7407 = CARTESIAN_POINT('',(4.552864231896,119.07582241863));
#7408 = CARTESIAN_POINT('',(4.562368512592,118.63245613794));
#7409 = CARTESIAN_POINT('',(4.582899473365,118.01151604197));
#7410 = CARTESIAN_POINT('',(4.590844093138,117.81048011276));
#7411 = CARTESIAN_POINT('',(4.599906220825,117.61840716862));
#7412 = CARTESIAN_POINT('',(4.610106719702,117.43820564505));
#7413 = CARTESIAN_POINT('',(4.621453176263,117.27316579994));
#7414 = CARTESIAN_POINT('',(4.633936467694,117.12701382459));
#7415 = CARTESIAN_POINT('',(4.647524643958,117.00400456215));
#7416 = CARTESIAN_POINT('',(4.674886184299,116.82642281157));
#7417 = CARTESIAN_POINT('',(4.688369830731,116.76529602726));
#7418 = CARTESIAN_POINT('',(4.702357412426,116.72998602271));
#7419 = CARTESIAN_POINT('',(4.716572196364,116.72291251757));
#7420 = CARTESIAN_POINT('',(4.730724273235,116.74465701147));
#7421 = CARTESIAN_POINT('',(4.744526606412,116.79397848769));
#7422 = CARTESIAN_POINT('',(4.757710864587,116.86780422186));
#7423 = CARTESIAN_POINT('',(4.783308389393,117.06163882282));
#7424 = CARTESIAN_POINT('',(4.795625418325,117.18499372401));
#7425 = CARTESIAN_POINT('',(4.806956350192,117.32731952221));
#7426 = CARTESIAN_POINT('',(4.817285383757,117.48522530671));
#7427 = CARTESIAN_POINT('',(4.826612625806,117.65576278746));
#7428 = CARTESIAN_POINT('',(4.8349494664,117.83635281188));
#7429 = CARTESIAN_POINT('',(4.842315691825,118.02473888906));
#7430 = CARTESIAN_POINT('',(4.855582272539,118.42597446652));
#7431 = CARTESIAN_POINT('',(4.8613794291,118.6403841863));
#7432 = CARTESIAN_POINT('',(4.866161585825,118.86035339984));
#7433 = CARTESIAN_POINT('',(4.869956964225,119.08442095279));
#7434 = CARTESIAN_POINT('',(4.87278812835,119.31139305845));
#7435 = CARTESIAN_POINT('',(4.874670810426,119.5402520313));
#7436 = CARTESIAN_POINT('',(4.875612783901,119.7700803429));
#7437 = CARTESIAN_POINT('',(4.875612783901,120.));
#7438 = ( GEOMETRIC_REPRESENTATION_CONTEXT(2) 
PARAMETRIC_REPRESENTATION_CONTEXT() REPRESENTATION_CONTEXT('2D SPACE',''
  ) );
#7439 = PCURVE('',#7440,#7445);
#7440 = CYLINDRICAL_SURFACE('',#7441,3.25);
#7441 = AXIS2_PLACEMENT_3D('',#7442,#7443,#7444);
#7442 = CARTESIAN_POINT('',(72.,30.,3.071E+03));
#7443 = DIRECTION('',(0.,-1.,2.22044604925E-16));
#7444 = DIRECTION('',(1.,0.,0.));
#7445 = DEFINITIONAL_REPRESENTATION('',(#7446),#7512);
#7446 = B_SPLINE_CURVE_WITH_KNOTS('',8,(#7447,#7448,#7449,#7450,#7451,
    #7452,#7453,#7454,#7455,#7456,#7457,#7458,#7459,#7460,#7461,#7462,
    #7463,#7464,#7465,#7466,#7467,#7468,#7469,#7470,#7471,#7472,#7473,
    #7474,#7475,#7476,#7477,#7478,#7479,#7480,#7481,#7482,#7483,#7484,
    #7485,#7486,#7487,#7488,#7489,#7490,#7491,#7492,#7493,#7494,#7495,
    #7496,#7497,#7498,#7499,#7500,#7501,#7502,#7503,#7504,#7505,#7506,
    #7507,#7508,#7509,#7510,#7511),.UNSPECIFIED.,.F.,.F.,(9,7,7,7,7,7,7,
    7,7,9),(0.,9.933585463093E-02,0.197233669872,0.288261377681,
    0.392831117971,0.60157519387,0.706298043581,0.797459033252,
    0.895500189998,1.),.UNSPECIFIED.);
#7447 = CARTESIAN_POINT('',(0.,49.734170871866));
#7448 = CARTESIAN_POINT('',(7.250135257544E-02,49.734170871866));
#7449 = CARTESIAN_POINT('',(0.144998786932,49.737386067497));
#7450 = CARTESIAN_POINT('',(0.217494485457,49.743816685063));
#7451 = CARTESIAN_POINT('',(0.289989940641,49.753314102448));
#7452 = CARTESIAN_POINT('',(0.362487583311,49.765585003609));
#7453 = CARTESIAN_POINT('',(0.434989558138,49.78020826446));
#7454 = CARTESIAN_POINT('',(0.507493646406,49.796664570152));
#7455 = CARTESIAN_POINT('',(0.651429582428,49.831836517116));
#7456 = CARTESIAN_POINT('',(0.724548236473,49.850927904562));
#7457 = CARTESIAN_POINT('',(0.799490741405,49.871242498586));
#7458 = CARTESIAN_POINT('',(0.876417238301,49.892230007452));
#7459 = CARTESIAN_POINT('',(0.955515311766,49.913191282519));
#7460 = CARTESIAN_POINT('',(1.037004887237,49.93327167209));
#7461 = CARTESIAN_POINT('',(1.121151213849,49.95148143792));
#7462 = CARTESIAN_POINT('',(1.289342397916,49.980981712018));
#7463 = CARTESIAN_POINT('',(1.373190599781,49.992704686486));
#7464 = CARTESIAN_POINT('',(1.458781400777,50.000829397038));
#7465 = CARTESIAN_POINT('',(1.545270044112,50.004484023235));
#7466 = CARTESIAN_POINT('',(1.631914848132,50.003276785153));
#7467 = CARTESIAN_POINT('',(1.717984272587,49.997396604526));
#7468 = CARTESIAN_POINT('',(1.802666356349,49.987556773201));
#7469 = CARTESIAN_POINT('',(1.979486853281,49.960077435156));
#7470 = CARTESIAN_POINT('',(2.070537689119,49.941545962602));
#7471 = CARTESIAN_POINT('',(2.158535219899,49.920459778839));
#7472 = CARTESIAN_POINT('',(2.243786842991,49.898070101807));
#7473 = CARTESIAN_POINT('',(2.326538122814,49.875471048222));
#7474 = CARTESIAN_POINT('',(2.406989235264,49.853557326818));
#7475 = CARTESIAN_POINT('',(2.485299097953,49.833025069554));
#7476 = CARTESIAN_POINT('',(2.713932219792,49.777156658525));
#7477 = CARTESIAN_POINT('',(2.859563957211,49.747136050844));
#7478 = CARTESIAN_POINT('',(3.001420114318,49.728051924469));
#7479 = CARTESIAN_POINT('',(3.141507638806,49.721500597849));
#7480 = CARTESIAN_POINT('',(3.281679160654,49.728006284007));
#7481 = CARTESIAN_POINT('',(3.423706024682,49.74714048222));
#7482 = CARTESIAN_POINT('',(3.56947579457,49.777211078883));
#7483 = CARTESIAN_POINT('',(3.797886209226,49.833025069554));
#7484 = CARTESIAN_POINT('',(3.876196071916,49.853557326818));
#7485 = CARTESIAN_POINT('',(3.956647184366,49.875471048222));
#7486 = CARTESIAN_POINT('',(4.039398464188,49.898070101807));
#7487 = CARTESIAN_POINT('',(4.12465008728,49.920459778839));
#7488 = CARTESIAN_POINT('',(4.212647618061,49.941545962602));
#7489 = CARTESIAN_POINT('',(4.303698453899,49.960077435156));
#7490 = CARTESIAN_POINT('',(4.480518951261,49.987556773268));
#7491 = CARTESIAN_POINT('',(4.56520103386,49.997396604371));
#7492 = CARTESIAN_POINT('',(4.651270459052,50.003276785293));
#7493 = CARTESIAN_POINT('',(4.737915263742,50.004484023229));
#7494 = CARTESIAN_POINT('',(4.824403906397,50.000829396897));
#7495 = CARTESIAN_POINT('',(4.909994706687,49.992704686652));
#7496 = CARTESIAN_POINT('',(4.99384290968,49.980981711945));
#7497 = CARTESIAN_POINT('',(5.162034093328,49.95148143792));
#7498 = CARTESIAN_POINT('',(5.246180419942,49.93327167209));
#7499 = CARTESIAN_POINT('',(5.327669995415,49.913191282519));
#7500 = CARTESIAN_POINT('',(5.406768068881,49.892230007451));
#7501 = CARTESIAN_POINT('',(5.483694565776,49.871242498585));
#7502 = CARTESIAN_POINT('',(5.558637070705,49.850927904563));
#7503 = CARTESIAN_POINT('',(5.631755724748,49.831836517117));
#7504 = CARTESIAN_POINT('',(5.779348681323,49.795770946666));
#7505 = CARTESIAN_POINT('',(5.853877130547,49.778950168482));
#7506 = CARTESIAN_POINT('',(5.92710362407,49.764397764816));
#7507 = CARTESIAN_POINT('',(5.99931239202,49.752454240702));
#7508 = CARTESIAN_POINT('',(6.070767267827,49.743350857607));
#7509 = CARTESIAN_POINT('',(6.141724085722,49.737232364349));
#7510 = CARTESIAN_POINT('',(6.212440797305,49.734170871866));
#7511 = CARTESIAN_POINT('',(6.28318530718,49.734170871866));
#7512 = ( GEOMETRIC_REPRESENTATION_CONTEXT(2) 
PARAMETRIC_REPRESENTATION_CONTEXT() REPRESENTATION_CONTEXT('2D SPACE',''
  ) );
#7513 = ADVANCED_FACE('',(#7514,#7517),#6677,.T.);
#7514 = FACE_BOUND('',#7515,.T.);
#7515 = EDGE_LOOP('',(#7516));
#7516 = ORIENTED_EDGE('',*,*,#6655,.T.);
#7517 = FACE_BOUND('',#7518,.T.);
#7518 = EDGE_LOOP('',(#7519));
#7519 = ORIENTED_EDGE('',*,*,#7520,.F.);
#7520 = EDGE_CURVE('',#7521,#7521,#7523,.T.);
#7521 = VERTEX_POINT('',#7522);
#7522 = CARTESIAN_POINT('',(90.5,-4.531193156845E-15,3.111E+03));
#7523 = SURFACE_CURVE('',#7524,(#7529,#7536),.PCURVE_S1.);
#7524 = CIRCLE('',#7525,18.5);
#7525 = AXIS2_PLACEMENT_3D('',#7526,#7527,#7528);
#7526 = CARTESIAN_POINT('',(72.,0.,3.111E+03));
#7527 = DIRECTION('',(0.,0.,1.));
#7528 = DIRECTION('',(1.,0.,-0.));
#7529 = PCURVE('',#6677,#7530);
#7530 = DEFINITIONAL_REPRESENTATION('',(#7531),#7535);
#7531 = CIRCLE('',#7532,18.5);
#7532 = AXIS2_PLACEMENT_2D('',#7533,#7534);
#7533 = CARTESIAN_POINT('',(0.,0.));
#7534 = DIRECTION('',(1.,0.));
#7535 = ( GEOMETRIC_REPRESENTATION_CONTEXT(2) 
PARAMETRIC_REPRESENTATION_CONTEXT() REPRESENTATION_CONTEXT('2D SPACE',''
  ) );
#7536 = PCURVE('',#7537,#7542);
#7537 = CYLINDRICAL_SURFACE('',#7538,18.5);
#7538 = AXIS2_PLACEMENT_3D('',#7539,#7540,#7541);
#7539 = CARTESIAN_POINT('',(72.,0.,2.95E+03));
#7540 = DIRECTION('',(0.,0.,1.));
#7541 = DIRECTION('',(1.,0.,-0.));
#7542 = DEFINITIONAL_REPRESENTATION('',(#7543),#7547);
#7543 = LINE('',#7544,#7545);
#7544 = CARTESIAN_POINT('',(0.,161.));
#7545 = VECTOR('',#7546,1.);
#7546 = DIRECTION('',(1.,0.));
#7547 = ( GEOMETRIC_REPRESENTATION_CONTEXT(2) 
PARAMETRIC_REPRESENTATION_CONTEXT() REPRESENTATION_CONTEXT('2D SPACE',''
  ) );
#7548 = ADVANCED_FACE('',(#7549,#7552),#6727,.F.);
#7549 = FACE_BOUND('',#7550,.F.);
#7550 = EDGE_LOOP('',(#7551));
#7551 = ORIENTED_EDGE('',*,*,#6712,.T.);
#7552 = FACE_BOUND('',#7553,.F.);
#7553 = EDGE_LOOP('',(#7554));
#7554 = ORIENTED_EDGE('',*,*,#7555,.F.);
#7555 = EDGE_CURVE('',#7556,#7556,#7558,.T.);
#7556 = VERTEX_POINT('',#7557);
#7557 = CARTESIAN_POINT('',(90.5,-4.531193156845E-15,2.951E+03));
#7558 = SURFACE_CURVE('',#7559,(#7564,#7571),.PCURVE_S1.);
#7559 = CIRCLE('',#7560,18.5);
#7560 = AXIS2_PLACEMENT_3D('',#7561,#7562,#7563);
#7561 = CARTESIAN_POINT('',(72.,0.,2.951E+03));
#7562 = DIRECTION('',(0.,0.,1.));
#7563 = DIRECTION('',(1.,0.,-0.));
#7564 = PCURVE('',#6727,#7565);
#7565 = DEFINITIONAL_REPRESENTATION('',(#7566),#7570);
#7566 = CIRCLE('',#7567,18.5);
#7567 = AXIS2_PLACEMENT_2D('',#7568,#7569);
#7568 = CARTESIAN_POINT('',(0.,0.));
#7569 = DIRECTION('',(1.,0.));
#7570 = ( GEOMETRIC_REPRESENTATION_CONTEXT(2) 
PARAMETRIC_REPRESENTATION_CONTEXT() REPRESENTATION_CONTEXT('2D SPACE',''
  ) );
#7571 = PCURVE('',#7537,#7572);
#7572 = DEFINITIONAL_REPRESENTATION('',(#7573),#7577);
#7573 = LINE('',#7574,#7575);
#7574 = CARTESIAN_POINT('',(0.,1.));
#7575 = VECTOR('',#7576,1.);
#7576 = DIRECTION('',(1.,0.));
#7577 = ( GEOMETRIC_REPRESENTATION_CONTEXT(2) 
PARAMETRIC_REPRESENTATION_CONTEXT() REPRESENTATION_CONTEXT('2D SPACE',''
  ) );
#7578 = ADVANCED_FACE('',(#7579),#6852,.F.);
#7579 = FACE_BOUND('',#7580,.F.);
#7580 = EDGE_LOOP('',(#7581,#7745,#7766,#7767));
#7581 = ORIENTED_EDGE('',*,*,#7582,.F.);
#7582 = EDGE_CURVE('',#7583,#7583,#7585,.T.);
#7583 = VERTEX_POINT('',#7584);
#7584 = CARTESIAN_POINT('',(74.65,18.309218989351,2.991E+03));
#7585 = SURFACE_CURVE('',#7586,(#7637,#7691),.PCURVE_S1.);
#7586 = B_SPLINE_CURVE_WITH_KNOTS('',7,(#7587,#7588,#7589,#7590,#7591,
    #7592,#7593,#7594,#7595,#7596,#7597,#7598,#7599,#7600,#7601,#7602,
    #7603,#7604,#7605,#7606,#7607,#7608,#7609,#7610,#7611,#7612,#7613,
    #7614,#7615,#7616,#7617,#7618,#7619,#7620,#7621,#7622,#7623,#7624,
    #7625,#7626,#7627,#7628,#7629,#7630,#7631,#7632,#7633,#7634,#7635,
    #7636),.UNSPECIFIED.,.T.,.F.,(8,6,6,6,6,6,6,6,8),(0.,0.136524586205,
    0.255353950222,0.365973897566,0.50161516274,0.637257979034,
    0.755319861086,0.865225348572,1.),.UNSPECIFIED.);
#7587 = CARTESIAN_POINT('',(74.65,18.309218989351,2.991E+03));
#7588 = CARTESIAN_POINT('',(74.65,18.309218989351,2.991279866353E+03));
#7589 = CARTESIAN_POINT('',(74.615518347692,18.314209651024,
    2.99155937049E+03));
#7590 = CARTESIAN_POINT('',(74.546707581601,18.324169392594,
    2.991836124834E+03));
#7591 = CARTESIAN_POINT('',(74.442694855103,18.338805157696,
    2.992107457055E+03));
#7592 = CARTESIAN_POINT('',(74.301857694859,18.357530427827,
    2.992369893491E+03));
#7593 = CARTESIAN_POINT('',(74.122102639432,18.379225028434,
    2.992618511651E+03));
#7594 = CARTESIAN_POINT('',(73.709292277108,18.421878760166,
    2.993043741704E+03));
#7595 = CARTESIAN_POINT('',(73.480677283464,18.443135720128,
    2.993231162758E+03));
#7596 = CARTESIAN_POINT('',(73.216558444843,18.464090114188,
    2.993395821799E+03));
#7597 = CARTESIAN_POINT('',(72.921085551477,18.482332306334,
    2.99352728634E+03));
#7598 = CARTESIAN_POINT('',(72.600902329929,18.495298682072,
    2.993617122938E+03));
#7599 = CARTESIAN_POINT('',(72.264448443218,18.50128920372,
    2.993659004225E+03));
#7600 = CARTESIAN_POINT('',(71.60218972886,18.498478039831,
    2.993639370673E+03));
#7601 = CARTESIAN_POINT('',(71.292772700848,18.490735668511,
    2.993585259101E+03));
#7602 = CARTESIAN_POINT('',(71.000462940665,18.477350601662,
    2.993491037652E+03));
#7603 = CARTESIAN_POINT('',(70.731247361679,18.459887639745,
    2.993362469191E+03));
#7604 = CARTESIAN_POINT('',(70.489692156641,18.440363081593,
    2.993206512432E+03));
#7605 = CARTESIAN_POINT('',(70.278592536941,18.420626955612,
    2.993031262024E+03));
#7606 = CARTESIAN_POINT('',(69.877907481345,18.379226074166,
    2.992618522076E+03));
#7607 = CARTESIAN_POINT('',(69.698141144513,18.357530591057,
    2.99236989815E+03));
#7608 = CARTESIAN_POINT('',(69.557297655709,18.338804071835,
    2.992107447134E+03));
#7609 = CARTESIAN_POINT('',(69.453287284837,18.324168656084,
    2.991836108126E+03));
#7610 = CARTESIAN_POINT('',(69.384480867273,18.314209536686,
    2.99155935774E+03));
#7611 = CARTESIAN_POINT('',(69.35,18.309218989351,2.991279863153E+03));
#7612 = CARTESIAN_POINT('',(69.35,18.309218989351,2.990720133647E+03));
#7613 = CARTESIAN_POINT('',(69.384481652308,18.314209651024,
    2.99044062951E+03));
#7614 = CARTESIAN_POINT('',(69.4532924184,18.324169392594,
    2.990163875166E+03));
#7615 = CARTESIAN_POINT('',(69.557305144896,18.338805157696,
    2.989892542945E+03));
#7616 = CARTESIAN_POINT('',(69.698142305141,18.357530427827,
    2.989630106509E+03));
#7617 = CARTESIAN_POINT('',(69.877897360568,18.379225028434,
    2.989381488349E+03));
#7618 = CARTESIAN_POINT('',(70.290707722892,18.421878760166,
    2.988956258296E+03));
#7619 = CARTESIAN_POINT('',(70.519322716537,18.443135720128,
    2.988768837242E+03));
#7620 = CARTESIAN_POINT('',(70.783441555156,18.464090114188,
    2.988604178201E+03));
#7621 = CARTESIAN_POINT('',(71.078914448524,18.482332306334,
    2.98847271366E+03));
#7622 = CARTESIAN_POINT('',(71.39909767007,18.495298682072,
    2.988382877062E+03));
#7623 = CARTESIAN_POINT('',(71.735551556782,18.50128920372,
    2.988340995775E+03));
#7624 = CARTESIAN_POINT('',(72.39781027124,18.498478039831,
    2.988360629327E+03));
#7625 = CARTESIAN_POINT('',(72.707227299051,18.490735668508,
    2.988414740899E+03));
#7626 = CARTESIAN_POINT('',(72.999537059267,18.477350601672,
    2.988508962348E+03));
#7627 = CARTESIAN_POINT('',(73.268752638397,18.45988763974,
    2.988637530809E+03));
#7628 = CARTESIAN_POINT('',(73.510307843427,18.440363081585,
    2.988793487568E+03));
#7629 = CARTESIAN_POINT('',(73.721407462988,18.420626955619,
    2.988968737976E+03));
#7630 = CARTESIAN_POINT('',(74.122107996219,18.379224474943,
    2.989381493867E+03));
#7631 = CARTESIAN_POINT('',(74.301856096292,18.357530443549,
    2.989630107878E+03));
#7632 = CARTESIAN_POINT('',(74.44269305569,18.33880555514,
    2.989892539215E+03));
#7633 = CARTESIAN_POINT('',(74.546710706542,18.324168932937,
    2.99016387579E+03));
#7634 = CARTESIAN_POINT('',(74.615523427786,18.314208917693,
    2.990440643711E+03));
#7635 = CARTESIAN_POINT('',(74.65,18.309218989351,2.990720154159E+03));
#7636 = CARTESIAN_POINT('',(74.65,18.309218989351,2.991E+03));
#7637 = PCURVE('',#6852,#7638);
#7638 = DEFINITIONAL_REPRESENTATION('',(#7639),#7690);
#7639 = B_SPLINE_CURVE_WITH_KNOTS('',7,(#7640,#7641,#7642,#7643,#7644,
    #7645,#7646,#7647,#7648,#7649,#7650,#7651,#7652,#7653,#7654,#7655,
    #7656,#7657,#7658,#7659,#7660,#7661,#7662,#7663,#7664,#7665,#7666,
    #7667,#7668,#7669,#7670,#7671,#7672,#7673,#7674,#7675,#7676,#7677,
    #7678,#7679,#7680,#7681,#7682,#7683,#7684,#7685,#7686,#7687,#7688,
    #7689),.UNSPECIFIED.,.F.,.F.,(8,6,6,6,6,6,6,6,8),(0.,0.136524586205,
    0.255353950222,0.365973897566,0.50161516274,0.637257979034,
    0.755319861086,0.865225348572,1.),.UNSPECIFIED.);
#7640 = CARTESIAN_POINT('',(0.,11.690781010649));
#7641 = CARTESIAN_POINT('',(0.105609944642,11.690781010649));
#7642 = CARTESIAN_POINT('',(0.211082868543,11.685790348976));
#7643 = CARTESIAN_POINT('',(0.317443938709,11.675830607406));
#7644 = CARTESIAN_POINT('',(0.425579861824,11.661194842304));
#7645 = CARTESIAN_POINT('',(0.536445949693,11.642469572173));
#7646 = CARTESIAN_POINT('',(0.651009925556,11.620774971566));
#7647 = CARTESIAN_POINT('',(0.874651107202,11.578121239834));
#7648 = CARTESIAN_POINT('',(0.985488281361,11.556864279872));
#7649 = CARTESIAN_POINT('',(1.101334207373,11.535909885812));
#7650 = CARTESIAN_POINT('',(1.221199531836,11.517667693666));
#7651 = CARTESIAN_POINT('',(1.344512527309,11.504701317928));
#7652 = CARTESIAN_POINT('',(1.470951936358,11.49871079628));
#7653 = CARTESIAN_POINT('',(1.720970684279,11.501521960169));
#7654 = CARTESIAN_POINT('',(1.838285592783,11.509264331489));
#7655 = CARTESIAN_POINT('',(1.952456965363,11.522649398338));
#7656 = CARTESIAN_POINT('',(2.063334104095,11.540112360255));
#7657 = CARTESIAN_POINT('',(2.170567176849,11.559636918407));
#7658 = CARTESIAN_POINT('',(2.273504982651,11.579373044388));
#7659 = CARTESIAN_POINT('',(2.490577245075,11.620773925834));
#7660 = CARTESIAN_POINT('',(2.605145737074,11.642469408943));
#7661 = CARTESIAN_POINT('',(2.716017109772,11.661195928165));
#7662 = CARTESIAN_POINT('',(2.824155125907,11.675831343916));
#7663 = CARTESIAN_POINT('',(2.930514583894,11.685790463314));
#7664 = CARTESIAN_POINT('',(3.035983916633,11.690781010649));
#7665 = CARTESIAN_POINT('',(3.247202598232,11.690781010649));
#7666 = CARTESIAN_POINT('',(3.352675522132,11.685790348976));
#7667 = CARTESIAN_POINT('',(3.459036592299,11.675830607406));
#7668 = CARTESIAN_POINT('',(3.567172515413,11.661194842304));
#7669 = CARTESIAN_POINT('',(3.678038603283,11.642469572173));
#7670 = CARTESIAN_POINT('',(3.792602579145,11.620774971566));
#7671 = CARTESIAN_POINT('',(4.016243760792,11.578121239834));
#7672 = CARTESIAN_POINT('',(4.127080934951,11.556864279872));
#7673 = CARTESIAN_POINT('',(4.242926860962,11.535909885812));
#7674 = CARTESIAN_POINT('',(4.362792185426,11.517667693666));
#7675 = CARTESIAN_POINT('',(4.486105180899,11.504701317928));
#7676 = CARTESIAN_POINT('',(4.612544589948,11.49871079628));
#7677 = CARTESIAN_POINT('',(4.862563337906,11.501521960169));
#7678 = CARTESIAN_POINT('',(4.979878246335,11.509264331492));
#7679 = CARTESIAN_POINT('',(5.094049618929,11.522649398327));
#7680 = CARTESIAN_POINT('',(5.204926757701,11.54011236026));
#7681 = CARTESIAN_POINT('',(5.312159830485,11.559636918415));
#7682 = CARTESIAN_POINT('',(5.415097636203,11.579373044381));
#7683 = CARTESIAN_POINT('',(5.632178283679,11.620775525057));
#7684 = CARTESIAN_POINT('',(5.746739313483,11.642469556451));
#7685 = CARTESIAN_POINT('',(5.857604136098,11.66119444486));
#7686 = CARTESIAN_POINT('',(5.965741997237,11.675831067063));
#7687 = CARTESIAN_POINT('',(6.072107800774,11.685791082307));
#7688 = CARTESIAN_POINT('',(6.177583102872,11.690781010649));
#7689 = CARTESIAN_POINT('',(6.28318530718,11.690781010649));
#7690 = ( GEOMETRIC_REPRESENTATION_CONTEXT(2) 
PARAMETRIC_REPRESENTATION_CONTEXT() REPRESENTATION_CONTEXT('2D SPACE',''
  ) );
#7691 = PCURVE('',#7537,#7692);
#7692 = DEFINITIONAL_REPRESENTATION('',(#7693),#7744);
#7693 = B_SPLINE_CURVE_WITH_KNOTS('',7,(#7694,#7695,#7696,#7697,#7698,
    #7699,#7700,#7701,#7702,#7703,#7704,#7705,#7706,#7707,#7708,#7709,
    #7710,#7711,#7712,#7713,#7714,#7715,#7716,#7717,#7718,#7719,#7720,
    #7721,#7722,#7723,#7724,#7725,#7726,#7727,#7728,#7729,#7730,#7731,
    #7732,#7733,#7734,#7735,#7736,#7737,#7738,#7739,#7740,#7741,#7742,
    #7743),.UNSPECIFIED.,.T.,.F.,(8,6,6,6,6,6,6,6,8),(0.,0.136524586205,
    0.255353950222,0.365973897566,0.50161516274,0.637257979034,
    0.755319861086,0.865225348572,1.),.UNSPECIFIED.);
#7694 = CARTESIAN_POINT('',(1.427058645363,41.));
#7695 = CARTESIAN_POINT('',(1.427058645363,41.279866353301));
#7696 = CARTESIAN_POINT('',(1.428941938479,41.559370489598));
#7697 = CARTESIAN_POINT('',(1.432700204403,41.836124833698));
#7698 = CARTESIAN_POINT('',(1.43837783957,42.107457055107));
#7699 = CARTESIAN_POINT('',(1.446057188584,42.36989349141));
#7700 = CARTESIAN_POINT('',(1.455842749099,42.618511650943));
#7701 = CARTESIAN_POINT('',(1.478275620216,43.043741703577));
#7702 = CARTESIAN_POINT('',(1.490685828091,43.231162758285));
#7703 = CARTESIAN_POINT('',(1.505005252232,43.395821799033));
#7704 = CARTESIAN_POINT('',(1.521002088408,43.52728634027));
#7705 = CARTESIAN_POINT('',(1.538316490046,43.617122938227));
#7706 = CARTESIAN_POINT('',(1.556501662074,43.659004224989));
#7707 = CARTESIAN_POINT('',(1.592299752926,43.639370673064));
#7708 = CARTESIAN_POINT('',(1.609026629216,43.585259100853));
#7709 = CARTESIAN_POINT('',(1.624838449874,43.491037651973));
#7710 = CARTESIAN_POINT('',(1.639417476198,43.362469190721));
#7711 = CARTESIAN_POINT('',(1.652515391903,43.206512432286));
#7712 = CARTESIAN_POINT('',(1.663975394766,43.031262023729));
#7713 = CARTESIAN_POINT('',(1.685749354509,42.618522076211));
#7714 = CARTESIAN_POINT('',(1.695535526449,42.369898149879));
#7715 = CARTESIAN_POINT('',(1.703215222625,42.107447134417));
#7716 = CARTESIAN_POINT('',(1.708892729753,41.836108125575));
#7717 = CARTESIAN_POINT('',(1.712650757927,41.559357739547));
#7718 = CARTESIAN_POINT('',(1.714534008227,41.279863152936));
#7719 = CARTESIAN_POINT('',(1.714534008227,40.720133646699));
#7720 = CARTESIAN_POINT('',(1.71265071511,40.440629510403));
#7721 = CARTESIAN_POINT('',(1.708892449187,40.163875166301));
#7722 = CARTESIAN_POINT('',(1.70321481402,39.892542944894));
#7723 = CARTESIAN_POINT('',(1.695535465005,39.630106508589));
#7724 = CARTESIAN_POINT('',(1.685749904491,39.381488349057));
#7725 = CARTESIAN_POINT('',(1.663317033373,38.956258296423));
#7726 = CARTESIAN_POINT('',(1.650906825498,38.768837241715));
#7727 = CARTESIAN_POINT('',(1.636587401358,38.604178200967));
#7728 = CARTESIAN_POINT('',(1.620590565182,38.472713659729));
#7729 = CARTESIAN_POINT('',(1.603276163544,38.382877061773));
#7730 = CARTESIAN_POINT('',(1.585090991516,38.340995775011));
#7731 = CARTESIAN_POINT('',(1.549292900658,38.360629326939));
#7732 = CARTESIAN_POINT('',(1.53256602438,38.41474089917));
#7733 = CARTESIAN_POINT('',(1.51675420372,38.508962347964));
#7734 = CARTESIAN_POINT('',(1.502175177388,38.637530809278));
#7735 = CARTESIAN_POINT('',(1.489077261683,38.793487567815));
#7736 = CARTESIAN_POINT('',(1.477617258828,38.968737976198));
#7737 = CARTESIAN_POINT('',(1.455842458001,39.381493867007));
#7738 = CARTESIAN_POINT('',(1.446057274569,39.630107878213));
#7739 = CARTESIAN_POINT('',(1.438377938591,39.892539214753));
#7740 = CARTESIAN_POINT('',(1.43270003384,40.163875789768));
#7741 = CARTESIAN_POINT('',(1.428941660987,40.440643711096));
#7742 = CARTESIAN_POINT('',(1.427058645363,40.720154158585));
#7743 = CARTESIAN_POINT('',(1.427058645363,41.));
#7744 = ( GEOMETRIC_REPRESENTATION_CONTEXT(2) 
PARAMETRIC_REPRESENTATION_CONTEXT() REPRESENTATION_CONTEXT('2D SPACE',''
  ) );
#7745 = ORIENTED_EDGE('',*,*,#7746,.F.);
#7746 = EDGE_CURVE('',#6743,#7583,#7747,.T.);
#7747 = SEAM_CURVE('',#7748,(#7752,#7759),.PCURVE_S1.);
#7748 = LINE('',#7749,#7750);
#7749 = CARTESIAN_POINT('',(74.65,30.,2.991E+03));
#7750 = VECTOR('',#7751,1.);
#7751 = DIRECTION('',(0.,-1.,2.22044604925E-16));
#7752 = PCURVE('',#6852,#7753);
#7753 = DEFINITIONAL_REPRESENTATION('',(#7754),#7758);
#7754 = LINE('',#7755,#7756);
#7755 = CARTESIAN_POINT('',(6.28318530718,-0.));
#7756 = VECTOR('',#7757,1.);
#7757 = DIRECTION('',(0.,1.));
#7758 = ( GEOMETRIC_REPRESENTATION_CONTEXT(2) 
PARAMETRIC_REPRESENTATION_CONTEXT() REPRESENTATION_CONTEXT('2D SPACE',''
  ) );
#7759 = PCURVE('',#6852,#7760);
#7760 = DEFINITIONAL_REPRESENTATION('',(#7761),#7765);
#7761 = LINE('',#7762,#7763);
#7762 = CARTESIAN_POINT('',(0.,-0.));
#7763 = VECTOR('',#7764,1.);
#7764 = DIRECTION('',(0.,1.));
#7765 = ( GEOMETRIC_REPRESENTATION_CONTEXT(2) 
PARAMETRIC_REPRESENTATION_CONTEXT() REPRESENTATION_CONTEXT('2D SPACE',''
  ) );
#7766 = ORIENTED_EDGE('',*,*,#6742,.T.);
#7767 = ORIENTED_EDGE('',*,*,#7746,.T.);
#7768 = ADVANCED_FACE('',(#7769),#7023,.F.);
#7769 = FACE_BOUND('',#7770,.F.);
#7770 = EDGE_LOOP('',(#7771,#7772,#7795,#7957));
#7771 = ORIENTED_EDGE('',*,*,#6913,.F.);
#7772 = ORIENTED_EDGE('',*,*,#7773,.F.);
#7773 = EDGE_CURVE('',#7774,#6914,#7776,.T.);
#7774 = VERTEX_POINT('',#7775);
#7775 = CARTESIAN_POINT('',(74.65,-18.30921898935,2.991E+03));
#7776 = SEAM_CURVE('',#7777,(#7781,#7788),.PCURVE_S1.);
#7777 = LINE('',#7778,#7779);
#7778 = CARTESIAN_POINT('',(74.65,30.,2.991E+03));
#7779 = VECTOR('',#7780,1.);
#7780 = DIRECTION('',(0.,-1.,2.22044604925E-16));
#7781 = PCURVE('',#7023,#7782);
#7782 = DEFINITIONAL_REPRESENTATION('',(#7783),#7787);
#7783 = LINE('',#7784,#7785);
#7784 = CARTESIAN_POINT('',(6.28318530718,-0.));
#7785 = VECTOR('',#7786,1.);
#7786 = DIRECTION('',(0.,1.));
#7787 = ( GEOMETRIC_REPRESENTATION_CONTEXT(2) 
PARAMETRIC_REPRESENTATION_CONTEXT() REPRESENTATION_CONTEXT('2D SPACE',''
  ) );
#7788 = PCURVE('',#7023,#7789);
#7789 = DEFINITIONAL_REPRESENTATION('',(#7790),#7794);
#7790 = LINE('',#7791,#7792);
#7791 = CARTESIAN_POINT('',(0.,-0.));
#7792 = VECTOR('',#7793,1.);
#7793 = DIRECTION('',(0.,1.));
#7794 = ( GEOMETRIC_REPRESENTATION_CONTEXT(2) 
PARAMETRIC_REPRESENTATION_CONTEXT() REPRESENTATION_CONTEXT('2D SPACE',''
  ) );
#7795 = ORIENTED_EDGE('',*,*,#7796,.T.);
#7796 = EDGE_CURVE('',#7774,#7774,#7797,.T.);
#7797 = SURFACE_CURVE('',#7798,(#7849,#7903),.PCURVE_S1.);
#7798 = B_SPLINE_CURVE_WITH_KNOTS('',7,(#7799,#7800,#7801,#7802,#7803,
    #7804,#7805,#7806,#7807,#7808,#7809,#7810,#7811,#7812,#7813,#7814,
    #7815,#7816,#7817,#7818,#7819,#7820,#7821,#7822,#7823,#7824,#7825,
    #7826,#7827,#7828,#7829,#7830,#7831,#7832,#7833,#7834,#7835,#7836,
    #7837,#7838,#7839,#7840,#7841,#7842,#7843,#7844,#7845,#7846,#7847,
    #7848),.UNSPECIFIED.,.T.,.F.,(8,6,6,6,6,6,6,6,8),(0.,0.136524586203,
    0.255353950218,0.365973897556,0.501615162729,0.637257979023,
    0.755319861094,0.865225348561,1.),.UNSPECIFIED.);
#7799 = CARTESIAN_POINT('',(74.65,-18.30921898935,2.991E+03));
#7800 = CARTESIAN_POINT('',(74.65,-18.30921898935,2.991279866353E+03));
#7801 = CARTESIAN_POINT('',(74.615518347692,-18.31420965102,
    2.99155937049E+03));
#7802 = CARTESIAN_POINT('',(74.5467075816,-18.32416939259,
    2.991836124834E+03));
#7803 = CARTESIAN_POINT('',(74.442694855104,-18.33880515769,
    2.992107457055E+03));
#7804 = CARTESIAN_POINT('',(74.301857694859,-18.35753042782,
    2.992369893491E+03));
#7805 = CARTESIAN_POINT('',(74.122102639432,-18.37922502843,
    2.992618511651E+03));
#7806 = CARTESIAN_POINT('',(73.709292277108,-18.42187876016,
    2.993043741704E+03));
#7807 = CARTESIAN_POINT('',(73.480677283464,-18.44313572012,
    2.993231162758E+03));
#7808 = CARTESIAN_POINT('',(73.216558444843,-18.46409011418,
    2.993395821799E+03));
#7809 = CARTESIAN_POINT('',(72.921085551477,-18.48233230633,
    2.99352728634E+03));
#7810 = CARTESIAN_POINT('',(72.60090232993,-18.49529868207,
    2.993617122938E+03));
#7811 = CARTESIAN_POINT('',(72.264448443218,-18.50128920372,
    2.993659004225E+03));
#7812 = CARTESIAN_POINT('',(71.602189728874,-18.49847803983,
    2.993639370673E+03));
#7813 = CARTESIAN_POINT('',(71.292772700835,-18.49073566851,
    2.993585259101E+03));
#7814 = CARTESIAN_POINT('',(71.000462940654,-18.47735060166,
    2.993491037652E+03));
#7815 = CARTESIAN_POINT('',(70.731247361692,-18.45988763974,
    2.993362469191E+03));
#7816 = CARTESIAN_POINT('',(70.489692156649,-18.44036308159,
    2.993206512432E+03));
#7817 = CARTESIAN_POINT('',(70.278592536932,-18.42062695561,
    2.993031262024E+03));
#7818 = CARTESIAN_POINT('',(69.877907481346,-18.37922607416,
    2.992618522076E+03));
#7819 = CARTESIAN_POINT('',(69.698141144512,-18.35753059105,
    2.99236989815E+03));
#7820 = CARTESIAN_POINT('',(69.55729765571,-18.33880407183,
    2.992107447134E+03));
#7821 = CARTESIAN_POINT('',(69.453287284836,-18.32416865608,
    2.991836108126E+03));
#7822 = CARTESIAN_POINT('',(69.384480867273,-18.31420953668,
    2.99155935774E+03));
#7823 = CARTESIAN_POINT('',(69.35,-18.30921898935,2.991279863153E+03));
#7824 = CARTESIAN_POINT('',(69.35,-18.30921898935,2.990720133647E+03));
#7825 = CARTESIAN_POINT('',(69.384481652308,-18.31420965102,
    2.99044062951E+03));
#7826 = CARTESIAN_POINT('',(69.4532924184,-18.32416939259,
    2.990163875166E+03));
#7827 = CARTESIAN_POINT('',(69.557305144896,-18.33880515769,
    2.989892542945E+03));
#7828 = CARTESIAN_POINT('',(69.698142305141,-18.35753042782,
    2.989630106509E+03));
#7829 = CARTESIAN_POINT('',(69.877897360568,-18.37922502843,
    2.989381488349E+03));
#7830 = CARTESIAN_POINT('',(70.290707722924,-18.42187876016,
    2.988956258296E+03));
#7831 = CARTESIAN_POINT('',(70.519322716506,-18.44313572012,
    2.988768837242E+03));
#7832 = CARTESIAN_POINT('',(70.78344155512,-18.46409011418,
    2.988604178201E+03));
#7833 = CARTESIAN_POINT('',(71.078914448556,-18.48233230633,
    2.98847271366E+03));
#7834 = CARTESIAN_POINT('',(71.399097670116,-18.49529868206,
    2.988382877062E+03));
#7835 = CARTESIAN_POINT('',(71.735551556736,-18.50128920372,
    2.988340995775E+03));
#7836 = CARTESIAN_POINT('',(72.397810271176,-18.49847803983,
    2.988360629327E+03));
#7837 = CARTESIAN_POINT('',(72.707227299116,-18.49073566851,
    2.988414740899E+03));
#7838 = CARTESIAN_POINT('',(72.99953705931,-18.47735060166,
    2.988508962348E+03));
#7839 = CARTESIAN_POINT('',(73.268752638348,-18.45988763974,
    2.988637530809E+03));
#7840 = CARTESIAN_POINT('',(73.510307843384,-18.44036308159,
    2.988793487568E+03));
#7841 = CARTESIAN_POINT('',(73.721407463034,-18.42062695561,
    2.988968737976E+03));
#7842 = CARTESIAN_POINT('',(74.122107996219,-18.37922447494,
    2.989381493867E+03));
#7843 = CARTESIAN_POINT('',(74.301856096292,-18.35753044354,
    2.989630107878E+03));
#7844 = CARTESIAN_POINT('',(74.44269305569,-18.33880555514,
    2.989892539215E+03));
#7845 = CARTESIAN_POINT('',(74.546710706542,-18.32416893293,
    2.99016387579E+03));
#7846 = CARTESIAN_POINT('',(74.615523427786,-18.31420891769,
    2.990440643711E+03));
#7847 = CARTESIAN_POINT('',(74.65,-18.30921898935,2.990720154159E+03));
#7848 = CARTESIAN_POINT('',(74.65,-18.30921898935,2.991E+03));
#7849 = PCURVE('',#7023,#7850);
#7850 = DEFINITIONAL_REPRESENTATION('',(#7851),#7902);
#7851 = B_SPLINE_CURVE_WITH_KNOTS('',7,(#7852,#7853,#7854,#7855,#7856,
    #7857,#7858,#7859,#7860,#7861,#7862,#7863,#7864,#7865,#7866,#7867,
    #7868,#7869,#7870,#7871,#7872,#7873,#7874,#7875,#7876,#7877,#7878,
    #7879,#7880,#7881,#7882,#7883,#7884,#7885,#7886,#7887,#7888,#7889,
    #7890,#7891,#7892,#7893,#7894,#7895,#7896,#7897,#7898,#7899,#7900,
    #7901),.UNSPECIFIED.,.F.,.F.,(8,6,6,6,6,6,6,6,8),(0.,0.136524586203,
    0.255353950218,0.365973897556,0.501615162729,0.637257979023,
    0.755319861094,0.865225348561,1.),.UNSPECIFIED.);
#7852 = CARTESIAN_POINT('',(0.,48.309218989351));
#7853 = CARTESIAN_POINT('',(0.105609944642,48.309218989351));
#7854 = CARTESIAN_POINT('',(0.211082868542,48.314209651024));
#7855 = CARTESIAN_POINT('',(0.31744393871,48.324169392594));
#7856 = CARTESIAN_POINT('',(0.425579861823,48.338805157696));
#7857 = CARTESIAN_POINT('',(0.536445949694,48.357530427827));
#7858 = CARTESIAN_POINT('',(0.651009925556,48.379225028434));
#7859 = CARTESIAN_POINT('',(0.874651107202,48.421878760166));
#7860 = CARTESIAN_POINT('',(0.985488281361,48.443135720128));
#7861 = CARTESIAN_POINT('',(1.101334207373,48.464090114188));
#7862 = CARTESIAN_POINT('',(1.221199531836,48.482332306334));
#7863 = CARTESIAN_POINT('',(1.344512527309,48.495298682072));
#7864 = CARTESIAN_POINT('',(1.470951936358,48.50128920372));
#7865 = CARTESIAN_POINT('',(1.720970684273,48.498478039832));
#7866 = CARTESIAN_POINT('',(1.838285592788,48.490735668512));
#7867 = CARTESIAN_POINT('',(1.952456965367,48.47735060166));
#7868 = CARTESIAN_POINT('',(2.063334104091,48.459887639745));
#7869 = CARTESIAN_POINT('',(2.170567176843,48.440363081594));
#7870 = CARTESIAN_POINT('',(2.273504982656,48.420626955611));
#7871 = CARTESIAN_POINT('',(2.490577245074,48.379226074166));
#7872 = CARTESIAN_POINT('',(2.605145737074,48.357530591057));
#7873 = CARTESIAN_POINT('',(2.716017109771,48.338804071835));
#7874 = CARTESIAN_POINT('',(2.824155125908,48.324168656084));
#7875 = CARTESIAN_POINT('',(2.930514583894,48.314209536686));
#7876 = CARTESIAN_POINT('',(3.035983916633,48.309218989351));
#7877 = CARTESIAN_POINT('',(3.247202598232,48.309218989351));
#7878 = CARTESIAN_POINT('',(3.352675522132,48.314209651024));
#7879 = CARTESIAN_POINT('',(3.459036592299,48.324169392594));
#7880 = CARTESIAN_POINT('',(3.567172515413,48.338805157696));
#7881 = CARTESIAN_POINT('',(3.678038603283,48.357530427827));
#7882 = CARTESIAN_POINT('',(3.792602579145,48.379225028434));
#7883 = CARTESIAN_POINT('',(4.016243760809,48.421878760169));
#7884 = CARTESIAN_POINT('',(4.127080934931,48.443135720124));
#7885 = CARTESIAN_POINT('',(4.242926860954,48.464090114186));
#7886 = CARTESIAN_POINT('',(4.362792185437,48.482332306339));
#7887 = CARTESIAN_POINT('',(4.486105180916,48.495298682069));
#7888 = CARTESIAN_POINT('',(4.612544589931,48.50128920372));
#7889 = CARTESIAN_POINT('',(4.862563337882,48.498478039831));
#7890 = CARTESIAN_POINT('',(4.979878246359,48.49073566851));
#7891 = CARTESIAN_POINT('',(5.094049618944,48.477350601666));
#7892 = CARTESIAN_POINT('',(5.204926757691,48.459887639743));
#7893 = CARTESIAN_POINT('',(5.312159830455,48.44036308159));
#7894 = CARTESIAN_POINT('',(5.415097636227,48.420626955614));
#7895 = CARTESIAN_POINT('',(5.632178283679,48.379224474943));
#7896 = CARTESIAN_POINT('',(5.746739313483,48.357530443549));
#7897 = CARTESIAN_POINT('',(5.857604136098,48.33880555514));
#7898 = CARTESIAN_POINT('',(5.965741997236,48.324168932937));
#7899 = CARTESIAN_POINT('',(6.072107800775,48.314208917693));
#7900 = CARTESIAN_POINT('',(6.177583102872,48.309218989351));
#7901 = CARTESIAN_POINT('',(6.28318530718,48.309218989351));
#7902 = ( GEOMETRIC_REPRESENTATION_CONTEXT(2) 
PARAMETRIC_REPRESENTATION_CONTEXT() REPRESENTATION_CONTEXT('2D SPACE',''
  ) );
#7903 = PCURVE('',#7537,#7904);
#7904 = DEFINITIONAL_REPRESENTATION('',(#7905),#7956);
#7905 = B_SPLINE_CURVE_WITH_KNOTS('',7,(#7906,#7907,#7908,#7909,#7910,
    #7911,#7912,#7913,#7914,#7915,#7916,#7917,#7918,#7919,#7920,#7921,
    #7922,#7923,#7924,#7925,#7926,#7927,#7928,#7929,#7930,#7931,#7932,
    #7933,#7934,#7935,#7936,#7937,#7938,#7939,#7940,#7941,#7942,#7943,
    #7944,#7945,#7946,#7947,#7948,#7949,#7950,#7951,#7952,#7953,#7954,
    #7955),.UNSPECIFIED.,.T.,.F.,(8,6,6,6,6,6,6,6,8),(0.,0.136524586203,
    0.255353950218,0.365973897556,0.501615162729,0.637257979023,
    0.755319861094,0.865225348561,1.),.UNSPECIFIED.);
#7906 = CARTESIAN_POINT('',(4.856126661816,41.));
#7907 = CARTESIAN_POINT('',(4.856126661816,41.279866353301));
#7908 = CARTESIAN_POINT('',(4.8542433687,41.559370489596));
#7909 = CARTESIAN_POINT('',(4.850485102777,41.8361248337));
#7910 = CARTESIAN_POINT('',(4.84480746761,42.107457055106));
#7911 = CARTESIAN_POINT('',(4.837128118595,42.369893491411));
#7912 = CARTESIAN_POINT('',(4.827342558081,42.618511650943));
#7913 = CARTESIAN_POINT('',(4.804909686963,43.043741703577));
#7914 = CARTESIAN_POINT('',(4.792499479088,43.231162758285));
#7915 = CARTESIAN_POINT('',(4.778180054948,43.395821799033));
#7916 = CARTESIAN_POINT('',(4.762183218772,43.52728634027));
#7917 = CARTESIAN_POINT('',(4.744868817134,43.617122938227));
#7918 = CARTESIAN_POINT('',(4.726683645105,43.659004224989));
#7919 = CARTESIAN_POINT('',(4.690885554254,43.639370673064));
#7920 = CARTESIAN_POINT('',(4.674158677963,43.585259100857));
#7921 = CARTESIAN_POINT('',(4.658346857305,43.491037651962));
#7922 = CARTESIAN_POINT('',(4.643767830982,43.362469190723));
#7923 = CARTESIAN_POINT('',(4.630669915277,43.206512432299));
#7924 = CARTESIAN_POINT('',(4.619209912413,43.031262023719));
#7925 = CARTESIAN_POINT('',(4.59743595267,42.618522076211));
#7926 = CARTESIAN_POINT('',(4.587649780731,42.369898149878));
#7927 = CARTESIAN_POINT('',(4.579970084554,42.107447134418));
#7928 = CARTESIAN_POINT('',(4.574292577427,41.836108125574));
#7929 = CARTESIAN_POINT('',(4.570534549253,41.559357739548));
#7930 = CARTESIAN_POINT('',(4.568651298953,41.279863152936));
#7931 = CARTESIAN_POINT('',(4.568651298953,40.720133646699));
#7932 = CARTESIAN_POINT('',(4.570534592069,40.440629510403));
#7933 = CARTESIAN_POINT('',(4.574292857992,40.163875166301));
#7934 = CARTESIAN_POINT('',(4.579970493159,39.892542944894));
#7935 = CARTESIAN_POINT('',(4.587649842174,39.630106508589));
#7936 = CARTESIAN_POINT('',(4.597435402689,39.381488349057));
#7937 = CARTESIAN_POINT('',(4.619868273808,38.95625829639));
#7938 = CARTESIAN_POINT('',(4.63227848168,38.768837241761));
#7939 = CARTESIAN_POINT('',(4.64659790582,38.604178200966));
#7940 = CARTESIAN_POINT('',(4.662594741999,38.4727136597));
#7941 = CARTESIAN_POINT('',(4.679909143638,38.382877061787));
#7942 = CARTESIAN_POINT('',(4.698094315662,38.34099577501));
#7943 = CARTESIAN_POINT('',(4.733892406518,38.360629326938));
#7944 = CARTESIAN_POINT('',(4.750619282803,38.414740899155));
#7945 = CARTESIAN_POINT('',(4.766431103462,38.508962348005));
#7946 = CARTESIAN_POINT('',(4.781010129789,38.637530809278));
#7947 = CARTESIAN_POINT('',(4.794108045494,38.79348756775));
#7948 = CARTESIAN_POINT('',(4.805568048354,38.968737976245));
#7949 = CARTESIAN_POINT('',(4.827342849178,39.381493867007));
#7950 = CARTESIAN_POINT('',(4.837128032611,39.630107878213));
#7951 = CARTESIAN_POINT('',(4.844807368589,39.892539214753));
#7952 = CARTESIAN_POINT('',(4.850485273339,40.163875789768));
#7953 = CARTESIAN_POINT('',(4.854243646193,40.440643711096));
#7954 = CARTESIAN_POINT('',(4.856126661816,40.720154158585));
#7955 = CARTESIAN_POINT('',(4.856126661816,41.));
#7956 = ( GEOMETRIC_REPRESENTATION_CONTEXT(2) 
PARAMETRIC_REPRESENTATION_CONTEXT() REPRESENTATION_CONTEXT('2D SPACE',''
  ) );
#7957 = ORIENTED_EDGE('',*,*,#7773,.T.);
#7958 = ADVANCED_FACE('',(#7959),#7224,.F.);
#7959 = FACE_BOUND('',#7960,.F.);
#7960 = EDGE_LOOP('',(#7961,#8170,#8191,#8192));
#7961 = ORIENTED_EDGE('',*,*,#7962,.F.);
#7962 = EDGE_CURVE('',#7963,#7963,#7965,.T.);
#7963 = VERTEX_POINT('',#7964);
#7964 = CARTESIAN_POINT('',(75.25,18.212289806611,3.071E+03));
#7965 = SURFACE_CURVE('',#7966,(#8032,#8101),.PCURVE_S1.);
#7966 = B_SPLINE_CURVE_WITH_KNOTS('',8,(#7967,#7968,#7969,#7970,#7971,
    #7972,#7973,#7974,#7975,#7976,#7977,#7978,#7979,#7980,#7981,#7982,
    #7983,#7984,#7985,#7986,#7987,#7988,#7989,#7990,#7991,#7992,#7993,
    #7994,#7995,#7996,#7997,#7998,#7999,#8000,#8001,#8002,#8003,#8004,
    #8005,#8006,#8007,#8008,#8009,#8010,#8011,#8012,#8013,#8014,#8015,
    #8016,#8017,#8018,#8019,#8020,#8021,#8022,#8023,#8024,#8025,#8026,
    #8027,#8028,#8029,#8030,#8031),.UNSPECIFIED.,.T.,.F.,(9,7,7,7,7,7,7,
    7,7,9),(0.,9.934605896103E-02,0.197274004307,0.288288726087,
    0.392885337229,0.601562587339,0.706311071313,0.79745794521,
    0.895528077637,1.),.UNSPECIFIED.);
#7967 = CARTESIAN_POINT('',(75.25,18.212289806611,3.071E+03));
#7968 = CARTESIAN_POINT('',(75.25,18.212289806611,3.07123563192E+03));
#7969 = CARTESIAN_POINT('',(75.230476073125,18.215773744874,
    3.071471247574E+03));
#7970 = CARTESIAN_POINT('',(75.191431008947,18.22274168906,
    3.071704968216E+03));
#7971 = CARTESIAN_POINT('',(75.133087451358,18.233032045609,
    3.071934916172E+03));
#7972 = CARTESIAN_POINT('',(75.055878718613,18.246326071834,
    3.072159245204E+03));
#7973 = CARTESIAN_POINT('',(74.960445550529,18.262166290848,
    3.072376166411E+03));
#7974 = CARTESIAN_POINT('',(74.847638782812,18.279988809365,
    3.072583969677E+03));
#7975 = CARTESIAN_POINT('',(74.591260104645,18.318076472335,
    3.072975298534E+03));
#7976 = CARTESIAN_POINT('',(74.44516648191,18.338746223891,
    3.073163684008E+03));
#7977 = CARTESIAN_POINT('',(74.279671842051,18.360733511954,
    3.073344254335E+03));
#7978 = CARTESIAN_POINT('',(74.094315483154,18.383442968826,
    3.073514768485E+03));
#7979 = CARTESIAN_POINT('',(73.888797625186,18.406119273543,
    3.073672658323E+03));
#7980 = CARTESIAN_POINT('',(73.663050444613,18.42783966957,
    3.073814981386E+03));
#7981 = CARTESIAN_POINT('',(73.417347574056,18.447535377549,
    3.073938346414E+03));
#7982 = CARTESIAN_POINT('',(72.906283515422,18.479434300275,
    3.074132167446E+03));
#7983 = CARTESIAN_POINT('',(72.642852407084,18.492110513333,
    3.074206002832E+03));
#7984 = CARTESIAN_POINT('',(72.366851071019,18.500896529344,
    3.074255341464E+03));
#7985 = CARTESIAN_POINT('',(72.083712655218,18.504848749084,
    3.074277095961E+03));
#7986 = CARTESIAN_POINT('',(71.799294077103,18.503543479947,
    3.074270020389E+03));
#7987 = CARTESIAN_POINT('',(71.519516174249,18.497185070206,
    3.074234698586E+03));
#7988 = CARTESIAN_POINT('',(71.249996296944,18.486545238632,
    3.074173561253E+03));
#7989 = CARTESIAN_POINT('',(70.703444486281,18.456830889393,
    3.073995975805E+03));
#7990 = CARTESIAN_POINT('',(70.432258728264,18.436787559218,
    3.073872948654E+03));
#7991 = CARTESIAN_POINT('',(70.18345440749,18.413980419483,
    3.073726794577E+03));
#7992 = CARTESIAN_POINT('',(69.957627514207,18.389760624816,
    3.073561770978E+03));
#7993 = CARTESIAN_POINT('',(69.754881185601,18.365309229998,
    3.073381597855E+03));
#7994 = CARTESIAN_POINT('',(69.574972905395,18.341592551346,
    3.073189552108E+03));
#7995 = CARTESIAN_POINT('',(69.417403681668,18.319363566002,
    3.072988522683E+03));
#7996 = CARTESIAN_POINT('',(69.010279338018,18.258881099603,
    3.072367100085E+03));
#7997 = CARTESIAN_POINT('',(68.82295265895,18.226357328703,
    3.071924031154E+03));
#7998 = CARTESIAN_POINT('',(68.712897077311,18.205657564536,
    3.071465736844E+03));
#7999 = CARTESIAN_POINT('',(68.676477701398,18.198546292705,
    3.071000294541E+03));
#8000 = CARTESIAN_POINT('',(68.712679833764,18.205608595467,
    3.070534543412E+03));
#8001 = CARTESIAN_POINT('',(68.822893773398,18.226362020833,
    3.070075605575E+03));
#8002 = CARTESIAN_POINT('',(69.010672535169,18.258939513043,
    3.069632299751E+03));
#8003 = CARTESIAN_POINT('',(69.417403681668,18.319363566002,
    3.069011477317E+03));
#8004 = CARTESIAN_POINT('',(69.574972905394,18.341592551346,
    3.068810447892E+03));
#8005 = CARTESIAN_POINT('',(69.754881185601,18.365309229998,
    3.068618402145E+03));
#8006 = CARTESIAN_POINT('',(69.957627514207,18.389760624816,
    3.068438229022E+03));
#8007 = CARTESIAN_POINT('',(70.18345440749,18.413980419483,
    3.068273205423E+03));
#8008 = CARTESIAN_POINT('',(70.432258728265,18.436787559218,
    3.068127051346E+03));
#8009 = CARTESIAN_POINT('',(70.703444486281,18.456830889393,
    3.068004024195E+03));
#8010 = CARTESIAN_POINT('',(71.249996296944,18.486545238632,
    3.067826438747E+03));
#8011 = CARTESIAN_POINT('',(71.51951617425,18.497185070206,
    3.067765301414E+03));
#8012 = CARTESIAN_POINT('',(71.799294077102,18.503543479947,
    3.067729979611E+03));
#8013 = CARTESIAN_POINT('',(72.083712655218,18.504848749084,
    3.067722904039E+03));
#8014 = CARTESIAN_POINT('',(72.36685107102,18.500896529344,
    3.067744658536E+03));
#8015 = CARTESIAN_POINT('',(72.642852407084,18.492110513333,
    3.067793997168E+03));
#8016 = CARTESIAN_POINT('',(72.906283515423,18.479434300275,
    3.067867832554E+03));
#8017 = CARTESIAN_POINT('',(73.417347566115,18.447535378045,
    3.068061653583E+03));
#8018 = CARTESIAN_POINT('',(73.663050458794,18.427839668758,
    3.068185018618E+03));
#8019 = CARTESIAN_POINT('',(73.888797621517,18.406119273433,
    3.06832734168E+03));
#8020 = CARTESIAN_POINT('',(74.094315474131,18.383442969686,
    3.068485231508E+03));
#8021 = CARTESIAN_POINT('',(74.279671845919,18.360733512059,
    3.068655745662E+03));
#8022 = CARTESIAN_POINT('',(74.445166487286,18.338746222856,
    3.068836316003E+03));
#8023 = CARTESIAN_POINT('',(74.59126010069,18.318076472923,
    3.069024701459E+03));
#8024 = CARTESIAN_POINT('',(74.854103545201,18.279028403091,
    3.069425897946E+03));
#8025 = CARTESIAN_POINT('',(74.968808048493,18.260814486202,
    3.069640252796E+03));
#8026 = CARTESIAN_POINT('',(75.063346346854,18.245050566666,
    3.069860193508E+03));
#8027 = CARTESIAN_POINT('',(75.138326678373,18.232108294788,
    3.070084259411E+03));
#8028 = CARTESIAN_POINT('',(75.194233500272,18.222241222701,
    3.070311253543E+03));
#8029 = CARTESIAN_POINT('',(75.231402821721,18.215608581727,
    3.07054015217E+03));
#8030 = CARTESIAN_POINT('',(75.25,18.212289806611,3.070770029843E+03));
#8031 = CARTESIAN_POINT('',(75.25,18.212289806611,3.071E+03));
#8032 = PCURVE('',#7224,#8033);
#8033 = DEFINITIONAL_REPRESENTATION('',(#8034),#8100);
#8034 = B_SPLINE_CURVE_WITH_KNOTS('',8,(#8035,#8036,#8037,#8038,#8039,
    #8040,#8041,#8042,#8043,#8044,#8045,#8046,#8047,#8048,#8049,#8050,
    #8051,#8052,#8053,#8054,#8055,#8056,#8057,#8058,#8059,#8060,#8061,
    #8062,#8063,#8064,#8065,#8066,#8067,#8068,#8069,#8070,#8071,#8072,
    #8073,#8074,#8075,#8076,#8077,#8078,#8079,#8080,#8081,#8082,#8083,
    #8084,#8085,#8086,#8087,#8088,#8089,#8090,#8091,#8092,#8093,#8094,
    #8095,#8096,#8097,#8098,#8099),.UNSPECIFIED.,.F.,.F.,(9,7,7,7,7,7,7,
    7,7,9),(0.,9.934605896103E-02,0.197274004307,0.288288726087,
    0.392885337229,0.601562587339,0.706311071313,0.79745794521,
    0.895528077637,1.),.UNSPECIFIED.);
#8035 = CARTESIAN_POINT('',(0.,11.787710193389));
#8036 = CARTESIAN_POINT('',(7.250212926296E-02,11.787710193389));
#8037 = CARTESIAN_POINT('',(0.144999154971,11.784226255126));
#8038 = CARTESIAN_POINT('',(0.217494168114,11.77725831094));
#8039 = CARTESIAN_POINT('',(0.289989217315,11.766967954391));
#8040 = CARTESIAN_POINT('',(0.36248703608,11.753673928166));
#8041 = CARTESIAN_POINT('',(0.434989746679,11.737833709152));
#8042 = CARTESIAN_POINT('',(0.50749454067,11.720011190635));
#8043 = CARTESIAN_POINT('',(0.651443348534,11.681923527665));
#8044 = CARTESIAN_POINT('',(0.724563252189,11.661253776109));
#8045 = CARTESIAN_POINT('',(0.799499500107,11.639266488046));
#8046 = CARTESIAN_POINT('',(0.876416487625,11.616557031174));
#8047 = CARTESIAN_POINT('',(0.955505550836,11.593880726457));
#8048 = CARTESIAN_POINT('',(1.036990016874,11.57216033043));
#8049 = CARTESIAN_POINT('',(1.12113840366,11.552464622451));
#8050 = CARTESIAN_POINT('',(1.289317813173,11.520565699725));
#8051 = CARTESIAN_POINT('',(1.373162379633,11.507889486667));
#8052 = CARTESIAN_POINT('',(1.458760515122,11.499103470656));
#8053 = CARTESIAN_POINT('',(1.545261567667,11.495151250916));
#8054 = CARTESIAN_POINT('',(1.631919551629,11.496456520053));
#8055 = CARTESIAN_POINT('',(1.717998828541,11.502814929794));
#8056 = CARTESIAN_POINT('',(1.802682222629,11.513454761368));
#8057 = CARTESIAN_POINT('',(1.979506401861,11.543169110607));
#8058 = CARTESIAN_POINT('',(2.070562054159,11.563212440782));
#8059 = CARTESIAN_POINT('',(2.158554434577,11.586019580517));
#8060 = CARTESIAN_POINT('',(2.243795114681,11.610239375184));
#8061 = CARTESIAN_POINT('',(2.326533933511,11.634690770002));
#8062 = CARTESIAN_POINT('',(2.406975757156,11.658407448654));
#8063 = CARTESIAN_POINT('',(2.485284853299,11.680636433998));
#8064 = CARTESIAN_POINT('',(2.713872754368,11.741118900397));
#8065 = CARTESIAN_POINT('',(2.859496099282,11.773642671297));
#8066 = CARTESIAN_POINT('',(3.001378118533,11.794342435463));
#8067 = CARTESIAN_POINT('',(3.141508435064,11.801453707295));
#8068 = CARTESIAN_POINT('',(3.281721889322,11.794391404533));
#8069 = CARTESIAN_POINT('',(3.423772696848,11.773637979167));
#8070 = CARTESIAN_POINT('',(3.569533321019,11.741060486957));
#8071 = CARTESIAN_POINT('',(3.79790045388,11.680636433998));
#8072 = CARTESIAN_POINT('',(3.876209550024,11.658407448654));
#8073 = CARTESIAN_POINT('',(3.956651373669,11.634690770002));
#8074 = CARTESIAN_POINT('',(4.039390192498,11.610239375184));
#8075 = CARTESIAN_POINT('',(4.124630872602,11.586019580517));
#8076 = CARTESIAN_POINT('',(4.212623253021,11.563212440782));
#8077 = CARTESIAN_POINT('',(4.303678905319,11.543169110607));
#8078 = CARTESIAN_POINT('',(4.48050308455,11.513454761368));
#8079 = CARTESIAN_POINT('',(4.565186478639,11.502814929794));
#8080 = CARTESIAN_POINT('',(4.65126575555,11.496456520053));
#8081 = CARTESIAN_POINT('',(4.737923739512,11.495151250916));
#8082 = CARTESIAN_POINT('',(4.824424792058,11.499103470656));
#8083 = CARTESIAN_POINT('',(4.910022927547,11.507889486667));
#8084 = CARTESIAN_POINT('',(4.993867494007,11.520565699725));
#8085 = CARTESIAN_POINT('',(5.162046900906,11.552464621955));
#8086 = CARTESIAN_POINT('',(5.246195294692,11.572160331242));
#8087 = CARTESIAN_POINT('',(5.327679756037,11.593880726567));
#8088 = CARTESIAN_POINT('',(5.406768815899,11.616557030314));
#8089 = CARTESIAN_POINT('',(5.483685807464,11.639266487941));
#8090 = CARTESIAN_POINT('',(5.55862205853,11.661253777144));
#8091 = CARTESIAN_POINT('',(5.631741956425,11.681923527077));
#8092 = CARTESIAN_POINT('',(5.779320533406,11.720971596909));
#8093 = CARTESIAN_POINT('',(5.853832006789,11.739185513798));
#8094 = CARTESIAN_POINT('',(5.927051344842,11.754949433334));
#8095 = CARTESIAN_POINT('',(5.99926128756,11.767891705212));
#8096 = CARTESIAN_POINT('',(6.070723982724,11.777758777299));
#8097 = CARTESIAN_POINT('',(6.141693360154,11.784391418273));
#8098 = CARTESIAN_POINT('',(6.212425258873,11.787710193389));
#8099 = CARTESIAN_POINT('',(6.28318530718,11.787710193389));
#8100 = ( GEOMETRIC_REPRESENTATION_CONTEXT(2) 
PARAMETRIC_REPRESENTATION_CONTEXT() REPRESENTATION_CONTEXT('2D SPACE',''
  ) );
#8101 = PCURVE('',#7537,#8102);
#8102 = DEFINITIONAL_REPRESENTATION('',(#8103),#8169);
#8103 = B_SPLINE_CURVE_WITH_KNOTS('',8,(#8104,#8105,#8106,#8107,#8108,
    #8109,#8110,#8111,#8112,#8113,#8114,#8115,#8116,#8117,#8118,#8119,
    #8120,#8121,#8122,#8123,#8124,#8125,#8126,#8127,#8128,#8129,#8130,
    #8131,#8132,#8133,#8134,#8135,#8136,#8137,#8138,#8139,#8140,#8141,
    #8142,#8143,#8144,#8145,#8146,#8147,#8148,#8149,#8150,#8151,#8152,
    #8153,#8154,#8155,#8156,#8157,#8158,#8159,#8160,#8161,#8162,#8163,
    #8164,#8165,#8166,#8167,#8168),.UNSPECIFIED.,.T.,.F.,(9,7,7,7,7,7,7,
    7,7,9),(0.,9.934605896103E-02,0.197274004307,0.288288726087,
    0.392885337229,0.601562587339,0.706311071313,0.79745794521,
    0.895528077637,1.),.UNSPECIFIED.);
#8104 = CARTESIAN_POINT('',(1.394204250885,121.));
#8105 = CARTESIAN_POINT('',(1.394204250885,121.2356319201));
#8106 = CARTESIAN_POINT('',(1.395276264759,121.47124757443));
#8107 = CARTESIAN_POINT('',(1.397420163784,121.70496821617));
#8108 = CARTESIAN_POINT('',(1.400622536125,121.93491617195));
#8109 = CARTESIAN_POINT('',(1.404857304919,122.15924520371));
#8110 = CARTESIAN_POINT('',(1.410086224409,122.37616641149));
#8111 = CARTESIAN_POINT('',(1.416259254133,122.58396967713));
#8112 = CARTESIAN_POINT('',(1.430269653765,122.97529853446));
#8113 = CARTESIAN_POINT('',(1.438245063117,123.1636840079));
#8114 = CARTESIAN_POINT('',(1.447268761047,123.34425433518));
#8115 = CARTESIAN_POINT('',(1.457361822501,123.51476848501));
#8116 = CARTESIAN_POINT('',(1.468536462297,123.67265832269));
#8117 = CARTESIAN_POINT('',(1.480792957992,123.81498138635));
#8118 = CARTESIAN_POINT('',(1.494114718898,123.93834641386));
#8119 = CARTESIAN_POINT('',(1.521793562324,124.13216744553));
#8120 = CARTESIAN_POINT('',(1.536048108591,124.20600283162));
#8121 = CARTESIAN_POINT('',(1.550971328335,124.25534146434));
#8122 = CARTESIAN_POINT('',(1.566272598272,124.27709596058));
#8123 = CARTESIAN_POINT('',(1.581641624947,124.27002038932));
#8124 = CARTESIAN_POINT('',(1.596765085488,124.23469858585));
#8125 = CARTESIAN_POINT('',(1.611343467239,124.1735612534));
#8126 = CARTESIAN_POINT('',(1.640930437714,123.9959758051));
#8127 = CARTESIAN_POINT('',(1.655626324134,123.87294865397));
#8128 = CARTESIAN_POINT('',(1.66912834655,123.72679457737));
#8129 = CARTESIAN_POINT('',(1.681402750265,123.56177097751));
#8130 = CARTESIAN_POINT('',(1.692439983229,123.38159785463));
#8131 = CARTESIAN_POINT('',(1.702248182711,123.1895521082));
#8132 = CARTESIAN_POINT('',(1.710849547393,122.98852268252));
#8133 = CARTESIAN_POINT('',(1.733097788921,122.36710008477));
#8134 = CARTESIAN_POINT('',(1.743371976508,121.9240311535));
#8135 = CARTESIAN_POINT('',(1.749425703049,121.46573684407));
#8136 = CARTESIAN_POINT('',(1.751431619602,121.00029454084));
#8137 = CARTESIAN_POINT('',(1.749437714332,120.53454341182));
#8138 = CARTESIAN_POINT('',(1.743375082052,120.07560557531));
#8139 = CARTESIAN_POINT('',(1.733076301763,119.63229975068));
#8140 = CARTESIAN_POINT('',(1.710849547393,119.01147731747));
#8141 = CARTESIAN_POINT('',(1.702248182711,118.8104478918));
#8142 = CARTESIAN_POINT('',(1.692439983229,118.61840214536));
#8143 = CARTESIAN_POINT('',(1.681402750265,118.43822902248));
#8144 = CARTESIAN_POINT('',(1.66912834655,118.27320542262));
#8145 = CARTESIAN_POINT('',(1.655626324134,118.12705134602));
#8146 = CARTESIAN_POINT('',(1.640930437714,118.00402419489));
#8147 = CARTESIAN_POINT('',(1.611343467239,117.82643874659));
#8148 = CARTESIAN_POINT('',(1.596765085488,117.76530141414));
#8149 = CARTESIAN_POINT('',(1.581641624947,117.72997961067));
#8150 = CARTESIAN_POINT('',(1.566272598272,117.72290403941));
#8151 = CARTESIAN_POINT('',(1.550971328335,117.74465853565));
#8152 = CARTESIAN_POINT('',(1.536048108591,117.79399716837));
#8153 = CARTESIAN_POINT('',(1.521793562324,117.86783255446));
#8154 = CARTESIAN_POINT('',(1.494114719328,118.06165358312));
#8155 = CARTESIAN_POINT('',(1.480792957225,118.18501861776));
#8156 = CARTESIAN_POINT('',(1.468536462494,118.32734168038));
#8157 = CARTESIAN_POINT('',(1.457361822991,118.485231508));
#8158 = CARTESIAN_POINT('',(1.447268760839,118.65574566184));
#8159 = CARTESIAN_POINT('',(1.438245062822,118.83631600305));
#8160 = CARTESIAN_POINT('',(1.430269653981,119.02470145949));
#8161 = CARTESIAN_POINT('',(1.415905972397,119.42589794562));
#8162 = CARTESIAN_POINT('',(1.409628358355,119.64025279635));
#8163 = CARTESIAN_POINT('',(1.404447829867,119.86019350814));
#8164 = CARTESIAN_POINT('',(1.400334964201,120.08425941124));
#8165 = CARTESIAN_POINT('',(1.39726627112,120.31125354326));
#8166 = CARTESIAN_POINT('',(1.395225387552,120.54015216972));
#8167 = CARTESIAN_POINT('',(1.394204250885,120.770029843));
#8168 = CARTESIAN_POINT('',(1.394204250885,121.));
#8169 = ( GEOMETRIC_REPRESENTATION_CONTEXT(2) 
PARAMETRIC_REPRESENTATION_CONTEXT() REPRESENTATION_CONTEXT('2D SPACE',''
  ) );
#8170 = ORIENTED_EDGE('',*,*,#8171,.F.);
#8171 = EDGE_CURVE('',#7085,#7963,#8172,.T.);
#8172 = SEAM_CURVE('',#8173,(#8177,#8184),.PCURVE_S1.);
#8173 = LINE('',#8174,#8175);
#8174 = CARTESIAN_POINT('',(75.25,30.,3.071E+03));
#8175 = VECTOR('',#8176,1.);
#8176 = DIRECTION('',(0.,-1.,2.22044604925E-16));
#8177 = PCURVE('',#7224,#8178);
#8178 = DEFINITIONAL_REPRESENTATION('',(#8179),#8183);
#8179 = LINE('',#8180,#8181);
#8180 = CARTESIAN_POINT('',(6.28318530718,-0.));
#8181 = VECTOR('',#8182,1.);
#8182 = DIRECTION('',(0.,1.));
#8183 = ( GEOMETRIC_REPRESENTATION_CONTEXT(2) 
PARAMETRIC_REPRESENTATION_CONTEXT() REPRESENTATION_CONTEXT('2D SPACE',''
  ) );
#8184 = PCURVE('',#7224,#8185);
#8185 = DEFINITIONAL_REPRESENTATION('',(#8186),#8190);
#8186 = LINE('',#8187,#8188);
#8187 = CARTESIAN_POINT('',(0.,-0.));
#8188 = VECTOR('',#8189,1.);
#8189 = DIRECTION('',(0.,1.));
#8190 = ( GEOMETRIC_REPRESENTATION_CONTEXT(2) 
PARAMETRIC_REPRESENTATION_CONTEXT() REPRESENTATION_CONTEXT('2D SPACE',''
  ) );
#8191 = ORIENTED_EDGE('',*,*,#7084,.T.);
#8192 = ORIENTED_EDGE('',*,*,#8171,.T.);
#8193 = ADVANCED_FACE('',(#8194),#7440,.F.);
#8194 = FACE_BOUND('',#8195,.F.);
#8195 = EDGE_LOOP('',(#8196,#8197,#8220,#8427));
#8196 = ORIENTED_EDGE('',*,*,#7300,.F.);
#8197 = ORIENTED_EDGE('',*,*,#8198,.F.);
#8198 = EDGE_CURVE('',#8199,#7301,#8201,.T.);
#8199 = VERTEX_POINT('',#8200);
#8200 = CARTESIAN_POINT('',(75.25,-18.21228980661,3.071E+03));
#8201 = SEAM_CURVE('',#8202,(#8206,#8213),.PCURVE_S1.);
#8202 = LINE('',#8203,#8204);
#8203 = CARTESIAN_POINT('',(75.25,30.,3.071E+03));
#8204 = VECTOR('',#8205,1.);
#8205 = DIRECTION('',(0.,-1.,2.22044604925E-16));
#8206 = PCURVE('',#7440,#8207);
#8207 = DEFINITIONAL_REPRESENTATION('',(#8208),#8212);
#8208 = LINE('',#8209,#8210);
#8209 = CARTESIAN_POINT('',(6.28318530718,-0.));
#8210 = VECTOR('',#8211,1.);
#8211 = DIRECTION('',(0.,1.));
#8212 = ( GEOMETRIC_REPRESENTATION_CONTEXT(2) 
PARAMETRIC_REPRESENTATION_CONTEXT() REPRESENTATION_CONTEXT('2D SPACE',''
  ) );
#8213 = PCURVE('',#7440,#8214);
#8214 = DEFINITIONAL_REPRESENTATION('',(#8215),#8219);
#8215 = LINE('',#8216,#8217);
#8216 = CARTESIAN_POINT('',(0.,-0.));
#8217 = VECTOR('',#8218,1.);
#8218 = DIRECTION('',(0.,1.));
#8219 = ( GEOMETRIC_REPRESENTATION_CONTEXT(2) 
PARAMETRIC_REPRESENTATION_CONTEXT() REPRESENTATION_CONTEXT('2D SPACE',''
  ) );
#8220 = ORIENTED_EDGE('',*,*,#8221,.T.);
#8221 = EDGE_CURVE('',#8199,#8199,#8222,.T.);
#8222 = SURFACE_CURVE('',#8223,(#8289,#8358),.PCURVE_S1.);
#8223 = B_SPLINE_CURVE_WITH_KNOTS('',8,(#8224,#8225,#8226,#8227,#8228,
    #8229,#8230,#8231,#8232,#8233,#8234,#8235,#8236,#8237,#8238,#8239,
    #8240,#8241,#8242,#8243,#8244,#8245,#8246,#8247,#8248,#8249,#8250,
    #8251,#8252,#8253,#8254,#8255,#8256,#8257,#8258,#8259,#8260,#8261,
    #8262,#8263,#8264,#8265,#8266,#8267,#8268,#8269,#8270,#8271,#8272,
    #8273,#8274,#8275,#8276,#8277,#8278,#8279,#8280,#8281,#8282,#8283,
    #8284,#8285,#8286,#8287,#8288),.UNSPECIFIED.,.T.,.F.,(9,7,7,7,7,7,7,
    7,7,9),(0.,9.934605366506E-02,0.197273996779,0.288288719173,
    0.392885331065,0.601562582778,0.706311067558,0.797457942155,
    0.89552807538,1.),.UNSPECIFIED.);
#8224 = CARTESIAN_POINT('',(75.25,-18.21228980661,3.071E+03));
#8225 = CARTESIAN_POINT('',(75.25,-18.21228980661,3.07123563192E+03));
#8226 = CARTESIAN_POINT('',(75.230476073125,-18.21577374487,
    3.071471247574E+03));
#8227 = CARTESIAN_POINT('',(75.191431008947,-18.22274168906,
    3.071704968216E+03));
#8228 = CARTESIAN_POINT('',(75.133087451358,-18.2330320456,
    3.071934916172E+03));
#8229 = CARTESIAN_POINT('',(75.055878718613,-18.24632607183,
    3.072159245204E+03));
#8230 = CARTESIAN_POINT('',(74.960445550529,-18.26216629084,
    3.072376166411E+03));
#8231 = CARTESIAN_POINT('',(74.847638782812,-18.27998880936,
    3.072583969677E+03));
#8232 = CARTESIAN_POINT('',(74.591260100761,-18.31807647291,
    3.07297529854E+03));
#8233 = CARTESIAN_POINT('',(74.445166487325,-18.33874622285,
    3.073163683997E+03));
#8234 = CARTESIAN_POINT('',(74.279671845877,-18.36073351206,
    3.073344254338E+03));
#8235 = CARTESIAN_POINT('',(74.094315474039,-18.38344296969,
    3.073514768492E+03));
#8236 = CARTESIAN_POINT('',(73.888797621458,-18.40611927343,
    3.07367265832E+03));
#8237 = CARTESIAN_POINT('',(73.663050458836,-18.42783966875,
    3.073814981382E+03));
#8238 = CARTESIAN_POINT('',(73.417347566234,-18.44753537803,
    3.073938346417E+03));
#8239 = CARTESIAN_POINT('',(72.906283515422,-18.47943430027,
    3.074132167446E+03));
#8240 = CARTESIAN_POINT('',(72.642852407084,-18.49211051333,
    3.074206002832E+03));
#8241 = CARTESIAN_POINT('',(72.366851071019,-18.50089652934,
    3.074255341464E+03));
#8242 = CARTESIAN_POINT('',(72.083712655218,-18.50484874908,
    3.074277095961E+03));
#8243 = CARTESIAN_POINT('',(71.799294077103,-18.50354347994,
    3.074270020389E+03));
#8244 = CARTESIAN_POINT('',(71.519516174249,-18.4971850702,
    3.074234698586E+03));
#8245 = CARTESIAN_POINT('',(71.249996296944,-18.48654523863,
    3.074173561253E+03));
#8246 = CARTESIAN_POINT('',(70.70344448616,-18.45683088938,
    3.073995975805E+03));
#8247 = CARTESIAN_POINT('',(70.432258728221,-18.43678755921,
    3.073872948654E+03));
#8248 = CARTESIAN_POINT('',(70.183454407549,-18.41398041948,
    3.073726794577E+03));
#8249 = CARTESIAN_POINT('',(69.957627514301,-18.38976062482,
    3.073561770978E+03));
#8250 = CARTESIAN_POINT('',(69.754881185645,-18.36530923,
    3.073381597855E+03));
#8251 = CARTESIAN_POINT('',(69.574972905355,-18.34159255134,
    3.073189552108E+03));
#8252 = CARTESIAN_POINT('',(69.417403681596,-18.31936356599,
    3.072988522682E+03));
#8253 = CARTESIAN_POINT('',(69.010279338017,-18.2588810996,
    3.072367100085E+03));
#8254 = CARTESIAN_POINT('',(68.82295265895,-18.2263573287,
    3.071924031154E+03));
#8255 = CARTESIAN_POINT('',(68.712897077311,-18.20565756453,
    3.071465736844E+03));
#8256 = CARTESIAN_POINT('',(68.676477701398,-18.1985462927,
    3.071000294541E+03));
#8257 = CARTESIAN_POINT('',(68.712679833765,-18.20560859546,
    3.070534543412E+03));
#8258 = CARTESIAN_POINT('',(68.822893773398,-18.22636202083,
    3.070075605575E+03));
#8259 = CARTESIAN_POINT('',(69.010672535169,-18.25893951304,
    3.069632299751E+03));
#8260 = CARTESIAN_POINT('',(69.417403681668,-18.319363566,
    3.069011477317E+03));
#8261 = CARTESIAN_POINT('',(69.574972905395,-18.34159255134,
    3.068810447892E+03));
#8262 = CARTESIAN_POINT('',(69.754881185601,-18.36530922999,
    3.068618402145E+03));
#8263 = CARTESIAN_POINT('',(69.957627514207,-18.38976062481,
    3.068438229022E+03));
#8264 = CARTESIAN_POINT('',(70.18345440749,-18.41398041948,
    3.068273205423E+03));
#8265 = CARTESIAN_POINT('',(70.432258728264,-18.43678755921,
    3.068127051346E+03));
#8266 = CARTESIAN_POINT('',(70.703444486281,-18.45683088939,
    3.068004024195E+03));
#8267 = CARTESIAN_POINT('',(71.249996296944,-18.48654523863,
    3.067826438747E+03));
#8268 = CARTESIAN_POINT('',(71.51951617425,-18.4971850702,
    3.067765301414E+03));
#8269 = CARTESIAN_POINT('',(71.799294077102,-18.50354347994,
    3.067729979611E+03));
#8270 = CARTESIAN_POINT('',(72.083712655218,-18.50484874908,
    3.067722904039E+03));
#8271 = CARTESIAN_POINT('',(72.36685107102,-18.50089652934,
    3.067744658536E+03));
#8272 = CARTESIAN_POINT('',(72.642852407084,-18.49211051333,
    3.067793997168E+03));
#8273 = CARTESIAN_POINT('',(72.906283515423,-18.47943430027,
    3.067867832554E+03));
#8274 = CARTESIAN_POINT('',(73.417347566234,-18.44753537803,
    3.068061653583E+03));
#8275 = CARTESIAN_POINT('',(73.663050458836,-18.42783966875,
    3.068185018618E+03));
#8276 = CARTESIAN_POINT('',(73.888797621458,-18.40611927343,
    3.06832734168E+03));
#8277 = CARTESIAN_POINT('',(74.094315474039,-18.38344296969,
    3.068485231508E+03));
#8278 = CARTESIAN_POINT('',(74.279671845877,-18.36073351206,
    3.068655745662E+03));
#8279 = CARTESIAN_POINT('',(74.445166487325,-18.33874622285,
    3.068836316003E+03));
#8280 = CARTESIAN_POINT('',(74.591260100761,-18.31807647291,
    3.06902470146E+03));
#8281 = CARTESIAN_POINT('',(74.854103546953,-18.27902840283,
    3.069425897948E+03));
#8282 = CARTESIAN_POINT('',(74.968808046682,-18.26081448647,
    3.069640252792E+03));
#8283 = CARTESIAN_POINT('',(75.063346345995,-18.24505056679,
    3.069860193508E+03));
#8284 = CARTESIAN_POINT('',(75.138326679622,-18.23210829459,
    3.070084259416E+03));
#8285 = CARTESIAN_POINT('',(75.194233501097,-18.22224122257,
    3.070311253543E+03));
#8286 = CARTESIAN_POINT('',(75.231402820842,-18.21560858186,
    3.070540152165E+03));
#8287 = CARTESIAN_POINT('',(75.25,-18.21228980661,3.070770029846E+03));
#8288 = CARTESIAN_POINT('',(75.25,-18.21228980661,3.071E+03));
#8289 = PCURVE('',#7440,#8290);
#8290 = DEFINITIONAL_REPRESENTATION('',(#8291),#8357);
#8291 = B_SPLINE_CURVE_WITH_KNOTS('',8,(#8292,#8293,#8294,#8295,#8296,
    #8297,#8298,#8299,#8300,#8301,#8302,#8303,#8304,#8305,#8306,#8307,
    #8308,#8309,#8310,#8311,#8312,#8313,#8314,#8315,#8316,#8317,#8318,
    #8319,#8320,#8321,#8322,#8323,#8324,#8325,#8326,#8327,#8328,#8329,
    #8330,#8331,#8332,#8333,#8334,#8335,#8336,#8337,#8338,#8339,#8340,
    #8341,#8342,#8343,#8344,#8345,#8346,#8347,#8348,#8349,#8350,#8351,
    #8352,#8353,#8354,#8355,#8356),.UNSPECIFIED.,.F.,.F.,(9,7,7,7,7,7,7,
    7,7,9),(0.,9.934605366506E-02,0.197273996779,0.288288719173,
    0.392885331065,0.601562582778,0.706311067558,0.797457942155,
    0.89552807538,1.),.UNSPECIFIED.);
#8292 = CARTESIAN_POINT('',(0.,48.212289806611));
#8293 = CARTESIAN_POINT('',(7.250212926297E-02,48.212289806611));
#8294 = CARTESIAN_POINT('',(0.144999154971,48.215773744874));
#8295 = CARTESIAN_POINT('',(0.217494168114,48.22274168906));
#8296 = CARTESIAN_POINT('',(0.289989217315,48.233032045609));
#8297 = CARTESIAN_POINT('',(0.36248703608,48.246326071834));
#8298 = CARTESIAN_POINT('',(0.434989746679,48.262166290848));
#8299 = CARTESIAN_POINT('',(0.50749454067,48.279988809365));
#8300 = CARTESIAN_POINT('',(0.651443350715,48.318076472912));
#8301 = CARTESIAN_POINT('',(0.724563248637,48.338746222851));
#8302 = CARTESIAN_POINT('',(0.799499499739,48.360733512067));
#8303 = CARTESIAN_POINT('',(0.876416491316,48.383442969697));
#8304 = CARTESIAN_POINT('',(0.95550555116,48.406119273437));
#8305 = CARTESIAN_POINT('',(1.03699001247,48.427839668752));
#8306 = CARTESIAN_POINT('',(1.121138406234,48.447535378037));
#8307 = CARTESIAN_POINT('',(1.289317813173,48.479434300275));
#8308 = CARTESIAN_POINT('',(1.373162379633,48.492110513333));
#8309 = CARTESIAN_POINT('',(1.458760515122,48.500896529344));
#8310 = CARTESIAN_POINT('',(1.545261567667,48.504848749084));
#8311 = CARTESIAN_POINT('',(1.631919551629,48.503543479947));
#8312 = CARTESIAN_POINT('',(1.717998828541,48.497185070206));
#8313 = CARTESIAN_POINT('',(1.802682222629,48.486545238632));
#8314 = CARTESIAN_POINT('',(1.9795064019,48.456830889387));
#8315 = CARTESIAN_POINT('',(2.070562054176,48.436787559212));
#8316 = CARTESIAN_POINT('',(2.15855443456,48.413980419486));
#8317 = CARTESIAN_POINT('',(2.243795114646,48.389760624828));
#8318 = CARTESIAN_POINT('',(2.326533933487,48.365309230006));
#8319 = CARTESIAN_POINT('',(2.406975757168,48.341592551342));
#8320 = CARTESIAN_POINT('',(2.485284853339,48.319363565992));
#8321 = CARTESIAN_POINT('',(2.713872754368,48.258881099603));
#8322 = CARTESIAN_POINT('',(2.859496099282,48.226357328703));
#8323 = CARTESIAN_POINT('',(3.001378118533,48.205657564537));
#8324 = CARTESIAN_POINT('',(3.141508435064,48.198546292705));
#8325 = CARTESIAN_POINT('',(3.281721889322,48.205608595467));
#8326 = CARTESIAN_POINT('',(3.423772696847,48.226362020833));
#8327 = CARTESIAN_POINT('',(3.569533321019,48.258939513043));
#8328 = CARTESIAN_POINT('',(3.79790045388,48.319363566002));
#8329 = CARTESIAN_POINT('',(3.876209550024,48.341592551346));
#8330 = CARTESIAN_POINT('',(3.956651373669,48.365309229998));
#8331 = CARTESIAN_POINT('',(4.039390192498,48.389760624816));
#8332 = CARTESIAN_POINT('',(4.124630872602,48.413980419483));
#8333 = CARTESIAN_POINT('',(4.21262325302,48.436787559218));
#8334 = CARTESIAN_POINT('',(4.303678905319,48.456830889393));
#8335 = CARTESIAN_POINT('',(4.48050308455,48.486545238632));
#8336 = CARTESIAN_POINT('',(4.565186478639,48.497185070206));
#8337 = CARTESIAN_POINT('',(4.65126575555,48.503543479947));
#8338 = CARTESIAN_POINT('',(4.737923739512,48.504848749084));
#8339 = CARTESIAN_POINT('',(4.824424792058,48.500896529344));
#8340 = CARTESIAN_POINT('',(4.910022927547,48.492110513333));
#8341 = CARTESIAN_POINT('',(4.993867494007,48.479434300275));
#8342 = CARTESIAN_POINT('',(5.162046900945,48.447535378037));
#8343 = CARTESIAN_POINT('',(5.246195294709,48.427839668752));
#8344 = CARTESIAN_POINT('',(5.32767975602,48.406119273437));
#8345 = CARTESIAN_POINT('',(5.406768815864,48.383442969697));
#8346 = CARTESIAN_POINT('',(5.483685807441,48.360733512066));
#8347 = CARTESIAN_POINT('',(5.558622058542,48.338746222851));
#8348 = CARTESIAN_POINT('',(5.631741956464,48.318076472912));
#8349 = CARTESIAN_POINT('',(5.77932053439,48.279028402831));
#8350 = CARTESIAN_POINT('',(5.853832005196,48.260814486477));
#8351 = CARTESIAN_POINT('',(5.927051344759,48.245050566793));
#8352 = CARTESIAN_POINT('',(5.999261289004,48.232108294596));
#8353 = CARTESIAN_POINT('',(6.070723982813,48.222241222576));
#8354 = CARTESIAN_POINT('',(6.141693358671,48.215608581862));
#8355 = CARTESIAN_POINT('',(6.212425259711,48.212289806611));
#8356 = CARTESIAN_POINT('',(6.28318530718,48.212289806611));
#8357 = ( GEOMETRIC_REPRESENTATION_CONTEXT(2) 
PARAMETRIC_REPRESENTATION_CONTEXT() REPRESENTATION_CONTEXT('2D SPACE',''
  ) );
#8358 = PCURVE('',#7537,#8359);
#8359 = DEFINITIONAL_REPRESENTATION('',(#8360),#8426);
#8360 = B_SPLINE_CURVE_WITH_KNOTS('',8,(#8361,#8362,#8363,#8364,#8365,
    #8366,#8367,#8368,#8369,#8370,#8371,#8372,#8373,#8374,#8375,#8376,
    #8377,#8378,#8379,#8380,#8381,#8382,#8383,#8384,#8385,#8386,#8387,
    #8388,#8389,#8390,#8391,#8392,#8393,#8394,#8395,#8396,#8397,#8398,
    #8399,#8400,#8401,#8402,#8403,#8404,#8405,#8406,#8407,#8408,#8409,
    #8410,#8411,#8412,#8413,#8414,#8415,#8416,#8417,#8418,#8419,#8420,
    #8421,#8422,#8423,#8424,#8425),.UNSPECIFIED.,.T.,.F.,(9,7,7,7,7,7,7,
    7,7,9),(0.,9.934605366506E-02,0.197273996779,0.288288719173,
    0.392885331065,0.601562582778,0.706311067558,0.797457942155,
    0.89552807538,1.),.UNSPECIFIED.);
#8361 = CARTESIAN_POINT('',(4.888981056295,121.));
#8362 = CARTESIAN_POINT('',(4.888981056295,121.2356319201));
#8363 = CARTESIAN_POINT('',(4.88790904242,121.47124757443));
#8364 = CARTESIAN_POINT('',(4.885765143395,121.70496821617));
#8365 = CARTESIAN_POINT('',(4.882562771055,121.93491617195));
#8366 = CARTESIAN_POINT('',(4.878328002261,122.15924520371));
#8367 = CARTESIAN_POINT('',(4.873099082771,122.37616641149));
#8368 = CARTESIAN_POINT('',(4.866926053046,122.58396967713));
#8369 = CARTESIAN_POINT('',(4.852915653202,122.97529854039));
#8370 = CARTESIAN_POINT('',(4.844940244359,123.16368399692));
#8371 = CARTESIAN_POINT('',(4.835916546338,123.34425433822));
#8372 = CARTESIAN_POINT('',(4.825823484183,123.51476849207));
#8373 = CARTESIAN_POINT('',(4.814648844683,123.67265831963));
#8374 = CARTESIAN_POINT('',(4.802392349957,123.81498138219));
#8375 = CARTESIAN_POINT('',(4.789070587858,123.93834641683));
#8376 = CARTESIAN_POINT('',(4.761391744855,124.13216744553));
#8377 = CARTESIAN_POINT('',(4.747137198588,124.20600283162));
#8378 = CARTESIAN_POINT('',(4.732213978844,124.25534146434));
#8379 = CARTESIAN_POINT('',(4.716912708908,124.27709596058));
#8380 = CARTESIAN_POINT('',(4.701543682233,124.27002038932));
#8381 = CARTESIAN_POINT('',(4.686420221692,124.23469858585));
#8382 = CARTESIAN_POINT('',(4.671841839941,124.1735612534));
#8383 = CARTESIAN_POINT('',(4.642254869459,123.99597580506));
#8384 = CARTESIAN_POINT('',(4.627558983043,123.87294865393));
#8385 = CARTESIAN_POINT('',(4.614056960633,123.72679457739));
#8386 = CARTESIAN_POINT('',(4.60178255692,123.56177097758));
#8387 = CARTESIAN_POINT('',(4.590745323953,123.3815978547));
#8388 = CARTESIAN_POINT('',(4.580937124467,123.18955210818));
#8389 = CARTESIAN_POINT('',(4.572335759783,122.98852268241));
#8390 = CARTESIAN_POINT('',(4.550087518258,122.36710008477));
#8391 = CARTESIAN_POINT('',(4.539813330671,121.9240311535));
#8392 = CARTESIAN_POINT('',(4.533759604131,121.46573684407));
#8393 = CARTESIAN_POINT('',(4.531753687577,121.00029454084));
#8394 = CARTESIAN_POINT('',(4.533747592848,120.53454341182));
#8395 = CARTESIAN_POINT('',(4.539810225128,120.07560557531));
#8396 = CARTESIAN_POINT('',(4.550109005417,119.63229975068));
#8397 = CARTESIAN_POINT('',(4.572335759786,119.01147731747));
#8398 = CARTESIAN_POINT('',(4.580937124469,118.8104478918));
#8399 = CARTESIAN_POINT('',(4.590745323951,118.61840214536));
#8400 = CARTESIAN_POINT('',(4.601782556915,118.43822902248));
#8401 = CARTESIAN_POINT('',(4.61405696063,118.27320542262));
#8402 = CARTESIAN_POINT('',(4.627558983045,118.12705134602));
#8403 = CARTESIAN_POINT('',(4.642254869466,118.00402419489));
#8404 = CARTESIAN_POINT('',(4.671841839941,117.82643874659));
#8405 = CARTESIAN_POINT('',(4.686420221692,117.76530141414));
#8406 = CARTESIAN_POINT('',(4.701543682233,117.72997961067));
#8407 = CARTESIAN_POINT('',(4.716912708908,117.72290403941));
#8408 = CARTESIAN_POINT('',(4.732213978844,117.74465853565));
#8409 = CARTESIAN_POINT('',(4.747137198588,117.79399716837));
#8410 = CARTESIAN_POINT('',(4.761391744855,117.86783255446));
#8411 = CARTESIAN_POINT('',(4.789070587858,118.06165358316));
#8412 = CARTESIAN_POINT('',(4.802392349957,118.1850186178));
#8413 = CARTESIAN_POINT('',(4.814648844683,118.32734168037));
#8414 = CARTESIAN_POINT('',(4.825823484183,118.48523150793));
#8415 = CARTESIAN_POINT('',(4.835916546338,118.65574566177));
#8416 = CARTESIAN_POINT('',(4.844940244359,118.83631600307));
#8417 = CARTESIAN_POINT('',(4.852915653202,119.0247014596));
#8418 = CARTESIAN_POINT('',(4.867279334879,119.42589794829));
#8419 = CARTESIAN_POINT('',(4.873556948725,119.64025279168));
#8420 = CARTESIAN_POINT('',(4.878737477266,119.86019350813));
#8421 = CARTESIAN_POINT('',(4.882850343047,120.0842594156));
#8422 = CARTESIAN_POINT('',(4.885919036105,120.31125354332));
#8423 = CARTESIAN_POINT('',(4.88795991958,120.54015216513));
#8424 = CARTESIAN_POINT('',(4.888981056295,120.77002984572));
#8425 = CARTESIAN_POINT('',(4.888981056295,121.));
#8426 = ( GEOMETRIC_REPRESENTATION_CONTEXT(2) 
PARAMETRIC_REPRESENTATION_CONTEXT() REPRESENTATION_CONTEXT('2D SPACE',''
  ) );
#8427 = ORIENTED_EDGE('',*,*,#8198,.T.);
#8428 = ADVANCED_FACE('',(#8429,#8455,#8458,#8461,#8464),#7537,.F.);
#8429 = FACE_BOUND('',#8430,.F.);
#8430 = EDGE_LOOP('',(#8431,#8432,#8453,#8454));
#8431 = ORIENTED_EDGE('',*,*,#7555,.T.);
#8432 = ORIENTED_EDGE('',*,*,#8433,.T.);
#8433 = EDGE_CURVE('',#7556,#7521,#8434,.T.);
#8434 = SEAM_CURVE('',#8435,(#8439,#8446),.PCURVE_S1.);
#8435 = LINE('',#8436,#8437);
#8436 = CARTESIAN_POINT('',(90.5,-4.531193156845E-15,2.95E+03));
#8437 = VECTOR('',#8438,1.);
#8438 = DIRECTION('',(0.,0.,1.));
#8439 = PCURVE('',#7537,#8440);
#8440 = DEFINITIONAL_REPRESENTATION('',(#8441),#8445);
#8441 = LINE('',#8442,#8443);
#8442 = CARTESIAN_POINT('',(0.,-0.));
#8443 = VECTOR('',#8444,1.);
#8444 = DIRECTION('',(0.,1.));
#8445 = ( GEOMETRIC_REPRESENTATION_CONTEXT(2) 
PARAMETRIC_REPRESENTATION_CONTEXT() REPRESENTATION_CONTEXT('2D SPACE',''
  ) );
#8446 = PCURVE('',#7537,#8447);
#8447 = DEFINITIONAL_REPRESENTATION('',(#8448),#8452);
#8448 = LINE('',#8449,#8450);
#8449 = CARTESIAN_POINT('',(6.28318530718,-0.));
#8450 = VECTOR('',#8451,1.);
#8451 = DIRECTION('',(0.,1.));
#8452 = ( GEOMETRIC_REPRESENTATION_CONTEXT(2) 
PARAMETRIC_REPRESENTATION_CONTEXT() REPRESENTATION_CONTEXT('2D SPACE',''
  ) );
#8453 = ORIENTED_EDGE('',*,*,#7520,.F.);
#8454 = ORIENTED_EDGE('',*,*,#8433,.F.);
#8455 = FACE_BOUND('',#8456,.F.);
#8456 = EDGE_LOOP('',(#8457));
#8457 = ORIENTED_EDGE('',*,*,#7582,.T.);
#8458 = FACE_BOUND('',#8459,.F.);
#8459 = EDGE_LOOP('',(#8460));
#8460 = ORIENTED_EDGE('',*,*,#7796,.F.);
#8461 = FACE_BOUND('',#8462,.F.);
#8462 = EDGE_LOOP('',(#8463));
#8463 = ORIENTED_EDGE('',*,*,#7962,.T.);
#8464 = FACE_BOUND('',#8465,.F.);
#8465 = EDGE_LOOP('',(#8466));
#8466 = ORIENTED_EDGE('',*,*,#8221,.F.);
#8467 = MANIFOLD_SOLID_BREP('',#8468);
#8468 = CLOSED_SHELL('',(#8469,#8557,#8561));
#8469 = ADVANCED_FACE('',(#8470),#8483,.T.);
#8470 = FACE_BOUND('',#8471,.T.);
#8471 = EDGE_LOOP('',(#8472,#8506,#8529,#8556));
#8472 = ORIENTED_EDGE('',*,*,#8473,.F.);
#8473 = EDGE_CURVE('',#8474,#8474,#8476,.T.);
#8474 = VERTEX_POINT('',#8475);
#8475 = CARTESIAN_POINT('',(74.5,-20.5,1.541E+03));
#8476 = SURFACE_CURVE('',#8477,(#8482,#8494),.PCURVE_S1.);
#8477 = CIRCLE('',#8478,2.5);
#8478 = AXIS2_PLACEMENT_3D('',#8479,#8480,#8481);
#8479 = CARTESIAN_POINT('',(72.,-20.5,1.541E+03));
#8480 = DIRECTION('',(0.,-1.,2.22044604925E-16));
#8481 = DIRECTION('',(1.,0.,0.));
#8482 = PCURVE('',#8483,#8488);
#8483 = CYLINDRICAL_SURFACE('',#8484,2.5);
#8484 = AXIS2_PLACEMENT_3D('',#8485,#8486,#8487);
#8485 = CARTESIAN_POINT('',(72.,26.,1.541E+03));
#8486 = DIRECTION('',(0.,-1.,2.22044604925E-16));
#8487 = DIRECTION('',(1.,0.,0.));
#8488 = DEFINITIONAL_REPRESENTATION('',(#8489),#8493);
#8489 = LINE('',#8490,#8491);
#8490 = CARTESIAN_POINT('',(0.,46.5));
#8491 = VECTOR('',#8492,1.);
#8492 = DIRECTION('',(1.,0.));
#8493 = ( GEOMETRIC_REPRESENTATION_CONTEXT(2) 
PARAMETRIC_REPRESENTATION_CONTEXT() REPRESENTATION_CONTEXT('2D SPACE',''
  ) );
#8494 = PCURVE('',#8495,#8500);
#8495 = PLANE('',#8496);
#8496 = AXIS2_PLACEMENT_3D('',#8497,#8498,#8499);
#8497 = CARTESIAN_POINT('',(72.,-20.5,1.541E+03));
#8498 = DIRECTION('',(0.,-1.,2.22044604925E-16));
#8499 = DIRECTION('',(1.,0.,0.));
#8500 = DEFINITIONAL_REPRESENTATION('',(#8501),#8505);
#8501 = CIRCLE('',#8502,2.5);
#8502 = AXIS2_PLACEMENT_2D('',#8503,#8504);
#8503 = CARTESIAN_POINT('',(0.,0.));
#8504 = DIRECTION('',(1.,0.));
#8505 = ( GEOMETRIC_REPRESENTATION_CONTEXT(2) 
PARAMETRIC_REPRESENTATION_CONTEXT() REPRESENTATION_CONTEXT('2D SPACE',''
  ) );
#8506 = ORIENTED_EDGE('',*,*,#8507,.F.);
#8507 = EDGE_CURVE('',#8508,#8474,#8510,.T.);
#8508 = VERTEX_POINT('',#8509);
#8509 = CARTESIAN_POINT('',(74.5,26.,1.541E+03));
#8510 = SEAM_CURVE('',#8511,(#8515,#8522),.PCURVE_S1.);
#8511 = LINE('',#8512,#8513);
#8512 = CARTESIAN_POINT('',(74.5,26.,1.541E+03));
#8513 = VECTOR('',#8514,1.);
#8514 = DIRECTION('',(0.,-1.,2.22044604925E-16));
#8515 = PCURVE('',#8483,#8516);
#8516 = DEFINITIONAL_REPRESENTATION('',(#8517),#8521);
#8517 = LINE('',#8518,#8519);
#8518 = CARTESIAN_POINT('',(6.28318530718,-0.));
#8519 = VECTOR('',#8520,1.);
#8520 = DIRECTION('',(0.,1.));
#8521 = ( GEOMETRIC_REPRESENTATION_CONTEXT(2) 
PARAMETRIC_REPRESENTATION_CONTEXT() REPRESENTATION_CONTEXT('2D SPACE',''
  ) );
#8522 = PCURVE('',#8483,#8523);
#8523 = DEFINITIONAL_REPRESENTATION('',(#8524),#8528);
#8524 = LINE('',#8525,#8526);
#8525 = CARTESIAN_POINT('',(0.,-0.));
#8526 = VECTOR('',#8527,1.);
#8527 = DIRECTION('',(0.,1.));
#8528 = ( GEOMETRIC_REPRESENTATION_CONTEXT(2) 
PARAMETRIC_REPRESENTATION_CONTEXT() REPRESENTATION_CONTEXT('2D SPACE',''
  ) );
#8529 = ORIENTED_EDGE('',*,*,#8530,.T.);
#8530 = EDGE_CURVE('',#8508,#8508,#8531,.T.);
#8531 = SURFACE_CURVE('',#8532,(#8537,#8544),.PCURVE_S1.);
#8532 = CIRCLE('',#8533,2.5);
#8533 = AXIS2_PLACEMENT_3D('',#8534,#8535,#8536);
#8534 = CARTESIAN_POINT('',(72.,26.,1.541E+03));
#8535 = DIRECTION('',(0.,-1.,2.22044604925E-16));
#8536 = DIRECTION('',(1.,0.,0.));
#8537 = PCURVE('',#8483,#8538);
#8538 = DEFINITIONAL_REPRESENTATION('',(#8539),#8543);
#8539 = LINE('',#8540,#8541);
#8540 = CARTESIAN_POINT('',(0.,0.));
#8541 = VECTOR('',#8542,1.);
#8542 = DIRECTION('',(1.,0.));
#8543 = ( GEOMETRIC_REPRESENTATION_CONTEXT(2) 
PARAMETRIC_REPRESENTATION_CONTEXT() REPRESENTATION_CONTEXT('2D SPACE',''
  ) );
#8544 = PCURVE('',#8545,#8550);
#8545 = PLANE('',#8546);
#8546 = AXIS2_PLACEMENT_3D('',#8547,#8548,#8549);
#8547 = CARTESIAN_POINT('',(72.,26.,1.541E+03));
#8548 = DIRECTION('',(0.,-1.,2.22044604925E-16));
#8549 = DIRECTION('',(1.,0.,0.));
#8550 = DEFINITIONAL_REPRESENTATION('',(#8551),#8555);
#8551 = CIRCLE('',#8552,2.5);
#8552 = AXIS2_PLACEMENT_2D('',#8553,#8554);
#8553 = CARTESIAN_POINT('',(0.,0.));
#8554 = DIRECTION('',(1.,0.));
#8555 = ( GEOMETRIC_REPRESENTATION_CONTEXT(2) 
PARAMETRIC_REPRESENTATION_CONTEXT() REPRESENTATION_CONTEXT('2D SPACE',''
  ) );
#8556 = ORIENTED_EDGE('',*,*,#8507,.T.);
#8557 = ADVANCED_FACE('',(#8558),#8495,.T.);
#8558 = FACE_BOUND('',#8559,.T.);
#8559 = EDGE_LOOP('',(#8560));
#8560 = ORIENTED_EDGE('',*,*,#8473,.T.);
#8561 = ADVANCED_FACE('',(#8562),#8545,.F.);
#8562 = FACE_BOUND('',#8563,.T.);
#8563 = EDGE_LOOP('',(#8564));
#8564 = ORIENTED_EDGE('',*,*,#8530,.F.);
#8565 = MANIFOLD_SOLID_BREP('',#8566);
#8566 = CLOSED_SHELL('',(#8567,#8655,#8659));
#8567 = ADVANCED_FACE('',(#8568),#8581,.T.);
#8568 = FACE_BOUND('',#8569,.T.);
#8569 = EDGE_LOOP('',(#8570,#8604,#8627,#8654));
#8570 = ORIENTED_EDGE('',*,*,#8571,.F.);
#8571 = EDGE_CURVE('',#8572,#8572,#8574,.T.);
#8572 = VERTEX_POINT('',#8573);
#8573 = CARTESIAN_POINT('',(76.25,-24.,1.541E+03));
#8574 = SURFACE_CURVE('',#8575,(#8580,#8592),.PCURVE_S1.);
#8575 = CIRCLE('',#8576,4.25);
#8576 = AXIS2_PLACEMENT_3D('',#8577,#8578,#8579);
#8577 = CARTESIAN_POINT('',(72.,-24.,1.541E+03));
#8578 = DIRECTION('',(0.,-1.,2.22044604925E-16));
#8579 = DIRECTION('',(1.,0.,0.));
#8580 = PCURVE('',#8581,#8586);
#8581 = CYLINDRICAL_SURFACE('',#8582,4.25);
#8582 = AXIS2_PLACEMENT_3D('',#8583,#8584,#8585);
#8583 = CARTESIAN_POINT('',(72.,-20.,1.541E+03));
#8584 = DIRECTION('',(0.,-1.,2.22044604925E-16));
#8585 = DIRECTION('',(1.,0.,0.));
#8586 = DEFINITIONAL_REPRESENTATION('',(#8587),#8591);
#8587 = LINE('',#8588,#8589);
#8588 = CARTESIAN_POINT('',(0.,4.));
#8589 = VECTOR('',#8590,1.);
#8590 = DIRECTION('',(1.,0.));
#8591 = ( GEOMETRIC_REPRESENTATION_CONTEXT(2) 
PARAMETRIC_REPRESENTATION_CONTEXT() REPRESENTATION_CONTEXT('2D SPACE',''
  ) );
#8592 = PCURVE('',#8593,#8598);
#8593 = PLANE('',#8594);
#8594 = AXIS2_PLACEMENT_3D('',#8595,#8596,#8597);
#8595 = CARTESIAN_POINT('',(72.,-24.,1.541E+03));
#8596 = DIRECTION('',(0.,-1.,2.22044604925E-16));
#8597 = DIRECTION('',(1.,0.,0.));
#8598 = DEFINITIONAL_REPRESENTATION('',(#8599),#8603);
#8599 = CIRCLE('',#8600,4.25);
#8600 = AXIS2_PLACEMENT_2D('',#8601,#8602);
#8601 = CARTESIAN_POINT('',(0.,0.));
#8602 = DIRECTION('',(1.,0.));
#8603 = ( GEOMETRIC_REPRESENTATION_CONTEXT(2) 
PARAMETRIC_REPRESENTATION_CONTEXT() REPRESENTATION_CONTEXT('2D SPACE',''
  ) );
#8604 = ORIENTED_EDGE('',*,*,#8605,.F.);
#8605 = EDGE_CURVE('',#8606,#8572,#8608,.T.);
#8606 = VERTEX_POINT('',#8607);
#8607 = CARTESIAN_POINT('',(76.25,-20.,1.541E+03));
#8608 = SEAM_CURVE('',#8609,(#8613,#8620),.PCURVE_S1.);
#8609 = LINE('',#8610,#8611);
#8610 = CARTESIAN_POINT('',(76.25,-20.,1.541E+03));
#8611 = VECTOR('',#8612,1.);
#8612 = DIRECTION('',(0.,-1.,2.22044604925E-16));
#8613 = PCURVE('',#8581,#8614);
#8614 = DEFINITIONAL_REPRESENTATION('',(#8615),#8619);
#8615 = LINE('',#8616,#8617);
#8616 = CARTESIAN_POINT('',(6.28318530718,-0.));
#8617 = VECTOR('',#8618,1.);
#8618 = DIRECTION('',(0.,1.));
#8619 = ( GEOMETRIC_REPRESENTATION_CONTEXT(2) 
PARAMETRIC_REPRESENTATION_CONTEXT() REPRESENTATION_CONTEXT('2D SPACE',''
  ) );
#8620 = PCURVE('',#8581,#8621);
#8621 = DEFINITIONAL_REPRESENTATION('',(#8622),#8626);
#8622 = LINE('',#8623,#8624);
#8623 = CARTESIAN_POINT('',(0.,-0.));
#8624 = VECTOR('',#8625,1.);
#8625 = DIRECTION('',(0.,1.));
#8626 = ( GEOMETRIC_REPRESENTATION_CONTEXT(2) 
PARAMETRIC_REPRESENTATION_CONTEXT() REPRESENTATION_CONTEXT('2D SPACE',''
  ) );
#8627 = ORIENTED_EDGE('',*,*,#8628,.T.);
#8628 = EDGE_CURVE('',#8606,#8606,#8629,.T.);
#8629 = SURFACE_CURVE('',#8630,(#8635,#8642),.PCURVE_S1.);
#8630 = CIRCLE('',#8631,4.25);
#8631 = AXIS2_PLACEMENT_3D('',#8632,#8633,#8634);
#8632 = CARTESIAN_POINT('',(72.,-20.,1.541E+03));
#8633 = DIRECTION('',(0.,-1.,2.22044604925E-16));
#8634 = DIRECTION('',(1.,0.,0.));
#8635 = PCURVE('',#8581,#8636);
#8636 = DEFINITIONAL_REPRESENTATION('',(#8637),#8641);
#8637 = LINE('',#8638,#8639);
#8638 = CARTESIAN_POINT('',(0.,0.));
#8639 = VECTOR('',#8640,1.);
#8640 = DIRECTION('',(1.,0.));
#8641 = ( GEOMETRIC_REPRESENTATION_CONTEXT(2) 
PARAMETRIC_REPRESENTATION_CONTEXT() REPRESENTATION_CONTEXT('2D SPACE',''
  ) );
#8642 = PCURVE('',#8643,#8648);
#8643 = PLANE('',#8644);
#8644 = AXIS2_PLACEMENT_3D('',#8645,#8646,#8647);
#8645 = CARTESIAN_POINT('',(72.,-20.,1.541E+03));
#8646 = DIRECTION('',(0.,-1.,2.22044604925E-16));
#8647 = DIRECTION('',(1.,0.,0.));
#8648 = DEFINITIONAL_REPRESENTATION('',(#8649),#8653);
#8649 = CIRCLE('',#8650,4.25);
#8650 = AXIS2_PLACEMENT_2D('',#8651,#8652);
#8651 = CARTESIAN_POINT('',(0.,0.));
#8652 = DIRECTION('',(1.,0.));
#8653 = ( GEOMETRIC_REPRESENTATION_CONTEXT(2) 
PARAMETRIC_REPRESENTATION_CONTEXT() REPRESENTATION_CONTEXT('2D SPACE',''
  ) );
#8654 = ORIENTED_EDGE('',*,*,#8605,.T.);
#8655 = ADVANCED_FACE('',(#8656),#8593,.T.);
#8656 = FACE_BOUND('',#8657,.T.);
#8657 = EDGE_LOOP('',(#8658));
#8658 = ORIENTED_EDGE('',*,*,#8571,.T.);
#8659 = ADVANCED_FACE('',(#8660),#8643,.F.);
#8660 = FACE_BOUND('',#8661,.T.);
#8661 = EDGE_LOOP('',(#8662));
#8662 = ORIENTED_EDGE('',*,*,#8628,.F.);
#8663 = MANIFOLD_SOLID_BREP('',#8664);
#8664 = CLOSED_SHELL('',(#8665,#8753,#8788,#8818));
#8665 = ADVANCED_FACE('',(#8666),#8679,.T.);
#8666 = FACE_BOUND('',#8667,.T.);
#8667 = EDGE_LOOP('',(#8668,#8702,#8725,#8752));
#8668 = ORIENTED_EDGE('',*,*,#8669,.F.);
#8669 = EDGE_CURVE('',#8670,#8670,#8672,.T.);
#8670 = VERTEX_POINT('',#8671);
#8671 = CARTESIAN_POINT('',(76.25,20.,1.541E+03));
#8672 = SURFACE_CURVE('',#8673,(#8678,#8690),.PCURVE_S1.);
#8673 = CIRCLE('',#8674,4.25);
#8674 = AXIS2_PLACEMENT_3D('',#8675,#8676,#8677);
#8675 = CARTESIAN_POINT('',(72.,20.,1.541E+03));
#8676 = DIRECTION('',(0.,-1.,2.22044604925E-16));
#8677 = DIRECTION('',(1.,0.,0.));
#8678 = PCURVE('',#8679,#8684);
#8679 = CYLINDRICAL_SURFACE('',#8680,4.25);
#8680 = AXIS2_PLACEMENT_3D('',#8681,#8682,#8683);
#8681 = CARTESIAN_POINT('',(72.,25.,1.541E+03));
#8682 = DIRECTION('',(0.,-1.,2.22044604925E-16));
#8683 = DIRECTION('',(1.,0.,0.));
#8684 = DEFINITIONAL_REPRESENTATION('',(#8685),#8689);
#8685 = LINE('',#8686,#8687);
#8686 = CARTESIAN_POINT('',(0.,5.));
#8687 = VECTOR('',#8688,1.);
#8688 = DIRECTION('',(1.,0.));
#8689 = ( GEOMETRIC_REPRESENTATION_CONTEXT(2) 
PARAMETRIC_REPRESENTATION_CONTEXT() REPRESENTATION_CONTEXT('2D SPACE',''
  ) );
#8690 = PCURVE('',#8691,#8696);
#8691 = PLANE('',#8692);
#8692 = AXIS2_PLACEMENT_3D('',#8693,#8694,#8695);
#8693 = CARTESIAN_POINT('',(72.,20.,1.541E+03));
#8694 = DIRECTION('',(0.,-1.,2.22044604925E-16));
#8695 = DIRECTION('',(1.,0.,0.));
#8696 = DEFINITIONAL_REPRESENTATION('',(#8697),#8701);
#8697 = CIRCLE('',#8698,4.25);
#8698 = AXIS2_PLACEMENT_2D('',#8699,#8700);
#8699 = CARTESIAN_POINT('',(0.,0.));
#8700 = DIRECTION('',(1.,0.));
#8701 = ( GEOMETRIC_REPRESENTATION_CONTEXT(2) 
PARAMETRIC_REPRESENTATION_CONTEXT() REPRESENTATION_CONTEXT('2D SPACE',''
  ) );
#8702 = ORIENTED_EDGE('',*,*,#8703,.F.);
#8703 = EDGE_CURVE('',#8704,#8670,#8706,.T.);
#8704 = VERTEX_POINT('',#8705);
#8705 = CARTESIAN_POINT('',(76.25,25.,1.541E+03));
#8706 = SEAM_CURVE('',#8707,(#8711,#8718),.PCURVE_S1.);
#8707 = LINE('',#8708,#8709);
#8708 = CARTESIAN_POINT('',(76.25,25.,1.541E+03));
#8709 = VECTOR('',#8710,1.);
#8710 = DIRECTION('',(0.,-1.,2.22044604925E-16));
#8711 = PCURVE('',#8679,#8712);
#8712 = DEFINITIONAL_REPRESENTATION('',(#8713),#8717);
#8713 = LINE('',#8714,#8715);
#8714 = CARTESIAN_POINT('',(6.28318530718,-0.));
#8715 = VECTOR('',#8716,1.);
#8716 = DIRECTION('',(0.,1.));
#8717 = ( GEOMETRIC_REPRESENTATION_CONTEXT(2) 
PARAMETRIC_REPRESENTATION_CONTEXT() REPRESENTATION_CONTEXT('2D SPACE',''
  ) );
#8718 = PCURVE('',#8679,#8719);
#8719 = DEFINITIONAL_REPRESENTATION('',(#8720),#8724);
#8720 = LINE('',#8721,#8722);
#8721 = CARTESIAN_POINT('',(0.,-0.));
#8722 = VECTOR('',#8723,1.);
#8723 = DIRECTION('',(0.,1.));
#8724 = ( GEOMETRIC_REPRESENTATION_CONTEXT(2) 
PARAMETRIC_REPRESENTATION_CONTEXT() REPRESENTATION_CONTEXT('2D SPACE',''
  ) );
#8725 = ORIENTED_EDGE('',*,*,#8726,.T.);
#8726 = EDGE_CURVE('',#8704,#8704,#8727,.T.);
#8727 = SURFACE_CURVE('',#8728,(#8733,#8740),.PCURVE_S1.);
#8728 = CIRCLE('',#8729,4.25);
#8729 = AXIS2_PLACEMENT_3D('',#8730,#8731,#8732);
#8730 = CARTESIAN_POINT('',(72.,25.,1.541E+03));
#8731 = DIRECTION('',(0.,-1.,2.22044604925E-16));
#8732 = DIRECTION('',(1.,0.,0.));
#8733 = PCURVE('',#8679,#8734);
#8734 = DEFINITIONAL_REPRESENTATION('',(#8735),#8739);
#8735 = LINE('',#8736,#8737);
#8736 = CARTESIAN_POINT('',(0.,0.));
#8737 = VECTOR('',#8738,1.);
#8738 = DIRECTION('',(1.,0.));
#8739 = ( GEOMETRIC_REPRESENTATION_CONTEXT(2) 
PARAMETRIC_REPRESENTATION_CONTEXT() REPRESENTATION_CONTEXT('2D SPACE',''
  ) );
#8740 = PCURVE('',#8741,#8746);
#8741 = PLANE('',#8742);
#8742 = AXIS2_PLACEMENT_3D('',#8743,#8744,#8745);
#8743 = CARTESIAN_POINT('',(72.,25.,1.541E+03));
#8744 = DIRECTION('',(0.,-1.,2.22044604925E-16));
#8745 = DIRECTION('',(1.,0.,0.));
#8746 = DEFINITIONAL_REPRESENTATION('',(#8747),#8751);
#8747 = CIRCLE('',#8748,4.25);
#8748 = AXIS2_PLACEMENT_2D('',#8749,#8750);
#8749 = CARTESIAN_POINT('',(0.,0.));
#8750 = DIRECTION('',(1.,0.));
#8751 = ( GEOMETRIC_REPRESENTATION_CONTEXT(2) 
PARAMETRIC_REPRESENTATION_CONTEXT() REPRESENTATION_CONTEXT('2D SPACE',''
  ) );
#8752 = ORIENTED_EDGE('',*,*,#8703,.T.);
#8753 = ADVANCED_FACE('',(#8754,#8757),#8691,.T.);
#8754 = FACE_BOUND('',#8755,.T.);
#8755 = EDGE_LOOP('',(#8756));
#8756 = ORIENTED_EDGE('',*,*,#8669,.T.);
#8757 = FACE_BOUND('',#8758,.T.);
#8758 = EDGE_LOOP('',(#8759));
#8759 = ORIENTED_EDGE('',*,*,#8760,.F.);
#8760 = EDGE_CURVE('',#8761,#8761,#8763,.T.);
#8761 = VERTEX_POINT('',#8762);
#8762 = CARTESIAN_POINT('',(74.5,20.,1.541E+03));
#8763 = SURFACE_CURVE('',#8764,(#8769,#8776),.PCURVE_S1.);
#8764 = CIRCLE('',#8765,2.5);
#8765 = AXIS2_PLACEMENT_3D('',#8766,#8767,#8768);
#8766 = CARTESIAN_POINT('',(72.,20.,1.541E+03));
#8767 = DIRECTION('',(0.,-1.,2.22044604925E-16));
#8768 = DIRECTION('',(1.,0.,0.));
#8769 = PCURVE('',#8691,#8770);
#8770 = DEFINITIONAL_REPRESENTATION('',(#8771),#8775);
#8771 = CIRCLE('',#8772,2.5);
#8772 = AXIS2_PLACEMENT_2D('',#8773,#8774);
#8773 = CARTESIAN_POINT('',(0.,0.));
#8774 = DIRECTION('',(1.,0.));
#8775 = ( GEOMETRIC_REPRESENTATION_CONTEXT(2) 
PARAMETRIC_REPRESENTATION_CONTEXT() REPRESENTATION_CONTEXT('2D SPACE',''
  ) );
#8776 = PCURVE('',#8777,#8782);
#8777 = CYLINDRICAL_SURFACE('',#8778,2.5);
#8778 = AXIS2_PLACEMENT_3D('',#8779,#8780,#8781);
#8779 = CARTESIAN_POINT('',(72.,26.,1.541E+03));
#8780 = DIRECTION('',(0.,-1.,2.22044604925E-16));
#8781 = DIRECTION('',(1.,0.,0.));
#8782 = DEFINITIONAL_REPRESENTATION('',(#8783),#8787);
#8783 = LINE('',#8784,#8785);
#8784 = CARTESIAN_POINT('',(0.,6.));
#8785 = VECTOR('',#8786,1.);
#8786 = DIRECTION('',(1.,0.));
#8787 = ( GEOMETRIC_REPRESENTATION_CONTEXT(2) 
PARAMETRIC_REPRESENTATION_CONTEXT() REPRESENTATION_CONTEXT('2D SPACE',''
  ) );
#8788 = ADVANCED_FACE('',(#8789,#8792),#8741,.F.);
#8789 = FACE_BOUND('',#8790,.F.);
#8790 = EDGE_LOOP('',(#8791));
#8791 = ORIENTED_EDGE('',*,*,#8726,.T.);
#8792 = FACE_BOUND('',#8793,.F.);
#8793 = EDGE_LOOP('',(#8794));
#8794 = ORIENTED_EDGE('',*,*,#8795,.F.);
#8795 = EDGE_CURVE('',#8796,#8796,#8798,.T.);
#8796 = VERTEX_POINT('',#8797);
#8797 = CARTESIAN_POINT('',(74.5,25.,1.541E+03));
#8798 = SURFACE_CURVE('',#8799,(#8804,#8811),.PCURVE_S1.);
#8799 = CIRCLE('',#8800,2.5);
#8800 = AXIS2_PLACEMENT_3D('',#8801,#8802,#8803);
#8801 = CARTESIAN_POINT('',(72.,25.,1.541E+03));
#8802 = DIRECTION('',(0.,-1.,2.22044604925E-16));
#8803 = DIRECTION('',(1.,0.,0.));
#8804 = PCURVE('',#8741,#8805);
#8805 = DEFINITIONAL_REPRESENTATION('',(#8806),#8810);
#8806 = CIRCLE('',#8807,2.5);
#8807 = AXIS2_PLACEMENT_2D('',#8808,#8809);
#8808 = CARTESIAN_POINT('',(0.,0.));
#8809 = DIRECTION('',(1.,0.));
#8810 = ( GEOMETRIC_REPRESENTATION_CONTEXT(2) 
PARAMETRIC_REPRESENTATION_CONTEXT() REPRESENTATION_CONTEXT('2D SPACE',''
  ) );
#8811 = PCURVE('',#8777,#8812);
#8812 = DEFINITIONAL_REPRESENTATION('',(#8813),#8817);
#8813 = LINE('',#8814,#8815);
#8814 = CARTESIAN_POINT('',(0.,1.));
#8815 = VECTOR('',#8816,1.);
#8816 = DIRECTION('',(1.,0.));
#8817 = ( GEOMETRIC_REPRESENTATION_CONTEXT(2) 
PARAMETRIC_REPRESENTATION_CONTEXT() REPRESENTATION_CONTEXT('2D SPACE',''
  ) );
#8818 = ADVANCED_FACE('',(#8819),#8777,.F.);
#8819 = FACE_BOUND('',#8820,.F.);
#8820 = EDGE_LOOP('',(#8821,#8822,#8843,#8844));
#8821 = ORIENTED_EDGE('',*,*,#8760,.F.);
#8822 = ORIENTED_EDGE('',*,*,#8823,.F.);
#8823 = EDGE_CURVE('',#8796,#8761,#8824,.T.);
#8824 = SEAM_CURVE('',#8825,(#8829,#8836),.PCURVE_S1.);
#8825 = LINE('',#8826,#8827);
#8826 = CARTESIAN_POINT('',(74.5,26.,1.541E+03));
#8827 = VECTOR('',#8828,1.);
#8828 = DIRECTION('',(0.,-1.,2.22044604925E-16));
#8829 = PCURVE('',#8777,#8830);
#8830 = DEFINITIONAL_REPRESENTATION('',(#8831),#8835);
#8831 = LINE('',#8832,#8833);
#8832 = CARTESIAN_POINT('',(6.28318530718,-0.));
#8833 = VECTOR('',#8834,1.);
#8834 = DIRECTION('',(0.,1.));
#8835 = ( GEOMETRIC_REPRESENTATION_CONTEXT(2) 
PARAMETRIC_REPRESENTATION_CONTEXT() REPRESENTATION_CONTEXT('2D SPACE',''
  ) );
#8836 = PCURVE('',#8777,#8837);
#8837 = DEFINITIONAL_REPRESENTATION('',(#8838),#8842);
#8838 = LINE('',#8839,#8840);
#8839 = CARTESIAN_POINT('',(0.,-0.));
#8840 = VECTOR('',#8841,1.);
#8841 = DIRECTION('',(0.,1.));
#8842 = ( GEOMETRIC_REPRESENTATION_CONTEXT(2) 
PARAMETRIC_REPRESENTATION_CONTEXT() REPRESENTATION_CONTEXT('2D SPACE',''
  ) );
#8843 = ORIENTED_EDGE('',*,*,#8795,.T.);
#8844 = ORIENTED_EDGE('',*,*,#8823,.T.);
#8845 = MANIFOLD_SOLID_BREP('',#8846);
#8846 = CLOSED_SHELL('',(#8847,#8935,#8939));
#8847 = ADVANCED_FACE('',(#8848),#8861,.T.);
#8848 = FACE_BOUND('',#8849,.T.);
#8849 = EDGE_LOOP('',(#8850,#8884,#8907,#8934));
#8850 = ORIENTED_EDGE('',*,*,#8851,.F.);
#8851 = EDGE_CURVE('',#8852,#8852,#8854,.T.);
#8852 = VERTEX_POINT('',#8853);
#8853 = CARTESIAN_POINT('',(74.5,-20.5,2.991E+03));
#8854 = SURFACE_CURVE('',#8855,(#8860,#8872),.PCURVE_S1.);
#8855 = CIRCLE('',#8856,2.5);
#8856 = AXIS2_PLACEMENT_3D('',#8857,#8858,#8859);
#8857 = CARTESIAN_POINT('',(72.,-20.5,2.991E+03));
#8858 = DIRECTION('',(0.,-1.,2.22044604925E-16));
#8859 = DIRECTION('',(1.,0.,0.));
#8860 = PCURVE('',#8861,#8866);
#8861 = CYLINDRICAL_SURFACE('',#8862,2.5);
#8862 = AXIS2_PLACEMENT_3D('',#8863,#8864,#8865);
#8863 = CARTESIAN_POINT('',(72.,26.,2.991E+03));
#8864 = DIRECTION('',(0.,-1.,2.22044604925E-16));
#8865 = DIRECTION('',(1.,0.,0.));
#8866 = DEFINITIONAL_REPRESENTATION('',(#8867),#8871);
#8867 = LINE('',#8868,#8869);
#8868 = CARTESIAN_POINT('',(0.,46.5));
#8869 = VECTOR('',#8870,1.);
#8870 = DIRECTION('',(1.,0.));
#8871 = ( GEOMETRIC_REPRESENTATION_CONTEXT(2) 
PARAMETRIC_REPRESENTATION_CONTEXT() REPRESENTATION_CONTEXT('2D SPACE',''
  ) );
#8872 = PCURVE('',#8873,#8878);
#8873 = PLANE('',#8874);
#8874 = AXIS2_PLACEMENT_3D('',#8875,#8876,#8877);
#8875 = CARTESIAN_POINT('',(72.,-20.5,2.991E+03));
#8876 = DIRECTION('',(0.,-1.,2.22044604925E-16));
#8877 = DIRECTION('',(1.,0.,0.));
#8878 = DEFINITIONAL_REPRESENTATION('',(#8879),#8883);
#8879 = CIRCLE('',#8880,2.5);
#8880 = AXIS2_PLACEMENT_2D('',#8881,#8882);
#8881 = CARTESIAN_POINT('',(0.,0.));
#8882 = DIRECTION('',(1.,0.));
#8883 = ( GEOMETRIC_REPRESENTATION_CONTEXT(2) 
PARAMETRIC_REPRESENTATION_CONTEXT() REPRESENTATION_CONTEXT('2D SPACE',''
  ) );
#8884 = ORIENTED_EDGE('',*,*,#8885,.F.);
#8885 = EDGE_CURVE('',#8886,#8852,#8888,.T.);
#8886 = VERTEX_POINT('',#8887);
#8887 = CARTESIAN_POINT('',(74.5,26.,2.991E+03));
#8888 = SEAM_CURVE('',#8889,(#8893,#8900),.PCURVE_S1.);
#8889 = LINE('',#8890,#8891);
#8890 = CARTESIAN_POINT('',(74.5,26.,2.991E+03));
#8891 = VECTOR('',#8892,1.);
#8892 = DIRECTION('',(0.,-1.,2.22044604925E-16));
#8893 = PCURVE('',#8861,#8894);
#8894 = DEFINITIONAL_REPRESENTATION('',(#8895),#8899);
#8895 = LINE('',#8896,#8897);
#8896 = CARTESIAN_POINT('',(6.28318530718,-0.));
#8897 = VECTOR('',#8898,1.);
#8898 = DIRECTION('',(0.,1.));
#8899 = ( GEOMETRIC_REPRESENTATION_CONTEXT(2) 
PARAMETRIC_REPRESENTATION_CONTEXT() REPRESENTATION_CONTEXT('2D SPACE',''
  ) );
#8900 = PCURVE('',#8861,#8901);
#8901 = DEFINITIONAL_REPRESENTATION('',(#8902),#8906);
#8902 = LINE('',#8903,#8904);
#8903 = CARTESIAN_POINT('',(0.,-0.));
#8904 = VECTOR('',#8905,1.);
#8905 = DIRECTION('',(0.,1.));
#8906 = ( GEOMETRIC_REPRESENTATION_CONTEXT(2) 
PARAMETRIC_REPRESENTATION_CONTEXT() REPRESENTATION_CONTEXT('2D SPACE',''
  ) );
#8907 = ORIENTED_EDGE('',*,*,#8908,.T.);
#8908 = EDGE_CURVE('',#8886,#8886,#8909,.T.);
#8909 = SURFACE_CURVE('',#8910,(#8915,#8922),.PCURVE_S1.);
#8910 = CIRCLE('',#8911,2.5);
#8911 = AXIS2_PLACEMENT_3D('',#8912,#8913,#8914);
#8912 = CARTESIAN_POINT('',(72.,26.,2.991E+03));
#8913 = DIRECTION('',(0.,-1.,2.22044604925E-16));
#8914 = DIRECTION('',(1.,0.,0.));
#8915 = PCURVE('',#8861,#8916);
#8916 = DEFINITIONAL_REPRESENTATION('',(#8917),#8921);
#8917 = LINE('',#8918,#8919);
#8918 = CARTESIAN_POINT('',(0.,0.));
#8919 = VECTOR('',#8920,1.);
#8920 = DIRECTION('',(1.,0.));
#8921 = ( GEOMETRIC_REPRESENTATION_CONTEXT(2) 
PARAMETRIC_REPRESENTATION_CONTEXT() REPRESENTATION_CONTEXT('2D SPACE',''
  ) );
#8922 = PCURVE('',#8923,#8928);
#8923 = PLANE('',#8924);
#8924 = AXIS2_PLACEMENT_3D('',#8925,#8926,#8927);
#8925 = CARTESIAN_POINT('',(72.,26.,2.991E+03));
#8926 = DIRECTION('',(0.,-1.,2.22044604925E-16));
#8927 = DIRECTION('',(1.,0.,0.));
#8928 = DEFINITIONAL_REPRESENTATION('',(#8929),#8933);
#8929 = CIRCLE('',#8930,2.5);
#8930 = AXIS2_PLACEMENT_2D('',#8931,#8932);
#8931 = CARTESIAN_POINT('',(0.,0.));
#8932 = DIRECTION('',(1.,0.));
#8933 = ( GEOMETRIC_REPRESENTATION_CONTEXT(2) 
PARAMETRIC_REPRESENTATION_CONTEXT() REPRESENTATION_CONTEXT('2D SPACE',''
  ) );
#8934 = ORIENTED_EDGE('',*,*,#8885,.T.);
#8935 = ADVANCED_FACE('',(#8936),#8873,.T.);
#8936 = FACE_BOUND('',#8937,.T.);
#8937 = EDGE_LOOP('',(#8938));
#8938 = ORIENTED_EDGE('',*,*,#8851,.T.);
#8939 = ADVANCED_FACE('',(#8940),#8923,.F.);
#8940 = FACE_BOUND('',#8941,.T.);
#8941 = EDGE_LOOP('',(#8942));
#8942 = ORIENTED_EDGE('',*,*,#8908,.F.);
#8943 = MANIFOLD_SOLID_BREP('',#8944);
#8944 = CLOSED_SHELL('',(#8945,#9033,#9037));
#8945 = ADVANCED_FACE('',(#8946),#8959,.T.);
#8946 = FACE_BOUND('',#8947,.T.);
#8947 = EDGE_LOOP('',(#8948,#8982,#9005,#9032));
#8948 = ORIENTED_EDGE('',*,*,#8949,.F.);
#8949 = EDGE_CURVE('',#8950,#8950,#8952,.T.);
#8950 = VERTEX_POINT('',#8951);
#8951 = CARTESIAN_POINT('',(76.25,-24.,2.991E+03));
#8952 = SURFACE_CURVE('',#8953,(#8958,#8970),.PCURVE_S1.);
#8953 = CIRCLE('',#8954,4.25);
#8954 = AXIS2_PLACEMENT_3D('',#8955,#8956,#8957);
#8955 = CARTESIAN_POINT('',(72.,-24.,2.991E+03));
#8956 = DIRECTION('',(0.,-1.,2.22044604925E-16));
#8957 = DIRECTION('',(1.,0.,0.));
#8958 = PCURVE('',#8959,#8964);
#8959 = CYLINDRICAL_SURFACE('',#8960,4.25);
#8960 = AXIS2_PLACEMENT_3D('',#8961,#8962,#8963);
#8961 = CARTESIAN_POINT('',(72.,-20.,2.991E+03));
#8962 = DIRECTION('',(0.,-1.,2.22044604925E-16));
#8963 = DIRECTION('',(1.,0.,0.));
#8964 = DEFINITIONAL_REPRESENTATION('',(#8965),#8969);
#8965 = LINE('',#8966,#8967);
#8966 = CARTESIAN_POINT('',(0.,4.));
#8967 = VECTOR('',#8968,1.);
#8968 = DIRECTION('',(1.,0.));
#8969 = ( GEOMETRIC_REPRESENTATION_CONTEXT(2) 
PARAMETRIC_REPRESENTATION_CONTEXT() REPRESENTATION_CONTEXT('2D SPACE',''
  ) );
#8970 = PCURVE('',#8971,#8976);
#8971 = PLANE('',#8972);
#8972 = AXIS2_PLACEMENT_3D('',#8973,#8974,#8975);
#8973 = CARTESIAN_POINT('',(72.,-24.,2.991E+03));
#8974 = DIRECTION('',(0.,-1.,2.22044604925E-16));
#8975 = DIRECTION('',(1.,0.,0.));
#8976 = DEFINITIONAL_REPRESENTATION('',(#8977),#8981);
#8977 = CIRCLE('',#8978,4.25);
#8978 = AXIS2_PLACEMENT_2D('',#8979,#8980);
#8979 = CARTESIAN_POINT('',(0.,0.));
#8980 = DIRECTION('',(1.,0.));
#8981 = ( GEOMETRIC_REPRESENTATION_CONTEXT(2) 
PARAMETRIC_REPRESENTATION_CONTEXT() REPRESENTATION_CONTEXT('2D SPACE',''
  ) );
#8982 = ORIENTED_EDGE('',*,*,#8983,.F.);
#8983 = EDGE_CURVE('',#8984,#8950,#8986,.T.);
#8984 = VERTEX_POINT('',#8985);
#8985 = CARTESIAN_POINT('',(76.25,-20.,2.991E+03));
#8986 = SEAM_CURVE('',#8987,(#8991,#8998),.PCURVE_S1.);
#8987 = LINE('',#8988,#8989);
#8988 = CARTESIAN_POINT('',(76.25,-20.,2.991E+03));
#8989 = VECTOR('',#8990,1.);
#8990 = DIRECTION('',(0.,-1.,2.22044604925E-16));
#8991 = PCURVE('',#8959,#8992);
#8992 = DEFINITIONAL_REPRESENTATION('',(#8993),#8997);
#8993 = LINE('',#8994,#8995);
#8994 = CARTESIAN_POINT('',(6.28318530718,-0.));
#8995 = VECTOR('',#8996,1.);
#8996 = DIRECTION('',(0.,1.));
#8997 = ( GEOMETRIC_REPRESENTATION_CONTEXT(2) 
PARAMETRIC_REPRESENTATION_CONTEXT() REPRESENTATION_CONTEXT('2D SPACE',''
  ) );
#8998 = PCURVE('',#8959,#8999);
#8999 = DEFINITIONAL_REPRESENTATION('',(#9000),#9004);
#9000 = LINE('',#9001,#9002);
#9001 = CARTESIAN_POINT('',(0.,-0.));
#9002 = VECTOR('',#9003,1.);
#9003 = DIRECTION('',(0.,1.));
#9004 = ( GEOMETRIC_REPRESENTATION_CONTEXT(2) 
PARAMETRIC_REPRESENTATION_CONTEXT() REPRESENTATION_CONTEXT('2D SPACE',''
  ) );
#9005 = ORIENTED_EDGE('',*,*,#9006,.T.);
#9006 = EDGE_CURVE('',#8984,#8984,#9007,.T.);
#9007 = SURFACE_CURVE('',#9008,(#9013,#9020),.PCURVE_S1.);
#9008 = CIRCLE('',#9009,4.25);
#9009 = AXIS2_PLACEMENT_3D('',#9010,#9011,#9012);
#9010 = CARTESIAN_POINT('',(72.,-20.,2.991E+03));
#9011 = DIRECTION('',(0.,-1.,2.22044604925E-16));
#9012 = DIRECTION('',(1.,0.,0.));
#9013 = PCURVE('',#8959,#9014);
#9014 = DEFINITIONAL_REPRESENTATION('',(#9015),#9019);
#9015 = LINE('',#9016,#9017);
#9016 = CARTESIAN_POINT('',(0.,0.));
#9017 = VECTOR('',#9018,1.);
#9018 = DIRECTION('',(1.,0.));
#9019 = ( GEOMETRIC_REPRESENTATION_CONTEXT(2) 
PARAMETRIC_REPRESENTATION_CONTEXT() REPRESENTATION_CONTEXT('2D SPACE',''
  ) );
#9020 = PCURVE('',#9021,#9026);
#9021 = PLANE('',#9022);
#9022 = AXIS2_PLACEMENT_3D('',#9023,#9024,#9025);
#9023 = CARTESIAN_POINT('',(72.,-20.,2.991E+03));
#9024 = DIRECTION('',(0.,-1.,2.22044604925E-16));
#9025 = DIRECTION('',(1.,0.,0.));
#9026 = DEFINITIONAL_REPRESENTATION('',(#9027),#9031);
#9027 = CIRCLE('',#9028,4.25);
#9028 = AXIS2_PLACEMENT_2D('',#9029,#9030);
#9029 = CARTESIAN_POINT('',(0.,0.));
#9030 = DIRECTION('',(1.,0.));
#9031 = ( GEOMETRIC_REPRESENTATION_CONTEXT(2) 
PARAMETRIC_REPRESENTATION_CONTEXT() REPRESENTATION_CONTEXT('2D SPACE',''
  ) );
#9032 = ORIENTED_EDGE('',*,*,#8983,.T.);
#9033 = ADVANCED_FACE('',(#9034),#8971,.T.);
#9034 = FACE_BOUND('',#9035,.T.);
#9035 = EDGE_LOOP('',(#9036));
#9036 = ORIENTED_EDGE('',*,*,#8949,.T.);
#9037 = ADVANCED_FACE('',(#9038),#9021,.F.);
#9038 = FACE_BOUND('',#9039,.T.);
#9039 = EDGE_LOOP('',(#9040));
#9040 = ORIENTED_EDGE('',*,*,#9006,.F.);
#9041 = MANIFOLD_SOLID_BREP('',#9042);
#9042 = CLOSED_SHELL('',(#9043,#9131,#9166,#9196));
#9043 = ADVANCED_FACE('',(#9044),#9057,.T.);
#9044 = FACE_BOUND('',#9045,.T.);
#9045 = EDGE_LOOP('',(#9046,#9080,#9103,#9130));
#9046 = ORIENTED_EDGE('',*,*,#9047,.F.);
#9047 = EDGE_CURVE('',#9048,#9048,#9050,.T.);
#9048 = VERTEX_POINT('',#9049);
#9049 = CARTESIAN_POINT('',(76.25,20.,2.991E+03));
#9050 = SURFACE_CURVE('',#9051,(#9056,#9068),.PCURVE_S1.);
#9051 = CIRCLE('',#9052,4.25);
#9052 = AXIS2_PLACEMENT_3D('',#9053,#9054,#9055);
#9053 = CARTESIAN_POINT('',(72.,20.,2.991E+03));
#9054 = DIRECTION('',(0.,-1.,2.22044604925E-16));
#9055 = DIRECTION('',(1.,0.,0.));
#9056 = PCURVE('',#9057,#9062);
#9057 = CYLINDRICAL_SURFACE('',#9058,4.25);
#9058 = AXIS2_PLACEMENT_3D('',#9059,#9060,#9061);
#9059 = CARTESIAN_POINT('',(72.,25.,2.991E+03));
#9060 = DIRECTION('',(0.,-1.,2.22044604925E-16));
#9061 = DIRECTION('',(1.,0.,0.));
#9062 = DEFINITIONAL_REPRESENTATION('',(#9063),#9067);
#9063 = LINE('',#9064,#9065);
#9064 = CARTESIAN_POINT('',(0.,5.));
#9065 = VECTOR('',#9066,1.);
#9066 = DIRECTION('',(1.,0.));
#9067 = ( GEOMETRIC_REPRESENTATION_CONTEXT(2) 
PARAMETRIC_REPRESENTATION_CONTEXT() REPRESENTATION_CONTEXT('2D SPACE',''
  ) );
#9068 = PCURVE('',#9069,#9074);
#9069 = PLANE('',#9070);
#9070 = AXIS2_PLACEMENT_3D('',#9071,#9072,#9073);
#9071 = CARTESIAN_POINT('',(72.,20.,2.991E+03));
#9072 = DIRECTION('',(0.,-1.,2.22044604925E-16));
#9073 = DIRECTION('',(1.,0.,0.));
#9074 = DEFINITIONAL_REPRESENTATION('',(#9075),#9079);
#9075 = CIRCLE('',#9076,4.25);
#9076 = AXIS2_PLACEMENT_2D('',#9077,#9078);
#9077 = CARTESIAN_POINT('',(0.,0.));
#9078 = DIRECTION('',(1.,0.));
#9079 = ( GEOMETRIC_REPRESENTATION_CONTEXT(2) 
PARAMETRIC_REPRESENTATION_CONTEXT() REPRESENTATION_CONTEXT('2D SPACE',''
  ) );
#9080 = ORIENTED_EDGE('',*,*,#9081,.F.);
#9081 = EDGE_CURVE('',#9082,#9048,#9084,.T.);
#9082 = VERTEX_POINT('',#9083);
#9083 = CARTESIAN_POINT('',(76.25,25.,2.991E+03));
#9084 = SEAM_CURVE('',#9085,(#9089,#9096),.PCURVE_S1.);
#9085 = LINE('',#9086,#9087);
#9086 = CARTESIAN_POINT('',(76.25,25.,2.991E+03));
#9087 = VECTOR('',#9088,1.);
#9088 = DIRECTION('',(0.,-1.,2.22044604925E-16));
#9089 = PCURVE('',#9057,#9090);
#9090 = DEFINITIONAL_REPRESENTATION('',(#9091),#9095);
#9091 = LINE('',#9092,#9093);
#9092 = CARTESIAN_POINT('',(6.28318530718,-0.));
#9093 = VECTOR('',#9094,1.);
#9094 = DIRECTION('',(0.,1.));
#9095 = ( GEOMETRIC_REPRESENTATION_CONTEXT(2) 
PARAMETRIC_REPRESENTATION_CONTEXT() REPRESENTATION_CONTEXT('2D SPACE',''
  ) );
#9096 = PCURVE('',#9057,#9097);
#9097 = DEFINITIONAL_REPRESENTATION('',(#9098),#9102);
#9098 = LINE('',#9099,#9100);
#9099 = CARTESIAN_POINT('',(0.,-0.));
#9100 = VECTOR('',#9101,1.);
#9101 = DIRECTION('',(0.,1.));
#9102 = ( GEOMETRIC_REPRESENTATION_CONTEXT(2) 
PARAMETRIC_REPRESENTATION_CONTEXT() REPRESENTATION_CONTEXT('2D SPACE',''
  ) );
#9103 = ORIENTED_EDGE('',*,*,#9104,.T.);
#9104 = EDGE_CURVE('',#9082,#9082,#9105,.T.);
#9105 = SURFACE_CURVE('',#9106,(#9111,#9118),.PCURVE_S1.);
#9106 = CIRCLE('',#9107,4.25);
#9107 = AXIS2_PLACEMENT_3D('',#9108,#9109,#9110);
#9108 = CARTESIAN_POINT('',(72.,25.,2.991E+03));
#9109 = DIRECTION('',(0.,-1.,2.22044604925E-16));
#9110 = DIRECTION('',(1.,0.,0.));
#9111 = PCURVE('',#9057,#9112);
#9112 = DEFINITIONAL_REPRESENTATION('',(#9113),#9117);
#9113 = LINE('',#9114,#9115);
#9114 = CARTESIAN_POINT('',(0.,0.));
#9115 = VECTOR('',#9116,1.);
#9116 = DIRECTION('',(1.,0.));
#9117 = ( GEOMETRIC_REPRESENTATION_CONTEXT(2) 
PARAMETRIC_REPRESENTATION_CONTEXT() REPRESENTATION_CONTEXT('2D SPACE',''
  ) );
#9118 = PCURVE('',#9119,#9124);
#9119 = PLANE('',#9120);
#9120 = AXIS2_PLACEMENT_3D('',#9121,#9122,#9123);
#9121 = CARTESIAN_POINT('',(72.,25.,2.991E+03));
#9122 = DIRECTION('',(0.,-1.,2.22044604925E-16));
#9123 = DIRECTION('',(1.,0.,0.));
#9124 = DEFINITIONAL_REPRESENTATION('',(#9125),#9129);
#9125 = CIRCLE('',#9126,4.25);
#9126 = AXIS2_PLACEMENT_2D('',#9127,#9128);
#9127 = CARTESIAN_POINT('',(0.,0.));
#9128 = DIRECTION('',(1.,0.));
#9129 = ( GEOMETRIC_REPRESENTATION_CONTEXT(2) 
PARAMETRIC_REPRESENTATION_CONTEXT() REPRESENTATION_CONTEXT('2D SPACE',''
  ) );
#9130 = ORIENTED_EDGE('',*,*,#9081,.T.);
#9131 = ADVANCED_FACE('',(#9132,#9135),#9069,.T.);
#9132 = FACE_BOUND('',#9133,.T.);
#9133 = EDGE_LOOP('',(#9134));
#9134 = ORIENTED_EDGE('',*,*,#9047,.T.);
#9135 = FACE_BOUND('',#9136,.T.);
#9136 = EDGE_LOOP('',(#9137));
#9137 = ORIENTED_EDGE('',*,*,#9138,.F.);
#9138 = EDGE_CURVE('',#9139,#9139,#9141,.T.);
#9139 = VERTEX_POINT('',#9140);
#9140 = CARTESIAN_POINT('',(74.5,20.,2.991E+03));
#9141 = SURFACE_CURVE('',#9142,(#9147,#9154),.PCURVE_S1.);
#9142 = CIRCLE('',#9143,2.5);
#9143 = AXIS2_PLACEMENT_3D('',#9144,#9145,#9146);
#9144 = CARTESIAN_POINT('',(72.,20.,2.991E+03));
#9145 = DIRECTION('',(0.,-1.,2.22044604925E-16));
#9146 = DIRECTION('',(1.,0.,0.));
#9147 = PCURVE('',#9069,#9148);
#9148 = DEFINITIONAL_REPRESENTATION('',(#9149),#9153);
#9149 = CIRCLE('',#9150,2.5);
#9150 = AXIS2_PLACEMENT_2D('',#9151,#9152);
#9151 = CARTESIAN_POINT('',(0.,0.));
#9152 = DIRECTION('',(1.,0.));
#9153 = ( GEOMETRIC_REPRESENTATION_CONTEXT(2) 
PARAMETRIC_REPRESENTATION_CONTEXT() REPRESENTATION_CONTEXT('2D SPACE',''
  ) );
#9154 = PCURVE('',#9155,#9160);
#9155 = CYLINDRICAL_SURFACE('',#9156,2.5);
#9156 = AXIS2_PLACEMENT_3D('',#9157,#9158,#9159);
#9157 = CARTESIAN_POINT('',(72.,26.,2.991E+03));
#9158 = DIRECTION('',(0.,-1.,2.22044604925E-16));
#9159 = DIRECTION('',(1.,0.,0.));
#9160 = DEFINITIONAL_REPRESENTATION('',(#9161),#9165);
#9161 = LINE('',#9162,#9163);
#9162 = CARTESIAN_POINT('',(0.,6.));
#9163 = VECTOR('',#9164,1.);
#9164 = DIRECTION('',(1.,0.));
#9165 = ( GEOMETRIC_REPRESENTATION_CONTEXT(2) 
PARAMETRIC_REPRESENTATION_CONTEXT() REPRESENTATION_CONTEXT('2D SPACE',''
  ) );
#9166 = ADVANCED_FACE('',(#9167,#9170),#9119,.F.);
#9167 = FACE_BOUND('',#9168,.F.);
#9168 = EDGE_LOOP('',(#9169));
#9169 = ORIENTED_EDGE('',*,*,#9104,.T.);
#9170 = FACE_BOUND('',#9171,.F.);
#9171 = EDGE_LOOP('',(#9172));
#9172 = ORIENTED_EDGE('',*,*,#9173,.F.);
#9173 = EDGE_CURVE('',#9174,#9174,#9176,.T.);
#9174 = VERTEX_POINT('',#9175);
#9175 = CARTESIAN_POINT('',(74.5,25.,2.991E+03));
#9176 = SURFACE_CURVE('',#9177,(#9182,#9189),.PCURVE_S1.);
#9177 = CIRCLE('',#9178,2.5);
#9178 = AXIS2_PLACEMENT_3D('',#9179,#9180,#9181);
#9179 = CARTESIAN_POINT('',(72.,25.,2.991E+03));
#9180 = DIRECTION('',(0.,-1.,2.22044604925E-16));
#9181 = DIRECTION('',(1.,0.,0.));
#9182 = PCURVE('',#9119,#9183);
#9183 = DEFINITIONAL_REPRESENTATION('',(#9184),#9188);
#9184 = CIRCLE('',#9185,2.5);
#9185 = AXIS2_PLACEMENT_2D('',#9186,#9187);
#9186 = CARTESIAN_POINT('',(0.,0.));
#9187 = DIRECTION('',(1.,0.));
#9188 = ( GEOMETRIC_REPRESENTATION_CONTEXT(2) 
PARAMETRIC_REPRESENTATION_CONTEXT() REPRESENTATION_CONTEXT('2D SPACE',''
  ) );
#9189 = PCURVE('',#9155,#9190);
#9190 = DEFINITIONAL_REPRESENTATION('',(#9191),#9195);
#9191 = LINE('',#9192,#9193);
#9192 = CARTESIAN_POINT('',(0.,1.));
#9193 = VECTOR('',#9194,1.);
#9194 = DIRECTION('',(1.,0.));
#9195 = ( GEOMETRIC_REPRESENTATION_CONTEXT(2) 
PARAMETRIC_REPRESENTATION_CONTEXT() REPRESENTATION_CONTEXT('2D SPACE',''
  ) );
#9196 = ADVANCED_FACE('',(#9197),#9155,.F.);
#9197 = FACE_BOUND('',#9198,.F.);
#9198 = EDGE_LOOP('',(#9199,#9200,#9221,#9222));
#9199 = ORIENTED_EDGE('',*,*,#9138,.F.);
#9200 = ORIENTED_EDGE('',*,*,#9201,.F.);
#9201 = EDGE_CURVE('',#9174,#9139,#9202,.T.);
#9202 = SEAM_CURVE('',#9203,(#9207,#9214),.PCURVE_S1.);
#9203 = LINE('',#9204,#9205);
#9204 = CARTESIAN_POINT('',(74.5,26.,2.991E+03));
#9205 = VECTOR('',#9206,1.);
#9206 = DIRECTION('',(0.,-1.,2.22044604925E-16));
#9207 = PCURVE('',#9155,#9208);
#9208 = DEFINITIONAL_REPRESENTATION('',(#9209),#9213);
#9209 = LINE('',#9210,#9211);
#9210 = CARTESIAN_POINT('',(6.28318530718,-0.));
#9211 = VECTOR('',#9212,1.);
#9212 = DIRECTION('',(0.,1.));
#9213 = ( GEOMETRIC_REPRESENTATION_CONTEXT(2) 
PARAMETRIC_REPRESENTATION_CONTEXT() REPRESENTATION_CONTEXT('2D SPACE',''
  ) );
#9214 = PCURVE('',#9155,#9215);
#9215 = DEFINITIONAL_REPRESENTATION('',(#9216),#9220);
#9216 = LINE('',#9217,#9218);
#9217 = CARTESIAN_POINT('',(0.,-0.));
#9218 = VECTOR('',#9219,1.);
#9219 = DIRECTION('',(0.,1.));
#9220 = ( GEOMETRIC_REPRESENTATION_CONTEXT(2) 
PARAMETRIC_REPRESENTATION_CONTEXT() REPRESENTATION_CONTEXT('2D SPACE',''
  ) );
#9221 = ORIENTED_EDGE('',*,*,#9173,.T.);
#9222 = ORIENTED_EDGE('',*,*,#9201,.T.);
#9223 = MANIFOLD_SOLID_BREP('',#9224);
#9224 = CLOSED_SHELL('',(#9225,#9313,#9317));
#9225 = ADVANCED_FACE('',(#9226),#9239,.T.);
#9226 = FACE_BOUND('',#9227,.T.);
#9227 = EDGE_LOOP('',(#9228,#9262,#9285,#9312));
#9228 = ORIENTED_EDGE('',*,*,#9229,.F.);
#9229 = EDGE_CURVE('',#9230,#9230,#9232,.T.);
#9230 = VERTEX_POINT('',#9231);
#9231 = CARTESIAN_POINT('',(75.,-19.,191.));
#9232 = SURFACE_CURVE('',#9233,(#9238,#9250),.PCURVE_S1.);
#9233 = CIRCLE('',#9234,3.);
#9234 = AXIS2_PLACEMENT_3D('',#9235,#9236,#9237);
#9235 = CARTESIAN_POINT('',(72.,-19.,191.));
#9236 = DIRECTION('',(0.,-1.,2.22044604925E-16));
#9237 = DIRECTION('',(1.,0.,0.));
#9238 = PCURVE('',#9239,#9244);
#9239 = CYLINDRICAL_SURFACE('',#9240,3.);
#9240 = AXIS2_PLACEMENT_3D('',#9241,#9242,#9243);
#9241 = CARTESIAN_POINT('',(72.,27.,191.));
#9242 = DIRECTION('',(0.,-1.,2.22044604925E-16));
#9243 = DIRECTION('',(1.,0.,0.));
#9244 = DEFINITIONAL_REPRESENTATION('',(#9245),#9249);
#9245 = LINE('',#9246,#9247);
#9246 = CARTESIAN_POINT('',(0.,46.));
#9247 = VECTOR('',#9248,1.);
#9248 = DIRECTION('',(1.,0.));
#9249 = ( GEOMETRIC_REPRESENTATION_CONTEXT(2) 
PARAMETRIC_REPRESENTATION_CONTEXT() REPRESENTATION_CONTEXT('2D SPACE',''
  ) );
#9250 = PCURVE('',#9251,#9256);
#9251 = PLANE('',#9252);
#9252 = AXIS2_PLACEMENT_3D('',#9253,#9254,#9255);
#9253 = CARTESIAN_POINT('',(72.,-19.,191.));
#9254 = DIRECTION('',(0.,-1.,2.22044604925E-16));
#9255 = DIRECTION('',(1.,0.,0.));
#9256 = DEFINITIONAL_REPRESENTATION('',(#9257),#9261);
#9257 = CIRCLE('',#9258,3.);
#9258 = AXIS2_PLACEMENT_2D('',#9259,#9260);
#9259 = CARTESIAN_POINT('',(0.,0.));
#9260 = DIRECTION('',(1.,0.));
#9261 = ( GEOMETRIC_REPRESENTATION_CONTEXT(2) 
PARAMETRIC_REPRESENTATION_CONTEXT() REPRESENTATION_CONTEXT('2D SPACE',''
  ) );
#9262 = ORIENTED_EDGE('',*,*,#9263,.F.);
#9263 = EDGE_CURVE('',#9264,#9230,#9266,.T.);
#9264 = VERTEX_POINT('',#9265);
#9265 = CARTESIAN_POINT('',(75.,27.,191.));
#9266 = SEAM_CURVE('',#9267,(#9271,#9278),.PCURVE_S1.);
#9267 = LINE('',#9268,#9269);
#9268 = CARTESIAN_POINT('',(75.,27.,191.));
#9269 = VECTOR('',#9270,1.);
#9270 = DIRECTION('',(0.,-1.,2.22044604925E-16));
#9271 = PCURVE('',#9239,#9272);
#9272 = DEFINITIONAL_REPRESENTATION('',(#9273),#9277);
#9273 = LINE('',#9274,#9275);
#9274 = CARTESIAN_POINT('',(6.28318530718,-0.));
#9275 = VECTOR('',#9276,1.);
#9276 = DIRECTION('',(0.,1.));
#9277 = ( GEOMETRIC_REPRESENTATION_CONTEXT(2) 
PARAMETRIC_REPRESENTATION_CONTEXT() REPRESENTATION_CONTEXT('2D SPACE',''
  ) );
#9278 = PCURVE('',#9239,#9279);
#9279 = DEFINITIONAL_REPRESENTATION('',(#9280),#9284);
#9280 = LINE('',#9281,#9282);
#9281 = CARTESIAN_POINT('',(0.,-0.));
#9282 = VECTOR('',#9283,1.);
#9283 = DIRECTION('',(0.,1.));
#9284 = ( GEOMETRIC_REPRESENTATION_CONTEXT(2) 
PARAMETRIC_REPRESENTATION_CONTEXT() REPRESENTATION_CONTEXT('2D SPACE',''
  ) );
#9285 = ORIENTED_EDGE('',*,*,#9286,.T.);
#9286 = EDGE_CURVE('',#9264,#9264,#9287,.T.);
#9287 = SURFACE_CURVE('',#9288,(#9293,#9300),.PCURVE_S1.);
#9288 = CIRCLE('',#9289,3.);
#9289 = AXIS2_PLACEMENT_3D('',#9290,#9291,#9292);
#9290 = CARTESIAN_POINT('',(72.,27.,191.));
#9291 = DIRECTION('',(0.,-1.,2.22044604925E-16));
#9292 = DIRECTION('',(1.,0.,0.));
#9293 = PCURVE('',#9239,#9294);
#9294 = DEFINITIONAL_REPRESENTATION('',(#9295),#9299);
#9295 = LINE('',#9296,#9297);
#9296 = CARTESIAN_POINT('',(0.,0.));
#9297 = VECTOR('',#9298,1.);
#9298 = DIRECTION('',(1.,0.));
#9299 = ( GEOMETRIC_REPRESENTATION_CONTEXT(2) 
PARAMETRIC_REPRESENTATION_CONTEXT() REPRESENTATION_CONTEXT('2D SPACE',''
  ) );
#9300 = PCURVE('',#9301,#9306);
#9301 = PLANE('',#9302);
#9302 = AXIS2_PLACEMENT_3D('',#9303,#9304,#9305);
#9303 = CARTESIAN_POINT('',(72.,27.,191.));
#9304 = DIRECTION('',(0.,-1.,2.22044604925E-16));
#9305 = DIRECTION('',(1.,0.,0.));
#9306 = DEFINITIONAL_REPRESENTATION('',(#9307),#9311);
#9307 = CIRCLE('',#9308,3.);
#9308 = AXIS2_PLACEMENT_2D('',#9309,#9310);
#9309 = CARTESIAN_POINT('',(0.,0.));
#9310 = DIRECTION('',(1.,0.));
#9311 = ( GEOMETRIC_REPRESENTATION_CONTEXT(2) 
PARAMETRIC_REPRESENTATION_CONTEXT() REPRESENTATION_CONTEXT('2D SPACE',''
  ) );
#9312 = ORIENTED_EDGE('',*,*,#9263,.T.);
#9313 = ADVANCED_FACE('',(#9314),#9251,.T.);
#9314 = FACE_BOUND('',#9315,.T.);
#9315 = EDGE_LOOP('',(#9316));
#9316 = ORIENTED_EDGE('',*,*,#9229,.T.);
#9317 = ADVANCED_FACE('',(#9318),#9301,.F.);
#9318 = FACE_BOUND('',#9319,.T.);
#9319 = EDGE_LOOP('',(#9320));
#9320 = ORIENTED_EDGE('',*,*,#9286,.F.);
#9321 = MANIFOLD_SOLID_BREP('',#9322);
#9322 = CLOSED_SHELL('',(#9323,#9411,#9415));
#9323 = ADVANCED_FACE('',(#9324),#9337,.T.);
#9324 = FACE_BOUND('',#9325,.T.);
#9325 = EDGE_LOOP('',(#9326,#9360,#9383,#9410));
#9326 = ORIENTED_EDGE('',*,*,#9327,.F.);
#9327 = EDGE_CURVE('',#9328,#9328,#9330,.T.);
#9328 = VERTEX_POINT('',#9329);
#9329 = CARTESIAN_POINT('',(77.,-21.5,191.));
#9330 = SURFACE_CURVE('',#9331,(#9336,#9348),.PCURVE_S1.);
#9331 = CIRCLE('',#9332,5.);
#9332 = AXIS2_PLACEMENT_3D('',#9333,#9334,#9335);
#9333 = CARTESIAN_POINT('',(72.,-21.5,191.));
#9334 = DIRECTION('',(0.,-1.,2.22044604925E-16));
#9335 = DIRECTION('',(1.,0.,0.));
#9336 = PCURVE('',#9337,#9342);
#9337 = CYLINDRICAL_SURFACE('',#9338,5.);
#9338 = AXIS2_PLACEMENT_3D('',#9339,#9340,#9341);
#9339 = CARTESIAN_POINT('',(72.,-19.,191.));
#9340 = DIRECTION('',(0.,-1.,2.22044604925E-16));
#9341 = DIRECTION('',(1.,0.,0.));
#9342 = DEFINITIONAL_REPRESENTATION('',(#9343),#9347);
#9343 = LINE('',#9344,#9345);
#9344 = CARTESIAN_POINT('',(0.,2.5));
#9345 = VECTOR('',#9346,1.);
#9346 = DIRECTION('',(1.,0.));
#9347 = ( GEOMETRIC_REPRESENTATION_CONTEXT(2) 
PARAMETRIC_REPRESENTATION_CONTEXT() REPRESENTATION_CONTEXT('2D SPACE',''
  ) );
#9348 = PCURVE('',#9349,#9354);
#9349 = PLANE('',#9350);
#9350 = AXIS2_PLACEMENT_3D('',#9351,#9352,#9353);
#9351 = CARTESIAN_POINT('',(72.,-21.5,191.));
#9352 = DIRECTION('',(0.,-1.,2.22044604925E-16));
#9353 = DIRECTION('',(1.,0.,0.));
#9354 = DEFINITIONAL_REPRESENTATION('',(#9355),#9359);
#9355 = CIRCLE('',#9356,5.);
#9356 = AXIS2_PLACEMENT_2D('',#9357,#9358);
#9357 = CARTESIAN_POINT('',(0.,0.));
#9358 = DIRECTION('',(1.,0.));
#9359 = ( GEOMETRIC_REPRESENTATION_CONTEXT(2) 
PARAMETRIC_REPRESENTATION_CONTEXT() REPRESENTATION_CONTEXT('2D SPACE',''
  ) );
#9360 = ORIENTED_EDGE('',*,*,#9361,.F.);
#9361 = EDGE_CURVE('',#9362,#9328,#9364,.T.);
#9362 = VERTEX_POINT('',#9363);
#9363 = CARTESIAN_POINT('',(77.,-19.,191.));
#9364 = SEAM_CURVE('',#9365,(#9369,#9376),.PCURVE_S1.);
#9365 = LINE('',#9366,#9367);
#9366 = CARTESIAN_POINT('',(77.,-19.,191.));
#9367 = VECTOR('',#9368,1.);
#9368 = DIRECTION('',(0.,-1.,2.22044604925E-16));
#9369 = PCURVE('',#9337,#9370);
#9370 = DEFINITIONAL_REPRESENTATION('',(#9371),#9375);
#9371 = LINE('',#9372,#9373);
#9372 = CARTESIAN_POINT('',(6.28318530718,-0.));
#9373 = VECTOR('',#9374,1.);
#9374 = DIRECTION('',(0.,1.));
#9375 = ( GEOMETRIC_REPRESENTATION_CONTEXT(2) 
PARAMETRIC_REPRESENTATION_CONTEXT() REPRESENTATION_CONTEXT('2D SPACE',''
  ) );
#9376 = PCURVE('',#9337,#9377);
#9377 = DEFINITIONAL_REPRESENTATION('',(#9378),#9382);
#9378 = LINE('',#9379,#9380);
#9379 = CARTESIAN_POINT('',(0.,-0.));
#9380 = VECTOR('',#9381,1.);
#9381 = DIRECTION('',(0.,1.));
#9382 = ( GEOMETRIC_REPRESENTATION_CONTEXT(2) 
PARAMETRIC_REPRESENTATION_CONTEXT() REPRESENTATION_CONTEXT('2D SPACE',''
  ) );
#9383 = ORIENTED_EDGE('',*,*,#9384,.T.);
#9384 = EDGE_CURVE('',#9362,#9362,#9385,.T.);
#9385 = SURFACE_CURVE('',#9386,(#9391,#9398),.PCURVE_S1.);
#9386 = CIRCLE('',#9387,5.);
#9387 = AXIS2_PLACEMENT_3D('',#9388,#9389,#9390);
#9388 = CARTESIAN_POINT('',(72.,-19.,191.));
#9389 = DIRECTION('',(0.,-1.,2.22044604925E-16));
#9390 = DIRECTION('',(1.,0.,0.));
#9391 = PCURVE('',#9337,#9392);
#9392 = DEFINITIONAL_REPRESENTATION('',(#9393),#9397);
#9393 = LINE('',#9394,#9395);
#9394 = CARTESIAN_POINT('',(0.,0.));
#9395 = VECTOR('',#9396,1.);
#9396 = DIRECTION('',(1.,0.));
#9397 = ( GEOMETRIC_REPRESENTATION_CONTEXT(2) 
PARAMETRIC_REPRESENTATION_CONTEXT() REPRESENTATION_CONTEXT('2D SPACE',''
  ) );
#9398 = PCURVE('',#9399,#9404);
#9399 = PLANE('',#9400);
#9400 = AXIS2_PLACEMENT_3D('',#9401,#9402,#9403);
#9401 = CARTESIAN_POINT('',(72.,-19.,191.));
#9402 = DIRECTION('',(0.,-1.,2.22044604925E-16));
#9403 = DIRECTION('',(1.,0.,0.));
#9404 = DEFINITIONAL_REPRESENTATION('',(#9405),#9409);
#9405 = CIRCLE('',#9406,5.);
#9406 = AXIS2_PLACEMENT_2D('',#9407,#9408);
#9407 = CARTESIAN_POINT('',(0.,0.));
#9408 = DIRECTION('',(1.,0.));
#9409 = ( GEOMETRIC_REPRESENTATION_CONTEXT(2) 
PARAMETRIC_REPRESENTATION_CONTEXT() REPRESENTATION_CONTEXT('2D SPACE',''
  ) );
#9410 = ORIENTED_EDGE('',*,*,#9361,.T.);
#9411 = ADVANCED_FACE('',(#9412),#9349,.T.);
#9412 = FACE_BOUND('',#9413,.T.);
#9413 = EDGE_LOOP('',(#9414));
#9414 = ORIENTED_EDGE('',*,*,#9327,.T.);
#9415 = ADVANCED_FACE('',(#9416),#9399,.F.);
#9416 = FACE_BOUND('',#9417,.T.);
#9417 = EDGE_LOOP('',(#9418));
#9418 = ORIENTED_EDGE('',*,*,#9384,.F.);
#9419 = MANIFOLD_SOLID_BREP('',#9420);
#9420 = CLOSED_SHELL('',(#9421,#9509,#9513));
#9421 = ADVANCED_FACE('',(#9422),#9435,.T.);
#9422 = FACE_BOUND('',#9423,.T.);
#9423 = EDGE_LOOP('',(#9424,#9458,#9481,#9508));
#9424 = ORIENTED_EDGE('',*,*,#9425,.F.);
#9425 = EDGE_CURVE('',#9426,#9426,#9428,.T.);
#9426 = VERTEX_POINT('',#9427);
#9427 = CARTESIAN_POINT('',(75.,-20.5,1.621E+03));
#9428 = SURFACE_CURVE('',#9429,(#9434,#9446),.PCURVE_S1.);
#9429 = CIRCLE('',#9430,3.);
#9430 = AXIS2_PLACEMENT_3D('',#9431,#9432,#9433);
#9431 = CARTESIAN_POINT('',(72.,-20.5,1.621E+03));
#9432 = DIRECTION('',(0.,-1.,2.22044604925E-16));
#9433 = DIRECTION('',(1.,0.,0.));
#9434 = PCURVE('',#9435,#9440);
#9435 = CYLINDRICAL_SURFACE('',#9436,3.);
#9436 = AXIS2_PLACEMENT_3D('',#9437,#9438,#9439);
#9437 = CARTESIAN_POINT('',(72.,28.5,1.621E+03));
#9438 = DIRECTION('',(0.,-1.,2.22044604925E-16));
#9439 = DIRECTION('',(1.,0.,0.));
#9440 = DEFINITIONAL_REPRESENTATION('',(#9441),#9445);
#9441 = LINE('',#9442,#9443);
#9442 = CARTESIAN_POINT('',(0.,49.));
#9443 = VECTOR('',#9444,1.);
#9444 = DIRECTION('',(1.,0.));
#9445 = ( GEOMETRIC_REPRESENTATION_CONTEXT(2) 
PARAMETRIC_REPRESENTATION_CONTEXT() REPRESENTATION_CONTEXT('2D SPACE',''
  ) );
#9446 = PCURVE('',#9447,#9452);
#9447 = PLANE('',#9448);
#9448 = AXIS2_PLACEMENT_3D('',#9449,#9450,#9451);
#9449 = CARTESIAN_POINT('',(72.,-20.5,1.621E+03));
#9450 = DIRECTION('',(0.,-1.,2.22044604925E-16));
#9451 = DIRECTION('',(1.,0.,0.));
#9452 = DEFINITIONAL_REPRESENTATION('',(#9453),#9457);
#9453 = CIRCLE('',#9454,3.);
#9454 = AXIS2_PLACEMENT_2D('',#9455,#9456);
#9455 = CARTESIAN_POINT('',(0.,0.));
#9456 = DIRECTION('',(1.,0.));
#9457 = ( GEOMETRIC_REPRESENTATION_CONTEXT(2) 
PARAMETRIC_REPRESENTATION_CONTEXT() REPRESENTATION_CONTEXT('2D SPACE',''
  ) );
#9458 = ORIENTED_EDGE('',*,*,#9459,.F.);
#9459 = EDGE_CURVE('',#9460,#9426,#9462,.T.);
#9460 = VERTEX_POINT('',#9461);
#9461 = CARTESIAN_POINT('',(75.,28.5,1.621E+03));
#9462 = SEAM_CURVE('',#9463,(#9467,#9474),.PCURVE_S1.);
#9463 = LINE('',#9464,#9465);
#9464 = CARTESIAN_POINT('',(75.,28.5,1.621E+03));
#9465 = VECTOR('',#9466,1.);
#9466 = DIRECTION('',(0.,-1.,2.22044604925E-16));
#9467 = PCURVE('',#9435,#9468);
#9468 = DEFINITIONAL_REPRESENTATION('',(#9469),#9473);
#9469 = LINE('',#9470,#9471);
#9470 = CARTESIAN_POINT('',(6.28318530718,-0.));
#9471 = VECTOR('',#9472,1.);
#9472 = DIRECTION('',(0.,1.));
#9473 = ( GEOMETRIC_REPRESENTATION_CONTEXT(2) 
PARAMETRIC_REPRESENTATION_CONTEXT() REPRESENTATION_CONTEXT('2D SPACE',''
  ) );
#9474 = PCURVE('',#9435,#9475);
#9475 = DEFINITIONAL_REPRESENTATION('',(#9476),#9480);
#9476 = LINE('',#9477,#9478);
#9477 = CARTESIAN_POINT('',(0.,-0.));
#9478 = VECTOR('',#9479,1.);
#9479 = DIRECTION('',(0.,1.));
#9480 = ( GEOMETRIC_REPRESENTATION_CONTEXT(2) 
PARAMETRIC_REPRESENTATION_CONTEXT() REPRESENTATION_CONTEXT('2D SPACE',''
  ) );
#9481 = ORIENTED_EDGE('',*,*,#9482,.T.);
#9482 = EDGE_CURVE('',#9460,#9460,#9483,.T.);
#9483 = SURFACE_CURVE('',#9484,(#9489,#9496),.PCURVE_S1.);
#9484 = CIRCLE('',#9485,3.);
#9485 = AXIS2_PLACEMENT_3D('',#9486,#9487,#9488);
#9486 = CARTESIAN_POINT('',(72.,28.5,1.621E+03));
#9487 = DIRECTION('',(0.,-1.,2.22044604925E-16));
#9488 = DIRECTION('',(1.,0.,0.));
#9489 = PCURVE('',#9435,#9490);
#9490 = DEFINITIONAL_REPRESENTATION('',(#9491),#9495);
#9491 = LINE('',#9492,#9493);
#9492 = CARTESIAN_POINT('',(0.,0.));
#9493 = VECTOR('',#9494,1.);
#9494 = DIRECTION('',(1.,0.));
#9495 = ( GEOMETRIC_REPRESENTATION_CONTEXT(2) 
PARAMETRIC_REPRESENTATION_CONTEXT() REPRESENTATION_CONTEXT('2D SPACE',''
  ) );
#9496 = PCURVE('',#9497,#9502);
#9497 = PLANE('',#9498);
#9498 = AXIS2_PLACEMENT_3D('',#9499,#9500,#9501);
#9499 = CARTESIAN_POINT('',(72.,28.5,1.621E+03));
#9500 = DIRECTION('',(0.,-1.,2.22044604925E-16));
#9501 = DIRECTION('',(1.,0.,0.));
#9502 = DEFINITIONAL_REPRESENTATION('',(#9503),#9507);
#9503 = CIRCLE('',#9504,3.);
#9504 = AXIS2_PLACEMENT_2D('',#9505,#9506);
#9505 = CARTESIAN_POINT('',(0.,0.));
#9506 = DIRECTION('',(1.,0.));
#9507 = ( GEOMETRIC_REPRESENTATION_CONTEXT(2) 
PARAMETRIC_REPRESENTATION_CONTEXT() REPRESENTATION_CONTEXT('2D SPACE',''
  ) );
#9508 = ORIENTED_EDGE('',*,*,#9459,.T.);
#9509 = ADVANCED_FACE('',(#9510),#9447,.T.);
#9510 = FACE_BOUND('',#9511,.T.);
#9511 = EDGE_LOOP('',(#9512));
#9512 = ORIENTED_EDGE('',*,*,#9425,.T.);
#9513 = ADVANCED_FACE('',(#9514),#9497,.F.);
#9514 = FACE_BOUND('',#9515,.T.);
#9515 = EDGE_LOOP('',(#9516));
#9516 = ORIENTED_EDGE('',*,*,#9482,.F.);
#9517 = MANIFOLD_SOLID_BREP('',#9518);
#9518 = CLOSED_SHELL('',(#9519,#9607,#9611));
#9519 = ADVANCED_FACE('',(#9520),#9533,.T.);
#9520 = FACE_BOUND('',#9521,.T.);
#9521 = EDGE_LOOP('',(#9522,#9556,#9579,#9606));
#9522 = ORIENTED_EDGE('',*,*,#9523,.F.);
#9523 = EDGE_CURVE('',#9524,#9524,#9526,.T.);
#9524 = VERTEX_POINT('',#9525);
#9525 = CARTESIAN_POINT('',(77.,-23.,1.621E+03));
#9526 = SURFACE_CURVE('',#9527,(#9532,#9544),.PCURVE_S1.);
#9527 = CIRCLE('',#9528,5.);
#9528 = AXIS2_PLACEMENT_3D('',#9529,#9530,#9531);
#9529 = CARTESIAN_POINT('',(72.,-23.,1.621E+03));
#9530 = DIRECTION('',(0.,-1.,2.22044604925E-16));
#9531 = DIRECTION('',(1.,0.,0.));
#9532 = PCURVE('',#9533,#9538);
#9533 = CYLINDRICAL_SURFACE('',#9534,5.);
#9534 = AXIS2_PLACEMENT_3D('',#9535,#9536,#9537);
#9535 = CARTESIAN_POINT('',(72.,-20.5,1.621E+03));
#9536 = DIRECTION('',(0.,-1.,2.22044604925E-16));
#9537 = DIRECTION('',(1.,0.,0.));
#9538 = DEFINITIONAL_REPRESENTATION('',(#9539),#9543);
#9539 = LINE('',#9540,#9541);
#9540 = CARTESIAN_POINT('',(0.,2.5));
#9541 = VECTOR('',#9542,1.);
#9542 = DIRECTION('',(1.,0.));
#9543 = ( GEOMETRIC_REPRESENTATION_CONTEXT(2) 
PARAMETRIC_REPRESENTATION_CONTEXT() REPRESENTATION_CONTEXT('2D SPACE',''
  ) );
#9544 = PCURVE('',#9545,#9550);
#9545 = PLANE('',#9546);
#9546 = AXIS2_PLACEMENT_3D('',#9547,#9548,#9549);
#9547 = CARTESIAN_POINT('',(72.,-23.,1.621E+03));
#9548 = DIRECTION('',(0.,-1.,2.22044604925E-16));
#9549 = DIRECTION('',(1.,0.,0.));
#9550 = DEFINITIONAL_REPRESENTATION('',(#9551),#9555);
#9551 = CIRCLE('',#9552,5.);
#9552 = AXIS2_PLACEMENT_2D('',#9553,#9554);
#9553 = CARTESIAN_POINT('',(0.,0.));
#9554 = DIRECTION('',(1.,0.));
#9555 = ( GEOMETRIC_REPRESENTATION_CONTEXT(2) 
PARAMETRIC_REPRESENTATION_CONTEXT() REPRESENTATION_CONTEXT('2D SPACE',''
  ) );
#9556 = ORIENTED_EDGE('',*,*,#9557,.F.);
#9557 = EDGE_CURVE('',#9558,#9524,#9560,.T.);
#9558 = VERTEX_POINT('',#9559);
#9559 = CARTESIAN_POINT('',(77.,-20.5,1.621E+03));
#9560 = SEAM_CURVE('',#9561,(#9565,#9572),.PCURVE_S1.);
#9561 = LINE('',#9562,#9563);
#9562 = CARTESIAN_POINT('',(77.,-20.5,1.621E+03));
#9563 = VECTOR('',#9564,1.);
#9564 = DIRECTION('',(0.,-1.,2.22044604925E-16));
#9565 = PCURVE('',#9533,#9566);
#9566 = DEFINITIONAL_REPRESENTATION('',(#9567),#9571);
#9567 = LINE('',#9568,#9569);
#9568 = CARTESIAN_POINT('',(6.28318530718,-0.));
#9569 = VECTOR('',#9570,1.);
#9570 = DIRECTION('',(0.,1.));
#9571 = ( GEOMETRIC_REPRESENTATION_CONTEXT(2) 
PARAMETRIC_REPRESENTATION_CONTEXT() REPRESENTATION_CONTEXT('2D SPACE',''
  ) );
#9572 = PCURVE('',#9533,#9573);
#9573 = DEFINITIONAL_REPRESENTATION('',(#9574),#9578);
#9574 = LINE('',#9575,#9576);
#9575 = CARTESIAN_POINT('',(0.,-0.));
#9576 = VECTOR('',#9577,1.);
#9577 = DIRECTION('',(0.,1.));
#9578 = ( GEOMETRIC_REPRESENTATION_CONTEXT(2) 
PARAMETRIC_REPRESENTATION_CONTEXT() REPRESENTATION_CONTEXT('2D SPACE',''
  ) );
#9579 = ORIENTED_EDGE('',*,*,#9580,.T.);
#9580 = EDGE_CURVE('',#9558,#9558,#9581,.T.);
#9581 = SURFACE_CURVE('',#9582,(#9587,#9594),.PCURVE_S1.);
#9582 = CIRCLE('',#9583,5.);
#9583 = AXIS2_PLACEMENT_3D('',#9584,#9585,#9586);
#9584 = CARTESIAN_POINT('',(72.,-20.5,1.621E+03));
#9585 = DIRECTION('',(0.,-1.,2.22044604925E-16));
#9586 = DIRECTION('',(1.,0.,0.));
#9587 = PCURVE('',#9533,#9588);
#9588 = DEFINITIONAL_REPRESENTATION('',(#9589),#9593);
#9589 = LINE('',#9590,#9591);
#9590 = CARTESIAN_POINT('',(0.,0.));
#9591 = VECTOR('',#9592,1.);
#9592 = DIRECTION('',(1.,0.));
#9593 = ( GEOMETRIC_REPRESENTATION_CONTEXT(2) 
PARAMETRIC_REPRESENTATION_CONTEXT() REPRESENTATION_CONTEXT('2D SPACE',''
  ) );
#9594 = PCURVE('',#9595,#9600);
#9595 = PLANE('',#9596);
#9596 = AXIS2_PLACEMENT_3D('',#9597,#9598,#9599);
#9597 = CARTESIAN_POINT('',(72.,-20.5,1.621E+03));
#9598 = DIRECTION('',(0.,-1.,2.22044604925E-16));
#9599 = DIRECTION('',(1.,0.,0.));
#9600 = DEFINITIONAL_REPRESENTATION('',(#9601),#9605);
#9601 = CIRCLE('',#9602,5.);
#9602 = AXIS2_PLACEMENT_2D('',#9603,#9604);
#9603 = CARTESIAN_POINT('',(0.,0.));
#9604 = DIRECTION('',(1.,0.));
#9605 = ( GEOMETRIC_REPRESENTATION_CONTEXT(2) 
PARAMETRIC_REPRESENTATION_CONTEXT() REPRESENTATION_CONTEXT('2D SPACE',''
  ) );
#9606 = ORIENTED_EDGE('',*,*,#9557,.T.);
#9607 = ADVANCED_FACE('',(#9608),#9545,.T.);
#9608 = FACE_BOUND('',#9609,.T.);
#9609 = EDGE_LOOP('',(#9610));
#9610 = ORIENTED_EDGE('',*,*,#9523,.T.);
#9611 = ADVANCED_FACE('',(#9612),#9595,.F.);
#9612 = FACE_BOUND('',#9613,.T.);
#9613 = EDGE_LOOP('',(#9614));
#9614 = ORIENTED_EDGE('',*,*,#9580,.F.);
#9615 = MANIFOLD_SOLID_BREP('',#9616);
#9616 = CLOSED_SHELL('',(#9617,#9705,#9709));
#9617 = ADVANCED_FACE('',(#9618),#9631,.T.);
#9618 = FACE_BOUND('',#9619,.T.);
#9619 = EDGE_LOOP('',(#9620,#9654,#9677,#9704));
#9620 = ORIENTED_EDGE('',*,*,#9621,.F.);
#9621 = EDGE_CURVE('',#9622,#9622,#9624,.T.);
#9622 = VERTEX_POINT('',#9623);
#9623 = CARTESIAN_POINT('',(75.,-20.5,3.071E+03));
#9624 = SURFACE_CURVE('',#9625,(#9630,#9642),.PCURVE_S1.);
#9625 = CIRCLE('',#9626,3.);
#9626 = AXIS2_PLACEMENT_3D('',#9627,#9628,#9629);
#9627 = CARTESIAN_POINT('',(72.,-20.5,3.071E+03));
#9628 = DIRECTION('',(0.,-1.,2.22044604925E-16));
#9629 = DIRECTION('',(1.,0.,0.));
#9630 = PCURVE('',#9631,#9636);
#9631 = CYLINDRICAL_SURFACE('',#9632,3.);
#9632 = AXIS2_PLACEMENT_3D('',#9633,#9634,#9635);
#9633 = CARTESIAN_POINT('',(72.,28.5,3.071E+03));
#9634 = DIRECTION('',(0.,-1.,2.22044604925E-16));
#9635 = DIRECTION('',(1.,0.,0.));
#9636 = DEFINITIONAL_REPRESENTATION('',(#9637),#9641);
#9637 = LINE('',#9638,#9639);
#9638 = CARTESIAN_POINT('',(0.,49.));
#9639 = VECTOR('',#9640,1.);
#9640 = DIRECTION('',(1.,0.));
#9641 = ( GEOMETRIC_REPRESENTATION_CONTEXT(2) 
PARAMETRIC_REPRESENTATION_CONTEXT() REPRESENTATION_CONTEXT('2D SPACE',''
  ) );
#9642 = PCURVE('',#9643,#9648);
#9643 = PLANE('',#9644);
#9644 = AXIS2_PLACEMENT_3D('',#9645,#9646,#9647);
#9645 = CARTESIAN_POINT('',(72.,-20.5,3.071E+03));
#9646 = DIRECTION('',(0.,-1.,2.22044604925E-16));
#9647 = DIRECTION('',(1.,0.,0.));
#9648 = DEFINITIONAL_REPRESENTATION('',(#9649),#9653);
#9649 = CIRCLE('',#9650,3.);
#9650 = AXIS2_PLACEMENT_2D('',#9651,#9652);
#9651 = CARTESIAN_POINT('',(0.,0.));
#9652 = DIRECTION('',(1.,0.));
#9653 = ( GEOMETRIC_REPRESENTATION_CONTEXT(2) 
PARAMETRIC_REPRESENTATION_CONTEXT() REPRESENTATION_CONTEXT('2D SPACE',''
  ) );
#9654 = ORIENTED_EDGE('',*,*,#9655,.F.);
#9655 = EDGE_CURVE('',#9656,#9622,#9658,.T.);
#9656 = VERTEX_POINT('',#9657);
#9657 = CARTESIAN_POINT('',(75.,28.5,3.071E+03));
#9658 = SEAM_CURVE('',#9659,(#9663,#9670),.PCURVE_S1.);
#9659 = LINE('',#9660,#9661);
#9660 = CARTESIAN_POINT('',(75.,28.5,3.071E+03));
#9661 = VECTOR('',#9662,1.);
#9662 = DIRECTION('',(0.,-1.,2.22044604925E-16));
#9663 = PCURVE('',#9631,#9664);
#9664 = DEFINITIONAL_REPRESENTATION('',(#9665),#9669);
#9665 = LINE('',#9666,#9667);
#9666 = CARTESIAN_POINT('',(6.28318530718,-0.));
#9667 = VECTOR('',#9668,1.);
#9668 = DIRECTION('',(0.,1.));
#9669 = ( GEOMETRIC_REPRESENTATION_CONTEXT(2) 
PARAMETRIC_REPRESENTATION_CONTEXT() REPRESENTATION_CONTEXT('2D SPACE',''
  ) );
#9670 = PCURVE('',#9631,#9671);
#9671 = DEFINITIONAL_REPRESENTATION('',(#9672),#9676);
#9672 = LINE('',#9673,#9674);
#9673 = CARTESIAN_POINT('',(0.,-0.));
#9674 = VECTOR('',#9675,1.);
#9675 = DIRECTION('',(0.,1.));
#9676 = ( GEOMETRIC_REPRESENTATION_CONTEXT(2) 
PARAMETRIC_REPRESENTATION_CONTEXT() REPRESENTATION_CONTEXT('2D SPACE',''
  ) );
#9677 = ORIENTED_EDGE('',*,*,#9678,.T.);
#9678 = EDGE_CURVE('',#9656,#9656,#9679,.T.);
#9679 = SURFACE_CURVE('',#9680,(#9685,#9692),.PCURVE_S1.);
#9680 = CIRCLE('',#9681,3.);
#9681 = AXIS2_PLACEMENT_3D('',#9682,#9683,#9684);
#9682 = CARTESIAN_POINT('',(72.,28.5,3.071E+03));
#9683 = DIRECTION('',(0.,-1.,2.22044604925E-16));
#9684 = DIRECTION('',(1.,0.,0.));
#9685 = PCURVE('',#9631,#9686);
#9686 = DEFINITIONAL_REPRESENTATION('',(#9687),#9691);
#9687 = LINE('',#9688,#9689);
#9688 = CARTESIAN_POINT('',(0.,0.));
#9689 = VECTOR('',#9690,1.);
#9690 = DIRECTION('',(1.,0.));
#9691 = ( GEOMETRIC_REPRESENTATION_CONTEXT(2) 
PARAMETRIC_REPRESENTATION_CONTEXT() REPRESENTATION_CONTEXT('2D SPACE',''
  ) );
#9692 = PCURVE('',#9693,#9698);
#9693 = PLANE('',#9694);
#9694 = AXIS2_PLACEMENT_3D('',#9695,#9696,#9697);
#9695 = CARTESIAN_POINT('',(72.,28.5,3.071E+03));
#9696 = DIRECTION('',(0.,-1.,2.22044604925E-16));
#9697 = DIRECTION('',(1.,0.,0.));
#9698 = DEFINITIONAL_REPRESENTATION('',(#9699),#9703);
#9699 = CIRCLE('',#9700,3.);
#9700 = AXIS2_PLACEMENT_2D('',#9701,#9702);
#9701 = CARTESIAN_POINT('',(0.,0.));
#9702 = DIRECTION('',(1.,0.));
#9703 = ( GEOMETRIC_REPRESENTATION_CONTEXT(2) 
PARAMETRIC_REPRESENTATION_CONTEXT() REPRESENTATION_CONTEXT('2D SPACE',''
  ) );
#9704 = ORIENTED_EDGE('',*,*,#9655,.T.);
#9705 = ADVANCED_FACE('',(#9706),#9643,.T.);
#9706 = FACE_BOUND('',#9707,.T.);
#9707 = EDGE_LOOP('',(#9708));
#9708 = ORIENTED_EDGE('',*,*,#9621,.T.);
#9709 = ADVANCED_FACE('',(#9710),#9693,.F.);
#9710 = FACE_BOUND('',#9711,.T.);
#9711 = EDGE_LOOP('',(#9712));
#9712 = ORIENTED_EDGE('',*,*,#9678,.F.);
#9713 = MANIFOLD_SOLID_BREP('',#9714);
#9714 = CLOSED_SHELL('',(#9715,#9803,#9807));
#9715 = ADVANCED_FACE('',(#9716),#9729,.T.);
#9716 = FACE_BOUND('',#9717,.T.);
#9717 = EDGE_LOOP('',(#9718,#9752,#9775,#9802));
#9718 = ORIENTED_EDGE('',*,*,#9719,.F.);
#9719 = EDGE_CURVE('',#9720,#9720,#9722,.T.);
#9720 = VERTEX_POINT('',#9721);
#9721 = CARTESIAN_POINT('',(77.,-23.,3.071E+03));
#9722 = SURFACE_CURVE('',#9723,(#9728,#9740),.PCURVE_S1.);
#9723 = CIRCLE('',#9724,5.);
#9724 = AXIS2_PLACEMENT_3D('',#9725,#9726,#9727);
#9725 = CARTESIAN_POINT('',(72.,-23.,3.071E+03));
#9726 = DIRECTION('',(0.,-1.,2.22044604925E-16));
#9727 = DIRECTION('',(1.,0.,0.));
#9728 = PCURVE('',#9729,#9734);
#9729 = CYLINDRICAL_SURFACE('',#9730,5.);
#9730 = AXIS2_PLACEMENT_3D('',#9731,#9732,#9733);
#9731 = CARTESIAN_POINT('',(72.,-20.5,3.071E+03));
#9732 = DIRECTION('',(0.,-1.,2.22044604925E-16));
#9733 = DIRECTION('',(1.,0.,0.));
#9734 = DEFINITIONAL_REPRESENTATION('',(#9735),#9739);
#9735 = LINE('',#9736,#9737);
#9736 = CARTESIAN_POINT('',(0.,2.5));
#9737 = VECTOR('',#9738,1.);
#9738 = DIRECTION('',(1.,0.));
#9739 = ( GEOMETRIC_REPRESENTATION_CONTEXT(2) 
PARAMETRIC_REPRESENTATION_CONTEXT() REPRESENTATION_CONTEXT('2D SPACE',''
  ) );
#9740 = PCURVE('',#9741,#9746);
#9741 = PLANE('',#9742);
#9742 = AXIS2_PLACEMENT_3D('',#9743,#9744,#9745);
#9743 = CARTESIAN_POINT('',(72.,-23.,3.071E+03));
#9744 = DIRECTION('',(0.,-1.,2.22044604925E-16));
#9745 = DIRECTION('',(1.,0.,0.));
#9746 = DEFINITIONAL_REPRESENTATION('',(#9747),#9751);
#9747 = CIRCLE('',#9748,5.);
#9748 = AXIS2_PLACEMENT_2D('',#9749,#9750);
#9749 = CARTESIAN_POINT('',(0.,0.));
#9750 = DIRECTION('',(1.,0.));
#9751 = ( GEOMETRIC_REPRESENTATION_CONTEXT(2) 
PARAMETRIC_REPRESENTATION_CONTEXT() REPRESENTATION_CONTEXT('2D SPACE',''
  ) );
#9752 = ORIENTED_EDGE('',*,*,#9753,.F.);
#9753 = EDGE_CURVE('',#9754,#9720,#9756,.T.);
#9754 = VERTEX_POINT('',#9755);
#9755 = CARTESIAN_POINT('',(77.,-20.5,3.071E+03));
#9756 = SEAM_CURVE('',#9757,(#9761,#9768),.PCURVE_S1.);
#9757 = LINE('',#9758,#9759);
#9758 = CARTESIAN_POINT('',(77.,-20.5,3.071E+03));
#9759 = VECTOR('',#9760,1.);
#9760 = DIRECTION('',(0.,-1.,2.22044604925E-16));
#9761 = PCURVE('',#9729,#9762);
#9762 = DEFINITIONAL_REPRESENTATION('',(#9763),#9767);
#9763 = LINE('',#9764,#9765);
#9764 = CARTESIAN_POINT('',(6.28318530718,-0.));
#9765 = VECTOR('',#9766,1.);
#9766 = DIRECTION('',(0.,1.));
#9767 = ( GEOMETRIC_REPRESENTATION_CONTEXT(2) 
PARAMETRIC_REPRESENTATION_CONTEXT() REPRESENTATION_CONTEXT('2D SPACE',''
  ) );
#9768 = PCURVE('',#9729,#9769);
#9769 = DEFINITIONAL_REPRESENTATION('',(#9770),#9774);
#9770 = LINE('',#9771,#9772);
#9771 = CARTESIAN_POINT('',(0.,-0.));
#9772 = VECTOR('',#9773,1.);
#9773 = DIRECTION('',(0.,1.));
#9774 = ( GEOMETRIC_REPRESENTATION_CONTEXT(2) 
PARAMETRIC_REPRESENTATION_CONTEXT() REPRESENTATION_CONTEXT('2D SPACE',''
  ) );
#9775 = ORIENTED_EDGE('',*,*,#9776,.T.);
#9776 = EDGE_CURVE('',#9754,#9754,#9777,.T.);
#9777 = SURFACE_CURVE('',#9778,(#9783,#9790),.PCURVE_S1.);
#9778 = CIRCLE('',#9779,5.);
#9779 = AXIS2_PLACEMENT_3D('',#9780,#9781,#9782);
#9780 = CARTESIAN_POINT('',(72.,-20.5,3.071E+03));
#9781 = DIRECTION('',(0.,-1.,2.22044604925E-16));
#9782 = DIRECTION('',(1.,0.,0.));
#9783 = PCURVE('',#9729,#9784);
#9784 = DEFINITIONAL_REPRESENTATION('',(#9785),#9789);
#9785 = LINE('',#9786,#9787);
#9786 = CARTESIAN_POINT('',(0.,0.));
#9787 = VECTOR('',#9788,1.);
#9788 = DIRECTION('',(1.,0.));
#9789 = ( GEOMETRIC_REPRESENTATION_CONTEXT(2) 
PARAMETRIC_REPRESENTATION_CONTEXT() REPRESENTATION_CONTEXT('2D SPACE',''
  ) );
#9790 = PCURVE('',#9791,#9796);
#9791 = PLANE('',#9792);
#9792 = AXIS2_PLACEMENT_3D('',#9793,#9794,#9795);
#9793 = CARTESIAN_POINT('',(72.,-20.5,3.071E+03));
#9794 = DIRECTION('',(0.,-1.,2.22044604925E-16));
#9795 = DIRECTION('',(1.,0.,0.));
#9796 = DEFINITIONAL_REPRESENTATION('',(#9797),#9801);
#9797 = CIRCLE('',#9798,5.);
#9798 = AXIS2_PLACEMENT_2D('',#9799,#9800);
#9799 = CARTESIAN_POINT('',(0.,0.));
#9800 = DIRECTION('',(1.,0.));
#9801 = ( GEOMETRIC_REPRESENTATION_CONTEXT(2) 
PARAMETRIC_REPRESENTATION_CONTEXT() REPRESENTATION_CONTEXT('2D SPACE',''
  ) );
#9802 = ORIENTED_EDGE('',*,*,#9753,.T.);
#9803 = ADVANCED_FACE('',(#9804),#9741,.T.);
#9804 = FACE_BOUND('',#9805,.T.);
#9805 = EDGE_LOOP('',(#9806));
#9806 = ORIENTED_EDGE('',*,*,#9719,.T.);
#9807 = ADVANCED_FACE('',(#9808),#9791,.F.);
#9808 = FACE_BOUND('',#9809,.T.);
#9809 = EDGE_LOOP('',(#9810));
#9810 = ORIENTED_EDGE('',*,*,#9776,.F.);
#9811 = ( GEOMETRIC_REPRESENTATION_CONTEXT(3) 
GLOBAL_UNCERTAINTY_ASSIGNED_CONTEXT((#9815)) 
GLOBAL_UNIT_ASSIGNED_CONTEXT((#9812,#9813,#9814)) REPRESENTATION_CONTEXT
('Context #1','3D Context with UNIT and UNCERTAINTY') );
#9812 = ( LENGTH_UNIT() NAMED_UNIT(*) SI_UNIT(.MILLI.,.METRE.) );
#9813 = ( NAMED_UNIT(*) PLANE_ANGLE_UNIT() SI_UNIT($,.RADIAN.) );
#9814 = ( NAMED_UNIT(*) SI_UNIT($,.STERADIAN.) SOLID_ANGLE_UNIT() );
#9815 = UNCERTAINTY_MEASURE_WITH_UNIT(LENGTH_MEASURE(1.E-07),#9812,
  'distance_accuracy_value','confusion accuracy');
#9816 = PRODUCT_RELATED_PRODUCT_CATEGORY('part',$,(#7));
ENDSEC;
END-ISO-10303-21;
