ISO-10303-21;
HEADER;
FILE_DESCRIPTION(('Open CASCADE Model'),'2;1');
FILE_NAME('Open CASCADE Shape Model','2026-10-03T20:16:29',('Author'),(
    'Open CASCADE'),'Open CASCADE STEP processor 8.0','build123d',
  'Unknown');
FILE_SCHEMA(('AUTOMOTIVE_DESIGN { 1 0 10303 214 1 1 1 1 }'));
ENDSEC;
DATA;
#1 = APPLICATION_PROTOCOL_DEFINITION('international standard',
  'automotive_design',2000,#2);
#2 = APPLICATION_CONTEXT(
  'core data for automotive mechanical design processes');
#3 = SHAPE_DEFINITION_REPRESENTATION(#4,#10);
#4 = PRODUCT_DEFINITION_SHAPE('','',#5);
#5 = PRODUCT_DEFINITION('design','',#6,#9);
#6 = PRODUCT_DEFINITION_FORMATION('','',#7);
#7 = PRODUCT('COMPOUND','COMPOUND','',(#8));
#8 = PRODUCT_CONTEXT('',#2,'mechanical');
#9 = PRODUCT_DEFINITION_CONTEXT('part definition',#2,'design');
#10 = ADVANCED_BREP_SHAPE_REPRESENTATION('',(#11,#15),#1845);
#11 = AXIS2_PLACEMENT_3D('',#12,#13,#14);
#12 = CARTESIAN_POINT('',(0.,0.,0.));
#13 = DIRECTION('',(0.,0.,1.));
#14 = DIRECTION('',(1.,0.,-0.));
#15 = MANIFOLD_SOLID_BREP('',#16);
#16 = CLOSED_SHELL('',(#17,#885,#920,#950,#1143,#1336,#1571,#1806));
#17 = ADVANCED_FACE('',(#18,#105,#279,#453,#669),#31,.T.);
#18 = FACE_BOUND('',#19,.T.);
#19 = EDGE_LOOP('',(#20,#54,#77,#104));
#20 = ORIENTED_EDGE('',*,*,#21,.F.);
#21 = EDGE_CURVE('',#22,#22,#24,.T.);
#22 = VERTEX_POINT('',#23);
#23 = CARTESIAN_POINT('',(91.,-4.65365783676E-15,1.681E+03));
#24 = SURFACE_CURVE('',#25,(#30,#42),.PCURVE_S1.);
#25 = CIRCLE('',#26,19.);
#26 = AXIS2_PLACEMENT_3D('',#27,#28,#29);
#27 = CARTESIAN_POINT('',(72.,0.,1.681E+03));
#28 = DIRECTION('',(0.,0.,1.));
#29 = DIRECTION('',(1.,0.,-0.));
#30 = PCURVE('',#31,#36);
#31 = CYLINDRICAL_SURFACE('',#32,19.);
#32 = AXIS2_PLACEMENT_3D('',#33,#34,#35);
#33 = CARTESIAN_POINT('',(72.,0.,1.481E+03));
#34 = DIRECTION('',(0.,0.,1.));
#35 = DIRECTION('',(1.,0.,-0.));
#36 = DEFINITIONAL_REPRESENTATION('',(#37),#41);
#37 = LINE('',#38,#39);
#38 = CARTESIAN_POINT('',(0.,200.));
#39 = VECTOR('',#40,1.);
#40 = DIRECTION('',(1.,0.));
#41 = ( GEOMETRIC_REPRESENTATION_CONTEXT(2) 
PARAMETRIC_REPRESENTATION_CONTEXT() REPRESENTATION_CONTEXT('2D SPACE',''
  ) );
#42 = PCURVE('',#43,#48);
#43 = PLANE('',#44);
#44 = AXIS2_PLACEMENT_3D('',#45,#46,#47);
#45 = CARTESIAN_POINT('',(72.,0.,1.681E+03));
#46 = DIRECTION('',(0.,0.,1.));
#47 = DIRECTION('',(1.,0.,-0.));
#48 = DEFINITIONAL_REPRESENTATION('',(#49),#53);
#49 = CIRCLE('',#50,19.);
#50 = AXIS2_PLACEMENT_2D('',#51,#52);
#51 = CARTESIAN_POINT('',(0.,0.));
#52 = DIRECTION('',(1.,0.));
#53 = ( GEOMETRIC_REPRESENTATION_CONTEXT(2) 
PARAMETRIC_REPRESENTATION_CONTEXT() REPRESENTATION_CONTEXT('2D SPACE',''
  ) );
#54 = ORIENTED_EDGE('',*,*,#55,.F.);
#55 = EDGE_CURVE('',#56,#22,#58,.T.);
#56 = VERTEX_POINT('',#57);
#57 = CARTESIAN_POINT('',(91.,-4.65365783676E-15,1.481E+03));
#58 = SEAM_CURVE('',#59,(#63,#70),.PCURVE_S1.);
#59 = LINE('',#60,#61);
#60 = CARTESIAN_POINT('',(91.,-4.65365783676E-15,1.481E+03));
#61 = VECTOR('',#62,1.);
#62 = DIRECTION('',(0.,0.,1.));
#63 = PCURVE('',#31,#64);
#64 = DEFINITIONAL_REPRESENTATION('',(#65),#69);
#65 = LINE('',#66,#67);
#66 = CARTESIAN_POINT('',(6.28318530718,-0.));
#67 = VECTOR('',#68,1.);
#68 = DIRECTION('',(0.,1.));
#69 = ( GEOMETRIC_REPRESENTATION_CONTEXT(2) 
PARAMETRIC_REPRESENTATION_CONTEXT() REPRESENTATION_CONTEXT('2D SPACE',''
  ) );
#70 = PCURVE('',#31,#71);
#71 = DEFINITIONAL_REPRESENTATION('',(#72),#76);
#72 = LINE('',#73,#74);
#73 = CARTESIAN_POINT('',(0.,-0.));
#74 = VECTOR('',#75,1.);
#75 = DIRECTION('',(0.,1.));
#76 = ( GEOMETRIC_REPRESENTATION_CONTEXT(2) 
PARAMETRIC_REPRESENTATION_CONTEXT() REPRESENTATION_CONTEXT('2D SPACE',''
  ) );
#77 = ORIENTED_EDGE('',*,*,#78,.T.);
#78 = EDGE_CURVE('',#56,#56,#79,.T.);
#79 = SURFACE_CURVE('',#80,(#85,#92),.PCURVE_S1.);
#80 = CIRCLE('',#81,19.);
#81 = AXIS2_PLACEMENT_3D('',#82,#83,#84);
#82 = CARTESIAN_POINT('',(72.,0.,1.481E+03));
#83 = DIRECTION('',(0.,0.,1.));
#84 = DIRECTION('',(1.,0.,-0.));
#85 = PCURVE('',#31,#86);
#86 = DEFINITIONAL_REPRESENTATION('',(#87),#91);
#87 = LINE('',#88,#89);
#88 = CARTESIAN_POINT('',(0.,0.));
#89 = VECTOR('',#90,1.);
#90 = DIRECTION('',(1.,0.));
#91 = ( GEOMETRIC_REPRESENTATION_CONTEXT(2) 
PARAMETRIC_REPRESENTATION_CONTEXT() REPRESENTATION_CONTEXT('2D SPACE',''
  ) );
#92 = PCURVE('',#93,#98);
#93 = PLANE('',#94);
#94 = AXIS2_PLACEMENT_3D('',#95,#96,#97);
#95 = CARTESIAN_POINT('',(72.,0.,1.481E+03));
#96 = DIRECTION('',(0.,0.,1.));
#97 = DIRECTION('',(1.,0.,-0.));
#98 = DEFINITIONAL_REPRESENTATION('',(#99),#103);
#99 = CIRCLE('',#100,19.);
#100 = AXIS2_PLACEMENT_2D('',#101,#102);
#101 = CARTESIAN_POINT('',(0.,0.));
#102 = DIRECTION('',(1.,0.));
#103 = ( GEOMETRIC_REPRESENTATION_CONTEXT(2) 
PARAMETRIC_REPRESENTATION_CONTEXT() REPRESENTATION_CONTEXT('2D SPACE',''
  ) );
#104 = ORIENTED_EDGE('',*,*,#55,.T.);
#105 = FACE_BOUND('',#106,.T.);
#106 = EDGE_LOOP('',(#107));
#107 = ORIENTED_EDGE('',*,*,#108,.T.);
#108 = EDGE_CURVE('',#109,#109,#111,.T.);
#109 = VERTEX_POINT('',#110);
#110 = CARTESIAN_POINT('',(74.45,18.841377338188,1.541E+03));
#111 = SURFACE_CURVE('',#112,(#164,#219),.PCURVE_S1.);
#112 = B_SPLINE_CURVE_WITH_KNOTS('',8,(#113,#114,#115,#116,#117,#118,
    #119,#120,#121,#122,#123,#124,#125,#126,#127,#128,#129,#130,#131,
    #132,#133,#134,#135,#136,#137,#138,#139,#140,#141,#142,#143,#144,
    #145,#146,#147,#148,#149,#150,#151,#152,#153,#154,#155,#156,#157,
    #158,#159,#160,#161,#162,#163),.UNSPECIFIED.,.T.,.F.,(9,7,7,7,7,7,7,
    9),(0.,0.154928867348,0.286496168903,0.411581258896,0.569014220695,
    0.707407566871,0.827705807499,1.),.UNSPECIFIED.);
#113 = CARTESIAN_POINT('',(74.45,18.841377338188,1.541E+03));
#114 = CARTESIAN_POINT('',(74.45,18.841377338188,1.541255539692E+03));
#115 = CARTESIAN_POINT('',(74.419538785887,18.845338048883,
    1.541510681045E+03));
#116 = CARTESIAN_POINT('',(74.358784744328,18.853239036379,
    1.541763500371E+03));
#117 = CARTESIAN_POINT('',(74.267060147881,18.864884440754,
    1.54201187868E+03));
#118 = CARTESIAN_POINT('',(74.143122445518,18.879886565962,
    1.542253031113E+03));
#119 = CARTESIAN_POINT('',(73.985341875947,18.897547707253,
    1.542483206016E+03));
#120 = CARTESIAN_POINT('',(73.791969378326,18.916718415168,
    1.542697252762E+03));
#121 = CARTESIAN_POINT('',(73.366131948621,18.951838593921,
    1.543049536121E+03));
#122 = CARTESIAN_POINT('',(73.136288640735,18.968470793358,
    1.54320068328E+03));
#123 = CARTESIAN_POINT('',(72.875551007351,18.983908361135,
    1.543327819155E+03));
#124 = CARTESIAN_POINT('',(72.590260703812,18.99609941503,
    1.543420946039E+03));
#125 = CARTESIAN_POINT('',(72.28915858265,19.003145979299,
    1.543473424735E+03));
#126 = CARTESIAN_POINT('',(71.982199806129,19.004177882476,
    1.543482053272E+03));
#127 = CARTESIAN_POINT('',(71.679602645528,18.999497112782,
    1.543447203826E+03));
#128 = CARTESIAN_POINT('',(71.116050418836,18.981415873349,
    1.543302508208E+03));
#129 = CARTESIAN_POINT('',(70.862405503357,18.96873307478,
    1.54319865814E+03));
#130 = CARTESIAN_POINT('',(70.632226601709,18.953467795563,
    1.543067868373E+03));
#131 = CARTESIAN_POINT('',(70.426756154366,18.936962375417,
    1.54291561476E+03));
#132 = CARTESIAN_POINT('',(70.246440212199,18.920391867466,
    1.54274669975E+03));
#133 = CARTESIAN_POINT('',(70.091159800599,18.904683574693,
    1.542565387871E+03));
#134 = CARTESIAN_POINT('',(69.960346599646,18.89051285069,
    1.542375470777E+03));
#135 = CARTESIAN_POINT('',(69.718002670025,18.86295208797,
    1.541934648805E+03));
#136 = CARTESIAN_POINT('',(69.618816162449,18.850553742074,
    1.54167814181E+03));
#137 = CARTESIAN_POINT('',(69.553792414111,18.841957665273,
    1.541415058781E+03));
#138 = CARTESIAN_POINT('',(69.52177016527,18.837611080977,
    1.541148469999E+03));
#139 = CARTESIAN_POINT('',(69.52218319734,18.837691045616,
    1.540880924095E+03));
#140 = CARTESIAN_POINT('',(69.555093802638,18.842164695667,
    1.540614815722E+03));
#141 = CARTESIAN_POINT('',(69.621228904168,18.850776130454,
    1.540352733829E+03));
#142 = CARTESIAN_POINT('',(69.810673510013,18.873654087629,
    1.539874251373E+03));
#143 = CARTESIAN_POINT('',(69.926526330273,18.887161567314,
    1.539655086979E+03));
#144 = CARTESIAN_POINT('',(70.070782516383,18.903100567478,
    1.539443677691E+03));
#145 = CARTESIAN_POINT('',(70.244591227793,18.920828115195,
    1.539243800637E+03));
#146 = CARTESIAN_POINT('',(70.448819727835,18.93938500006,
    1.539060119509E+03));
#147 = CARTESIAN_POINT('',(70.6838634146,18.957416863944,
    1.538898312049E+03));
#148 = CARTESIAN_POINT('',(70.949267627375,18.97320013827,
    1.538765321194E+03));
#149 = CARTESIAN_POINT('',(71.498155201454,18.995089006268,
    1.53858697681E+03));
#150 = CARTESIAN_POINT('',(71.770837759537,19.002034987394,
    1.538533705699E+03));
#151 = CARTESIAN_POINT('',(72.053334231607,19.004513448636,
    1.538515990653E+03));
#152 = CARTESIAN_POINT('',(72.336819751204,19.001808883432,
    1.538536275627E+03));
#153 = CARTESIAN_POINT('',(72.612180635714,18.994110558232,
    1.53859368115E+03));
#154 = CARTESIAN_POINT('',(72.870899151735,18.982608150672,
    1.538684096689E+03));
#155 = CARTESIAN_POINT('',(73.106035054385,18.968912281806,
    1.538800195012E+03));
#156 = CARTESIAN_POINT('',(73.608874770978,18.934086120553,
    1.5391193068E+03));
#157 = CARTESIAN_POINT('',(73.857466114261,18.911557087213,
    1.539345013033E+03));
#158 = CARTESIAN_POINT('',(74.059604517368,18.88989489775,
    1.539595726614E+03));
#159 = CARTESIAN_POINT('',(74.217758444113,18.871128525869,
    1.539863011024E+03));
#160 = CARTESIAN_POINT('',(74.334370362094,18.856412110492,
    1.540140877502E+03));
#161 = CARTESIAN_POINT('',(74.411405020743,18.846396138929,
    1.540425044018E+03));
#162 = CARTESIAN_POINT('',(74.45,18.841377338188,1.540712359181E+03));
#163 = CARTESIAN_POINT('',(74.45,18.841377338188,1.541E+03));
#164 = PCURVE('',#31,#165);
#165 = DEFINITIONAL_REPRESENTATION('',(#166),#218);
#166 = B_SPLINE_CURVE_WITH_KNOTS('',8,(#167,#168,#169,#170,#171,#172,
    #173,#174,#175,#176,#177,#178,#179,#180,#181,#182,#183,#184,#185,
    #186,#187,#188,#189,#190,#191,#192,#193,#194,#195,#196,#197,#198,
    #199,#200,#201,#202,#203,#204,#205,#206,#207,#208,#209,#210,#211,
    #212,#213,#214,#215,#216,#217),.UNSPECIFIED.,.T.,.F.,(9,7,7,7,7,7,7,
    9),(0.,0.154928867348,0.286496168903,0.411581258896,0.569014220695,
    0.707407566871,0.827705807499,1.),.UNSPECIFIED.);
#167 = CARTESIAN_POINT('',(1.441488914082,60.));
#168 = CARTESIAN_POINT('',(1.441488914082,60.255539691643));
#169 = CARTESIAN_POINT('',(1.44310563147,60.510681045203));
#170 = CARTESIAN_POINT('',(1.446330139952,60.763500370724));
#171 = CARTESIAN_POINT('',(1.451196475203,61.011878679856));
#172 = CARTESIAN_POINT('',(1.457766885185,61.253031113337));
#173 = CARTESIAN_POINT('',(1.466122173476,61.483206015541));
#174 = CARTESIAN_POINT('',(1.476348168214,61.697252761872));
#175 = CARTESIAN_POINT('',(1.498836758333,62.049536121012));
#176 = CARTESIAN_POINT('',(1.510964790124,62.200683279704));
#177 = CARTESIAN_POINT('',(1.52470986831,62.327819155298));
#178 = CARTESIAN_POINT('',(1.539734528038,62.42094603927));
#179 = CARTESIAN_POINT('',(1.555580083227,62.473424734704));
#180 = CARTESIAN_POINT('',(1.571731148809,62.482053272248));
#181 = CARTESIAN_POINT('',(1.587657020159,62.447203826367));
#182 = CARTESIAN_POINT('',(1.617332926212,62.302508207764));
#183 = CARTESIAN_POINT('',(1.630697194221,62.198658139876));
#184 = CARTESIAN_POINT('',(1.642836036298,62.067868372964));
#185 = CARTESIAN_POINT('',(1.653683417246,61.915614760047));
#186 = CARTESIAN_POINT('',(1.663212879802,61.746699749695));
#187 = CARTESIAN_POINT('',(1.67142687164,61.565387870661));
#188 = CARTESIAN_POINT('',(1.678351962236,61.375470776701));
#189 = CARTESIAN_POINT('',(1.691189124341,60.934648805201));
#190 = CARTESIAN_POINT('',(1.696449771457,60.678141809586));
#191 = CARTESIAN_POINT('',(1.699901820666,60.415058781314));
#192 = CARTESIAN_POINT('',(1.701602719424,60.148469998654));
#193 = CARTESIAN_POINT('',(1.701580576372,59.880924095016));
#194 = CARTESIAN_POINT('',(1.699832487134,59.61481572228));
#195 = CARTESIAN_POINT('',(1.696322456725,59.352733828682));
#196 = CARTESIAN_POINT('',(1.68627924543,58.874251373195));
#197 = CARTESIAN_POINT('',(1.68014046772,58.655086979425));
#198 = CARTESIAN_POINT('',(1.672502102286,58.443677691113));
#199 = CARTESIAN_POINT('',(1.663307458604,58.24380063664));
#200 = CARTESIAN_POINT('',(1.652515897362,58.060119508999));
#201 = CARTESIAN_POINT('',(1.640111507723,57.898312049059));
#202 = CARTESIAN_POINT('',(1.62612086684,57.765321193952));
#203 = CARTESIAN_POINT('',(1.597209085292,57.586976810116));
#204 = CARTESIAN_POINT('',(1.582854207051,57.533705699351));
#205 = CARTESIAN_POINT('',(1.567988852639,57.515990652756));
#206 = CARTESIAN_POINT('',(1.553072951916,57.536275626873));
#207 = CARTESIAN_POINT('',(1.538578779178,57.593681149589));
#208 = CARTESIAN_POINT('',(1.524950728483,57.684096688718));
#209 = CARTESIAN_POINT('',(1.512554928802,57.800195012418));
#210 = CARTESIAN_POINT('',(1.486026282179,58.119306800139));
#211 = CARTESIAN_POINT('',(1.472891870803,58.34501303287));
#212 = CARTESIAN_POINT('',(1.462193831791,58.595726614239));
#213 = CARTESIAN_POINT('',(1.45381199086,58.863011024307));
#214 = CARTESIAN_POINT('',(1.447625925457,59.14087750236));
#215 = CARTESIAN_POINT('',(1.443537328821,59.425044018044));
#216 = CARTESIAN_POINT('',(1.441488914082,59.712359181073));
#217 = CARTESIAN_POINT('',(1.441488914082,60.));
#218 = ( GEOMETRIC_REPRESENTATION_CONTEXT(2) 
PARAMETRIC_REPRESENTATION_CONTEXT() REPRESENTATION_CONTEXT('2D SPACE',''
  ) );
#219 = PCURVE('',#220,#225);
#220 = CYLINDRICAL_SURFACE('',#221,2.45);
#221 = AXIS2_PLACEMENT_3D('',#222,#223,#224);
#222 = CARTESIAN_POINT('',(72.,30.,1.541E+03));
#223 = DIRECTION('',(0.,-1.,2.22044604925E-16));
#224 = DIRECTION('',(1.,0.,0.));
#225 = DEFINITIONAL_REPRESENTATION('',(#226),#278);
#226 = B_SPLINE_CURVE_WITH_KNOTS('',8,(#227,#228,#229,#230,#231,#232,
    #233,#234,#235,#236,#237,#238,#239,#240,#241,#242,#243,#244,#245,
    #246,#247,#248,#249,#250,#251,#252,#253,#254,#255,#256,#257,#258,
    #259,#260,#261,#262,#263,#264,#265,#266,#267,#268,#269,#270,#271,
    #272,#273,#274,#275,#276,#277),.UNSPECIFIED.,.F.,.F.,(9,7,7,7,7,7,7,
    9),(0.,0.154928867348,0.286496168903,0.411581258896,0.569014220695,
    0.707407566871,0.827705807499,1.),.UNSPECIFIED.);
#227 = CARTESIAN_POINT('',(0.,11.158622661812));
#228 = CARTESIAN_POINT('',(0.104301914956,11.158622661812));
#229 = CARTESIAN_POINT('',(0.208440796776,11.154661951117));
#230 = CARTESIAN_POINT('',(0.313363036377,11.146760963621));
#231 = CARTESIAN_POINT('',(0.419904379679,11.135115559246));
#232 = CARTESIAN_POINT('',(0.528885901795,11.120113434038));
#233 = CARTESIAN_POINT('',(0.641154925986,11.102452292747));
#234 = CARTESIAN_POINT('',(0.75765961257,11.083281584832));
#235 = CARTESIAN_POINT('',(0.983238079168,11.048161406079));
#236 = CARTESIAN_POINT('',(1.094847340898,11.031529206642));
#237 = CARTESIAN_POINT('',(1.211617866334,11.016091638865));
#238 = CARTESIAN_POINT('',(1.331758397849,11.00390058497));
#239 = CARTESIAN_POINT('',(1.453992075004,10.996854020701));
#240 = CARTESIAN_POINT('',(1.577217086627,10.995822117524));
#241 = CARTESIAN_POINT('',(1.70038359172,11.000502887218));
#242 = CARTESIAN_POINT('',(1.937865850599,11.018584126651));
#243 = CARTESIAN_POINT('',(2.048683701831,11.03126692522));
#244 = CARTESIAN_POINT('',(2.155319163304,11.046532204437));
#245 = CARTESIAN_POINT('',(2.258253274574,11.063037624583));
#246 = CARTESIAN_POINT('',(2.357848549719,11.079608132534));
#247 = CARTESIAN_POINT('',(2.454379493993,11.095316425307));
#248 = CARTESIAN_POINT('',(2.548030192153,11.10948714931));
#249 = CARTESIAN_POINT('',(2.753354811266,11.13704791203));
#250 = CARTESIAN_POINT('',(2.864604903246,11.149446257926));
#251 = CARTESIAN_POINT('',(2.973770747127,11.158042334727));
#252 = CARTESIAN_POINT('',(3.081739511989,11.162388919023));
#253 = CARTESIAN_POINT('',(3.189340878779,11.162308954384));
#254 = CARTESIAN_POINT('',(3.297402205252,11.157835304333));
#255 = CARTESIAN_POINT('',(3.406799617167,11.149223869546));
#256 = CARTESIAN_POINT('',(3.616848983211,11.126345912371));
#257 = CARTESIAN_POINT('',(3.717428729685,11.112838432686));
#258 = CARTESIAN_POINT('',(3.820782578859,11.096899432522));
#259 = CARTESIAN_POINT('',(3.927371070873,11.079171884805));
#260 = CARTESIAN_POINT('',(4.03771262328,11.06061499994));
#261 = CARTESIAN_POINT('',(4.152407063119,11.042583136056));
#262 = CARTESIAN_POINT('',(4.272208432647,11.02679986173));
#263 = CARTESIAN_POINT('',(4.507773554891,11.004910993732));
#264 = CARTESIAN_POINT('',(4.620344478409,10.997965012606));
#265 = CARTESIAN_POINT('',(4.734241887178,10.995486551364));
#266 = CARTESIAN_POINT('',(4.84820648785,10.998191116568));
#267 = CARTESIAN_POINT('',(4.961053960688,11.005889441768));
#268 = CARTESIAN_POINT('',(5.071508695929,11.017391849328));
#269 = CARTESIAN_POINT('',(5.177933546572,11.031087718194));
#270 = CARTESIAN_POINT('',(5.421015285848,11.065913879447));
#271 = CARTESIAN_POINT('',(5.556049273822,11.088442912787));
#272 = CARTESIAN_POINT('',(5.685008918565,11.11010510225));
#273 = CARTESIAN_POINT('',(5.809262310499,11.128871474131));
#274 = CARTESIAN_POINT('',(5.930059463494,11.143587889508));
#275 = CARTESIAN_POINT('',(6.048508882202,11.15360386107));
#276 = CARTESIAN_POINT('',(6.165780891291,11.158622661812));
#277 = CARTESIAN_POINT('',(6.28318530718,11.158622661812));
#278 = ( GEOMETRIC_REPRESENTATION_CONTEXT(2) 
PARAMETRIC_REPRESENTATION_CONTEXT() REPRESENTATION_CONTEXT('2D SPACE',''
  ) );
#279 = FACE_BOUND('',#280,.T.);
#280 = EDGE_LOOP('',(#281));
#281 = ORIENTED_EDGE('',*,*,#282,.F.);
#282 = EDGE_CURVE('',#283,#283,#285,.T.);
#283 = VERTEX_POINT('',#284);
#284 = CARTESIAN_POINT('',(74.45,-18.84137733818,1.541E+03));
#285 = SURFACE_CURVE('',#286,(#338,#393),.PCURVE_S1.);
#286 = B_SPLINE_CURVE_WITH_KNOTS('',8,(#287,#288,#289,#290,#291,#292,
    #293,#294,#295,#296,#297,#298,#299,#300,#301,#302,#303,#304,#305,
    #306,#307,#308,#309,#310,#311,#312,#313,#314,#315,#316,#317,#318,
    #319,#320,#321,#322,#323,#324,#325,#326,#327,#328,#329,#330,#331,
    #332,#333,#334,#335,#336,#337),.UNSPECIFIED.,.T.,.F.,(9,7,7,7,7,7,7,
    9),(0.,0.154928870653,0.286496171693,0.411581261197,0.569014222381,
    0.707407568016,0.827705808173,1.),.UNSPECIFIED.);
#287 = CARTESIAN_POINT('',(74.45,-18.84137733818,1.541E+03));
#288 = CARTESIAN_POINT('',(74.45,-18.84137733818,1.541255539698E+03));
#289 = CARTESIAN_POINT('',(74.419538790344,-18.84533804847,
    1.541510681027E+03));
#290 = CARTESIAN_POINT('',(74.358784734453,-18.85323903727,
    1.54176350039E+03));
#291 = CARTESIAN_POINT('',(74.267060151947,-18.86488444041,
    1.542011878681E+03));
#292 = CARTESIAN_POINT('',(74.143122455182,-18.87988656508,
    1.542253031094E+03));
#293 = CARTESIAN_POINT('',(73.985341862569,-18.8975477084,
    1.542483206032E+03));
#294 = CARTESIAN_POINT('',(73.791969384139,-18.91671841468,
    1.542697252757E+03));
#295 = CARTESIAN_POINT('',(73.36613194862,-18.95183859392,
    1.543049536121E+03));
#296 = CARTESIAN_POINT('',(73.136288640737,-18.96847079335,
    1.54320068328E+03));
#297 = CARTESIAN_POINT('',(72.875551007349,-18.98390836113,
    1.543327819155E+03));
#298 = CARTESIAN_POINT('',(72.590260703811,-18.99609941503,
    1.543420946039E+03));
#299 = CARTESIAN_POINT('',(72.289158582652,-19.00314597929,
    1.543473424735E+03));
#300 = CARTESIAN_POINT('',(71.982199806128,-19.00417788247,
    1.543482053272E+03));
#301 = CARTESIAN_POINT('',(71.679602645528,-18.99949711278,
    1.543447203826E+03));
#302 = CARTESIAN_POINT('',(71.116050418836,-18.98141587334,
    1.543302508208E+03));
#303 = CARTESIAN_POINT('',(70.862405503357,-18.96873307478,
    1.54319865814E+03));
#304 = CARTESIAN_POINT('',(70.632226601709,-18.95346779556,
    1.543067868373E+03));
#305 = CARTESIAN_POINT('',(70.426756154366,-18.93696237541,
    1.54291561476E+03));
#306 = CARTESIAN_POINT('',(70.246440212199,-18.92039186746,
    1.54274669975E+03));
#307 = CARTESIAN_POINT('',(70.091159800598,-18.90468357469,
    1.542565387871E+03));
#308 = CARTESIAN_POINT('',(69.960346599646,-18.89051285069,
    1.542375470777E+03));
#309 = CARTESIAN_POINT('',(69.718002670025,-18.86295208797,
    1.541934648805E+03));
#310 = CARTESIAN_POINT('',(69.618816162449,-18.85055374207,
    1.54167814181E+03));
#311 = CARTESIAN_POINT('',(69.553792414112,-18.84195766527,
    1.541415058781E+03));
#312 = CARTESIAN_POINT('',(69.52177016527,-18.83761108097,
    1.541148469999E+03));
#313 = CARTESIAN_POINT('',(69.52218319734,-18.83769104561,
    1.540880924095E+03));
#314 = CARTESIAN_POINT('',(69.555093802638,-18.84216469566,
    1.540614815722E+03));
#315 = CARTESIAN_POINT('',(69.621228904167,-18.85077613045,
    1.540352733829E+03));
#316 = CARTESIAN_POINT('',(69.810673510013,-18.87365408762,
    1.539874251373E+03));
#317 = CARTESIAN_POINT('',(69.926526330273,-18.88716156731,
    1.539655086979E+03));
#318 = CARTESIAN_POINT('',(70.070782516383,-18.90310056747,
    1.539443677691E+03));
#319 = CARTESIAN_POINT('',(70.244591227793,-18.92082811519,
    1.539243800637E+03));
#320 = CARTESIAN_POINT('',(70.448819727835,-18.93938500006,
    1.539060119509E+03));
#321 = CARTESIAN_POINT('',(70.6838634146,-18.95741686394,
    1.538898312049E+03));
#322 = CARTESIAN_POINT('',(70.949267627375,-18.97320013827,
    1.538765321194E+03));
#323 = CARTESIAN_POINT('',(71.498155201454,-18.99508900626,
    1.53858697681E+03));
#324 = CARTESIAN_POINT('',(71.77083775954,-19.00203498739,
    1.538533705699E+03));
#325 = CARTESIAN_POINT('',(72.053334231602,-19.00451344863,
    1.538515990653E+03));
#326 = CARTESIAN_POINT('',(72.336819751211,-19.00180888343,
    1.538536275627E+03));
#327 = CARTESIAN_POINT('',(72.612180635709,-18.99411055823,
    1.53859368115E+03));
#328 = CARTESIAN_POINT('',(72.870899151737,-18.98260815067,
    1.538684096689E+03));
#329 = CARTESIAN_POINT('',(73.106035054385,-18.9689122818,
    1.538800195012E+03));
#330 = CARTESIAN_POINT('',(73.608874770978,-18.93408612055,
    1.5391193068E+03));
#331 = CARTESIAN_POINT('',(73.857466114261,-18.91155708721,
    1.539345013033E+03));
#332 = CARTESIAN_POINT('',(74.059604517368,-18.88989489775,
    1.539595726614E+03));
#333 = CARTESIAN_POINT('',(74.217758444113,-18.87112852587,
    1.539863011024E+03));
#334 = CARTESIAN_POINT('',(74.334370362094,-18.85641211049,
    1.540140877502E+03));
#335 = CARTESIAN_POINT('',(74.411405020743,-18.84639613893,
    1.540425044018E+03));
#336 = CARTESIAN_POINT('',(74.45,-18.84137733818,1.540712359181E+03));
#337 = CARTESIAN_POINT('',(74.45,-18.84137733818,1.541E+03));
#338 = PCURVE('',#31,#339);
#339 = DEFINITIONAL_REPRESENTATION('',(#340),#392);
#340 = B_SPLINE_CURVE_WITH_KNOTS('',8,(#341,#342,#343,#344,#345,#346,
    #347,#348,#349,#350,#351,#352,#353,#354,#355,#356,#357,#358,#359,
    #360,#361,#362,#363,#364,#365,#366,#367,#368,#369,#370,#371,#372,
    #373,#374,#375,#376,#377,#378,#379,#380,#381,#382,#383,#384,#385,
    #386,#387,#388,#389,#390,#391),.UNSPECIFIED.,.T.,.F.,(9,7,7,7,7,7,7,
    9),(0.,0.154928870653,0.286496171693,0.411581261197,0.569014222381,
    0.707407568016,0.827705808173,1.),.UNSPECIFIED.);
#341 = CARTESIAN_POINT('',(4.841696393097,60.));
#342 = CARTESIAN_POINT('',(4.841696393097,60.255539697993));
#343 = CARTESIAN_POINT('',(4.840079675945,60.510681026798));
#344 = CARTESIAN_POINT('',(4.836855166705,60.76350038972));
#345 = CARTESIAN_POINT('',(4.831988832191,61.011878680884));
#346 = CARTESIAN_POINT('',(4.825418422505,61.253031094267));
#347 = CARTESIAN_POINT('',(4.817063132997,61.483206031667));
#348 = CARTESIAN_POINT('',(4.806837139273,61.697252757063));
#349 = CARTESIAN_POINT('',(4.784348548846,62.049536121013));
#350 = CARTESIAN_POINT('',(4.772220517056,62.200683279702));
#351 = CARTESIAN_POINT('',(4.75847543887,62.327819155301));
#352 = CARTESIAN_POINT('',(4.743450779142,62.420946039267));
#353 = CARTESIAN_POINT('',(4.727605223953,62.473424734705));
#354 = CARTESIAN_POINT('',(4.71145415837,62.482053272247));
#355 = CARTESIAN_POINT('',(4.695528287021,62.447203826367));
#356 = CARTESIAN_POINT('',(4.665852380968,62.302508207764));
#357 = CARTESIAN_POINT('',(4.652488112959,62.198658139877));
#358 = CARTESIAN_POINT('',(4.640349270881,62.067868372964));
#359 = CARTESIAN_POINT('',(4.629501889934,61.915614760047));
#360 = CARTESIAN_POINT('',(4.619972427378,61.746699749696));
#361 = CARTESIAN_POINT('',(4.61175843554,61.56538787066));
#362 = CARTESIAN_POINT('',(4.604833344944,61.375470776701));
#363 = CARTESIAN_POINT('',(4.591996182838,60.934648805202));
#364 = CARTESIAN_POINT('',(4.586735535723,60.678141809586));
#365 = CARTESIAN_POINT('',(4.583283486514,60.415058781314));
#366 = CARTESIAN_POINT('',(4.581582587756,60.148469998654));
#367 = CARTESIAN_POINT('',(4.581604730808,59.880924095015));
#368 = CARTESIAN_POINT('',(4.583352820046,59.61481572228));
#369 = CARTESIAN_POINT('',(4.586862850455,59.352733828682));
#370 = CARTESIAN_POINT('',(4.596906061749,58.874251373195));
#371 = CARTESIAN_POINT('',(4.603044839459,58.655086979426));
#372 = CARTESIAN_POINT('',(4.610683204894,58.443677691113));
#373 = CARTESIAN_POINT('',(4.619877848576,58.24380063664));
#374 = CARTESIAN_POINT('',(4.630669409818,58.060119508999));
#375 = CARTESIAN_POINT('',(4.643073799457,57.898312049059));
#376 = CARTESIAN_POINT('',(4.65706444034,57.765321193952));
#377 = CARTESIAN_POINT('',(4.685976221887,57.586976810116));
#378 = CARTESIAN_POINT('',(4.700331100129,57.533705699351));
#379 = CARTESIAN_POINT('',(4.715196454541,57.515990652756));
#380 = CARTESIAN_POINT('',(4.730112355264,57.536275626873));
#381 = CARTESIAN_POINT('',(4.744606528002,57.593681149588));
#382 = CARTESIAN_POINT('',(4.758234578697,57.684096688719));
#383 = CARTESIAN_POINT('',(4.770630378377,57.800195012418));
#384 = CARTESIAN_POINT('',(4.797159025,58.119306800139));
#385 = CARTESIAN_POINT('',(4.810293436376,58.34501303287));
#386 = CARTESIAN_POINT('',(4.820991475389,58.595726614239));
#387 = CARTESIAN_POINT('',(4.82937331632,58.863011024307));
#388 = CARTESIAN_POINT('',(4.835559381723,59.14087750236));
#389 = CARTESIAN_POINT('',(4.839647978358,59.425044018043));
#390 = CARTESIAN_POINT('',(4.841696393097,59.712359181073));
#391 = CARTESIAN_POINT('',(4.841696393097,60.));
#392 = ( GEOMETRIC_REPRESENTATION_CONTEXT(2) 
PARAMETRIC_REPRESENTATION_CONTEXT() REPRESENTATION_CONTEXT('2D SPACE',''
  ) );
#393 = PCURVE('',#394,#399);
#394 = CYLINDRICAL_SURFACE('',#395,2.45);
#395 = AXIS2_PLACEMENT_3D('',#396,#397,#398);
#396 = CARTESIAN_POINT('',(72.,30.,1.541E+03));
#397 = DIRECTION('',(0.,-1.,2.22044604925E-16));
#398 = DIRECTION('',(1.,0.,0.));
#399 = DEFINITIONAL_REPRESENTATION('',(#400),#452);
#400 = B_SPLINE_CURVE_WITH_KNOTS('',8,(#401,#402,#403,#404,#405,#406,
    #407,#408,#409,#410,#411,#412,#413,#414,#415,#416,#417,#418,#419,
    #420,#421,#422,#423,#424,#425,#426,#427,#428,#429,#430,#431,#432,
    #433,#434,#435,#436,#437,#438,#439,#440,#441,#442,#443,#444,#445,
    #446,#447,#448,#449,#450,#451),.UNSPECIFIED.,.F.,.F.,(9,7,7,7,7,7,7,
    9),(0.,0.154928870653,0.286496171693,0.411581261197,0.569014222381,
    0.707407568016,0.827705808173,1.),.UNSPECIFIED.);
#401 = CARTESIAN_POINT('',(0.,48.841377338188));
#402 = CARTESIAN_POINT('',(0.104301917548,48.841377338188));
#403 = CARTESIAN_POINT('',(0.208440788542,48.845338048472));
#404 = CARTESIAN_POINT('',(0.313363045795,48.853239037273));
#405 = CARTESIAN_POINT('',(0.419904379324,48.864884440414));
#406 = CARTESIAN_POINT('',(0.52888589239,48.879886565084));
#407 = CARTESIAN_POINT('',(0.641154934993,48.897547708408));
#408 = CARTESIAN_POINT('',(0.757659609491,48.916718414689));
#409 = CARTESIAN_POINT('',(0.983238079168,48.951838593922));
#410 = CARTESIAN_POINT('',(1.094847340897,48.968470793357));
#411 = CARTESIAN_POINT('',(1.211617866334,48.983908361136));
#412 = CARTESIAN_POINT('',(1.33175839785,48.99609941503));
#413 = CARTESIAN_POINT('',(1.453992075003,49.003145979299));
#414 = CARTESIAN_POINT('',(1.577217086627,49.004177882476));
#415 = CARTESIAN_POINT('',(1.70038359172,48.999497112782));
#416 = CARTESIAN_POINT('',(1.937865850599,48.981415873349));
#417 = CARTESIAN_POINT('',(2.048683701831,48.96873307478));
#418 = CARTESIAN_POINT('',(2.155319163304,48.953467795563));
#419 = CARTESIAN_POINT('',(2.258253274574,48.936962375417));
#420 = CARTESIAN_POINT('',(2.357848549719,48.920391867466));
#421 = CARTESIAN_POINT('',(2.454379493993,48.904683574693));
#422 = CARTESIAN_POINT('',(2.548030192153,48.89051285069));
#423 = CARTESIAN_POINT('',(2.753354811265,48.86295208797));
#424 = CARTESIAN_POINT('',(2.864604903246,48.850553742074));
#425 = CARTESIAN_POINT('',(2.973770747127,48.841957665273));
#426 = CARTESIAN_POINT('',(3.081739511989,48.837611080977));
#427 = CARTESIAN_POINT('',(3.189340878779,48.837691045616));
#428 = CARTESIAN_POINT('',(3.297402205252,48.842164695667));
#429 = CARTESIAN_POINT('',(3.406799617167,48.850776130454));
#430 = CARTESIAN_POINT('',(3.616848983211,48.873654087629));
#431 = CARTESIAN_POINT('',(3.717428729685,48.887161567314));
#432 = CARTESIAN_POINT('',(3.820782578859,48.903100567478));
#433 = CARTESIAN_POINT('',(3.927371070873,48.920828115195));
#434 = CARTESIAN_POINT('',(4.03771262328,48.93938500006));
#435 = CARTESIAN_POINT('',(4.152407063119,48.957416863944));
#436 = CARTESIAN_POINT('',(4.272208432647,48.97320013827));
#437 = CARTESIAN_POINT('',(4.507773554891,48.995089006268));
#438 = CARTESIAN_POINT('',(4.62034447841,49.002034987394));
#439 = CARTESIAN_POINT('',(4.734241887174,49.004513448635));
#440 = CARTESIAN_POINT('',(4.848206487855,49.001808883432));
#441 = CARTESIAN_POINT('',(4.961053960684,48.994110558232));
#442 = CARTESIAN_POINT('',(5.071508695931,48.982608150672));
#443 = CARTESIAN_POINT('',(5.177933546572,48.968912281806));
#444 = CARTESIAN_POINT('',(5.421015285848,48.934086120553));
#445 = CARTESIAN_POINT('',(5.556049273822,48.911557087213));
#446 = CARTESIAN_POINT('',(5.685008918565,48.88989489775));
#447 = CARTESIAN_POINT('',(5.809262310498,48.87112852587));
#448 = CARTESIAN_POINT('',(5.930059463495,48.856412110491));
#449 = CARTESIAN_POINT('',(6.048508882201,48.84639613893));
#450 = CARTESIAN_POINT('',(6.165780891291,48.841377338188));
#451 = CARTESIAN_POINT('',(6.28318530718,48.841377338188));
#452 = ( GEOMETRIC_REPRESENTATION_CONTEXT(2) 
PARAMETRIC_REPRESENTATION_CONTEXT() REPRESENTATION_CONTEXT('2D SPACE',''
  ) );
#453 = FACE_BOUND('',#454,.T.);
#454 = EDGE_LOOP('',(#455));
#455 = ORIENTED_EDGE('',*,*,#456,.T.);
#456 = EDGE_CURVE('',#457,#457,#459,.T.);
#457 = VERTEX_POINT('',#458);
#458 = CARTESIAN_POINT('',(75.25,18.719975961523,1.631E+03));
#459 = SURFACE_CURVE('',#460,(#526,#595),.PCURVE_S1.);
#460 = B_SPLINE_CURVE_WITH_KNOTS('',8,(#461,#462,#463,#464,#465,#466,
    #467,#468,#469,#470,#471,#472,#473,#474,#475,#476,#477,#478,#479,
    #480,#481,#482,#483,#484,#485,#486,#487,#488,#489,#490,#491,#492,
    #493,#494,#495,#496,#497,#498,#499,#500,#501,#502,#503,#504,#505,
    #506,#507,#508,#509,#510,#511,#512,#513,#514,#515,#516,#517,#518,
    #519,#520,#521,#522,#523,#524,#525),.UNSPECIFIED.,.T.,.F.,(9,7,7,7,7
    ,7,7,7,7,9),(0.,9.934236773675E-02,0.197259467806,0.288278874438,
    0.392865812267,0.601567139476,0.706306390219,0.797458350996,
    0.895518047623,1.),.UNSPECIFIED.);
#461 = CARTESIAN_POINT('',(75.25,18.719975961523,1.631E+03));
#462 = CARTESIAN_POINT('',(75.25,18.719975961523,1.631235631005E+03));
#463 = CARTESIAN_POINT('',(75.230476218675,18.723365390647,
    1.631471247134E+03));
#464 = CARTESIAN_POINT('',(75.191431069035,18.730144377341,
    1.631704968621E+03));
#465 = CARTESIAN_POINT('',(75.133087232747,18.740155904238,
    1.631934917022E+03));
#466 = CARTESIAN_POINT('',(75.055878365366,18.753090194238,
    1.632159245762E+03));
#467 = CARTESIAN_POINT('',(74.960445530069,18.768502584727,
    1.632376166139E+03));
#468 = CARTESIAN_POINT('',(74.847639359901,18.785844889922,
    1.632583968796E+03));
#469 = CARTESIAN_POINT('',(74.591268902116,18.822907820323,
    1.632975285106E+03));
#470 = CARTESIAN_POINT('',(74.44517824964,18.843022967474,
    1.63316367083E+03));
#471 = CARTESIAN_POINT('',(74.279680358209,18.864422679886,
    1.633344248253E+03));
#472 = CARTESIAN_POINT('',(74.094316120541,18.886527417747,
    1.633514770795E+03));
#473 = CARTESIAN_POINT('',(73.888788895698,18.908601555379,
    1.633672666362E+03));
#474 = CARTESIAN_POINT('',(73.663035154176,18.929746200471,
    1.633814990388E+03));
#475 = CARTESIAN_POINT('',(73.417333517549,18.948920276053,
    1.633938351745E+03));
#476 = CARTESIAN_POINT('',(72.90625664134,18.979977390433,
    1.634132177638E+03));
#477 = CARTESIAN_POINT('',(72.642819662695,18.99231906388,
    1.634206009554E+03));
#478 = CARTESIAN_POINT('',(72.366826088202,19.000872977062,
    1.634255342013E+03));
#479 = CARTESIAN_POINT('',(72.083702549817,19.004720745312,
    1.63427709291E+03));
#480 = CARTESIAN_POINT('',(71.799300005795,19.003449876936,
    1.634270018083E+03));
#481 = CARTESIAN_POINT('',(71.519533436465,18.997259304159,
    1.634234700524E+03));
#482 = CARTESIAN_POINT('',(71.250013940035,18.986900230617,
    1.634173566986E+03));
#483 = CARTESIAN_POINT('',(70.703466282187,18.957970278344,
    1.633995982887E+03));
#484 = CARTESIAN_POINT('',(70.432284390289,18.938457669004,
    1.633872962198E+03));
#485 = CARTESIAN_POINT('',(70.183472536778,18.916254668695,
    1.633726808903E+03));
#486 = CARTESIAN_POINT('',(69.957633389299,18.892677404566,
    1.633561779475E+03));
#487 = CARTESIAN_POINT('',(69.754875913452,18.868876473208,
    1.633381596136E+03));
#488 = CARTESIAN_POINT('',(69.574961897716,18.845793091423,
    1.63318954059E+03));
#489 = CARTESIAN_POINT('',(69.417394583046,18.824160281899,
    1.632988508795E+03));
#490 = CARTESIAN_POINT('',(69.010241118362,18.765298973718,
    1.632367041747E+03));
#491 = CARTESIAN_POINT('',(68.822929415598,18.733655335153,
    1.631923951378E+03));
#492 = CARTESIAN_POINT('',(68.71290294884,18.713524278071,
    1.631465683018E+03));
#493 = CARTESIAN_POINT('',(68.676496162271,18.706610244245,
    1.631000295587E+03));
#494 = CARTESIAN_POINT('',(68.712684839852,18.713476469252,
    1.630534597979E+03));
#495 = CARTESIAN_POINT('',(68.822870597889,18.733659938275,
    1.630075683751E+03));
#496 = CARTESIAN_POINT('',(69.010635545184,18.765355995163,
    1.629632356211E+03));
#497 = CARTESIAN_POINT('',(69.417394583065,18.824160281901,
    1.629011491205E+03));
#498 = CARTESIAN_POINT('',(69.574961897727,18.845793091424,
    1.62881045941E+03));
#499 = CARTESIAN_POINT('',(69.75487591344,18.868876473206,
    1.628618403864E+03));
#500 = CARTESIAN_POINT('',(69.957633389273,18.892677404563,
    1.628438220525E+03));
#501 = CARTESIAN_POINT('',(70.183472536762,18.916254668695,
    1.628273191097E+03));
#502 = CARTESIAN_POINT('',(70.4322843903,18.938457669006,
    1.628127037802E+03));
#503 = CARTESIAN_POINT('',(70.70346628222,18.957970278346,
    1.628004017113E+03));
#504 = CARTESIAN_POINT('',(71.250013940036,18.986900230617,
    1.627826433014E+03));
#505 = CARTESIAN_POINT('',(71.519533436465,18.997259304159,
    1.627765299476E+03));
#506 = CARTESIAN_POINT('',(71.799300005796,19.003449876936,
    1.627729981917E+03));
#507 = CARTESIAN_POINT('',(72.083702549817,19.004720745312,
    1.62772290709E+03));
#508 = CARTESIAN_POINT('',(72.366826088201,19.000872977062,
    1.627744657987E+03));
#509 = CARTESIAN_POINT('',(72.642819662696,18.99231906388,
    1.627793990446E+03));
#510 = CARTESIAN_POINT('',(72.906256641339,18.979977390433,
    1.627867822362E+03));
#511 = CARTESIAN_POINT('',(73.417333509732,18.948920276528,
    1.628061648252E+03));
#512 = CARTESIAN_POINT('',(73.663035168431,18.929746199671,
    1.628185009616E+03));
#513 = CARTESIAN_POINT('',(73.888788891955,18.908601555276,
    1.628327333642E+03));
#514 = CARTESIAN_POINT('',(74.094316111395,18.886527418598,
    1.628485229198E+03));
#515 = CARTESIAN_POINT('',(74.279680362033,18.864422679998,
    1.628655751744E+03));
#516 = CARTESIAN_POINT('',(74.445178255069,18.84302296646,
    1.628836329181E+03));
#517 = CARTESIAN_POINT('',(74.591268898239,18.822907820883,
    1.629024714888E+03));
#518 = CARTESIAN_POINT('',(74.854121617386,18.78490776378,
    1.62942592553E+03));
#519 = CARTESIAN_POINT('',(74.968832211392,18.767183437431,
    1.629640300147E+03));
#520 = CARTESIAN_POINT('',(75.063368535375,18.751845444559,
    1.629860251122E+03));
#521 = CARTESIAN_POINT('',(75.138342625071,18.739254413034,
    1.630084317622E+03));
#522 = CARTESIAN_POINT('',(75.194242218546,18.729655979591,
    1.630311303831E+03));
#523 = CARTESIAN_POINT('',(75.23140576915,18.723204220769,
    1.630540188185E+03));
#524 = CARTESIAN_POINT('',(75.25,18.719975961523,1.630770048072E+03));
#525 = CARTESIAN_POINT('',(75.25,18.719975961523,1.631E+03));
#526 = PCURVE('',#31,#527);
#527 = DEFINITIONAL_REPRESENTATION('',(#528),#594);
#528 = B_SPLINE_CURVE_WITH_KNOTS('',8,(#529,#530,#531,#532,#533,#534,
    #535,#536,#537,#538,#539,#540,#541,#542,#543,#544,#545,#546,#547,
    #548,#549,#550,#551,#552,#553,#554,#555,#556,#557,#558,#559,#560,
    #561,#562,#563,#564,#565,#566,#567,#568,#569,#570,#571,#572,#573,
    #574,#575,#576,#577,#578,#579,#580,#581,#582,#583,#584,#585,#586,
    #587,#588,#589,#590,#591,#592,#593),.UNSPECIFIED.,.T.,.F.,(9,7,7,7,7
    ,7,7,7,7,9),(0.,9.934236773675E-02,0.197259467806,0.288278874438,
    0.392865812267,0.601567139476,0.706306390219,0.797458350996,
    0.895518047623,1.),.UNSPECIFIED.);
#529 = CARTESIAN_POINT('',(1.398898379087,150.));
#530 = CARTESIAN_POINT('',(1.398898379087,150.2356310051));
#531 = CARTESIAN_POINT('',(1.399941312448,150.47124713403));
#532 = CARTESIAN_POINT('',(1.402027072705,150.70496862119));
#533 = CARTESIAN_POINT('',(1.405142671651,150.9349170224));
#534 = CARTESIAN_POINT('',(1.409262840409,151.15924576173));
#535 = CARTESIAN_POINT('',(1.414350511782,151.37616613872));
#536 = CARTESIAN_POINT('',(1.420357183863,151.58396879627));
#537 = CARTESIAN_POINT('',(1.43399063958,151.97528510626));
#538 = CARTESIAN_POINT('',(1.441751989529,152.16367083));
#539 = CARTESIAN_POINT('',(1.450534401455,152.34424825273));
#540 = CARTESIAN_POINT('',(1.46035850605,152.51477079526));
#541 = CARTESIAN_POINT('',(1.471236231347,152.67266636154));
#542 = CARTESIAN_POINT('',(1.48316779015,152.81499038793));
#543 = CARTESIAN_POINT('',(1.496136854736,152.93835174479));
#544 = CARTESIAN_POINT('',(1.52308525715,153.13217763753));
#545 = CARTESIAN_POINT('',(1.536964230469,153.20600955406));
#546 = CARTESIAN_POINT('',(1.551494110909,153.25534201274));
#547 = CARTESIAN_POINT('',(1.566392110673,153.27709290986));
#548 = CARTESIAN_POINT('',(1.581356096351,153.27001808275));
#549 = CARTESIAN_POINT('',(1.59608095795,153.23470052375));
#550 = CARTESIAN_POINT('',(1.61027518415,153.17356698599));
#551 = CARTESIAN_POINT('',(1.639081120193,152.99598288702));
#552 = CARTESIAN_POINT('',(1.653388180111,152.87296219812));
#553 = CARTESIAN_POINT('',(1.666532581861,152.72680890274));
#554 = CARTESIAN_POINT('',(1.678481183455,152.56177947458));
#555 = CARTESIAN_POINT('',(1.689224574819,152.38159613603));
#556 = CARTESIAN_POINT('',(1.698770700958,152.18954059034));
#557 = CARTESIAN_POINT('',(1.707141300859,151.98850879465));
#558 = CARTESIAN_POINT('',(1.728793205601,151.36704174741));
#559 = CARTESIAN_POINT('',(1.738788580063,150.9239513776));
#560 = CARTESIAN_POINT('',(1.744676013131,150.46568301802));
#561 = CARTESIAN_POINT('',(1.746626516307,150.00029558679));
#562 = CARTESIAN_POINT('',(1.744687740842,149.53459797881));
#563 = CARTESIAN_POINT('',(1.738791604007,149.07568375088));
#564 = CARTESIAN_POINT('',(1.728772230483,148.63235621111));
#565 = CARTESIAN_POINT('',(1.707141300858,148.01149120531));
#566 = CARTESIAN_POINT('',(1.698770700958,147.81045940965));
#567 = CARTESIAN_POINT('',(1.689224574819,147.61840386398));
#568 = CARTESIAN_POINT('',(1.678481183456,147.43822052543));
#569 = CARTESIAN_POINT('',(1.666532581862,147.27319109726));
#570 = CARTESIAN_POINT('',(1.65338818011,147.12703780186));
#571 = CARTESIAN_POINT('',(1.639081120192,147.00401711296));
#572 = CARTESIAN_POINT('',(1.61027518415,146.826433014));
#573 = CARTESIAN_POINT('',(1.59608095795,146.76529947624));
#574 = CARTESIAN_POINT('',(1.581356096351,146.72998191724));
#575 = CARTESIAN_POINT('',(1.566392110673,146.72290709014));
#576 = CARTESIAN_POINT('',(1.551494110909,146.74465798725));
#577 = CARTESIAN_POINT('',(1.536964230469,146.79399044593));
#578 = CARTESIAN_POINT('',(1.52308525715,146.86782236247));
#579 = CARTESIAN_POINT('',(1.496136855148,147.06164825223));
#580 = CARTESIAN_POINT('',(1.483167789398,147.18500961624));
#581 = CARTESIAN_POINT('',(1.471236231543,147.32733364151));
#582 = CARTESIAN_POINT('',(1.460358506534,147.48522919765));
#583 = CARTESIAN_POINT('',(1.450534401255,147.6557517442));
#584 = CARTESIAN_POINT('',(1.441751989239,147.836329181));
#585 = CARTESIAN_POINT('',(1.433990639786,148.02471488781));
#586 = CARTESIAN_POINT('',(1.420012465633,148.42592553047));
#587 = CARTESIAN_POINT('',(1.413903707154,148.64030014691));
#588 = CARTESIAN_POINT('',(1.408863238737,148.86025112181));
#589 = CARTESIAN_POINT('',(1.404862030045,149.08431762209));
#590 = CARTESIAN_POINT('',(1.40187689176,149.31130383113));
#591 = CARTESIAN_POINT('',(1.399891664932,149.54018818468));
#592 = CARTESIAN_POINT('',(1.398898379087,149.77004807168));
#593 = CARTESIAN_POINT('',(1.398898379087,150.));
#594 = ( GEOMETRIC_REPRESENTATION_CONTEXT(2) 
PARAMETRIC_REPRESENTATION_CONTEXT() REPRESENTATION_CONTEXT('2D SPACE',''
  ) );
#595 = PCURVE('',#596,#601);
#596 = CYLINDRICAL_SURFACE('',#597,3.25);
#597 = AXIS2_PLACEMENT_3D('',#598,#599,#600);
#598 = CARTESIAN_POINT('',(72.,30.,1.631E+03));
#599 = DIRECTION('',(0.,-1.,2.22044604925E-16));
#600 = DIRECTION('',(1.,0.,0.));
#601 = DEFINITIONAL_REPRESENTATION('',(#602),#668);
#602 = B_SPLINE_CURVE_WITH_KNOTS('',8,(#603,#604,#605,#606,#607,#608,
    #609,#610,#611,#612,#613,#614,#615,#616,#617,#618,#619,#620,#621,
    #622,#623,#624,#625,#626,#627,#628,#629,#630,#631,#632,#633,#634,
    #635,#636,#637,#638,#639,#640,#641,#642,#643,#644,#645,#646,#647,
    #648,#649,#650,#651,#652,#653,#654,#655,#656,#657,#658,#659,#660,
    #661,#662,#663,#664,#665,#666,#667),.UNSPECIFIED.,.F.,.F.,(9,7,7,7,7
    ,7,7,7,7,9),(0.,9.934236773675E-02,0.197259467806,0.288278874438,
    0.392865812267,0.601567139476,0.706306390219,0.797458350996,
    0.895518047623,1.),.UNSPECIFIED.);
#603 = CARTESIAN_POINT('',(0.,11.280024038477));
#604 = CARTESIAN_POINT('',(7.25018477253E-02,11.280024038477));
#605 = CARTESIAN_POINT('',(0.144999021574,11.276634609353));
#606 = CARTESIAN_POINT('',(0.217494283102,11.269855622659));
#607 = CARTESIAN_POINT('',(0.289989479425,11.259844095762));
#608 = CARTESIAN_POINT('',(0.362487234408,11.246909805762));
#609 = CARTESIAN_POINT('',(0.434989678417,11.231497415273));
#610 = CARTESIAN_POINT('',(0.507494216652,11.214155110078));
#611 = CARTESIAN_POINT('',(0.651438409022,11.177092179677));
#612 = CARTESIAN_POINT('',(0.724557876556,11.156977032526));
#613 = CARTESIAN_POINT('',(0.799496382493,11.135577320114));
#614 = CARTESIAN_POINT('',(0.876416793726,11.113472582253));
#615 = CARTESIAN_POINT('',(0.955509098846,11.091398444621));
#616 = CARTESIAN_POINT('',(1.03699539838,11.070253799529));
#617 = CARTESIAN_POINT('',(1.121143029333,11.051079723947));
#618 = CARTESIAN_POINT('',(1.289326656814,11.020022609567));
#619 = CARTESIAN_POINT('',(1.373172533162,11.00768093612));
#620 = CARTESIAN_POINT('',(1.458768029816,10.999127022938));
#621 = CARTESIAN_POINT('',(1.545264617095,10.995279254688));
#622 = CARTESIAN_POINT('',(1.631917859535,10.996550123064));
#623 = CARTESIAN_POINT('',(1.717993592537,11.002740695841));
#624 = CARTESIAN_POINT('',(1.802676514616,11.013099769383));
#625 = CARTESIAN_POINT('',(1.9794993503,11.042029721656));
#626 = CARTESIAN_POINT('',(2.070553256129,11.061542330996));
#627 = CARTESIAN_POINT('',(2.158547481577,11.083745331305));
#628 = CARTESIAN_POINT('',(2.243792096823,11.107322595434));
#629 = CARTESIAN_POINT('',(2.326535402677,11.131123526792));
#630 = CARTESIAN_POINT('',(2.406980577033,11.154206908577));
#631 = CARTESIAN_POINT('',(2.485289961898,11.175839718101));
#632 = CARTESIAN_POINT('',(2.713894213538,11.234701026282));
#633 = CARTESIAN_POINT('',(2.85952055353,11.266344664847));
#634 = CARTESIAN_POINT('',(3.001393243555,11.286475721929));
#635 = CARTESIAN_POINT('',(3.141508152544,11.293389755755));
#636 = CARTESIAN_POINT('',(3.281706505275,11.286523530748));
#637 = CARTESIAN_POINT('',(3.423748666471,11.266340061725));
#638 = CARTESIAN_POINT('',(3.569512552271,11.234644004837));
#639 = CARTESIAN_POINT('',(3.797895345293,11.175839718099));
#640 = CARTESIAN_POINT('',(3.87620473015,11.154206908576));
#641 = CARTESIAN_POINT('',(3.956649904496,11.131123526794));
#642 = CARTESIAN_POINT('',(4.039393210347,11.107322595437));
#643 = CARTESIAN_POINT('',(4.124637825598,11.083745331305));
#644 = CARTESIAN_POINT('',(4.212632051055,11.061542330994));
#645 = CARTESIAN_POINT('',(4.30368595689,11.042029721654));
#646 = CARTESIAN_POINT('',(4.480508792564,11.013099769383));
#647 = CARTESIAN_POINT('',(4.565191714642,11.002740695841));
#648 = CARTESIAN_POINT('',(4.651267447645,10.996550123064));
#649 = CARTESIAN_POINT('',(4.737920690085,10.995279254688));
#650 = CARTESIAN_POINT('',(4.824417277363,10.999127022938));
#651 = CARTESIAN_POINT('',(4.910012774018,11.00768093612));
#652 = CARTESIAN_POINT('',(4.993858650365,11.020022609567));
#653 = CARTESIAN_POINT('',(5.162042275275,11.051079723472));
#654 = CARTESIAN_POINT('',(5.246189913214,11.070253800329));
#655 = CARTESIAN_POINT('',(5.327676208007,11.091398444724));
#656 = CARTESIAN_POINT('',(5.406768509751,11.113472581402));
#657 = CARTESIAN_POINT('',(5.48368892505,11.135577320002));
#658 = CARTESIAN_POINT('',(5.558627434183,11.15697703354));
#659 = CARTESIAN_POINT('',(5.63174689598,11.177092179117));
#660 = CARTESIAN_POINT('',(5.779330680387,11.21509223622));
#661 = CARTESIAN_POINT('',(5.8538482684,11.232816562569));
#662 = CARTESIAN_POINT('',(5.927070182644,11.248154555441));
#663 = CARTESIAN_POINT('',(5.999279703161,11.260745586966));
#664 = CARTESIAN_POINT('',(6.070739584958,11.270344020409));
#665 = CARTESIAN_POINT('',(6.141704441273,11.276795779231));
#666 = CARTESIAN_POINT('',(6.212430867698,11.280024038477));
#667 = CARTESIAN_POINT('',(6.28318530718,11.280024038477));
#668 = ( GEOMETRIC_REPRESENTATION_CONTEXT(2) 
PARAMETRIC_REPRESENTATION_CONTEXT() REPRESENTATION_CONTEXT('2D SPACE',''
  ) );
#669 = FACE_BOUND('',#670,.T.);
#670 = EDGE_LOOP('',(#671));
#671 = ORIENTED_EDGE('',*,*,#672,.F.);
#672 = EDGE_CURVE('',#673,#673,#675,.T.);
#673 = VERTEX_POINT('',#674);
#674 = CARTESIAN_POINT('',(75.25,-18.71997596152,1.631E+03));
#675 = SURFACE_CURVE('',#676,(#742,#811),.PCURVE_S1.);
#676 = B_SPLINE_CURVE_WITH_KNOTS('',8,(#677,#678,#679,#680,#681,#682,
    #683,#684,#685,#686,#687,#688,#689,#690,#691,#692,#693,#694,#695,
    #696,#697,#698,#699,#700,#701,#702,#703,#704,#705,#706,#707,#708,
    #709,#710,#711,#712,#713,#714,#715,#716,#717,#718,#719,#720,#721,
    #722,#723,#724,#725,#726,#727,#728,#729,#730,#731,#732,#733,#734,
    #735,#736,#737,#738,#739,#740,#741),.UNSPECIFIED.,.T.,.F.,(9,7,7,7,7
    ,7,7,7,7,9),(0.,9.934236124773E-02,0.197259457904,0.288278864514,
    0.392865802851,0.601567131042,0.706306382279,0.797458343011,
    0.895518041971,1.),.UNSPECIFIED.);
#677 = CARTESIAN_POINT('',(75.25,-18.71997596152,1.631E+03));
#678 = CARTESIAN_POINT('',(75.25,-18.71997596152,1.631235631005E+03));
#679 = CARTESIAN_POINT('',(75.230476218675,-18.72336539064,
    1.631471247134E+03));
#680 = CARTESIAN_POINT('',(75.191431069035,-18.73014437734,
    1.631704968621E+03));
#681 = CARTESIAN_POINT('',(75.133087232747,-18.74015590423,
    1.631934917022E+03));
#682 = CARTESIAN_POINT('',(75.055878365366,-18.75309019423,
    1.632159245762E+03));
#683 = CARTESIAN_POINT('',(74.960445530069,-18.76850258472,
    1.632376166139E+03));
#684 = CARTESIAN_POINT('',(74.847639359901,-18.78584488992,
    1.632583968796E+03));
#685 = CARTESIAN_POINT('',(74.591268898239,-18.82290782088,
    1.632975285112E+03));
#686 = CARTESIAN_POINT('',(74.44517825507,-18.84302296646,
    1.633163670819E+03));
#687 = CARTESIAN_POINT('',(74.279680362032,-18.86442267999,
    1.633344248256E+03));
#688 = CARTESIAN_POINT('',(74.094316111395,-18.88652741859,
    1.633514770802E+03));
#689 = CARTESIAN_POINT('',(73.888788891956,-18.90860155527,
    1.633672666358E+03));
#690 = CARTESIAN_POINT('',(73.66303516843,-18.92974619967,
    1.633814990384E+03));
#691 = CARTESIAN_POINT('',(73.417333509733,-18.94892027652,
    1.633938351748E+03));
#692 = CARTESIAN_POINT('',(72.906256640083,-18.9799773905,
    1.634132177638E+03));
#693 = CARTESIAN_POINT('',(72.642819664857,-18.9923190637,
    1.634206009553E+03));
#694 = CARTESIAN_POINT('',(72.366826088234,-19.0008729772,
    1.634255342014E+03));
#695 = CARTESIAN_POINT('',(72.08370254774,-19.00472074531,
    1.63427709291E+03));
#696 = CARTESIAN_POINT('',(71.799300005756,-19.00344987679,
    1.634270018082E+03));
#697 = CARTESIAN_POINT('',(71.519533438745,-18.99725930432,
    1.634234700525E+03));
#698 = CARTESIAN_POINT('',(71.250013938712,-18.98690023054,
    1.634173566986E+03));
#699 = CARTESIAN_POINT('',(70.70346628222,-18.95797027834,
    1.633995982887E+03));
#700 = CARTESIAN_POINT('',(70.4322843903,-18.938457669,
    1.633872962198E+03));
#701 = CARTESIAN_POINT('',(70.183472536762,-18.91625466869,
    1.633726808903E+03));
#702 = CARTESIAN_POINT('',(69.957633389273,-18.89267740456,
    1.633561779475E+03));
#703 = CARTESIAN_POINT('',(69.75487591344,-18.8688764732,
    1.633381596136E+03));
#704 = CARTESIAN_POINT('',(69.574961897727,-18.84579309142,
    1.63318954059E+03));
#705 = CARTESIAN_POINT('',(69.417394583065,-18.8241602819,
    1.632988508795E+03));
#706 = CARTESIAN_POINT('',(69.010241118362,-18.76529897371,
    1.632367041747E+03));
#707 = CARTESIAN_POINT('',(68.8229294156,-18.73365533515,
    1.631923951378E+03));
#708 = CARTESIAN_POINT('',(68.712902948838,-18.71352427807,
    1.631465683018E+03));
#709 = CARTESIAN_POINT('',(68.676496162272,-18.70661024424,
    1.631000295587E+03));
#710 = CARTESIAN_POINT('',(68.712684839853,-18.71347646925,
    1.630534597979E+03));
#711 = CARTESIAN_POINT('',(68.822870597888,-18.73365993827,
    1.630075683751E+03));
#712 = CARTESIAN_POINT('',(69.010635545184,-18.76535599516,
    1.629632356211E+03));
#713 = CARTESIAN_POINT('',(69.417394583065,-18.8241602819,
    1.629011491205E+03));
#714 = CARTESIAN_POINT('',(69.574961897727,-18.84579309142,
    1.62881045941E+03));
#715 = CARTESIAN_POINT('',(69.75487591344,-18.8688764732,
    1.628618403864E+03));
#716 = CARTESIAN_POINT('',(69.957633389273,-18.89267740456,
    1.628438220525E+03));
#717 = CARTESIAN_POINT('',(70.183472536762,-18.91625466869,
    1.628273191097E+03));
#718 = CARTESIAN_POINT('',(70.4322843903,-18.938457669,
    1.628127037802E+03));
#719 = CARTESIAN_POINT('',(70.70346628222,-18.95797027834,
    1.628004017113E+03));
#720 = CARTESIAN_POINT('',(71.250013938712,-18.98690023054,
    1.627826433014E+03));
#721 = CARTESIAN_POINT('',(71.519533438745,-18.99725930432,
    1.627765299475E+03));
#722 = CARTESIAN_POINT('',(71.799300005756,-19.00344987679,
    1.627729981918E+03));
#723 = CARTESIAN_POINT('',(72.08370254774,-19.00472074531,
    1.62772290709E+03));
#724 = CARTESIAN_POINT('',(72.366826088234,-19.0008729772,
    1.627744657986E+03));
#725 = CARTESIAN_POINT('',(72.642819664857,-18.9923190637,
    1.627793990447E+03));
#726 = CARTESIAN_POINT('',(72.906256640083,-18.9799773905,
    1.627867822362E+03));
#727 = CARTESIAN_POINT('',(73.417333517514,-18.94892027605,
    1.628061648255E+03));
#728 = CARTESIAN_POINT('',(73.663035154164,-18.92974620047,
    1.628185009612E+03));
#729 = CARTESIAN_POINT('',(73.888788895715,-18.90860155537,
    1.628327333638E+03));
#730 = CARTESIAN_POINT('',(74.094316120568,-18.88652741774,
    1.628485229205E+03));
#731 = CARTESIAN_POINT('',(74.279680358222,-18.86442267988,
    1.628655751747E+03));
#732 = CARTESIAN_POINT('',(74.445178249628,-18.84302296747,
    1.62883632917E+03));
#733 = CARTESIAN_POINT('',(74.591268902096,-18.82290782032,
    1.629024714894E+03));
#734 = CARTESIAN_POINT('',(74.854121617386,-18.78490776378,
    1.62942592553E+03));
#735 = CARTESIAN_POINT('',(74.968832211392,-18.76718343743,
    1.629640300147E+03));
#736 = CARTESIAN_POINT('',(75.063368535375,-18.75184544455,
    1.629860251122E+03));
#737 = CARTESIAN_POINT('',(75.138342625071,-18.73925441303,
    1.630084317622E+03));
#738 = CARTESIAN_POINT('',(75.194242218546,-18.72965597959,
    1.630311303831E+03));
#739 = CARTESIAN_POINT('',(75.23140576915,-18.72320422076,
    1.630540188185E+03));
#740 = CARTESIAN_POINT('',(75.25,-18.71997596152,1.630770048072E+03));
#741 = CARTESIAN_POINT('',(75.25,-18.71997596152,1.631E+03));
#742 = PCURVE('',#31,#743);
#743 = DEFINITIONAL_REPRESENTATION('',(#744),#810);
#744 = B_SPLINE_CURVE_WITH_KNOTS('',8,(#745,#746,#747,#748,#749,#750,
    #751,#752,#753,#754,#755,#756,#757,#758,#759,#760,#761,#762,#763,
    #764,#765,#766,#767,#768,#769,#770,#771,#772,#773,#774,#775,#776,
    #777,#778,#779,#780,#781,#782,#783,#784,#785,#786,#787,#788,#789,
    #790,#791,#792,#793,#794,#795,#796,#797,#798,#799,#800,#801,#802,
    #803,#804,#805,#806,#807,#808,#809),.UNSPECIFIED.,.T.,.F.,(9,7,7,7,7
    ,7,7,7,7,9),(0.,9.934236124773E-02,0.197259457904,0.288278864514,
    0.392865802851,0.601567131042,0.706306382279,0.797458343011,
    0.895518041971,1.),.UNSPECIFIED.);
#745 = CARTESIAN_POINT('',(4.884286928093,150.));
#746 = CARTESIAN_POINT('',(4.884286928093,150.2356310051));
#747 = CARTESIAN_POINT('',(4.883243994732,150.47124713403));
#748 = CARTESIAN_POINT('',(4.881158234475,150.70496862119));
#749 = CARTESIAN_POINT('',(4.878042635529,150.9349170224));
#750 = CARTESIAN_POINT('',(4.87392246677,151.15924576173));
#751 = CARTESIAN_POINT('',(4.868834795398,151.37616613872));
#752 = CARTESIAN_POINT('',(4.862828123316,151.58396879627));
#753 = CARTESIAN_POINT('',(4.849194667394,151.97528511218));
#754 = CARTESIAN_POINT('',(4.841433317941,152.16367081899));
#755 = CARTESIAN_POINT('',(4.832650905924,152.34424825579));
#756 = CARTESIAN_POINT('',(4.822826800646,152.51477080234));
#757 = CARTESIAN_POINT('',(4.811949075637,152.67266635848));
#758 = CARTESIAN_POINT('',(4.800017517781,152.81499038375));
#759 = CARTESIAN_POINT('',(4.787048452031,152.93835174776));
#760 = CARTESIAN_POINT('',(4.760100049963,153.132177638));
#761 = CARTESIAN_POINT('',(4.746221076825,153.20600955297));
#762 = CARTESIAN_POINT('',(4.731691196273,153.25534201365));
#763 = CARTESIAN_POINT('',(4.716793196397,153.2770929099));
#764 = CARTESIAN_POINT('',(4.701829210827,153.27001808184));
#765 = CARTESIAN_POINT('',(4.687104349349,153.23470052475));
#766 = CARTESIAN_POINT('',(4.67291012296,153.17356698556));
#767 = CARTESIAN_POINT('',(4.644104186988,152.99598288703));
#768 = CARTESIAN_POINT('',(4.629797127069,152.87296219813));
#769 = CARTESIAN_POINT('',(4.616652725318,152.72680890273));
#770 = CARTESIAN_POINT('',(4.604704123724,152.56177947456));
#771 = CARTESIAN_POINT('',(4.59396073236,152.38159613601));
#772 = CARTESIAN_POINT('',(4.584414606222,152.18954059034));
#773 = CARTESIAN_POINT('',(4.576044006321,151.98850879468));
#774 = CARTESIAN_POINT('',(4.554392101578,151.36704174741));
#775 = CARTESIAN_POINT('',(4.544396727117,150.92395137761));
#776 = CARTESIAN_POINT('',(4.538509294048,150.46568301801));
#777 = CARTESIAN_POINT('',(4.536558790873,150.0002955868));
#778 = CARTESIAN_POINT('',(4.538497566337,149.5345979788));
#779 = CARTESIAN_POINT('',(4.544393703172,149.07568375089));
#780 = CARTESIAN_POINT('',(4.554413076696,148.63235621111));
#781 = CARTESIAN_POINT('',(4.576044006321,148.01149120531));
#782 = CARTESIAN_POINT('',(4.584414606222,147.81045940965));
#783 = CARTESIAN_POINT('',(4.59396073236,147.61840386398));
#784 = CARTESIAN_POINT('',(4.604704123724,147.43822052543));
#785 = CARTESIAN_POINT('',(4.616652725318,147.27319109726));
#786 = CARTESIAN_POINT('',(4.629797127069,147.12703780186));
#787 = CARTESIAN_POINT('',(4.644104186988,147.00401711296));
#788 = CARTESIAN_POINT('',(4.67291012296,146.82643301443));
#789 = CARTESIAN_POINT('',(4.687104349349,146.76529947524));
#790 = CARTESIAN_POINT('',(4.701829210827,146.72998191815));
#791 = CARTESIAN_POINT('',(4.716793196397,146.72290709009));
#792 = CARTESIAN_POINT('',(4.731691196273,146.74465798634));
#793 = CARTESIAN_POINT('',(4.746221076825,146.79399044702));
#794 = CARTESIAN_POINT('',(4.760100049963,146.86782236199));
#795 = CARTESIAN_POINT('',(4.787048452441,147.06164825519));
#796 = CARTESIAN_POINT('',(4.800017517029,147.18500961205));
#797 = CARTESIAN_POINT('',(4.811949075833,147.32733363845));
#798 = CARTESIAN_POINT('',(4.822826801131,147.48522920475));
#799 = CARTESIAN_POINT('',(4.832650905725,147.65575174728));
#800 = CARTESIAN_POINT('',(4.84143331765,147.83632916999));
#801 = CARTESIAN_POINT('',(4.849194667599,148.0247148937));
#802 = CARTESIAN_POINT('',(4.863172841546,148.42592553047));
#803 = CARTESIAN_POINT('',(4.869281600025,148.64030014691));
#804 = CARTESIAN_POINT('',(4.874322068443,148.86025112181));
#805 = CARTESIAN_POINT('',(4.878323277135,149.08431762209));
#806 = CARTESIAN_POINT('',(4.88130841542,149.31130383113));
#807 = CARTESIAN_POINT('',(4.883293642248,149.54018818468));
#808 = CARTESIAN_POINT('',(4.884286928093,149.77004807168));
#809 = CARTESIAN_POINT('',(4.884286928093,150.));
#810 = ( GEOMETRIC_REPRESENTATION_CONTEXT(2) 
PARAMETRIC_REPRESENTATION_CONTEXT() REPRESENTATION_CONTEXT('2D SPACE',''
  ) );
#811 = PCURVE('',#812,#817);
#812 = CYLINDRICAL_SURFACE('',#813,3.25);
#813 = AXIS2_PLACEMENT_3D('',#814,#815,#816);
#814 = CARTESIAN_POINT('',(72.,30.,1.631E+03));
#815 = DIRECTION('',(0.,-1.,2.22044604925E-16));
#816 = DIRECTION('',(1.,0.,0.));
#817 = DEFINITIONAL_REPRESENTATION('',(#818),#884);
#818 = B_SPLINE_CURVE_WITH_KNOTS('',8,(#819,#820,#821,#822,#823,#824,
    #825,#826,#827,#828,#829,#830,#831,#832,#833,#834,#835,#836,#837,
    #838,#839,#840,#841,#842,#843,#844,#845,#846,#847,#848,#849,#850,
    #851,#852,#853,#854,#855,#856,#857,#858,#859,#860,#861,#862,#863,
    #864,#865,#866,#867,#868,#869,#870,#871,#872,#873,#874,#875,#876,
    #877,#878,#879,#880,#881,#882,#883),.UNSPECIFIED.,.F.,.F.,(9,7,7,7,7
    ,7,7,7,7,9),(0.,9.934236124773E-02,0.197259457904,0.288278864514,
    0.392865802851,0.601567131042,0.706306382279,0.797458343011,
    0.895518041971,1.),.UNSPECIFIED.);
#819 = CARTESIAN_POINT('',(0.,48.719975961523));
#820 = CARTESIAN_POINT('',(7.250184772529E-02,48.719975961523));
#821 = CARTESIAN_POINT('',(0.144999021574,48.723365390647));
#822 = CARTESIAN_POINT('',(0.217494283102,48.730144377341));
#823 = CARTESIAN_POINT('',(0.289989479425,48.740155904238));
#824 = CARTESIAN_POINT('',(0.362487234408,48.753090194238));
#825 = CARTESIAN_POINT('',(0.434989678417,48.768502584727));
#826 = CARTESIAN_POINT('',(0.507494216652,48.785844889922));
#827 = CARTESIAN_POINT('',(0.651438411199,48.822907820883));
#828 = CARTESIAN_POINT('',(0.724557872996,48.84302296646));
#829 = CARTESIAN_POINT('',(0.799496382129,48.864422679998));
#830 = CARTESIAN_POINT('',(0.876416797429,48.886527418598));
#831 = CARTESIAN_POINT('',(0.955509099173,48.908601555276));
#832 = CARTESIAN_POINT('',(1.036995393966,48.929746199672));
#833 = CARTESIAN_POINT('',(1.121143031905,48.948920276528));
#834 = CARTESIAN_POINT('',(1.289326657228,48.979977390509));
#835 = CARTESIAN_POINT('',(1.373172532457,48.992319063706));
#836 = CARTESIAN_POINT('',(1.45876802981,49.000872977209));
#837 = CARTESIAN_POINT('',(1.545264617763,49.004720745318));
#838 = CARTESIAN_POINT('',(1.63191785954,49.00344987679));
#839 = CARTESIAN_POINT('',(1.717993591809,48.997259304321));
#840 = CARTESIAN_POINT('',(1.802676515044,48.986900230547));
#841 = CARTESIAN_POINT('',(1.979499350289,48.957970278346));
#842 = CARTESIAN_POINT('',(2.070553256125,48.938457669006));
#843 = CARTESIAN_POINT('',(2.158547481582,48.916254668695));
#844 = CARTESIAN_POINT('',(2.243792096832,48.892677404563));
#845 = CARTESIAN_POINT('',(2.326535402684,48.868876473206));
#846 = CARTESIAN_POINT('',(2.406980577029,48.845793091424));
#847 = CARTESIAN_POINT('',(2.485289961887,48.824160281901));
#848 = CARTESIAN_POINT('',(2.713894213539,48.765298973718));
#849 = CARTESIAN_POINT('',(2.859520553529,48.733655335153));
#850 = CARTESIAN_POINT('',(3.001393243559,48.713524278071));
#851 = CARTESIAN_POINT('',(3.14150815254,48.706610244245));
#852 = CARTESIAN_POINT('',(3.281706505278,48.713476469253));
#853 = CARTESIAN_POINT('',(3.42374866647,48.733659938275));
#854 = CARTESIAN_POINT('',(3.569512552271,48.765355995163));
#855 = CARTESIAN_POINT('',(3.797895345293,48.824160281901));
#856 = CARTESIAN_POINT('',(3.87620473015,48.845793091424));
#857 = CARTESIAN_POINT('',(3.956649904496,48.868876473206));
#858 = CARTESIAN_POINT('',(4.039393210347,48.892677404563));
#859 = CARTESIAN_POINT('',(4.124637825598,48.916254668695));
#860 = CARTESIAN_POINT('',(4.212632051055,48.938457669006));
#861 = CARTESIAN_POINT('',(4.30368595689,48.957970278346));
#862 = CARTESIAN_POINT('',(4.480508792136,48.986900230547));
#863 = CARTESIAN_POINT('',(4.565191715371,48.997259304321));
#864 = CARTESIAN_POINT('',(4.65126744764,49.00344987679));
#865 = CARTESIAN_POINT('',(4.737920689416,49.004720745318));
#866 = CARTESIAN_POINT('',(4.824417277369,49.000872977209));
#867 = CARTESIAN_POINT('',(4.910012774723,48.992319063706));
#868 = CARTESIAN_POINT('',(4.993858649952,48.979977390509));
#869 = CARTESIAN_POINT('',(5.162042277836,48.948920276055));
#870 = CARTESIAN_POINT('',(5.246189908795,48.929746200473));
#871 = CARTESIAN_POINT('',(5.327676208339,48.908601555378));
#872 = CARTESIAN_POINT('',(5.406768513464,48.886527417744));
#873 = CARTESIAN_POINT('',(5.483688924693,48.864422679884));
#874 = CARTESIAN_POINT('',(5.55862743062,48.843022967475));
#875 = CARTESIAN_POINT('',(5.631746898146,48.822907820326));
#876 = CARTESIAN_POINT('',(5.779330680387,48.78490776378));
#877 = CARTESIAN_POINT('',(5.8538482684,48.767183437431));
#878 = CARTESIAN_POINT('',(5.927070182644,48.751845444559));
#879 = CARTESIAN_POINT('',(5.999279703161,48.739254413034));
#880 = CARTESIAN_POINT('',(6.070739584958,48.729655979591));
#881 = CARTESIAN_POINT('',(6.141704441273,48.723204220769));
#882 = CARTESIAN_POINT('',(6.212430867698,48.719975961523));
#883 = CARTESIAN_POINT('',(6.28318530718,48.719975961523));
#884 = ( GEOMETRIC_REPRESENTATION_CONTEXT(2) 
PARAMETRIC_REPRESENTATION_CONTEXT() REPRESENTATION_CONTEXT('2D SPACE',''
  ) );
#885 = ADVANCED_FACE('',(#886,#889),#43,.T.);
#886 = FACE_BOUND('',#887,.T.);
#887 = EDGE_LOOP('',(#888));
#888 = ORIENTED_EDGE('',*,*,#21,.T.);
#889 = FACE_BOUND('',#890,.T.);
#890 = EDGE_LOOP('',(#891));
#891 = ORIENTED_EDGE('',*,*,#892,.F.);
#892 = EDGE_CURVE('',#893,#893,#895,.T.);
#893 = VERTEX_POINT('',#894);
#894 = CARTESIAN_POINT('',(88.2,-3.967855629237E-15,1.681E+03));
#895 = SURFACE_CURVE('',#896,(#901,#908),.PCURVE_S1.);
#896 = CIRCLE('',#897,16.2);
#897 = AXIS2_PLACEMENT_3D('',#898,#899,#900);
#898 = CARTESIAN_POINT('',(72.,0.,1.681E+03));
#899 = DIRECTION('',(0.,0.,1.));
#900 = DIRECTION('',(1.,0.,-0.));
#901 = PCURVE('',#43,#902);
#902 = DEFINITIONAL_REPRESENTATION('',(#903),#907);
#903 = CIRCLE('',#904,16.2);
#904 = AXIS2_PLACEMENT_2D('',#905,#906);
#905 = CARTESIAN_POINT('',(0.,0.));
#906 = DIRECTION('',(1.,0.));
#907 = ( GEOMETRIC_REPRESENTATION_CONTEXT(2) 
PARAMETRIC_REPRESENTATION_CONTEXT() REPRESENTATION_CONTEXT('2D SPACE',''
  ) );
#908 = PCURVE('',#909,#914);
#909 = CYLINDRICAL_SURFACE('',#910,16.2);
#910 = AXIS2_PLACEMENT_3D('',#911,#912,#913);
#911 = CARTESIAN_POINT('',(72.,0.,1.48E+03));
#912 = DIRECTION('',(0.,0.,1.));
#913 = DIRECTION('',(1.,0.,-0.));
#914 = DEFINITIONAL_REPRESENTATION('',(#915),#919);
#915 = LINE('',#916,#917);
#916 = CARTESIAN_POINT('',(0.,201.));
#917 = VECTOR('',#918,1.);
#918 = DIRECTION('',(1.,0.));
#919 = ( GEOMETRIC_REPRESENTATION_CONTEXT(2) 
PARAMETRIC_REPRESENTATION_CONTEXT() REPRESENTATION_CONTEXT('2D SPACE',''
  ) );
#920 = ADVANCED_FACE('',(#921,#924),#93,.F.);
#921 = FACE_BOUND('',#922,.F.);
#922 = EDGE_LOOP('',(#923));
#923 = ORIENTED_EDGE('',*,*,#78,.T.);
#924 = FACE_BOUND('',#925,.F.);
#925 = EDGE_LOOP('',(#926));
#926 = ORIENTED_EDGE('',*,*,#927,.F.);
#927 = EDGE_CURVE('',#928,#928,#930,.T.);
#928 = VERTEX_POINT('',#929);
#929 = CARTESIAN_POINT('',(88.2,-3.967855629237E-15,1.481E+03));
#930 = SURFACE_CURVE('',#931,(#936,#943),.PCURVE_S1.);
#931 = CIRCLE('',#932,16.2);
#932 = AXIS2_PLACEMENT_3D('',#933,#934,#935);
#933 = CARTESIAN_POINT('',(72.,0.,1.481E+03));
#934 = DIRECTION('',(0.,0.,1.));
#935 = DIRECTION('',(1.,0.,-0.));
#936 = PCURVE('',#93,#937);
#937 = DEFINITIONAL_REPRESENTATION('',(#938),#942);
#938 = CIRCLE('',#939,16.2);
#939 = AXIS2_PLACEMENT_2D('',#940,#941);
#940 = CARTESIAN_POINT('',(0.,0.));
#941 = DIRECTION('',(1.,0.));
#942 = ( GEOMETRIC_REPRESENTATION_CONTEXT(2) 
PARAMETRIC_REPRESENTATION_CONTEXT() REPRESENTATION_CONTEXT('2D SPACE',''
  ) );
#943 = PCURVE('',#909,#944);
#944 = DEFINITIONAL_REPRESENTATION('',(#945),#949);
#945 = LINE('',#946,#947);
#946 = CARTESIAN_POINT('',(0.,1.));
#947 = VECTOR('',#948,1.);
#948 = DIRECTION('',(1.,0.));
#949 = ( GEOMETRIC_REPRESENTATION_CONTEXT(2) 
PARAMETRIC_REPRESENTATION_CONTEXT() REPRESENTATION_CONTEXT('2D SPACE',''
  ) );
#950 = ADVANCED_FACE('',(#951),#220,.F.);
#951 = FACE_BOUND('',#952,.F.);
#952 = EDGE_LOOP('',(#953,#1120,#1141,#1142));
#953 = ORIENTED_EDGE('',*,*,#954,.F.);
#954 = EDGE_CURVE('',#955,#955,#957,.T.);
#955 = VERTEX_POINT('',#956);
#956 = CARTESIAN_POINT('',(74.45,16.013666038731,1.541E+03));
#957 = SURFACE_CURVE('',#958,(#1010,#1065),.PCURVE_S1.);
#958 = B_SPLINE_CURVE_WITH_KNOTS('',8,(#959,#960,#961,#962,#963,#964,
    #965,#966,#967,#968,#969,#970,#971,#972,#973,#974,#975,#976,#977,
    #978,#979,#980,#981,#982,#983,#984,#985,#986,#987,#988,#989,#990,
    #991,#992,#993,#994,#995,#996,#997,#998,#999,#1000,#1001,#1002,#1003
    ,#1004,#1005,#1006,#1007,#1008,#1009),.UNSPECIFIED.,.T.,.F.,(9,7,7,7
    ,7,7,7,9),(0.,0.154986599683,0.286593453159,0.411703072204,
    0.56902344944,0.707441803118,0.827760171517,1.),.UNSPECIFIED.);
#959 = CARTESIAN_POINT('',(74.45,16.013666038731,1.541E+03));
#960 = CARTESIAN_POINT('',(74.45,16.013666038731,1.54125568587E+03));
#961 = CARTESIAN_POINT('',(74.41950392447,16.018331483675,
    1.541510961258E+03));
#962 = CARTESIAN_POINT('',(74.358685329963,16.02763745862,
    1.541763874302E+03));
#963 = CARTESIAN_POINT('',(74.266886341435,16.041347816664,
    1.542012284363E+03));
#964 = CARTESIAN_POINT('',(74.142893567493,16.05899629826,
    1.542253399182E+03));
#965 = CARTESIAN_POINT('',(73.985108121553,16.079752826575,
    1.542483475866E+03));
#966 = CARTESIAN_POINT('',(73.791806463307,16.102263209592,
    1.542697387537E+03));
#967 = CARTESIAN_POINT('',(73.366284365958,16.143475712461,
    1.54304941003E+03));
#968 = CARTESIAN_POINT('',(73.13652107905,16.162997065919,
    1.543200551807E+03));
#969 = CARTESIAN_POINT('',(72.875812977353,16.181114918511,
    1.543327721364E+03));
#970 = CARTESIAN_POINT('',(72.590521612663,16.195417579385,
    1.543420887896E+03));
#971 = CARTESIAN_POINT('',(72.2893970867,16.20368584933,
    1.54347340733E+03));
#972 = CARTESIAN_POINT('',(71.982388324327,16.204902528521,
    1.543482070009E+03));
#973 = CARTESIAN_POINT('',(71.679709318172,16.199415203207,
    1.543447231215E+03));
#974 = CARTESIAN_POINT('',(71.115977711858,16.178197959589,
    1.54330248954E+03));
#975 = CARTESIAN_POINT('',(70.862331845629,16.163315264477,
    1.543198618736E+03));
#976 = CARTESIAN_POINT('',(70.632194567742,16.145401993706,
    1.543067833086E+03));
#977 = CARTESIAN_POINT('',(70.426777757263,16.126029098366,
    1.54291561229E+03));
#978 = CARTESIAN_POINT('',(70.246502038386,16.106571551498,
    1.542746746671E+03));
#979 = CARTESIAN_POINT('',(70.091231928975,16.08811619708,
    1.542565476243E+03));
#980 = CARTESIAN_POINT('',(69.960394433712,16.071457253802,
    1.542375557787E+03));
#981 = CARTESIAN_POINT('',(69.718065553844,16.039056124146,
    1.54193476319E+03));
#982 = CARTESIAN_POINT('',(69.618870179234,16.024473044093,
    1.541678310923E+03));
#983 = CARTESIAN_POINT('',(69.553808838418,16.014352498547,
    1.541415215251E+03));
#984 = CARTESIAN_POINT('',(69.521756199935,16.009231548064,
    1.541148563476E+03));
#985 = CARTESIAN_POINT('',(69.522165341496,16.009325429238,
    1.540880936882E+03));
#986 = CARTESIAN_POINT('',(69.555096122133,16.014594202433,
    1.540614768151E+03));
#987 = CARTESIAN_POINT('',(69.621251021409,16.024728334288,
    1.540352677967E+03));
#988 = CARTESIAN_POINT('',(69.810733500336,16.051639667995,
    1.539874099855E+03));
#989 = CARTESIAN_POINT('',(69.926641020421,16.067529210376,
    1.539654896779E+03));
#990 = CARTESIAN_POINT('',(70.070920295765,16.086266803535,
    1.539443517976E+03));
#991 = CARTESIAN_POINT('',(70.244714445376,16.107092995214,
    1.539243700843E+03));
#992 = CARTESIAN_POINT('',(70.448899220403,16.128880253827,
    1.539060077797E+03));
#993 = CARTESIAN_POINT('',(70.683889717952,16.150041739776,
    1.538898306448E+03));
#994 = CARTESIAN_POINT('',(70.949258364506,16.168560884721,
    1.538765324204E+03));
#995 = CARTESIAN_POINT('',(71.498159837697,16.194241333802,
    1.538586975304E+03));
#996 = CARTESIAN_POINT('',(71.77088659834,16.202389447944,
    1.538533691123E+03));
#997 = CARTESIAN_POINT('',(72.05344290194,16.205294587592,
    1.538515978212E+03));
#998 = CARTESIAN_POINT('',(72.336986091415,16.2021198432,
    1.538536284135E+03));
#999 = CARTESIAN_POINT('',(72.612389094632,16.193087825977,
    1.538593725376E+03));
#1000 = CARTESIAN_POINT('',(72.871113434216,16.179589467174,
    1.538684182803E+03));
#1001 = CARTESIAN_POINT('',(73.106190660434,16.163517614805,
    1.538800293763E+03));
#1002 = CARTESIAN_POINT('',(73.608509069345,16.122677660489,
    1.539119074719E+03));
#1003 = CARTESIAN_POINT('',(73.856929671862,16.096248943349,
    1.539344504818E+03));
#1004 = CARTESIAN_POINT('',(74.0591306547,16.070800449822,
    1.539595035051E+03));
#1005 = CARTESIAN_POINT('',(74.217505161499,16.048707834106,
    1.539862355338E+03));
#1006 = CARTESIAN_POINT('',(74.334345409474,16.031359551786,
    1.540140500711E+03));
#1007 = CARTESIAN_POINT('',(74.41147541683,16.019560282328,
    1.540425065363E+03));
#1008 = CARTESIAN_POINT('',(74.45,16.013666038731,1.540712621829E+03));
#1009 = CARTESIAN_POINT('',(74.45,16.013666038731,1.541E+03));
#1010 = PCURVE('',#220,#1011);
#1011 = DEFINITIONAL_REPRESENTATION('',(#1012),#1064);
#1012 = B_SPLINE_CURVE_WITH_KNOTS('',8,(#1013,#1014,#1015,#1016,#1017,
    #1018,#1019,#1020,#1021,#1022,#1023,#1024,#1025,#1026,#1027,#1028,
    #1029,#1030,#1031,#1032,#1033,#1034,#1035,#1036,#1037,#1038,#1039,
    #1040,#1041,#1042,#1043,#1044,#1045,#1046,#1047,#1048,#1049,#1050,
    #1051,#1052,#1053,#1054,#1055,#1056,#1057,#1058,#1059,#1060,#1061,
    #1062,#1063),.UNSPECIFIED.,.F.,.F.,(9,7,7,7,7,7,7,9),(0.,
    0.154986599683,0.286593453159,0.411703072204,0.56902344944,
    0.707441803118,0.827760171517,1.),.UNSPECIFIED.);
#1013 = CARTESIAN_POINT('',(0.,13.986333961269));
#1014 = CARTESIAN_POINT('',(0.104361579499,13.986333961269));
#1015 = CARTESIAN_POINT('',(0.208555176129,13.981668516325));
#1016 = CARTESIAN_POINT('',(0.313518611147,13.97236254138));
#1017 = CARTESIAN_POINT('',(0.420081141943,13.958652183336));
#1018 = CARTESIAN_POINT('',(0.529059482417,13.94100370174));
#1019 = CARTESIAN_POINT('',(0.641298656144,13.920247173425));
#1020 = CARTESIAN_POINT('',(0.757745913392,13.897736790408));
#1021 = CARTESIAN_POINT('',(0.983157339273,13.856524287539));
#1022 = CARTESIAN_POINT('',(1.094740041969,13.837002934081));
#1023 = CARTESIAN_POINT('',(1.211506033179,13.818885081489));
#1024 = CARTESIAN_POINT('',(1.331651254929,13.804582420615));
#1025 = CARTESIAN_POINT('',(1.453896554495,13.79631415067));
#1026 = CARTESIAN_POINT('',(1.577140847742,13.795097471479));
#1027 = CARTESIAN_POINT('',(1.700338639612,13.800584796793));
#1028 = CARTESIAN_POINT('',(1.937896489494,13.821802040411));
#1029 = CARTESIAN_POINT('',(2.048716830518,13.836684735523));
#1030 = CARTESIAN_POINT('',(2.155337252482,13.854598006294));
#1031 = CARTESIAN_POINT('',(2.25824728164,13.873970901634));
#1032 = CARTESIAN_POINT('',(2.357818054743,13.893428448502));
#1033 = CARTESIAN_POINT('',(2.454333710826,13.91188380292));
#1034 = CARTESIAN_POINT('',(2.547989664992,13.928542746198));
#1035 = CARTESIAN_POINT('',(2.753301533281,13.960943875854));
#1036 = CARTESIAN_POINT('',(2.864533792704,13.975526955907));
#1037 = CARTESIAN_POINT('',(2.973708370203,13.985647501453));
#1038 = CARTESIAN_POINT('',(3.081702491695,13.990768451936));
#1039 = CARTESIAN_POINT('',(3.189334735034,13.990674570762));
#1040 = CARTESIAN_POINT('',(3.297420609423,13.985405797567));
#1041 = CARTESIAN_POINT('',(3.406824139969,13.975271665712));
#1042 = CARTESIAN_POINT('',(3.616915498323,13.948360332005));
#1043 = CARTESIAN_POINT('',(3.717518139299,13.932470789624));
#1044 = CARTESIAN_POINT('',(3.82086684261,13.913733196465));
#1045 = CARTESIAN_POINT('',(3.927434189712,13.892907004786));
#1046 = CARTESIAN_POINT('',(4.037748483266,13.871119746173));
#1047 = CARTESIAN_POINT('',(4.152417972391,13.849958260224));
#1048 = CARTESIAN_POINT('',(4.272204457317,13.831439115279));
#1049 = CARTESIAN_POINT('',(4.507775544619,13.805758666198));
#1050 = CARTESIAN_POINT('',(4.620365285377,13.797610552056));
#1051 = CARTESIAN_POINT('',(4.734285703726,13.794705412408));
#1052 = CARTESIAN_POINT('',(4.848273136219,13.7978801568));
#1053 = CARTESIAN_POINT('',(4.96113894847,13.806912174023));
#1054 = CARTESIAN_POINT('',(5.071601368361,13.820410532826));
#1055 = CARTESIAN_POINT('',(5.178008769328,13.836482385195));
#1056 = CARTESIAN_POINT('',(5.420838499119,13.877322339511));
#1057 = CARTESIAN_POINT('',(5.555753239596,13.903751056651));
#1058 = CARTESIAN_POINT('',(5.68467788721,13.929199550178));
#1059 = CARTESIAN_POINT('',(5.808985680316,13.951292165894));
#1060 = CARTESIAN_POINT('',(5.929912349047,13.968640448214));
#1061 = CARTESIAN_POINT('',(6.048517605584,13.980439717672));
#1062 = CARTESIAN_POINT('',(6.165888094431,13.986333961269));
#1063 = CARTESIAN_POINT('',(6.28318530718,13.986333961269));
#1064 = ( GEOMETRIC_REPRESENTATION_CONTEXT(2) 
PARAMETRIC_REPRESENTATION_CONTEXT() REPRESENTATION_CONTEXT('2D SPACE',''
  ) );
#1065 = PCURVE('',#909,#1066);
#1066 = DEFINITIONAL_REPRESENTATION('',(#1067),#1119);
#1067 = B_SPLINE_CURVE_WITH_KNOTS('',8,(#1068,#1069,#1070,#1071,#1072,
    #1073,#1074,#1075,#1076,#1077,#1078,#1079,#1080,#1081,#1082,#1083,
    #1084,#1085,#1086,#1087,#1088,#1089,#1090,#1091,#1092,#1093,#1094,
    #1095,#1096,#1097,#1098,#1099,#1100,#1101,#1102,#1103,#1104,#1105,
    #1106,#1107,#1108,#1109,#1110,#1111,#1112,#1113,#1114,#1115,#1116,
    #1117,#1118),.UNSPECIFIED.,.T.,.F.,(9,7,7,7,7,7,7,9),(0.,
    0.154986599683,0.286593453159,0.411703072204,0.56902344944,
    0.707441803118,0.827760171517,1.),.UNSPECIFIED.);
#1068 = CARTESIAN_POINT('',(1.418979239742,61.));
#1069 = CARTESIAN_POINT('',(1.418979239742,61.255685869771));
#1070 = CARTESIAN_POINT('',(1.420883615329,61.510961257603));
#1071 = CARTESIAN_POINT('',(1.424681544808,61.76387430199));
#1072 = CARTESIAN_POINT('',(1.430410955717,62.012284363268));
#1073 = CARTESIAN_POINT('',(1.438141576659,62.253399181653));
#1074 = CARTESIAN_POINT('',(1.447964006715,62.483475866103));
#1075 = CARTESIAN_POINT('',(1.459974585617,62.697387536896));
#1076 = CARTESIAN_POINT('',(1.486364288566,63.049410030425));
#1077 = CARTESIAN_POINT('',(1.500597311944,63.200551806706));
#1078 = CARTESIAN_POINT('',(1.516726005988,63.327721363791));
#1079 = CARTESIAN_POINT('',(1.534351712849,63.420887896218));
#1080 = CARTESIAN_POINT('',(1.552936558542,63.473407330011));
#1081 = CARTESIAN_POINT('',(1.571880195594,63.482070008835));
#1082 = CARTESIAN_POINT('',(1.590563598358,63.447231215247));
#1083 = CARTESIAN_POINT('',(1.625386483738,63.302489539785));
#1084 = CARTESIAN_POINT('',(1.641067103483,63.198618735894));
#1085 = CARTESIAN_POINT('',(1.655312123216,63.06783308571));
#1086 = CARTESIAN_POINT('',(1.668045707272,62.915612290466));
#1087 = CARTESIAN_POINT('',(1.679237105254,62.746746670864));
#1088 = CARTESIAN_POINT('',(1.688888541353,62.565476242672));
#1089 = CARTESIAN_POINT('',(1.697029979991,62.375557786545));
#1090 = CARTESIAN_POINT('',(1.712121672411,61.934763190444));
#1091 = CARTESIAN_POINT('',(1.718310138676,61.678310922649));
#1092 = CARTESIAN_POINT('',(1.722374521178,61.415215251469));
#1093 = CARTESIAN_POINT('',(1.724378272202,61.148563475817));
#1094 = CARTESIAN_POINT('',(1.724352361088,60.880936881762));
#1095 = CARTESIAN_POINT('',(1.72229370701,60.614768151105));
#1096 = CARTESIAN_POINT('',(1.718162675528,60.352677966907));
#1097 = CARTESIAN_POINT('',(1.706348849296,59.874099854937));
#1098 = CARTESIAN_POINT('',(1.699127217044,59.654896778812));
#1099 = CARTESIAN_POINT('',(1.69014673443,59.44351797611));
#1100 = CARTESIAN_POINT('',(1.679342995426,59.243700843293));
#1101 = CARTESIAN_POINT('',(1.666670021786,59.060077796867));
#1102 = CARTESIAN_POINT('',(1.652110070472,58.898306447753));
#1103 = CARTESIAN_POINT('',(1.63569377739,58.76532420364));
#1104 = CARTESIAN_POINT('',(1.601773908445,58.586975303709));
#1105 = CARTESIAN_POINT('',(1.584933818662,58.533691122526));
#1106 = CARTESIAN_POINT('',(1.567496726395,58.515978211795));
#1107 = CARTESIAN_POINT('',(1.550001137377,58.536284135291));
#1108 = CARTESIAN_POINT('',(1.532998544109,58.593725375912));
#1109 = CARTESIAN_POINT('',(1.517009681892,58.684182802698));
#1110 = CARTESIAN_POINT('',(1.502466076982,58.800293763019));
#1111 = CARTESIAN_POINT('',(1.471356454872,59.119074718826));
#1112 = CARTESIAN_POINT('',(1.455940084304,59.34450481809));
#1113 = CARTESIAN_POINT('',(1.443362905923,59.595035050739));
#1114 = CARTESIAN_POINT('',(1.433492790532,59.862355338029));
#1115 = CARTESIAN_POINT('',(1.426201490745,60.140500711367));
#1116 = CARTESIAN_POINT('',(1.421384969639,60.425065362635));
#1117 = CARTESIAN_POINT('',(1.418979239742,60.712621828765));
#1118 = CARTESIAN_POINT('',(1.418979239742,61.));
#1119 = ( GEOMETRIC_REPRESENTATION_CONTEXT(2) 
PARAMETRIC_REPRESENTATION_CONTEXT() REPRESENTATION_CONTEXT('2D SPACE',''
  ) );
#1120 = ORIENTED_EDGE('',*,*,#1121,.F.);
#1121 = EDGE_CURVE('',#109,#955,#1122,.T.);
#1122 = SEAM_CURVE('',#1123,(#1127,#1134),.PCURVE_S1.);
#1123 = LINE('',#1124,#1125);
#1124 = CARTESIAN_POINT('',(74.45,30.,1.541E+03));
#1125 = VECTOR('',#1126,1.);
#1126 = DIRECTION('',(0.,-1.,2.22044604925E-16));
#1127 = PCURVE('',#220,#1128);
#1128 = DEFINITIONAL_REPRESENTATION('',(#1129),#1133);
#1129 = LINE('',#1130,#1131);
#1130 = CARTESIAN_POINT('',(6.28318530718,-0.));
#1131 = VECTOR('',#1132,1.);
#1132 = DIRECTION('',(0.,1.));
#1133 = ( GEOMETRIC_REPRESENTATION_CONTEXT(2) 
PARAMETRIC_REPRESENTATION_CONTEXT() REPRESENTATION_CONTEXT('2D SPACE',''
  ) );
#1134 = PCURVE('',#220,#1135);
#1135 = DEFINITIONAL_REPRESENTATION('',(#1136),#1140);
#1136 = LINE('',#1137,#1138);
#1137 = CARTESIAN_POINT('',(0.,-0.));
#1138 = VECTOR('',#1139,1.);
#1139 = DIRECTION('',(0.,1.));
#1140 = ( GEOMETRIC_REPRESENTATION_CONTEXT(2) 
PARAMETRIC_REPRESENTATION_CONTEXT() REPRESENTATION_CONTEXT('2D SPACE',''
  ) );
#1141 = ORIENTED_EDGE('',*,*,#108,.T.);
#1142 = ORIENTED_EDGE('',*,*,#1121,.T.);
#1143 = ADVANCED_FACE('',(#1144),#394,.F.);
#1144 = FACE_BOUND('',#1145,.F.);
#1145 = EDGE_LOOP('',(#1146,#1147,#1170,#1335));
#1146 = ORIENTED_EDGE('',*,*,#282,.F.);
#1147 = ORIENTED_EDGE('',*,*,#1148,.F.);
#1148 = EDGE_CURVE('',#1149,#283,#1151,.T.);
#1149 = VERTEX_POINT('',#1150);
#1150 = CARTESIAN_POINT('',(74.45,-16.01366603873,1.541E+03));
#1151 = SEAM_CURVE('',#1152,(#1156,#1163),.PCURVE_S1.);
#1152 = LINE('',#1153,#1154);
#1153 = CARTESIAN_POINT('',(74.45,30.,1.541E+03));
#1154 = VECTOR('',#1155,1.);
#1155 = DIRECTION('',(0.,-1.,2.22044604925E-16));
#1156 = PCURVE('',#394,#1157);
#1157 = DEFINITIONAL_REPRESENTATION('',(#1158),#1162);
#1158 = LINE('',#1159,#1160);
#1159 = CARTESIAN_POINT('',(6.28318530718,-0.));
#1160 = VECTOR('',#1161,1.);
#1161 = DIRECTION('',(0.,1.));
#1162 = ( GEOMETRIC_REPRESENTATION_CONTEXT(2) 
PARAMETRIC_REPRESENTATION_CONTEXT() REPRESENTATION_CONTEXT('2D SPACE',''
  ) );
#1163 = PCURVE('',#394,#1164);
#1164 = DEFINITIONAL_REPRESENTATION('',(#1165),#1169);
#1165 = LINE('',#1166,#1167);
#1166 = CARTESIAN_POINT('',(0.,-0.));
#1167 = VECTOR('',#1168,1.);
#1168 = DIRECTION('',(0.,1.));
#1169 = ( GEOMETRIC_REPRESENTATION_CONTEXT(2) 
PARAMETRIC_REPRESENTATION_CONTEXT() REPRESENTATION_CONTEXT('2D SPACE',''
  ) );
#1170 = ORIENTED_EDGE('',*,*,#1171,.T.);
#1171 = EDGE_CURVE('',#1149,#1149,#1172,.T.);
#1172 = SURFACE_CURVE('',#1173,(#1225,#1280),.PCURVE_S1.);
#1173 = B_SPLINE_CURVE_WITH_KNOTS('',8,(#1174,#1175,#1176,#1177,#1178,
    #1179,#1180,#1181,#1182,#1183,#1184,#1185,#1186,#1187,#1188,#1189,
    #1190,#1191,#1192,#1193,#1194,#1195,#1196,#1197,#1198,#1199,#1200,
    #1201,#1202,#1203,#1204,#1205,#1206,#1207,#1208,#1209,#1210,#1211,
    #1212,#1213,#1214,#1215,#1216,#1217,#1218,#1219,#1220,#1221,#1222,
    #1223,#1224),.UNSPECIFIED.,.T.,.F.,(9,7,7,7,7,7,7,9),(0.,
    0.15498659722,0.28659345108,0.411703070489,0.569023448183,
    0.707441802265,0.827760171015,1.),.UNSPECIFIED.);
#1174 = CARTESIAN_POINT('',(74.45,-16.01366603873,1.541E+03));
#1175 = CARTESIAN_POINT('',(74.45,-16.01366603873,1.541255685865E+03));
#1176 = CARTESIAN_POINT('',(74.419503921148,-16.01833148403,
    1.541510961271E+03));
#1177 = CARTESIAN_POINT('',(74.358685337321,-16.02763745783,
    1.541763874288E+03));
#1178 = CARTESIAN_POINT('',(74.266886338409,-16.04134781696,
    1.542012284362E+03));
#1179 = CARTESIAN_POINT('',(74.142893560291,-16.05899629902,
    1.542253399196E+03));
#1180 = CARTESIAN_POINT('',(73.985108131515,-16.07975282556,
    1.542483475854E+03));
#1181 = CARTESIAN_POINT('',(73.79180645898,-16.10226321001,
    1.54269738754E+03));
#1182 = CARTESIAN_POINT('',(73.366284365958,-16.14347571246,
    1.54304941003E+03));
#1183 = CARTESIAN_POINT('',(73.13652107905,-16.16299706591,
    1.543200551807E+03));
#1184 = CARTESIAN_POINT('',(72.875812977353,-16.18111491851,
    1.543327721364E+03));
#1185 = CARTESIAN_POINT('',(72.590521612663,-16.19541757938,
    1.543420887896E+03));
#1186 = CARTESIAN_POINT('',(72.289397086701,-16.20368584933,
    1.54347340733E+03));
#1187 = CARTESIAN_POINT('',(71.982388324326,-16.20490252852,
    1.543482070009E+03));
#1188 = CARTESIAN_POINT('',(71.679709318172,-16.1994152032,
    1.543447231215E+03));
#1189 = CARTESIAN_POINT('',(71.115977711859,-16.17819795958,
    1.54330248954E+03));
#1190 = CARTESIAN_POINT('',(70.862331845629,-16.16331526447,
    1.543198618736E+03));
#1191 = CARTESIAN_POINT('',(70.632194567742,-16.1454019937,
    1.543067833086E+03));
#1192 = CARTESIAN_POINT('',(70.426777757264,-16.12602909836,
    1.54291561229E+03));
#1193 = CARTESIAN_POINT('',(70.246502038385,-16.10657155149,
    1.542746746671E+03));
#1194 = CARTESIAN_POINT('',(70.091231928975,-16.08811619708,
    1.542565476243E+03));
#1195 = CARTESIAN_POINT('',(69.960394433712,-16.0714572538,
    1.542375557787E+03));
#1196 = CARTESIAN_POINT('',(69.718065553844,-16.03905612414,
    1.54193476319E+03));
#1197 = CARTESIAN_POINT('',(69.618870179234,-16.02447304409,
    1.541678310923E+03));
#1198 = CARTESIAN_POINT('',(69.553808838418,-16.01435249854,
    1.541415215251E+03));
#1199 = CARTESIAN_POINT('',(69.521756199935,-16.00923154806,
    1.541148563476E+03));
#1200 = CARTESIAN_POINT('',(69.522165341496,-16.00932542923,
    1.540880936882E+03));
#1201 = CARTESIAN_POINT('',(69.555096122133,-16.01459420243,
    1.540614768151E+03));
#1202 = CARTESIAN_POINT('',(69.621251021409,-16.02472833428,
    1.540352677967E+03));
#1203 = CARTESIAN_POINT('',(69.810733500336,-16.05163966799,
    1.539874099855E+03));
#1204 = CARTESIAN_POINT('',(69.926641020421,-16.06752921037,
    1.539654896779E+03));
#1205 = CARTESIAN_POINT('',(70.070920295765,-16.08626680353,
    1.539443517976E+03));
#1206 = CARTESIAN_POINT('',(70.244714445376,-16.10709299521,
    1.539243700843E+03));
#1207 = CARTESIAN_POINT('',(70.448899220403,-16.12888025382,
    1.539060077797E+03));
#1208 = CARTESIAN_POINT('',(70.683889717952,-16.15004173977,
    1.538898306448E+03));
#1209 = CARTESIAN_POINT('',(70.949258364506,-16.16856088472,
    1.538765324204E+03));
#1210 = CARTESIAN_POINT('',(71.498159837697,-16.1942413338,
    1.538586975304E+03));
#1211 = CARTESIAN_POINT('',(71.77088659834,-16.20238944794,
    1.538533691123E+03));
#1212 = CARTESIAN_POINT('',(72.05344290194,-16.20529458759,
    1.538515978212E+03));
#1213 = CARTESIAN_POINT('',(72.336986091415,-16.2021198432,
    1.538536284135E+03));
#1214 = CARTESIAN_POINT('',(72.612389094632,-16.19308782597,
    1.538593725376E+03));
#1215 = CARTESIAN_POINT('',(72.871113434216,-16.17958946717,
    1.538684182803E+03));
#1216 = CARTESIAN_POINT('',(73.106190660434,-16.1635176148,
    1.538800293763E+03));
#1217 = CARTESIAN_POINT('',(73.608509069346,-16.12267766048,
    1.539119074719E+03));
#1218 = CARTESIAN_POINT('',(73.85692967186,-16.09624894335,
    1.539344504818E+03));
#1219 = CARTESIAN_POINT('',(74.059130654703,-16.07080044982,
    1.539595035051E+03));
#1220 = CARTESIAN_POINT('',(74.217505161496,-16.0487078341,
    1.539862355338E+03));
#1221 = CARTESIAN_POINT('',(74.334345409476,-16.03135955178,
    1.540140500711E+03));
#1222 = CARTESIAN_POINT('',(74.41147541683,-16.01956028232,
    1.540425065363E+03));
#1223 = CARTESIAN_POINT('',(74.45,-16.01366603873,1.540712621829E+03));
#1224 = CARTESIAN_POINT('',(74.45,-16.01366603873,1.541E+03));
#1225 = PCURVE('',#394,#1226);
#1226 = DEFINITIONAL_REPRESENTATION('',(#1227),#1279);
#1227 = B_SPLINE_CURVE_WITH_KNOTS('',8,(#1228,#1229,#1230,#1231,#1232,
    #1233,#1234,#1235,#1236,#1237,#1238,#1239,#1240,#1241,#1242,#1243,
    #1244,#1245,#1246,#1247,#1248,#1249,#1250,#1251,#1252,#1253,#1254,
    #1255,#1256,#1257,#1258,#1259,#1260,#1261,#1262,#1263,#1264,#1265,
    #1266,#1267,#1268,#1269,#1270,#1271,#1272,#1273,#1274,#1275,#1276,
    #1277,#1278),.UNSPECIFIED.,.F.,.F.,(9,7,7,7,7,7,7,9),(0.,
    0.15498659722,0.28659345108,0.411703070489,0.569023448183,
    0.707441802265,0.827760171015,1.),.UNSPECIFIED.);
#1228 = CARTESIAN_POINT('',(0.,46.013666038731));
#1229 = CARTESIAN_POINT('',(0.104361577561,46.013666038731));
#1230 = CARTESIAN_POINT('',(0.208555182278,46.018331484036));
#1231 = CARTESIAN_POINT('',(0.313518604121,46.027637457837));
#1232 = CARTESIAN_POINT('',(0.420081142202,46.041347816961));
#1233 = CARTESIAN_POINT('',(0.529059489434,46.058996299029));
#1234 = CARTESIAN_POINT('',(0.641298649432,46.079752825564));
#1235 = CARTESIAN_POINT('',(0.757745915685,46.102263210011));
#1236 = CARTESIAN_POINT('',(0.983157339273,46.143475712461));
#1237 = CARTESIAN_POINT('',(1.094740041969,46.162997065919));
#1238 = CARTESIAN_POINT('',(1.21150603318,46.181114918511));
#1239 = CARTESIAN_POINT('',(1.331651254928,46.195417579385));
#1240 = CARTESIAN_POINT('',(1.453896554495,46.20368584933));
#1241 = CARTESIAN_POINT('',(1.577140847742,46.20490252852));
#1242 = CARTESIAN_POINT('',(1.700338639612,46.199415203207));
#1243 = CARTESIAN_POINT('',(1.937896489494,46.178197959589));
#1244 = CARTESIAN_POINT('',(2.048716830518,46.163315264477));
#1245 = CARTESIAN_POINT('',(2.155337252482,46.145401993706));
#1246 = CARTESIAN_POINT('',(2.25824728164,46.126029098366));
#1247 = CARTESIAN_POINT('',(2.357818054743,46.106571551498));
#1248 = CARTESIAN_POINT('',(2.454333710826,46.08811619708));
#1249 = CARTESIAN_POINT('',(2.547989664992,46.071457253802));
#1250 = CARTESIAN_POINT('',(2.753301533281,46.039056124146));
#1251 = CARTESIAN_POINT('',(2.864533792704,46.024473044093));
#1252 = CARTESIAN_POINT('',(2.973708370203,46.014352498547));
#1253 = CARTESIAN_POINT('',(3.081702491695,46.009231548064));
#1254 = CARTESIAN_POINT('',(3.189334735034,46.009325429238));
#1255 = CARTESIAN_POINT('',(3.297420609423,46.014594202433));
#1256 = CARTESIAN_POINT('',(3.406824139969,46.024728334288));
#1257 = CARTESIAN_POINT('',(3.616915498323,46.051639667995));
#1258 = CARTESIAN_POINT('',(3.717518139299,46.067529210376));
#1259 = CARTESIAN_POINT('',(3.82086684261,46.086266803535));
#1260 = CARTESIAN_POINT('',(3.927434189712,46.107092995214));
#1261 = CARTESIAN_POINT('',(4.037748483266,46.128880253827));
#1262 = CARTESIAN_POINT('',(4.152417972391,46.150041739776));
#1263 = CARTESIAN_POINT('',(4.272204457317,46.168560884721));
#1264 = CARTESIAN_POINT('',(4.507775544619,46.194241333802));
#1265 = CARTESIAN_POINT('',(4.620365285377,46.202389447944));
#1266 = CARTESIAN_POINT('',(4.734285703727,46.205294587592));
#1267 = CARTESIAN_POINT('',(4.848273136219,46.2021198432));
#1268 = CARTESIAN_POINT('',(4.961138948471,46.193087825977));
#1269 = CARTESIAN_POINT('',(5.07160136836,46.179589467174));
#1270 = CARTESIAN_POINT('',(5.178008769328,46.163517614805));
#1271 = CARTESIAN_POINT('',(5.420838499119,46.122677660489));
#1272 = CARTESIAN_POINT('',(5.555753239594,46.09624894335));
#1273 = CARTESIAN_POINT('',(5.684677887213,46.070800449822));
#1274 = CARTESIAN_POINT('',(5.808985680312,46.048707834106));
#1275 = CARTESIAN_POINT('',(5.92991234905,46.031359551786));
#1276 = CARTESIAN_POINT('',(6.048517605582,46.019560282328));
#1277 = CARTESIAN_POINT('',(6.165888094431,46.013666038731));
#1278 = CARTESIAN_POINT('',(6.28318530718,46.013666038731));
#1279 = ( GEOMETRIC_REPRESENTATION_CONTEXT(2) 
PARAMETRIC_REPRESENTATION_CONTEXT() REPRESENTATION_CONTEXT('2D SPACE',''
  ) );
#1280 = PCURVE('',#909,#1281);
#1281 = DEFINITIONAL_REPRESENTATION('',(#1282),#1334);
#1282 = B_SPLINE_CURVE_WITH_KNOTS('',8,(#1283,#1284,#1285,#1286,#1287,
    #1288,#1289,#1290,#1291,#1292,#1293,#1294,#1295,#1296,#1297,#1298,
    #1299,#1300,#1301,#1302,#1303,#1304,#1305,#1306,#1307,#1308,#1309,
    #1310,#1311,#1312,#1313,#1314,#1315,#1316,#1317,#1318,#1319,#1320,
    #1321,#1322,#1323,#1324,#1325,#1326,#1327,#1328,#1329,#1330,#1331,
    #1332,#1333),.UNSPECIFIED.,.T.,.F.,(9,7,7,7,7,7,7,9),(0.,
    0.15498659722,0.28659345108,0.411703070489,0.569023448183,
    0.707441802265,0.827760171015,1.),.UNSPECIFIED.);
#1283 = CARTESIAN_POINT('',(4.864206067438,61.));
#1284 = CARTESIAN_POINT('',(4.864206067438,61.255685865025));
#1285 = CARTESIAN_POINT('',(4.862301691645,61.510961271352));
#1286 = CARTESIAN_POINT('',(4.858503762829,61.763874287814));
#1287 = CARTESIAN_POINT('',(4.852774351275,62.012284362488));
#1288 = CARTESIAN_POINT('',(4.845043730073,62.253399195884));
#1289 = CARTESIAN_POINT('',(4.835221301083,62.483475854083));
#1290 = CARTESIAN_POINT('',(4.823210721295,62.697387540476));
#1291 = CARTESIAN_POINT('',(4.796821018614,63.049410030425));
#1292 = CARTESIAN_POINT('',(4.782587995235,63.200551806705));
#1293 = CARTESIAN_POINT('',(4.766459301192,63.327721363793));
#1294 = CARTESIAN_POINT('',(4.748833594331,63.420887896215));
#1295 = CARTESIAN_POINT('',(4.730248748637,63.473407330014));
#1296 = CARTESIAN_POINT('',(4.711305111585,63.482070008835));
#1297 = CARTESIAN_POINT('',(4.692621708822,63.447231215247));
#1298 = CARTESIAN_POINT('',(4.657798823441,63.302489539785));
#1299 = CARTESIAN_POINT('',(4.642118203697,63.198618735894));
#1300 = CARTESIAN_POINT('',(4.627873183963,63.06783308571));
#1301 = CARTESIAN_POINT('',(4.615139599908,62.915612290466));
#1302 = CARTESIAN_POINT('',(4.603948201926,62.746746670864));
#1303 = CARTESIAN_POINT('',(4.594296765827,62.565476242672));
#1304 = CARTESIAN_POINT('',(4.586155327189,62.375557786545));
#1305 = CARTESIAN_POINT('',(4.571063634769,61.934763190444));
#1306 = CARTESIAN_POINT('',(4.564875168504,61.678310922649));
#1307 = CARTESIAN_POINT('',(4.560810786001,61.415215251469));
#1308 = CARTESIAN_POINT('',(4.558807034977,61.148563475817));
#1309 = CARTESIAN_POINT('',(4.558832946092,60.880936881763));
#1310 = CARTESIAN_POINT('',(4.560891600169,60.614768151106));
#1311 = CARTESIAN_POINT('',(4.565022631651,60.352677966907));
#1312 = CARTESIAN_POINT('',(4.576836457884,59.874099854937));
#1313 = CARTESIAN_POINT('',(4.584058090135,59.654896778812));
#1314 = CARTESIAN_POINT('',(4.59303857275,59.44351797611));
#1315 = CARTESIAN_POINT('',(4.603842311754,59.243700843293));
#1316 = CARTESIAN_POINT('',(4.616515285394,59.060077796867));
#1317 = CARTESIAN_POINT('',(4.631075236707,58.898306447753));
#1318 = CARTESIAN_POINT('',(4.647491529789,58.76532420364));
#1319 = CARTESIAN_POINT('',(4.681411398735,58.586975303709));
#1320 = CARTESIAN_POINT('',(4.698251488517,58.533691122526));
#1321 = CARTESIAN_POINT('',(4.715688580785,58.515978211796));
#1322 = CARTESIAN_POINT('',(4.733184169803,58.536284135291));
#1323 = CARTESIAN_POINT('',(4.750186763071,58.593725375912));
#1324 = CARTESIAN_POINT('',(4.766175625287,58.684182802698));
#1325 = CARTESIAN_POINT('',(4.780719230197,58.800293763019));
#1326 = CARTESIAN_POINT('',(4.811828852308,59.119074718826));
#1327 = CARTESIAN_POINT('',(4.827245222875,59.344504818088));
#1328 = CARTESIAN_POINT('',(4.839822401257,59.595035050741));
#1329 = CARTESIAN_POINT('',(4.849692516647,59.862355338026));
#1330 = CARTESIAN_POINT('',(4.856983816434,60.140500711371));
#1331 = CARTESIAN_POINT('',(4.861800337541,60.425065362633));
#1332 = CARTESIAN_POINT('',(4.864206067438,60.712621828766));
#1333 = CARTESIAN_POINT('',(4.864206067438,61.));
#1334 = ( GEOMETRIC_REPRESENTATION_CONTEXT(2) 
PARAMETRIC_REPRESENTATION_CONTEXT() REPRESENTATION_CONTEXT('2D SPACE',''
  ) );
#1335 = ORIENTED_EDGE('',*,*,#1148,.T.);
#1336 = ADVANCED_FACE('',(#1337),#596,.F.);
#1337 = FACE_BOUND('',#1338,.F.);
#1338 = EDGE_LOOP('',(#1339,#1548,#1569,#1570));
#1339 = ORIENTED_EDGE('',*,*,#1340,.F.);
#1340 = EDGE_CURVE('',#1341,#1341,#1343,.T.);
#1341 = VERTEX_POINT('',#1342);
#1342 = CARTESIAN_POINT('',(75.25,15.870649010044,1.631E+03));
#1343 = SURFACE_CURVE('',#1344,(#1410,#1479),.PCURVE_S1.);
#1344 = B_SPLINE_CURVE_WITH_KNOTS('',8,(#1345,#1346,#1347,#1348,#1349,
    #1350,#1351,#1352,#1353,#1354,#1355,#1356,#1357,#1358,#1359,#1360,
    #1361,#1362,#1363,#1364,#1365,#1366,#1367,#1368,#1369,#1370,#1371,
    #1372,#1373,#1374,#1375,#1376,#1377,#1378,#1379,#1380,#1381,#1382,
    #1383,#1384,#1385,#1386,#1387,#1388,#1389,#1390,#1391,#1392,#1393,
    #1394,#1395,#1396,#1397,#1398,#1399,#1400,#1401,#1402,#1403,#1404,
    #1405,#1406,#1407,#1408,#1409),.UNSPECIFIED.,.T.,.F.,(9,7,7,7,7,7,7,
    7,7,9),(0.,9.936818368847E-02,0.197359793829,0.288346783977,
    0.393000159038,0.601535543705,0.7063383293,0.797455218422,
    0.895586730151,1.),.UNSPECIFIED.);
#1345 = CARTESIAN_POINT('',(75.25,15.870649010044,1.631E+03));
#1346 = CARTESIAN_POINT('',(75.25,15.870649010044,1.631235637432E+03));
#1347 = CARTESIAN_POINT('',(75.230475196675,15.87464716251,
    1.631471250227E+03));
#1348 = CARTESIAN_POINT('',(75.191430646583,15.88264309996,
    1.631704965779E+03));
#1349 = CARTESIAN_POINT('',(75.133088766734,15.894450033367,
    1.631934911054E+03));
#1350 = CARTESIAN_POINT('',(75.055880845278,15.909699954941,
    1.632159241844E+03));
#1351 = CARTESIAN_POINT('',(74.960445675196,15.927865055806,
    1.632376168049E+03));
#1352 = CARTESIAN_POINT('',(74.847635311014,15.948295358567,
    1.632583974976E+03));
#1353 = CARTESIAN_POINT('',(74.591209144255,15.991945314963,
    1.632975376319E+03));
#1354 = CARTESIAN_POINT('',(74.445098734869,16.015623170734,
    1.633163759696E+03));
#1355 = CARTESIAN_POINT('',(74.27962369482,16.040793858739,
    1.633344288165E+03));
#1356 = CARTESIAN_POINT('',(74.094313867863,16.066776409774,
    1.633514753162E+03));
#1357 = CARTESIAN_POINT('',(73.888850991273,16.092709551497,
    1.633672609722E+03));
#1358 = CARTESIAN_POINT('',(73.663141976318,16.117542419958,
    1.633814927635E+03));
#1359 = CARTESIAN_POINT('',(73.417431114974,16.140057395281,
    1.633938314731E+03));
#1360 = CARTESIAN_POINT('',(72.906440851493,16.17650151249,
    1.634132107776E+03));
#1361 = CARTESIAN_POINT('',(72.643044148855,16.190983996098,
    1.634205963448E+03));
#1362 = CARTESIAN_POINT('',(72.366997429019,16.201023532494,
    1.634255338232E+03));
#1363 = CARTESIAN_POINT('',(72.083771889619,16.205539934621,
    1.634277113838E+03));
#1364 = CARTESIAN_POINT('',(71.799259359617,16.204048997384,
    1.63427003391E+03));
#1365 = CARTESIAN_POINT('',(71.519415074889,16.196784340816,
    1.634234687219E+03));
#1366 = CARTESIAN_POINT('',(71.249893026718,16.184628682218,
    1.634173527699E+03));
#1367 = CARTESIAN_POINT('',(70.70331554311,16.150678773439,
    1.633995933909E+03));
#1368 = CARTESIAN_POINT('',(70.432106280454,16.127767229876,
    1.633872868314E+03));
#1369 = CARTESIAN_POINT('',(70.183345706372,16.101694758723,
    1.633726709089E+03));
#1370 = CARTESIAN_POINT('',(69.957590670783,16.074000735011,
    1.633561719251E+03));
#1371 = CARTESIAN_POINT('',(69.754910066509,16.046029601575,
    1.633381605906E+03));
#1372 = CARTESIAN_POINT('',(69.575036016701,16.018882553135,
    1.63318961787E+03));
#1373 = CARTESIAN_POINT('',(69.417456308587,15.993420385325,
    1.632988603011E+03));
#1374 = CARTESIAN_POINT('',(69.010505832262,15.924147538598,
    1.632367445799E+03));
#1375 = CARTESIAN_POINT('',(68.823089096991,15.886838293601,
    1.63192450179E+03));
#1376 = CARTESIAN_POINT('',(68.712862372804,15.863033407574,
    1.63146605323E+03));
#1377 = CARTESIAN_POINT('',(68.676369406438,15.854842445249,
    1.631000288744E+03));
#1378 = CARTESIAN_POINT('',(68.712649964838,15.862978315816,
    1.630534223021E+03));
#1379 = CARTESIAN_POINT('',(68.823029764471,15.886843416573,
    1.63007514403E+03));
#1380 = CARTESIAN_POINT('',(69.010892131225,15.924213296056,
    1.629631964566E+03));
#1381 = CARTESIAN_POINT('',(69.417456308588,15.993420385325,
    1.629011396989E+03));
#1382 = CARTESIAN_POINT('',(69.575036016701,16.018882553135,
    1.62881038213E+03));
#1383 = CARTESIAN_POINT('',(69.754910066509,16.046029601575,
    1.628618394094E+03));
#1384 = CARTESIAN_POINT('',(69.957590670783,16.074000735011,
    1.628438280749E+03));
#1385 = CARTESIAN_POINT('',(70.183345706372,16.101694758723,
    1.628273290911E+03));
#1386 = CARTESIAN_POINT('',(70.432106280454,16.127767229876,
    1.628127131686E+03));
#1387 = CARTESIAN_POINT('',(70.70331554311,16.150678773439,
    1.628004066091E+03));
#1388 = CARTESIAN_POINT('',(71.249893025422,16.184628682138,
    1.627826472302E+03));
#1389 = CARTESIAN_POINT('',(71.519415077123,16.196784341001,
    1.62776531278E+03));
#1390 = CARTESIAN_POINT('',(71.799259359577,16.204048997216,
    1.627729966091E+03));
#1391 = CARTESIAN_POINT('',(72.083771887589,16.205539934628,
    1.627722886162E+03));
#1392 = CARTESIAN_POINT('',(72.366997429053,16.201023532663,
    1.627744661767E+03));
#1393 = CARTESIAN_POINT('',(72.643044150963,16.190983995898,
    1.627794036553E+03));
#1394 = CARTESIAN_POINT('',(72.906440850268,16.176501512577,
    1.627867892224E+03));
#1395 = CARTESIAN_POINT('',(73.417431122666,16.140057394732,
    1.628061685272E+03));
#1396 = CARTESIAN_POINT('',(73.663141962212,16.117542420887,
    1.628185072361E+03));
#1397 = CARTESIAN_POINT('',(73.888850995003,16.092709551615,
    1.628327390275E+03));
#1398 = CARTESIAN_POINT('',(74.094313876932,16.066776408781,
    1.628485246845E+03));
#1399 = CARTESIAN_POINT('',(74.279623691035,16.040793858608,
    1.628655711838E+03));
#1400 = CARTESIAN_POINT('',(74.445098729484,16.015623171917,
    1.628836240293E+03));
#1401 = CARTESIAN_POINT('',(74.591209148083,15.991945314311,
    1.629024623687E+03));
#1402 = CARTESIAN_POINT('',(74.853996892546,15.947212463011,
    1.629425735154E+03));
#1403 = CARTESIAN_POINT('',(74.96866563975,15.926341607559,
    1.629639973673E+03));
#1404 = CARTESIAN_POINT('',(75.063215612608,15.908262913101,
    1.629859854073E+03));
#1405 = CARTESIAN_POINT('',(75.138232642757,15.893409412993,
    1.630083916394E+03));
#1406 = CARTESIAN_POINT('',(75.194181976949,15.882079274874,
    1.63031095689E+03));
#1407 = CARTESIAN_POINT('',(75.231385332181,15.874461029111,
    1.630539939254E+03));
#1408 = CARTESIAN_POINT('',(75.25,15.870649010044,1.630769921714E+03));
#1409 = CARTESIAN_POINT('',(75.25,15.870649010044,1.631E+03));
#1410 = PCURVE('',#596,#1411);
#1411 = DEFINITIONAL_REPRESENTATION('',(#1412),#1478);
#1412 = B_SPLINE_CURVE_WITH_KNOTS('',8,(#1413,#1414,#1415,#1416,#1417,
    #1418,#1419,#1420,#1421,#1422,#1423,#1424,#1425,#1426,#1427,#1428,
    #1429,#1430,#1431,#1432,#1433,#1434,#1435,#1436,#1437,#1438,#1439,
    #1440,#1441,#1442,#1443,#1444,#1445,#1446,#1447,#1448,#1449,#1450,
    #1451,#1452,#1453,#1454,#1455,#1456,#1457,#1458,#1459,#1460,#1461,
    #1462,#1463,#1464,#1465,#1466,#1467,#1468,#1469,#1470,#1471,#1472,
    #1473,#1474,#1475,#1476,#1477),.UNSPECIFIED.,.F.,.F.,(9,7,7,7,7,7,7,
    7,7,9),(0.,9.936818368847E-02,0.197359793829,0.288346783977,
    0.393000159038,0.601535543705,0.7063383293,0.797455218422,
    0.895586730151,1.),.UNSPECIFIED.);
#1413 = CARTESIAN_POINT('',(0.,14.129350989956));
#1414 = CARTESIAN_POINT('',(7.250382530788E-02,14.129350989956));
#1415 = CARTESIAN_POINT('',(0.144999958337,14.12535283749));
#1416 = CARTESIAN_POINT('',(0.217493476324,14.11735690004));
#1417 = CARTESIAN_POINT('',(0.289987640011,14.105549966633));
#1418 = CARTESIAN_POINT('',(0.362485841932,14.090300045059));
#1419 = CARTESIAN_POINT('',(0.434990156229,14.072134944194));
#1420 = CARTESIAN_POINT('',(0.507496489979,14.051704641433));
#1421 = CARTESIAN_POINT('',(0.651471961239,14.008054685037));
#1422 = CARTESIAN_POINT('',(0.724594154391,13.984376829266));
#1423 = CARTESIAN_POINT('',(0.799516998371,13.959206141261));
#1424 = CARTESIAN_POINT('',(0.87641384975,13.933223590226));
#1425 = CARTESIAN_POINT('',(0.955483946133,13.907290448503));
#1426 = CARTESIAN_POINT('',(1.036957816857,13.882457580042));
#1427 = CARTESIAN_POINT('',(1.121110912268,13.859942604719));
#1428 = CARTESIAN_POINT('',(1.289266037496,13.82349848751));
#1429 = CARTESIAN_POINT('',(1.373102921157,13.809016003902));
#1430 = CARTESIAN_POINT('',(1.458716492289,13.798976467506));
#1431 = CARTESIAN_POINT('',(1.545243692988,13.794460065379));
#1432 = CARTESIAN_POINT('',(1.631929458937,13.795951002616));
#1433 = CARTESIAN_POINT('',(1.718029495525,13.803215659184));
#1434 = CARTESIAN_POINT('',(1.802715633319,13.815371317782));
#1435 = CARTESIAN_POINT('',(1.979548118437,13.849321226561));
#1436 = CARTESIAN_POINT('',(2.070614308192,13.872232770124));
#1437 = CARTESIAN_POINT('',(2.158596063633,13.898305241277));
#1438 = CARTESIAN_POINT('',(2.243813740497,13.925999264989));
#1439 = CARTESIAN_POINT('',(2.326526193637,13.953970398425));
#1440 = CARTESIAN_POINT('',(2.406948193566,13.981117446865));
#1441 = CARTESIAN_POINT('',(2.485255304889,14.006579614675));
#1442 = CARTESIAN_POINT('',(2.713745584758,14.075852461402));
#1443 = CARTESIAN_POINT('',(2.859351945093,14.113161706399));
#1444 = CARTESIAN_POINT('',(3.001289163331,14.136966592426));
#1445 = CARTESIAN_POINT('',(3.141509997815,14.145157554751));
#1446 = CARTESIAN_POINT('',(3.281812254064,14.137021684184));
#1447 = CARTESIAN_POINT('',(3.423914432685,14.113156583427));
#1448 = CARTESIAN_POINT('',(3.569656617507,14.075786703944));
#1449 = CARTESIAN_POINT('',(3.797930002291,14.006579614675));
#1450 = CARTESIAN_POINT('',(3.876237113613,13.981117446865));
#1451 = CARTESIAN_POINT('',(3.956659113543,13.953970398425));
#1452 = CARTESIAN_POINT('',(4.039371566683,13.925999264989));
#1453 = CARTESIAN_POINT('',(4.124589243547,13.898305241277));
#1454 = CARTESIAN_POINT('',(4.212570998988,13.872232770124));
#1455 = CARTESIAN_POINT('',(4.303637188743,13.849321226561));
#1456 = CARTESIAN_POINT('',(4.480469673441,13.815371317862));
#1457 = CARTESIAN_POINT('',(4.565155812369,13.803215658999));
#1458 = CARTESIAN_POINT('',(4.651255848238,13.795951002784));
#1459 = CARTESIAN_POINT('',(4.737941613538,13.794460065372));
#1460 = CARTESIAN_POINT('',(4.824468814897,13.798976467337));
#1461 = CARTESIAN_POINT('',(4.910082386711,13.809016004102));
#1462 = CARTESIAN_POINT('',(4.99391926928,13.823498487423));
#1463 = CARTESIAN_POINT('',(5.162074397442,13.859942605268));
#1464 = CARTESIAN_POINT('',(5.246227485953,13.882457579113));
#1465 = CARTESIAN_POINT('',(5.327701361379,13.907290448385));
#1466 = CARTESIAN_POINT('',(5.406771461102,13.933223591219));
#1467 = CARTESIAN_POINT('',(5.483668308449,13.959206141392));
#1468 = CARTESIAN_POINT('',(5.558591149261,13.984376828083));
#1469 = CARTESIAN_POINT('',(5.63171334809,14.008054685689));
#1470 = CARTESIAN_POINT('',(5.779260651193,14.052787536989));
#1471 = CARTESIAN_POINT('',(5.853736151169,14.073658392441));
#1472 = CARTESIAN_POINT('',(5.926940359145,14.091737086899));
#1473 = CARTESIAN_POINT('',(5.999152763308,14.106590587007));
#1474 = CARTESIAN_POINT('',(6.070631938018,14.117920725126));
#1475 = CARTESIAN_POINT('',(6.14162785052,14.125538970889));
#1476 = CARTESIAN_POINT('',(6.212391988317,14.129350989956));
#1477 = CARTESIAN_POINT('',(6.28318530718,14.129350989956));
#1478 = ( GEOMETRIC_REPRESENTATION_CONTEXT(2) 
PARAMETRIC_REPRESENTATION_CONTEXT() REPRESENTATION_CONTEXT('2D SPACE',''
  ) );
#1479 = PCURVE('',#909,#1480);
#1480 = DEFINITIONAL_REPRESENTATION('',(#1481),#1547);
#1481 = B_SPLINE_CURVE_WITH_KNOTS('',8,(#1482,#1483,#1484,#1485,#1486,
    #1487,#1488,#1489,#1490,#1491,#1492,#1493,#1494,#1495,#1496,#1497,
    #1498,#1499,#1500,#1501,#1502,#1503,#1504,#1505,#1506,#1507,#1508,
    #1509,#1510,#1511,#1512,#1513,#1514,#1515,#1516,#1517,#1518,#1519,
    #1520,#1521,#1522,#1523,#1524,#1525,#1526,#1527,#1528,#1529,#1530,
    #1531,#1532,#1533,#1534,#1535,#1536,#1537,#1538,#1539,#1540,#1541,
    #1542,#1543,#1544,#1545,#1546),.UNSPECIFIED.,.T.,.F.,(9,7,7,7,7,7,7,
    7,7,9),(0.,9.936818368847E-02,0.197359793829,0.288346783977,
    0.393000159038,0.601535543705,0.7063383293,0.797455218422,
    0.895586730151,1.),.UNSPECIFIED.);
#1482 = CARTESIAN_POINT('',(1.368808352654,151.));
#1483 = CARTESIAN_POINT('',(1.368808352654,151.23563743225));
#1484 = CARTESIAN_POINT('',(1.370038590292,151.4712502267));
#1485 = CARTESIAN_POINT('',(1.372498784614,151.70496577938));
#1486 = CARTESIAN_POINT('',(1.376173126368,151.93491105407));
#1487 = CARTESIAN_POINT('',(1.381030989521,152.15924184371));
#1488 = CARTESIAN_POINT('',(1.387027502502,152.3761680493));
#1489 = CARTESIAN_POINT('',(1.394103979174,152.58397497638));
#1490 = CARTESIAN_POINT('',(1.410160446947,152.9753763189));
#1491 = CARTESIAN_POINT('',(1.419296983391,153.16375969628));
#1492 = CARTESIAN_POINT('',(1.429628139906,153.34428816543));
#1493 = CARTESIAN_POINT('',(1.441177231562,153.51475316228));
#1494 = CARTESIAN_POINT('',(1.453957980886,153.67260972152));
#1495 = CARTESIAN_POINT('',(1.467971114381,153.81492763481));
#1496 = CARTESIAN_POINT('',(1.483198891484,153.93831473097));
#1497 = CARTESIAN_POINT('',(1.514821621276,154.13210777583));
#1498 = CARTESIAN_POINT('',(1.531103077945,154.20596344815));
#1499 = CARTESIAN_POINT('',(1.548149302473,154.25533823248));
#1500 = CARTESIAN_POINT('',(1.565627130667,154.27711383768));
#1501 = CARTESIAN_POINT('',(1.583182254112,154.2700339101));
#1502 = CARTESIAN_POINT('',(1.6004570843,154.23468721891));
#1503 = CARTESIAN_POINT('',(1.61710876522,154.17352769887));
#1504 = CARTESIAN_POINT('',(1.65091313834,153.99593390893));
#1505 = CARTESIAN_POINT('',(1.667709922904,153.87286831422));
#1506 = CARTESIAN_POINT('',(1.683144779982,153.72670908943));
#1507 = CARTESIAN_POINT('',(1.697181062581,153.56171925132));
#1508 = CARTESIAN_POINT('',(1.709808630794,153.38160590578));
#1509 = CARTESIAN_POINT('',(1.721036644644,153.1896178704));
#1510 = CARTESIAN_POINT('',(1.73088960771,152.9886030107));
#1511 = CARTESIAN_POINT('',(1.756371356671,152.3674457989));
#1512 = CARTESIAN_POINT('',(1.768162714723,151.92450178991));
#1513 = CARTESIAN_POINT('',(1.775124340193,151.46605323005));
#1514 = CARTESIAN_POINT('',(1.77743328203,151.00028874433));
#1515 = CARTESIAN_POINT('',(1.775137846764,150.53422302102));
#1516 = CARTESIAN_POINT('',(1.768166263888,150.07514403033));
#1517 = CARTESIAN_POINT('',(1.756347168044,149.63196456574));
#1518 = CARTESIAN_POINT('',(1.73088960771,149.0113969893));
#1519 = CARTESIAN_POINT('',(1.721036644644,148.81038212959));
#1520 = CARTESIAN_POINT('',(1.709808630794,148.61839409421));
#1521 = CARTESIAN_POINT('',(1.697181062581,148.43828074867));
#1522 = CARTESIAN_POINT('',(1.683144779982,148.27329091056));
#1523 = CARTESIAN_POINT('',(1.667709922904,148.12713168577));
#1524 = CARTESIAN_POINT('',(1.65091313834,148.00406609106));
#1525 = CARTESIAN_POINT('',(1.6171087653,147.82647230154));
#1526 = CARTESIAN_POINT('',(1.600457084162,147.76531278011));
#1527 = CARTESIAN_POINT('',(1.583182254114,147.72996609078));
#1528 = CARTESIAN_POINT('',(1.565627130792,147.72288616227));
#1529 = CARTESIAN_POINT('',(1.548149302471,147.74466176662));
#1530 = CARTESIAN_POINT('',(1.531103077815,147.7940365529));
#1531 = CARTESIAN_POINT('',(1.514821621352,147.8678922237));
#1532 = CARTESIAN_POINT('',(1.483198891008,148.06168527194));
#1533 = CARTESIAN_POINT('',(1.467971115253,148.18507236103));
#1534 = CARTESIAN_POINT('',(1.453957980658,148.32739027545));
#1535 = CARTESIAN_POINT('',(1.441177230998,148.48524684474));
#1536 = CARTESIAN_POINT('',(1.429628140138,148.65571183759));
#1537 = CARTESIAN_POINT('',(1.41929698373,148.83624029281));
#1538 = CARTESIAN_POINT('',(1.410160446707,149.02462368693));
#1539 = CARTESIAN_POINT('',(1.393705640229,149.42573515415));
#1540 = CARTESIAN_POINT('',(1.386511498962,149.6399736727));
#1541 = CARTESIAN_POINT('',(1.380569657222,149.85985407321));
#1542 = CARTESIAN_POINT('',(1.375849167446,150.0839163938));
#1543 = CARTESIAN_POINT('',(1.372325404945,150.31095688972));
#1544 = CARTESIAN_POINT('',(1.369981256073,150.53993925408));
#1545 = CARTESIAN_POINT('',(1.368808352654,150.76992171369));
#1546 = CARTESIAN_POINT('',(1.368808352654,151.));
#1547 = ( GEOMETRIC_REPRESENTATION_CONTEXT(2) 
PARAMETRIC_REPRESENTATION_CONTEXT() REPRESENTATION_CONTEXT('2D SPACE',''
  ) );
#1548 = ORIENTED_EDGE('',*,*,#1549,.F.);
#1549 = EDGE_CURVE('',#457,#1341,#1550,.T.);
#1550 = SEAM_CURVE('',#1551,(#1555,#1562),.PCURVE_S1.);
#1551 = LINE('',#1552,#1553);
#1552 = CARTESIAN_POINT('',(75.25,30.,1.631E+03));
#1553 = VECTOR('',#1554,1.);
#1554 = DIRECTION('',(0.,-1.,2.22044604925E-16));
#1555 = PCURVE('',#596,#1556);
#1556 = DEFINITIONAL_REPRESENTATION('',(#1557),#1561);
#1557 = LINE('',#1558,#1559);
#1558 = CARTESIAN_POINT('',(6.28318530718,-0.));
#1559 = VECTOR('',#1560,1.);
#1560 = DIRECTION('',(0.,1.));
#1561 = ( GEOMETRIC_REPRESENTATION_CONTEXT(2) 
PARAMETRIC_REPRESENTATION_CONTEXT() REPRESENTATION_CONTEXT('2D SPACE',''
  ) );
#1562 = PCURVE('',#596,#1563);
#1563 = DEFINITIONAL_REPRESENTATION('',(#1564),#1568);
#1564 = LINE('',#1565,#1566);
#1565 = CARTESIAN_POINT('',(0.,-0.));
#1566 = VECTOR('',#1567,1.);
#1567 = DIRECTION('',(0.,1.));
#1568 = ( GEOMETRIC_REPRESENTATION_CONTEXT(2) 
PARAMETRIC_REPRESENTATION_CONTEXT() REPRESENTATION_CONTEXT('2D SPACE',''
  ) );
#1569 = ORIENTED_EDGE('',*,*,#456,.T.);
#1570 = ORIENTED_EDGE('',*,*,#1549,.T.);
#1571 = ADVANCED_FACE('',(#1572),#812,.F.);
#1572 = FACE_BOUND('',#1573,.F.);
#1573 = EDGE_LOOP('',(#1574,#1575,#1598,#1805));
#1574 = ORIENTED_EDGE('',*,*,#672,.F.);
#1575 = ORIENTED_EDGE('',*,*,#1576,.F.);
#1576 = EDGE_CURVE('',#1577,#673,#1579,.T.);
#1577 = VERTEX_POINT('',#1578);
#1578 = CARTESIAN_POINT('',(75.25,-15.87064901004,1.631E+03));
#1579 = SEAM_CURVE('',#1580,(#1584,#1591),.PCURVE_S1.);
#1580 = LINE('',#1581,#1582);
#1581 = CARTESIAN_POINT('',(75.25,30.,1.631E+03));
#1582 = VECTOR('',#1583,1.);
#1583 = DIRECTION('',(0.,-1.,2.22044604925E-16));
#1584 = PCURVE('',#812,#1585);
#1585 = DEFINITIONAL_REPRESENTATION('',(#1586),#1590);
#1586 = LINE('',#1587,#1588);
#1587 = CARTESIAN_POINT('',(6.28318530718,-0.));
#1588 = VECTOR('',#1589,1.);
#1589 = DIRECTION('',(0.,1.));
#1590 = ( GEOMETRIC_REPRESENTATION_CONTEXT(2) 
PARAMETRIC_REPRESENTATION_CONTEXT() REPRESENTATION_CONTEXT('2D SPACE',''
  ) );
#1591 = PCURVE('',#812,#1592);
#1592 = DEFINITIONAL_REPRESENTATION('',(#1593),#1597);
#1593 = LINE('',#1594,#1595);
#1594 = CARTESIAN_POINT('',(0.,-0.));
#1595 = VECTOR('',#1596,1.);
#1596 = DIRECTION('',(0.,1.));
#1597 = ( GEOMETRIC_REPRESENTATION_CONTEXT(2) 
PARAMETRIC_REPRESENTATION_CONTEXT() REPRESENTATION_CONTEXT('2D SPACE',''
  ) );
#1598 = ORIENTED_EDGE('',*,*,#1599,.T.);
#1599 = EDGE_CURVE('',#1577,#1577,#1600,.T.);
#1600 = SURFACE_CURVE('',#1601,(#1667,#1736),.PCURVE_S1.);
#1601 = B_SPLINE_CURVE_WITH_KNOTS('',8,(#1602,#1603,#1604,#1605,#1606,
    #1607,#1608,#1609,#1610,#1611,#1612,#1613,#1614,#1615,#1616,#1617,
    #1618,#1619,#1620,#1621,#1622,#1623,#1624,#1625,#1626,#1627,#1628,
    #1629,#1630,#1631,#1632,#1633,#1634,#1635,#1636,#1637,#1638,#1639,
    #1640,#1641,#1642,#1643,#1644,#1645,#1646,#1647,#1648,#1649,#1650,
    #1651,#1652,#1653,#1654,#1655,#1656,#1657,#1658,#1659,#1660,#1661,
    #1662,#1663,#1664,#1665,#1666),.UNSPECIFIED.,.T.,.F.,(9,7,7,7,7,7,7,
    7,7,9),(0.,9.936818932245E-02,0.197359802073,0.288346792003,
    0.393000166813,0.60153555098,0.706338336356,0.797455225774,
    0.895586735462,1.),.UNSPECIFIED.);
#1602 = CARTESIAN_POINT('',(75.25,-15.87064901004,1.631E+03));
#1603 = CARTESIAN_POINT('',(75.25,-15.87064901004,1.631235637432E+03));
#1604 = CARTESIAN_POINT('',(75.230475196675,-15.87464716251,
    1.631471250227E+03));
#1605 = CARTESIAN_POINT('',(75.191430646583,-15.88264309996,
    1.631704965779E+03));
#1606 = CARTESIAN_POINT('',(75.133088766734,-15.89445003336,
    1.631934911054E+03));
#1607 = CARTESIAN_POINT('',(75.055880845278,-15.90969995494,
    1.632159241844E+03));
#1608 = CARTESIAN_POINT('',(74.960445675196,-15.9278650558,
    1.632376168049E+03));
#1609 = CARTESIAN_POINT('',(74.847635311014,-15.94829535856,
    1.632583974976E+03));
#1610 = CARTESIAN_POINT('',(74.591209148083,-15.99194531431,
    1.632975376313E+03));
#1611 = CARTESIAN_POINT('',(74.445098729484,-16.01562317191,
    1.633163759707E+03));
#1612 = CARTESIAN_POINT('',(74.279623691036,-16.0407938586,
    1.633344288162E+03));
#1613 = CARTESIAN_POINT('',(74.094313876932,-16.06677640878,
    1.633514753155E+03));
#1614 = CARTESIAN_POINT('',(73.888850995003,-16.09270955161,
    1.633672609725E+03));
#1615 = CARTESIAN_POINT('',(73.663141962212,-16.11754242088,
    1.633814927639E+03));
#1616 = CARTESIAN_POINT('',(73.417431122666,-16.14005739473,
    1.633938314728E+03));
#1617 = CARTESIAN_POINT('',(72.906440851493,-16.17650151249,
    1.634132107776E+03));
#1618 = CARTESIAN_POINT('',(72.643044148855,-16.19098399609,
    1.634205963448E+03));
#1619 = CARTESIAN_POINT('',(72.366997429019,-16.20102353249,
    1.634255338232E+03));
#1620 = CARTESIAN_POINT('',(72.083771889619,-16.20553993462,
    1.634277113838E+03));
#1621 = CARTESIAN_POINT('',(71.799259359617,-16.20404899738,
    1.63427003391E+03));
#1622 = CARTESIAN_POINT('',(71.519415074889,-16.19678434081,
    1.634234687219E+03));
#1623 = CARTESIAN_POINT('',(71.249893026718,-16.18462868221,
    1.634173527699E+03));
#1624 = CARTESIAN_POINT('',(70.70331554311,-16.15067877343,
    1.633995933909E+03));
#1625 = CARTESIAN_POINT('',(70.432106280454,-16.12776722987,
    1.633872868314E+03));
#1626 = CARTESIAN_POINT('',(70.183345706372,-16.10169475872,
    1.633726709089E+03));
#1627 = CARTESIAN_POINT('',(69.957590670783,-16.07400073501,
    1.633561719251E+03));
#1628 = CARTESIAN_POINT('',(69.754910066509,-16.04602960157,
    1.633381605906E+03));
#1629 = CARTESIAN_POINT('',(69.575036016701,-16.01888255313,
    1.63318961787E+03));
#1630 = CARTESIAN_POINT('',(69.417456308588,-15.99342038532,
    1.632988603011E+03));
#1631 = CARTESIAN_POINT('',(69.010505832262,-15.92414753859,
    1.632367445799E+03));
#1632 = CARTESIAN_POINT('',(68.823089096992,-15.8868382936,
    1.63192450179E+03));
#1633 = CARTESIAN_POINT('',(68.712862372803,-15.86303340757,
    1.63146605323E+03));
#1634 = CARTESIAN_POINT('',(68.676369406438,-15.85484244524,
    1.631000288744E+03));
#1635 = CARTESIAN_POINT('',(68.712649964837,-15.86297831581,
    1.630534223021E+03));
#1636 = CARTESIAN_POINT('',(68.823029764471,-15.88684341657,
    1.63007514403E+03));
#1637 = CARTESIAN_POINT('',(69.010892131225,-15.92421329605,
    1.629631964566E+03));
#1638 = CARTESIAN_POINT('',(69.417456308629,-15.99342038533,
    1.629011396989E+03));
#1639 = CARTESIAN_POINT('',(69.575036016723,-16.01888255313,
    1.62881038213E+03));
#1640 = CARTESIAN_POINT('',(69.754910066484,-16.04602960157,
    1.628618394094E+03));
#1641 = CARTESIAN_POINT('',(69.957590670729,-16.074000735,
    1.628438280749E+03));
#1642 = CARTESIAN_POINT('',(70.183345706338,-16.10169475872,
    1.628273290911E+03));
#1643 = CARTESIAN_POINT('',(70.43210628048,-16.12776722988,
    1.628127131686E+03));
#1644 = CARTESIAN_POINT('',(70.70331554318,-16.15067877344,
    1.628004066091E+03));
#1645 = CARTESIAN_POINT('',(71.249893026719,-16.18462868221,
    1.627826472301E+03));
#1646 = CARTESIAN_POINT('',(71.519415074889,-16.19678434081,
    1.627765312781E+03));
#1647 = CARTESIAN_POINT('',(71.799259359618,-16.20404899738,
    1.62772996609E+03));
#1648 = CARTESIAN_POINT('',(72.083771889619,-16.20553993462,
    1.627722886162E+03));
#1649 = CARTESIAN_POINT('',(72.366997429018,-16.20102353249,
    1.627744661768E+03));
#1650 = CARTESIAN_POINT('',(72.643044148855,-16.19098399609,
    1.627794036552E+03));
#1651 = CARTESIAN_POINT('',(72.906440851493,-16.17650151249,
    1.627867892224E+03));
#1652 = CARTESIAN_POINT('',(73.417431114974,-16.14005739528,
    1.628061685269E+03));
#1653 = CARTESIAN_POINT('',(73.663141976317,-16.11754241995,
    1.628185072365E+03));
#1654 = CARTESIAN_POINT('',(73.888850991274,-16.09270955149,
    1.628327390278E+03));
#1655 = CARTESIAN_POINT('',(74.094313867863,-16.06677640977,
    1.628485246838E+03));
#1656 = CARTESIAN_POINT('',(74.279623694819,-16.04079385873,
    1.628655711835E+03));
#1657 = CARTESIAN_POINT('',(74.445098734869,-16.01562317073,
    1.628836240304E+03));
#1658 = CARTESIAN_POINT('',(74.591209144255,-15.99194531496,
    1.629024623681E+03));
#1659 = CARTESIAN_POINT('',(74.853996892546,-15.94721246301,
    1.629425735154E+03));
#1660 = CARTESIAN_POINT('',(74.96866563975,-15.92634160755,
    1.629639973673E+03));
#1661 = CARTESIAN_POINT('',(75.063215612608,-15.9082629131,
    1.629859854073E+03));
#1662 = CARTESIAN_POINT('',(75.138232642757,-15.89340941299,
    1.630083916394E+03));
#1663 = CARTESIAN_POINT('',(75.194181976949,-15.88207927487,
    1.63031095689E+03));
#1664 = CARTESIAN_POINT('',(75.231385332181,-15.87446102911,
    1.630539939254E+03));
#1665 = CARTESIAN_POINT('',(75.25,-15.87064901004,1.630769921714E+03));
#1666 = CARTESIAN_POINT('',(75.25,-15.87064901004,1.631E+03));
#1667 = PCURVE('',#812,#1668);
#1668 = DEFINITIONAL_REPRESENTATION('',(#1669),#1735);
#1669 = B_SPLINE_CURVE_WITH_KNOTS('',8,(#1670,#1671,#1672,#1673,#1674,
    #1675,#1676,#1677,#1678,#1679,#1680,#1681,#1682,#1683,#1684,#1685,
    #1686,#1687,#1688,#1689,#1690,#1691,#1692,#1693,#1694,#1695,#1696,
    #1697,#1698,#1699,#1700,#1701,#1702,#1703,#1704,#1705,#1706,#1707,
    #1708,#1709,#1710,#1711,#1712,#1713,#1714,#1715,#1716,#1717,#1718,
    #1719,#1720,#1721,#1722,#1723,#1724,#1725,#1726,#1727,#1728,#1729,
    #1730,#1731,#1732,#1733,#1734),.UNSPECIFIED.,.F.,.F.,(9,7,7,7,7,7,7,
    7,7,9),(0.,9.936818932245E-02,0.197359802073,0.288346792003,
    0.393000166813,0.60153555098,0.706338336356,0.797455225774,
    0.895586735462,1.),.UNSPECIFIED.);
#1670 = CARTESIAN_POINT('',(0.,45.870649010044));
#1671 = CARTESIAN_POINT('',(7.250382530788E-02,45.870649010044));
#1672 = CARTESIAN_POINT('',(0.144999958337,45.87464716251));
#1673 = CARTESIAN_POINT('',(0.217493476324,45.88264309996));
#1674 = CARTESIAN_POINT('',(0.289987640011,45.894450033367));
#1675 = CARTESIAN_POINT('',(0.362485841932,45.909699954941));
#1676 = CARTESIAN_POINT('',(0.434990156229,45.927865055806));
#1677 = CARTESIAN_POINT('',(0.507496489979,45.948295358567));
#1678 = CARTESIAN_POINT('',(0.651471959089,45.991945314311));
#1679 = CARTESIAN_POINT('',(0.724594157918,46.015623171917));
#1680 = CARTESIAN_POINT('',(0.79951699873,46.040793858608));
#1681 = CARTESIAN_POINT('',(0.876413846078,46.066776408781));
#1682 = CARTESIAN_POINT('',(0.955483945801,46.092709551615));
#1683 = CARTESIAN_POINT('',(1.036957821226,46.117542420887));
#1684 = CARTESIAN_POINT('',(1.121110909737,46.140057394732));
#1685 = CARTESIAN_POINT('',(1.289266037496,46.17650151249));
#1686 = CARTESIAN_POINT('',(1.373102921157,46.190983996098));
#1687 = CARTESIAN_POINT('',(1.458716492289,46.201023532494));
#1688 = CARTESIAN_POINT('',(1.545243692988,46.205539934621));
#1689 = CARTESIAN_POINT('',(1.631929458937,46.204048997384));
#1690 = CARTESIAN_POINT('',(1.718029495525,46.196784340816));
#1691 = CARTESIAN_POINT('',(1.802715633319,46.184628682218));
#1692 = CARTESIAN_POINT('',(1.979548118437,46.150678773439));
#1693 = CARTESIAN_POINT('',(2.070614308192,46.127767229876));
#1694 = CARTESIAN_POINT('',(2.158596063633,46.101694758723));
#1695 = CARTESIAN_POINT('',(2.243813740497,46.074000735011));
#1696 = CARTESIAN_POINT('',(2.326526193637,46.046029601575));
#1697 = CARTESIAN_POINT('',(2.406948193566,46.018882553135));
#1698 = CARTESIAN_POINT('',(2.485255304889,45.993420385325));
#1699 = CARTESIAN_POINT('',(2.713745584758,45.924147538598));
#1700 = CARTESIAN_POINT('',(2.859351945093,45.886838293601));
#1701 = CARTESIAN_POINT('',(3.001289163331,45.863033407574));
#1702 = CARTESIAN_POINT('',(3.141509997816,45.85484244525));
#1703 = CARTESIAN_POINT('',(3.281812254063,45.862978315816));
#1704 = CARTESIAN_POINT('',(3.423914432685,45.886843416573));
#1705 = CARTESIAN_POINT('',(3.569656617507,45.924213296056));
#1706 = CARTESIAN_POINT('',(3.797930002314,45.993420385332));
#1707 = CARTESIAN_POINT('',(3.87623711362,46.018882553138));
#1708 = CARTESIAN_POINT('',(3.956659113529,46.04602960157));
#1709 = CARTESIAN_POINT('',(4.039371566662,46.074000735004));
#1710 = CARTESIAN_POINT('',(4.124589243536,46.101694758721));
#1711 = CARTESIAN_POINT('',(4.212570998998,46.12776722988));
#1712 = CARTESIAN_POINT('',(4.303637188765,46.150678773443));
#1713 = CARTESIAN_POINT('',(4.480469673861,46.184628682218));
#1714 = CARTESIAN_POINT('',(4.565155811655,46.196784340816));
#1715 = CARTESIAN_POINT('',(4.651255848243,46.204048997384));
#1716 = CARTESIAN_POINT('',(4.737941614192,46.205539934621));
#1717 = CARTESIAN_POINT('',(4.824468814891,46.201023532494));
#1718 = CARTESIAN_POINT('',(4.910082386023,46.190983996098));
#1719 = CARTESIAN_POINT('',(4.993919269684,46.17650151249));
#1720 = CARTESIAN_POINT('',(5.162074394911,46.14005739528));
#1721 = CARTESIAN_POINT('',(5.246227490322,46.117542419958));
#1722 = CARTESIAN_POINT('',(5.327701361047,46.092709551497));
#1723 = CARTESIAN_POINT('',(5.406771457429,46.066776409774));
#1724 = CARTESIAN_POINT('',(5.483668308808,46.040793858739));
#1725 = CARTESIAN_POINT('',(5.558591152789,46.015623170734));
#1726 = CARTESIAN_POINT('',(5.631713345941,45.991945314963));
#1727 = CARTESIAN_POINT('',(5.779260651193,45.947212463011));
#1728 = CARTESIAN_POINT('',(5.853736151169,45.926341607559));
#1729 = CARTESIAN_POINT('',(5.926940359145,45.908262913101));
#1730 = CARTESIAN_POINT('',(5.999152763308,45.893409412993));
#1731 = CARTESIAN_POINT('',(6.070631938018,45.882079274874));
#1732 = CARTESIAN_POINT('',(6.141627850521,45.874461029111));
#1733 = CARTESIAN_POINT('',(6.212391988317,45.870649010044));
#1734 = CARTESIAN_POINT('',(6.28318530718,45.870649010044));
#1735 = ( GEOMETRIC_REPRESENTATION_CONTEXT(2) 
PARAMETRIC_REPRESENTATION_CONTEXT() REPRESENTATION_CONTEXT('2D SPACE',''
  ) );
#1736 = PCURVE('',#909,#1737);
#1737 = DEFINITIONAL_REPRESENTATION('',(#1738),#1804);
#1738 = B_SPLINE_CURVE_WITH_KNOTS('',8,(#1739,#1740,#1741,#1742,#1743,
    #1744,#1745,#1746,#1747,#1748,#1749,#1750,#1751,#1752,#1753,#1754,
    #1755,#1756,#1757,#1758,#1759,#1760,#1761,#1762,#1763,#1764,#1765,
    #1766,#1767,#1768,#1769,#1770,#1771,#1772,#1773,#1774,#1775,#1776,
    #1777,#1778,#1779,#1780,#1781,#1782,#1783,#1784,#1785,#1786,#1787,
    #1788,#1789,#1790,#1791,#1792,#1793,#1794,#1795,#1796,#1797,#1798,
    #1799,#1800,#1801,#1802,#1803),.UNSPECIFIED.,.T.,.F.,(9,7,7,7,7,7,7,
    7,7,9),(0.,9.936818932245E-02,0.197359802073,0.288346792003,
    0.393000166813,0.60153555098,0.706338336356,0.797455225774,
    0.895586735462,1.),.UNSPECIFIED.);
#1739 = CARTESIAN_POINT('',(4.914376954526,151.));
#1740 = CARTESIAN_POINT('',(4.914376954526,151.23563743225));
#1741 = CARTESIAN_POINT('',(4.913146716888,151.4712502267));
#1742 = CARTESIAN_POINT('',(4.910686522566,151.70496577938));
#1743 = CARTESIAN_POINT('',(4.907012180812,151.93491105407));
#1744 = CARTESIAN_POINT('',(4.902154317658,152.15924184371));
#1745 = CARTESIAN_POINT('',(4.896157804678,152.3761680493));
#1746 = CARTESIAN_POINT('',(4.889081328005,152.58397497638));
#1747 = CARTESIAN_POINT('',(4.873024860472,152.97537631306));
#1748 = CARTESIAN_POINT('',(4.863888323449,153.16375970718));
#1749 = CARTESIAN_POINT('',(4.853557167042,153.3442881624));
#1750 = CARTESIAN_POINT('',(4.842008076182,153.51475315525));
#1751 = CARTESIAN_POINT('',(4.829227326521,153.67260972454));
#1752 = CARTESIAN_POINT('',(4.815214191926,153.81492763896));
#1753 = CARTESIAN_POINT('',(4.799986416172,153.93831472805));
#1754 = CARTESIAN_POINT('',(4.768363685904,154.13210777583));
#1755 = CARTESIAN_POINT('',(4.752082229235,154.20596344815));
#1756 = CARTESIAN_POINT('',(4.735036004707,154.25533823248));
#1757 = CARTESIAN_POINT('',(4.717558176513,154.27711383768));
#1758 = CARTESIAN_POINT('',(4.700003053068,154.2700339101));
#1759 = CARTESIAN_POINT('',(4.682728222879,154.23468721891));
#1760 = CARTESIAN_POINT('',(4.66607654196,154.17352769887));
#1761 = CARTESIAN_POINT('',(4.63227216884,153.99593390893));
#1762 = CARTESIAN_POINT('',(4.615475384276,153.87286831422));
#1763 = CARTESIAN_POINT('',(4.600040527198,153.72670908943));
#1764 = CARTESIAN_POINT('',(4.586004244599,153.56171925132));
#1765 = CARTESIAN_POINT('',(4.573376676386,153.38160590578));
#1766 = CARTESIAN_POINT('',(4.562148662536,153.1896178704));
#1767 = CARTESIAN_POINT('',(4.552295699469,152.9886030107));
#1768 = CARTESIAN_POINT('',(4.526813950509,152.3674457989));
#1769 = CARTESIAN_POINT('',(4.515022592457,151.92450178991));
#1770 = CARTESIAN_POINT('',(4.508060966986,151.46605323005));
#1771 = CARTESIAN_POINT('',(4.50575202515,151.00028874432));
#1772 = CARTESIAN_POINT('',(4.508047460415,150.53422302102));
#1773 = CARTESIAN_POINT('',(4.515019043291,150.07514403033));
#1774 = CARTESIAN_POINT('',(4.526838139136,149.63196456574));
#1775 = CARTESIAN_POINT('',(4.552295699472,149.01139698923));
#1776 = CARTESIAN_POINT('',(4.562148662537,148.81038212958));
#1777 = CARTESIAN_POINT('',(4.573376676384,148.61839409425));
#1778 = CARTESIAN_POINT('',(4.586004244596,148.43828074871));
#1779 = CARTESIAN_POINT('',(4.600040527196,148.27329091057));
#1780 = CARTESIAN_POINT('',(4.615475384278,148.12713168575));
#1781 = CARTESIAN_POINT('',(4.632272168844,148.00406609104));
#1782 = CARTESIAN_POINT('',(4.66607654196,147.82647230112));
#1783 = CARTESIAN_POINT('',(4.682728222879,147.76531278108));
#1784 = CARTESIAN_POINT('',(4.700003053068,147.72996608989));
#1785 = CARTESIAN_POINT('',(4.717558176513,147.72288616231));
#1786 = CARTESIAN_POINT('',(4.735036004707,147.74466176751));
#1787 = CARTESIAN_POINT('',(4.752082229235,147.79403655184));
#1788 = CARTESIAN_POINT('',(4.768363685904,147.86789222416));
#1789 = CARTESIAN_POINT('',(4.799986415696,148.06168526902));
#1790 = CARTESIAN_POINT('',(4.815214192799,148.18507236518));
#1791 = CARTESIAN_POINT('',(4.829227326293,148.32739027847));
#1792 = CARTESIAN_POINT('',(4.842008075618,148.48524683771));
#1793 = CARTESIAN_POINT('',(4.853557167273,148.65571183456));
#1794 = CARTESIAN_POINT('',(4.863888323788,148.83624030371));
#1795 = CARTESIAN_POINT('',(4.873024860232,149.02462368109));
#1796 = CARTESIAN_POINT('',(4.889479666951,149.42573515415));
#1797 = CARTESIAN_POINT('',(4.896673808218,149.6399736727));
#1798 = CARTESIAN_POINT('',(4.902615649958,149.85985407321));
#1799 = CARTESIAN_POINT('',(4.907336139734,150.0839163938));
#1800 = CARTESIAN_POINT('',(4.910859902235,150.31095688972));
#1801 = CARTESIAN_POINT('',(4.913204051106,150.53993925408));
#1802 = CARTESIAN_POINT('',(4.914376954526,150.76992171369));
#1803 = CARTESIAN_POINT('',(4.914376954526,151.));
#1804 = ( GEOMETRIC_REPRESENTATION_CONTEXT(2) 
PARAMETRIC_REPRESENTATION_CONTEXT() REPRESENTATION_CONTEXT('2D SPACE',''
  ) );
#1805 = ORIENTED_EDGE('',*,*,#1576,.T.);
#1806 = ADVANCED_FACE('',(#1807,#1833,#1836,#1839,#1842),#909,.F.);
#1807 = FACE_BOUND('',#1808,.F.);
#1808 = EDGE_LOOP('',(#1809,#1810,#1831,#1832));
#1809 = ORIENTED_EDGE('',*,*,#927,.T.);
#1810 = ORIENTED_EDGE('',*,*,#1811,.T.);
#1811 = EDGE_CURVE('',#928,#893,#1812,.T.);
#1812 = SEAM_CURVE('',#1813,(#1817,#1824),.PCURVE_S1.);
#1813 = LINE('',#1814,#1815);
#1814 = CARTESIAN_POINT('',(88.2,-3.967855629237E-15,1.48E+03));
#1815 = VECTOR('',#1816,1.);
#1816 = DIRECTION('',(0.,0.,1.));
#1817 = PCURVE('',#909,#1818);
#1818 = DEFINITIONAL_REPRESENTATION('',(#1819),#1823);
#1819 = LINE('',#1820,#1821);
#1820 = CARTESIAN_POINT('',(0.,-0.));
#1821 = VECTOR('',#1822,1.);
#1822 = DIRECTION('',(0.,1.));
#1823 = ( GEOMETRIC_REPRESENTATION_CONTEXT(2) 
PARAMETRIC_REPRESENTATION_CONTEXT() REPRESENTATION_CONTEXT('2D SPACE',''
  ) );
#1824 = PCURVE('',#909,#1825);
#1825 = DEFINITIONAL_REPRESENTATION('',(#1826),#1830);
#1826 = LINE('',#1827,#1828);
#1827 = CARTESIAN_POINT('',(6.28318530718,-0.));
#1828 = VECTOR('',#1829,1.);
#1829 = DIRECTION('',(0.,1.));
#1830 = ( GEOMETRIC_REPRESENTATION_CONTEXT(2) 
PARAMETRIC_REPRESENTATION_CONTEXT() REPRESENTATION_CONTEXT('2D SPACE',''
  ) );
#1831 = ORIENTED_EDGE('',*,*,#892,.F.);
#1832 = ORIENTED_EDGE('',*,*,#1811,.F.);
#1833 = FACE_BOUND('',#1834,.F.);
#1834 = EDGE_LOOP('',(#1835));
#1835 = ORIENTED_EDGE('',*,*,#954,.T.);
#1836 = FACE_BOUND('',#1837,.F.);
#1837 = EDGE_LOOP('',(#1838));
#1838 = ORIENTED_EDGE('',*,*,#1171,.F.);
#1839 = FACE_BOUND('',#1840,.F.);
#1840 = EDGE_LOOP('',(#1841));
#1841 = ORIENTED_EDGE('',*,*,#1340,.T.);
#1842 = FACE_BOUND('',#1843,.F.);
#1843 = EDGE_LOOP('',(#1844));
#1844 = ORIENTED_EDGE('',*,*,#1599,.F.);
#1845 = ( GEOMETRIC_REPRESENTATION_CONTEXT(3) 
GLOBAL_UNCERTAINTY_ASSIGNED_CONTEXT((#1849)) 
GLOBAL_UNIT_ASSIGNED_CONTEXT((#1846,#1847,#1848)) REPRESENTATION_CONTEXT
('Context #1','3D Context with UNIT and UNCERTAINTY') );
#1846 = ( LENGTH_UNIT() NAMED_UNIT(*) SI_UNIT(.MILLI.,.METRE.) );
#1847 = ( NAMED_UNIT(*) PLANE_ANGLE_UNIT() SI_UNIT($,.RADIAN.) );
#1848 = ( NAMED_UNIT(*) SI_UNIT($,.STERADIAN.) SOLID_ANGLE_UNIT() );
#1849 = UNCERTAINTY_MEASURE_WITH_UNIT(LENGTH_MEASURE(2.E-07),#1846,
  'distance_accuracy_value','confusion accuracy');
#1850 = PRODUCT_RELATED_PRODUCT_CATEGORY('part',$,(#7));
ENDSEC;
END-ISO-10303-21;
