ISO-10303-21;
HEADER;
FILE_DESCRIPTION(('Open CASCADE Model'),'2;1');
FILE_NAME('Open CASCADE Shape Model','2026-10-03T20:16:27',('Author'),(
    'Open CASCADE'),'Open CASCADE STEP processor 8.0','build123d',
  'Unknown');
FILE_SCHEMA(('AUTOMOTIVE_DESIGN { 1 0 10303 214 1 1 1 1 }'));
ENDSEC;
DATA;
#1 = APPLICATION_PROTOCOL_DEFINITION('international standard',
  'automotive_design',2000,#2);
#2 = APPLICATION_CONTEXT(
  'core data for automotive mechanical design processes');
#3 = SHAPE_DEFINITION_REPRESENTATION(#4,#10);
#4 = PRODUCT_DEFINITION_SHAPE('','',#5);
#5 = PRODUCT_DEFINITION('design','',#6,#9);
#6 = PRODUCT_DEFINITION_FORMATION('','',#7);
#7 = PRODUCT('COMPOUND','COMPOUND','',(#8));
#8 = PRODUCT_CONTEXT('',#2,'mechanical');
#9 = PRODUCT_DEFINITION_CONTEXT('part definition',#2,'design');
#10 = ADVANCED_BREP_SHAPE_REPRESENTATION('',(#11,#15),#1939);
#11 = AXIS2_PLACEMENT_3D('',#12,#13,#14);
#12 = CARTESIAN_POINT('',(0.,0.,0.));
#13 = DIRECTION('',(0.,0.,1.));
#14 = DIRECTION('',(1.,0.,-0.));
#15 = MANIFOLD_SOLID_BREP('',#16);
#16 = CLOSED_SHELL('',(#17,#537,#777,#1069,#1073,#1100,#1107,#1339,#1415
    ,#1486,#1548,#1602,#1632,#1639,#1750,#1804,#1875,#1902,#1932));
#17 = ADVANCED_FACE('',(#18,#105,#321),#31,.T.);
#18 = FACE_BOUND('',#19,.T.);
#19 = EDGE_LOOP('',(#20,#54,#77,#104));
#20 = ORIENTED_EDGE('',*,*,#21,.T.);
#21 = EDGE_CURVE('',#22,#22,#24,.T.);
#22 = VERTEX_POINT('',#23);
#23 = CARTESIAN_POINT('',(91.,-4.65365783676E-15,125.));
#24 = SURFACE_CURVE('',#25,(#30,#42),.PCURVE_S1.);
#25 = CIRCLE('',#26,19.);
#26 = AXIS2_PLACEMENT_3D('',#27,#28,#29);
#27 = CARTESIAN_POINT('',(72.,0.,125.));
#28 = DIRECTION('',(0.,0.,1.));
#29 = DIRECTION('',(1.,0.,-0.));
#30 = PCURVE('',#31,#36);
#31 = CYLINDRICAL_SURFACE('',#32,19.);
#32 = AXIS2_PLACEMENT_3D('',#33,#34,#35);
#33 = CARTESIAN_POINT('',(72.,0.,125.));
#34 = DIRECTION('',(0.,0.,1.));
#35 = DIRECTION('',(1.,0.,-0.));
#36 = DEFINITIONAL_REPRESENTATION('',(#37),#41);
#37 = LINE('',#38,#39);
#38 = CARTESIAN_POINT('',(0.,0.));
#39 = VECTOR('',#40,1.);
#40 = DIRECTION('',(1.,0.));
#41 = ( GEOMETRIC_REPRESENTATION_CONTEXT(2) 
PARAMETRIC_REPRESENTATION_CONTEXT() REPRESENTATION_CONTEXT('2D SPACE',''
  ) );
#42 = PCURVE('',#43,#48);
#43 = PLANE('',#44);
#44 = AXIS2_PLACEMENT_3D('',#45,#46,#47);
#45 = CARTESIAN_POINT('',(72.,0.,125.));
#46 = DIRECTION('',(0.,0.,1.));
#47 = DIRECTION('',(1.,0.,-0.));
#48 = DEFINITIONAL_REPRESENTATION('',(#49),#53);
#49 = CIRCLE('',#50,19.);
#50 = AXIS2_PLACEMENT_2D('',#51,#52);
#51 = CARTESIAN_POINT('',(0.,0.));
#52 = DIRECTION('',(1.,0.));
#53 = ( GEOMETRIC_REPRESENTATION_CONTEXT(2) 
PARAMETRIC_REPRESENTATION_CONTEXT() REPRESENTATION_CONTEXT('2D SPACE',''
  ) );
#54 = ORIENTED_EDGE('',*,*,#55,.T.);
#55 = EDGE_CURVE('',#22,#56,#58,.T.);
#56 = VERTEX_POINT('',#57);
#57 = CARTESIAN_POINT('',(91.,-4.65365783676E-15,251.));
#58 = SEAM_CURVE('',#59,(#63,#70),.PCURVE_S1.);
#59 = LINE('',#60,#61);
#60 = CARTESIAN_POINT('',(91.,-4.65365783676E-15,125.));
#61 = VECTOR('',#62,1.);
#62 = DIRECTION('',(0.,0.,1.));
#63 = PCURVE('',#31,#64);
#64 = DEFINITIONAL_REPRESENTATION('',(#65),#69);
#65 = LINE('',#66,#67);
#66 = CARTESIAN_POINT('',(6.28318530718,-0.));
#67 = VECTOR('',#68,1.);
#68 = DIRECTION('',(0.,1.));
#69 = ( GEOMETRIC_REPRESENTATION_CONTEXT(2) 
PARAMETRIC_REPRESENTATION_CONTEXT() REPRESENTATION_CONTEXT('2D SPACE',''
  ) );
#70 = PCURVE('',#31,#71);
#71 = DEFINITIONAL_REPRESENTATION('',(#72),#76);
#72 = LINE('',#73,#74);
#73 = CARTESIAN_POINT('',(0.,-0.));
#74 = VECTOR('',#75,1.);
#75 = DIRECTION('',(0.,1.));
#76 = ( GEOMETRIC_REPRESENTATION_CONTEXT(2) 
PARAMETRIC_REPRESENTATION_CONTEXT() REPRESENTATION_CONTEXT('2D SPACE',''
  ) );
#77 = ORIENTED_EDGE('',*,*,#78,.F.);
#78 = EDGE_CURVE('',#56,#56,#79,.T.);
#79 = SURFACE_CURVE('',#80,(#85,#92),.PCURVE_S1.);
#80 = CIRCLE('',#81,19.);
#81 = AXIS2_PLACEMENT_3D('',#82,#83,#84);
#82 = CARTESIAN_POINT('',(72.,0.,251.));
#83 = DIRECTION('',(0.,0.,1.));
#84 = DIRECTION('',(1.,0.,-0.));
#85 = PCURVE('',#31,#86);
#86 = DEFINITIONAL_REPRESENTATION('',(#87),#91);
#87 = LINE('',#88,#89);
#88 = CARTESIAN_POINT('',(0.,126.));
#89 = VECTOR('',#90,1.);
#90 = DIRECTION('',(1.,0.));
#91 = ( GEOMETRIC_REPRESENTATION_CONTEXT(2) 
PARAMETRIC_REPRESENTATION_CONTEXT() REPRESENTATION_CONTEXT('2D SPACE',''
  ) );
#92 = PCURVE('',#93,#98);
#93 = PLANE('',#94);
#94 = AXIS2_PLACEMENT_3D('',#95,#96,#97);
#95 = CARTESIAN_POINT('',(72.,0.,251.));
#96 = DIRECTION('',(0.,0.,1.));
#97 = DIRECTION('',(1.,0.,-0.));
#98 = DEFINITIONAL_REPRESENTATION('',(#99),#103);
#99 = CIRCLE('',#100,19.);
#100 = AXIS2_PLACEMENT_2D('',#101,#102);
#101 = CARTESIAN_POINT('',(0.,0.));
#102 = DIRECTION('',(1.,0.));
#103 = ( GEOMETRIC_REPRESENTATION_CONTEXT(2) 
PARAMETRIC_REPRESENTATION_CONTEXT() REPRESENTATION_CONTEXT('2D SPACE',''
  ) );
#104 = ORIENTED_EDGE('',*,*,#55,.F.);
#105 = FACE_BOUND('',#106,.T.);
#106 = EDGE_LOOP('',(#107));
#107 = ORIENTED_EDGE('',*,*,#108,.F.);
#108 = EDGE_CURVE('',#109,#109,#111,.T.);
#109 = VERTEX_POINT('',#110);
#110 = CARTESIAN_POINT('',(75.25,-18.71997596152,191.));
#111 = SURFACE_CURVE('',#112,(#178,#247),.PCURVE_S1.);
#112 = B_SPLINE_CURVE_WITH_KNOTS('',8,(#113,#114,#115,#116,#117,#118,
    #119,#120,#121,#122,#123,#124,#125,#126,#127,#128,#129,#130,#131,
    #132,#133,#134,#135,#136,#137,#138,#139,#140,#141,#142,#143,#144,
    #145,#146,#147,#148,#149,#150,#151,#152,#153,#154,#155,#156,#157,
    #158,#159,#160,#161,#162,#163,#164,#165,#166,#167,#168,#169,#170,
    #171,#172,#173,#174,#175,#176,#177),.UNSPECIFIED.,.T.,.F.,(9,7,7,7,7
    ,7,7,7,7,9),(0.,9.93423621259E-02,0.197259459648,0.288278867063,
    0.392865806341,0.601567136479,0.706306388682,0.797458350257,
    0.895518047242,1.),.UNSPECIFIED.);
#113 = CARTESIAN_POINT('',(75.25,-18.71997596152,191.));
#114 = CARTESIAN_POINT('',(75.25,-18.71997596152,191.2356310051));
#115 = CARTESIAN_POINT('',(75.230476218675,-18.72336539064,
    191.47124713403));
#116 = CARTESIAN_POINT('',(75.191431069035,-18.73014437734,
    191.70496862119));
#117 = CARTESIAN_POINT('',(75.133087232747,-18.74015590423,
    191.9349170224));
#118 = CARTESIAN_POINT('',(75.055878365366,-18.75309019423,
    192.15924576173));
#119 = CARTESIAN_POINT('',(74.960445530069,-18.76850258472,
    192.37616613872));
#120 = CARTESIAN_POINT('',(74.847639359901,-18.78584488992,
    192.58396879627));
#121 = CARTESIAN_POINT('',(74.591268898239,-18.82290782088,
    192.97528511218));
#122 = CARTESIAN_POINT('',(74.445178255069,-18.84302296646,193.163670819
    ));
#123 = CARTESIAN_POINT('',(74.279680362032,-18.86442267999,
    193.34424825579));
#124 = CARTESIAN_POINT('',(74.094316111395,-18.88652741859,
    193.51477080234));
#125 = CARTESIAN_POINT('',(73.888788891956,-18.90860155527,
    193.67266635848));
#126 = CARTESIAN_POINT('',(73.663035168431,-18.92974619967,
    193.81499038375));
#127 = CARTESIAN_POINT('',(73.417333509732,-18.94892027652,
    193.93835174776));
#128 = CARTESIAN_POINT('',(72.906256640083,-18.9799773905,194.132177638)
  );
#129 = CARTESIAN_POINT('',(72.642819664857,-18.9923190637,
    194.20600955297));
#130 = CARTESIAN_POINT('',(72.366826088234,-19.0008729772,
    194.25534201365));
#131 = CARTESIAN_POINT('',(72.08370254774,-19.00472074531,194.2770929099
    ));
#132 = CARTESIAN_POINT('',(71.799300005756,-19.00344987679,
    194.27001808184));
#133 = CARTESIAN_POINT('',(71.519533438746,-18.99725930432,
    194.23470052475));
#134 = CARTESIAN_POINT('',(71.250013938712,-18.98690023054,
    194.17356698556));
#135 = CARTESIAN_POINT('',(70.703466282174,-18.95797027834,
    193.99598288702));
#136 = CARTESIAN_POINT('',(70.432284390283,-18.938457669,193.87296219811
    ));
#137 = CARTESIAN_POINT('',(70.183472536785,-18.91625466869,
    193.72680890274));
#138 = CARTESIAN_POINT('',(69.957633389309,-18.89267740456,
    193.56177947459));
#139 = CARTESIAN_POINT('',(69.754875913457,-18.8688764732,
    193.38159613604));
#140 = CARTESIAN_POINT('',(69.574961897712,-18.84579309142,
    193.18954059034));
#141 = CARTESIAN_POINT('',(69.417394583038,-18.82416028189,
    192.98850879464));
#142 = CARTESIAN_POINT('',(69.010241118328,-18.76529897371,
    192.36704174736));
#143 = CARTESIAN_POINT('',(68.822929415721,-18.73365533517,
    191.92395137776));
#144 = CARTESIAN_POINT('',(68.712902948613,-18.71352427803,
    191.46568301784));
#145 = CARTESIAN_POINT('',(68.676496162546,-18.70661024428,
    191.00029558679));
#146 = CARTESIAN_POINT('',(68.712684839622,-18.71347646921,
    190.53459797898));
#147 = CARTESIAN_POINT('',(68.822870598015,-18.73365993829,
    190.07568375072));
#148 = CARTESIAN_POINT('',(69.010635545149,-18.76535599515,
    189.63235621116));
#149 = CARTESIAN_POINT('',(69.417394583069,-18.8241602819,
    189.01149120531));
#150 = CARTESIAN_POINT('',(69.574961897729,-18.84579309142,
    188.81045940965));
#151 = CARTESIAN_POINT('',(69.754875913438,-18.8688764732,
    188.61840386398));
#152 = CARTESIAN_POINT('',(69.957633389268,-18.89267740456,
    188.43822052543));
#153 = CARTESIAN_POINT('',(70.183472536759,-18.91625466869,
    188.27319109726));
#154 = CARTESIAN_POINT('',(70.432284390303,-18.938457669,188.12703780186
    ));
#155 = CARTESIAN_POINT('',(70.703466282226,-18.95797027834,
    188.00401711296));
#156 = CARTESIAN_POINT('',(71.250013938712,-18.98690023054,
    187.82643301443));
#157 = CARTESIAN_POINT('',(71.519533438746,-18.99725930432,
    187.76529947524));
#158 = CARTESIAN_POINT('',(71.799300005756,-19.00344987679,
    187.72998191815));
#159 = CARTESIAN_POINT('',(72.08370254774,-19.00472074531,
    187.72290709009));
#160 = CARTESIAN_POINT('',(72.366826088235,-19.0008729772,
    187.74465798634));
#161 = CARTESIAN_POINT('',(72.642819664857,-18.9923190637,
    187.79399044702));
#162 = CARTESIAN_POINT('',(72.906256640083,-18.9799773905,
    187.86782236199));
#163 = CARTESIAN_POINT('',(73.417333509732,-18.94892027652,
    188.06164825223));
#164 = CARTESIAN_POINT('',(73.663035168431,-18.92974619967,
    188.18500961624));
#165 = CARTESIAN_POINT('',(73.888788891955,-18.90860155527,
    188.32733364151));
#166 = CARTESIAN_POINT('',(74.094316111395,-18.88652741859,
    188.48522919765));
#167 = CARTESIAN_POINT('',(74.279680362032,-18.86442267999,
    188.6557517442));
#168 = CARTESIAN_POINT('',(74.445178255069,-18.84302296646,188.836329181
    ));
#169 = CARTESIAN_POINT('',(74.591268898239,-18.82290782088,
    189.02471488781));
#170 = CARTESIAN_POINT('',(74.854121617386,-18.78490776378,
    189.42592553047));
#171 = CARTESIAN_POINT('',(74.968832211392,-18.76718343743,
    189.64030014691));
#172 = CARTESIAN_POINT('',(75.063368535375,-18.75184544455,
    189.86025112181));
#173 = CARTESIAN_POINT('',(75.138342625071,-18.73925441303,
    190.08431762209));
#174 = CARTESIAN_POINT('',(75.194242218546,-18.72965597959,
    190.31130383113));
#175 = CARTESIAN_POINT('',(75.23140576915,-18.72320422076,
    190.54018818468));
#176 = CARTESIAN_POINT('',(75.25,-18.71997596152,190.77004807168));
#177 = CARTESIAN_POINT('',(75.25,-18.71997596152,191.));
#178 = PCURVE('',#31,#179);
#179 = DEFINITIONAL_REPRESENTATION('',(#180),#246);
#180 = B_SPLINE_CURVE_WITH_KNOTS('',8,(#181,#182,#183,#184,#185,#186,
    #187,#188,#189,#190,#191,#192,#193,#194,#195,#196,#197,#198,#199,
    #200,#201,#202,#203,#204,#205,#206,#207,#208,#209,#210,#211,#212,
    #213,#214,#215,#216,#217,#218,#219,#220,#221,#222,#223,#224,#225,
    #226,#227,#228,#229,#230,#231,#232,#233,#234,#235,#236,#237,#238,
    #239,#240,#241,#242,#243,#244,#245),.UNSPECIFIED.,.T.,.F.,(9,7,7,7,7
    ,7,7,7,7,9),(0.,9.93423621259E-02,0.197259459648,0.288278867063,
    0.392865806341,0.601567136479,0.706306388682,0.797458350257,
    0.895518047242,1.),.UNSPECIFIED.);
#181 = CARTESIAN_POINT('',(4.884286928093,66.));
#182 = CARTESIAN_POINT('',(4.884286928093,66.235631005107));
#183 = CARTESIAN_POINT('',(4.883243994732,66.471247134034));
#184 = CARTESIAN_POINT('',(4.881158234475,66.70496862119));
#185 = CARTESIAN_POINT('',(4.878042635529,66.934917022407));
#186 = CARTESIAN_POINT('',(4.87392246677,67.159245761731));
#187 = CARTESIAN_POINT('',(4.868834795398,67.376166138726));
#188 = CARTESIAN_POINT('',(4.862828123316,67.583968796279));
#189 = CARTESIAN_POINT('',(4.849194667394,67.975285112184));
#190 = CARTESIAN_POINT('',(4.841433317941,68.163670819));
#191 = CARTESIAN_POINT('',(4.832650905924,68.344248255793));
#192 = CARTESIAN_POINT('',(4.822826800646,68.514770802348));
#193 = CARTESIAN_POINT('',(4.811949075637,68.672666358484));
#194 = CARTESIAN_POINT('',(4.800017517781,68.814990383753));
#195 = CARTESIAN_POINT('',(4.787048452031,68.938351747761));
#196 = CARTESIAN_POINT('',(4.760100049963,69.132177638006));
#197 = CARTESIAN_POINT('',(4.746221076825,69.206009552978));
#198 = CARTESIAN_POINT('',(4.731691196273,69.255342013655));
#199 = CARTESIAN_POINT('',(4.716793196397,69.277092909902));
#200 = CARTESIAN_POINT('',(4.701829210827,69.270018081841));
#201 = CARTESIAN_POINT('',(4.687104349349,69.234700524754));
#202 = CARTESIAN_POINT('',(4.67291012296,69.173566985562));
#203 = CARTESIAN_POINT('',(4.644104186985,68.995982887023));
#204 = CARTESIAN_POINT('',(4.629797127068,68.872962198116));
#205 = CARTESIAN_POINT('',(4.616652725319,68.726808902744));
#206 = CARTESIAN_POINT('',(4.604704123726,68.561779474597));
#207 = CARTESIAN_POINT('',(4.593960732361,68.381596136044));
#208 = CARTESIAN_POINT('',(4.584414606221,68.189540590342));
#209 = CARTESIAN_POINT('',(4.57604400632,67.98850879464));
#210 = CARTESIAN_POINT('',(4.554392101576,67.367041747362));
#211 = CARTESIAN_POINT('',(4.544396727123,66.923951377764));
#212 = CARTESIAN_POINT('',(4.538509294037,66.465683017847));
#213 = CARTESIAN_POINT('',(4.536558790887,66.000295586797));
#214 = CARTESIAN_POINT('',(4.538497566325,65.534597978984));
#215 = CARTESIAN_POINT('',(4.544393703179,65.075683750725));
#216 = CARTESIAN_POINT('',(4.554413076694,64.632356211165));
#217 = CARTESIAN_POINT('',(4.576044006321,64.011491205312));
#218 = CARTESIAN_POINT('',(4.584414606222,63.81045940965));
#219 = CARTESIAN_POINT('',(4.59396073236,63.618403863985));
#220 = CARTESIAN_POINT('',(4.604704123723,63.438220525435));
#221 = CARTESIAN_POINT('',(4.616652725318,63.273191097263));
#222 = CARTESIAN_POINT('',(4.629797127069,63.127037801865));
#223 = CARTESIAN_POINT('',(4.644104186988,63.00401711296));
#224 = CARTESIAN_POINT('',(4.67291012296,62.826433014438));
#225 = CARTESIAN_POINT('',(4.687104349349,62.765299475246));
#226 = CARTESIAN_POINT('',(4.701829210827,62.729981918159));
#227 = CARTESIAN_POINT('',(4.716793196397,62.722907090098));
#228 = CARTESIAN_POINT('',(4.731691196273,62.744657986345));
#229 = CARTESIAN_POINT('',(4.746221076825,62.793990447022));
#230 = CARTESIAN_POINT('',(4.760100049963,62.867822361994));
#231 = CARTESIAN_POINT('',(4.787048452031,63.061648252239));
#232 = CARTESIAN_POINT('',(4.800017517781,63.185009616247));
#233 = CARTESIAN_POINT('',(4.811949075637,63.327333641516));
#234 = CARTESIAN_POINT('',(4.822826800646,63.485229197652));
#235 = CARTESIAN_POINT('',(4.832650905924,63.655751744207));
#236 = CARTESIAN_POINT('',(4.841433317941,63.836329181));
#237 = CARTESIAN_POINT('',(4.849194667394,64.024714887816));
#238 = CARTESIAN_POINT('',(4.863172841546,64.425925530476));
#239 = CARTESIAN_POINT('',(4.869281600025,64.640300146911));
#240 = CARTESIAN_POINT('',(4.874322068443,64.860251121815));
#241 = CARTESIAN_POINT('',(4.878323277135,65.084317622095));
#242 = CARTESIAN_POINT('',(4.88130841542,65.311303831133));
#243 = CARTESIAN_POINT('',(4.883293642248,65.540188184682));
#244 = CARTESIAN_POINT('',(4.884286928093,65.770048071684));
#245 = CARTESIAN_POINT('',(4.884286928093,66.));
#246 = ( GEOMETRIC_REPRESENTATION_CONTEXT(2) 
PARAMETRIC_REPRESENTATION_CONTEXT() REPRESENTATION_CONTEXT('2D SPACE',''
  ) );
#247 = PCURVE('',#248,#253);
#248 = CYLINDRICAL_SURFACE('',#249,3.25);
#249 = AXIS2_PLACEMENT_3D('',#250,#251,#252);
#250 = CARTESIAN_POINT('',(72.,30.,191.));
#251 = DIRECTION('',(0.,-1.,2.22044604925E-16));
#252 = DIRECTION('',(1.,0.,0.));
#253 = DEFINITIONAL_REPRESENTATION('',(#254),#320);
#254 = B_SPLINE_CURVE_WITH_KNOTS('',8,(#255,#256,#257,#258,#259,#260,
    #261,#262,#263,#264,#265,#266,#267,#268,#269,#270,#271,#272,#273,
    #274,#275,#276,#277,#278,#279,#280,#281,#282,#283,#284,#285,#286,
    #287,#288,#289,#290,#291,#292,#293,#294,#295,#296,#297,#298,#299,
    #300,#301,#302,#303,#304,#305,#306,#307,#308,#309,#310,#311,#312,
    #313,#314,#315,#316,#317,#318,#319),.UNSPECIFIED.,.F.,.F.,(9,7,7,7,7
    ,7,7,7,7,9),(0.,9.93423621259E-02,0.197259459648,0.288278867063,
    0.392865806341,0.601567136479,0.706306388682,0.797458350257,
    0.895518047242,1.),.UNSPECIFIED.);
#255 = CARTESIAN_POINT('',(0.,48.719975961523));
#256 = CARTESIAN_POINT('',(7.250184772529E-02,48.719975961523));
#257 = CARTESIAN_POINT('',(0.144999021574,48.723365390647));
#258 = CARTESIAN_POINT('',(0.217494283102,48.730144377341));
#259 = CARTESIAN_POINT('',(0.289989479425,48.740155904238));
#260 = CARTESIAN_POINT('',(0.362487234408,48.753090194238));
#261 = CARTESIAN_POINT('',(0.434989678417,48.768502584727));
#262 = CARTESIAN_POINT('',(0.507494216652,48.785844889922));
#263 = CARTESIAN_POINT('',(0.651438411199,48.822907820883));
#264 = CARTESIAN_POINT('',(0.724557872996,48.84302296646));
#265 = CARTESIAN_POINT('',(0.799496382129,48.864422679998));
#266 = CARTESIAN_POINT('',(0.876416797429,48.886527418598));
#267 = CARTESIAN_POINT('',(0.955509099173,48.908601555276));
#268 = CARTESIAN_POINT('',(1.036995393966,48.929746199672));
#269 = CARTESIAN_POINT('',(1.121143031905,48.948920276528));
#270 = CARTESIAN_POINT('',(1.289326657228,48.979977390509));
#271 = CARTESIAN_POINT('',(1.373172532457,48.992319063706));
#272 = CARTESIAN_POINT('',(1.45876802981,49.000872977209));
#273 = CARTESIAN_POINT('',(1.545264617763,49.004720745318));
#274 = CARTESIAN_POINT('',(1.63191785954,49.00344987679));
#275 = CARTESIAN_POINT('',(1.717993591808,48.997259304321));
#276 = CARTESIAN_POINT('',(1.802676515044,48.986900230547));
#277 = CARTESIAN_POINT('',(1.979499350304,48.957970278343));
#278 = CARTESIAN_POINT('',(2.070553256131,48.938457669004));
#279 = CARTESIAN_POINT('',(2.158547481575,48.916254668696));
#280 = CARTESIAN_POINT('',(2.243792096819,48.892677404568));
#281 = CARTESIAN_POINT('',(2.326535402675,48.868876473209));
#282 = CARTESIAN_POINT('',(2.406980577034,48.845793091422));
#283 = CARTESIAN_POINT('',(2.485289961902,48.824160281897));
#284 = CARTESIAN_POINT('',(2.713894213558,48.765298973713));
#285 = CARTESIAN_POINT('',(2.859520553473,48.733655335171));
#286 = CARTESIAN_POINT('',(3.001393243617,48.713524278038));
#287 = CARTESIAN_POINT('',(3.141508152542,48.706610244284));
#288 = CARTESIAN_POINT('',(3.281706505215,48.713476469219));
#289 = CARTESIAN_POINT('',(3.423748666529,48.733659938293));
#290 = CARTESIAN_POINT('',(3.569512552251,48.765355995158));
#291 = CARTESIAN_POINT('',(3.797895345295,48.824160281902));
#292 = CARTESIAN_POINT('',(3.876204730151,48.845793091424));
#293 = CARTESIAN_POINT('',(3.956649904495,48.868876473206));
#294 = CARTESIAN_POINT('',(4.039393210345,48.892677404563));
#295 = CARTESIAN_POINT('',(4.124637825597,48.916254668694));
#296 = CARTESIAN_POINT('',(4.212632051056,48.938457669007));
#297 = CARTESIAN_POINT('',(4.303685956892,48.957970278346));
#298 = CARTESIAN_POINT('',(4.480508792136,48.986900230547));
#299 = CARTESIAN_POINT('',(4.565191715371,48.997259304321));
#300 = CARTESIAN_POINT('',(4.65126744764,49.00344987679));
#301 = CARTESIAN_POINT('',(4.737920689416,49.004720745318));
#302 = CARTESIAN_POINT('',(4.824417277369,49.000872977209));
#303 = CARTESIAN_POINT('',(4.910012774723,48.992319063706));
#304 = CARTESIAN_POINT('',(4.993858649952,48.979977390509));
#305 = CARTESIAN_POINT('',(5.162042275275,48.948920276528));
#306 = CARTESIAN_POINT('',(5.246189913214,48.929746199672));
#307 = CARTESIAN_POINT('',(5.327676208007,48.908601555276));
#308 = CARTESIAN_POINT('',(5.406768509751,48.886527418598));
#309 = CARTESIAN_POINT('',(5.48368892505,48.864422679998));
#310 = CARTESIAN_POINT('',(5.558627434183,48.84302296646));
#311 = CARTESIAN_POINT('',(5.63174689598,48.822907820883));
#312 = CARTESIAN_POINT('',(5.779330680387,48.78490776378));
#313 = CARTESIAN_POINT('',(5.8538482684,48.767183437431));
#314 = CARTESIAN_POINT('',(5.927070182644,48.751845444559));
#315 = CARTESIAN_POINT('',(5.999279703161,48.739254413034));
#316 = CARTESIAN_POINT('',(6.070739584958,48.729655979591));
#317 = CARTESIAN_POINT('',(6.141704441273,48.723204220769));
#318 = CARTESIAN_POINT('',(6.212430867698,48.719975961523));
#319 = CARTESIAN_POINT('',(6.28318530718,48.719975961523));
#320 = ( GEOMETRIC_REPRESENTATION_CONTEXT(2) 
PARAMETRIC_REPRESENTATION_CONTEXT() REPRESENTATION_CONTEXT('2D SPACE',''
  ) );
#321 = FACE_BOUND('',#322,.T.);
#322 = EDGE_LOOP('',(#323));
#323 = ORIENTED_EDGE('',*,*,#324,.T.);
#324 = EDGE_CURVE('',#325,#325,#327,.T.);
#325 = VERTEX_POINT('',#326);
#326 = CARTESIAN_POINT('',(75.25,18.719975961523,191.));
#327 = SURFACE_CURVE('',#328,(#394,#463),.PCURVE_S1.);
#328 = B_SPLINE_CURVE_WITH_KNOTS('',8,(#329,#330,#331,#332,#333,#334,
    #335,#336,#337,#338,#339,#340,#341,#342,#343,#344,#345,#346,#347,
    #348,#349,#350,#351,#352,#353,#354,#355,#356,#357,#358,#359,#360,
    #361,#362,#363,#364,#365,#366,#367,#368,#369,#370,#371,#372,#373,
    #374,#375,#376,#377,#378,#379,#380,#381,#382,#383,#384,#385,#386,
    #387,#388,#389,#390,#391,#392,#393),.UNSPECIFIED.,.T.,.F.,(9,7,7,7,7
    ,7,7,7,7,9),(0.,9.934236195931E-02,0.197259459358,0.288278866223,
    0.392865804306,0.601567132008,0.706306382988,0.797458343498,
    0.895518042221,1.),.UNSPECIFIED.);
#329 = CARTESIAN_POINT('',(75.25,18.719975961523,191.));
#330 = CARTESIAN_POINT('',(75.25,18.719975961523,191.2356310051));
#331 = CARTESIAN_POINT('',(75.230476218675,18.723365390647,
    191.47124713403));
#332 = CARTESIAN_POINT('',(75.191431069035,18.730144377341,
    191.70496862119));
#333 = CARTESIAN_POINT('',(75.133087232747,18.740155904238,
    191.9349170224));
#334 = CARTESIAN_POINT('',(75.055878365366,18.753090194238,
    192.15924576173));
#335 = CARTESIAN_POINT('',(74.960445530069,18.768502584727,
    192.37616613872));
#336 = CARTESIAN_POINT('',(74.847639359901,18.785844889922,
    192.58396879627));
#337 = CARTESIAN_POINT('',(74.591268898186,18.822907820891,
    192.97528511226));
#338 = CARTESIAN_POINT('',(74.445178255041,18.843022966463,
    193.16367081901));
#339 = CARTESIAN_POINT('',(74.279680362063,18.864422679993,
    193.34424825574));
#340 = CARTESIAN_POINT('',(74.094316111463,18.88652741859,
    193.51477080229));
#341 = CARTESIAN_POINT('',(73.888788892,18.908601555274,193.67266635847)
  );
#342 = CARTESIAN_POINT('',(73.663035168399,18.929746199676,
    193.81499038378));
#343 = CARTESIAN_POINT('',(73.417333509645,18.948920276533,
    193.93835174779));
#344 = CARTESIAN_POINT('',(72.906256641339,18.979977390433,
    194.13217763753));
#345 = CARTESIAN_POINT('',(72.642819662696,18.99231906388,
    194.20600955406));
#346 = CARTESIAN_POINT('',(72.366826088201,19.000872977062,
    194.25534201274));
#347 = CARTESIAN_POINT('',(72.083702549817,19.004720745312,
    194.27709290986));
#348 = CARTESIAN_POINT('',(71.799300005796,19.003449876936,
    194.27001808275));
#349 = CARTESIAN_POINT('',(71.519533436465,18.997259304159,
    194.23470052375));
#350 = CARTESIAN_POINT('',(71.250013940035,18.986900230617,
    194.17356698599));
#351 = CARTESIAN_POINT('',(70.70346628223,18.957970278346,
    193.99598288704));
#352 = CARTESIAN_POINT('',(70.432284390305,18.938457669007,
    193.87296219813));
#353 = CARTESIAN_POINT('',(70.183472536757,18.916254668694,
    193.72680890273));
#354 = CARTESIAN_POINT('',(69.957633389265,18.892677404563,
    193.56177947456));
#355 = CARTESIAN_POINT('',(69.754875913437,18.868876473205,
    193.38159613601));
#356 = CARTESIAN_POINT('',(69.57496189773,18.845793091425,
    193.18954059035));
#357 = CARTESIAN_POINT('',(69.417394583071,18.824160281902,
    192.98850879469));
#358 = CARTESIAN_POINT('',(69.010241118328,18.765298973713,
    192.36704174736));
#359 = CARTESIAN_POINT('',(68.822929415721,18.733655335171,
    191.92395137776));
#360 = CARTESIAN_POINT('',(68.712902948613,18.713524278038,
    191.46568301785));
#361 = CARTESIAN_POINT('',(68.676496162546,18.706610244284,
    191.00029558679));
#362 = CARTESIAN_POINT('',(68.712684839622,18.713476469219,
    190.53459797898));
#363 = CARTESIAN_POINT('',(68.822870598015,18.733659938294,
    190.07568375072));
#364 = CARTESIAN_POINT('',(69.010635545149,18.765355995158,
    189.63235621116));
#365 = CARTESIAN_POINT('',(69.417394583069,18.824160281902,
    189.01149120531));
#366 = CARTESIAN_POINT('',(69.574961897729,18.845793091424,
    188.81045940965));
#367 = CARTESIAN_POINT('',(69.754875913438,18.868876473206,
    188.61840386398));
#368 = CARTESIAN_POINT('',(69.957633389268,18.892677404563,
    188.43822052543));
#369 = CARTESIAN_POINT('',(70.183472536759,18.916254668694,
    188.27319109726));
#370 = CARTESIAN_POINT('',(70.432284390303,18.938457669007,
    188.12703780186));
#371 = CARTESIAN_POINT('',(70.703466282226,18.957970278346,
    188.00401711296));
#372 = CARTESIAN_POINT('',(71.250013938712,18.986900230547,
    187.82643301443));
#373 = CARTESIAN_POINT('',(71.519533438746,18.997259304321,
    187.76529947524));
#374 = CARTESIAN_POINT('',(71.799300005757,19.00344987679,
    187.72998191815));
#375 = CARTESIAN_POINT('',(72.08370254774,19.004720745318,
    187.72290709009));
#376 = CARTESIAN_POINT('',(72.366826088234,19.000872977209,
    187.74465798634));
#377 = CARTESIAN_POINT('',(72.642819664857,18.992319063706,
    187.79399044702));
#378 = CARTESIAN_POINT('',(72.906256640083,18.979977390509,
    187.86782236199));
#379 = CARTESIAN_POINT('',(73.41733351752,18.948920276054,
    188.06164825519));
#380 = CARTESIAN_POINT('',(73.663035154167,18.929746200472,
    188.18500961205));
#381 = CARTESIAN_POINT('',(73.888788895712,18.908601555378,
    188.32733363845));
#382 = CARTESIAN_POINT('',(74.094316120563,18.886527417744,
    188.48522920475));
#383 = CARTESIAN_POINT('',(74.27968035822,18.864422679885,
    188.65575174728));
#384 = CARTESIAN_POINT('',(74.44517824963,18.843022967475,
    188.83632916999));
#385 = CARTESIAN_POINT('',(74.591268902099,18.822907820325,
    189.0247148937));
#386 = CARTESIAN_POINT('',(74.854121617386,18.78490776378,
    189.42592553047));
#387 = CARTESIAN_POINT('',(74.968832211392,18.767183437431,
    189.64030014691));
#388 = CARTESIAN_POINT('',(75.063368535375,18.751845444559,
    189.86025112181));
#389 = CARTESIAN_POINT('',(75.138342625071,18.739254413034,
    190.08431762209));
#390 = CARTESIAN_POINT('',(75.194242218546,18.729655979591,
    190.31130383113));
#391 = CARTESIAN_POINT('',(75.23140576915,18.723204220769,
    190.54018818468));
#392 = CARTESIAN_POINT('',(75.25,18.719975961523,190.77004807168));
#393 = CARTESIAN_POINT('',(75.25,18.719975961523,191.));
#394 = PCURVE('',#31,#395);
#395 = DEFINITIONAL_REPRESENTATION('',(#396),#462);
#396 = B_SPLINE_CURVE_WITH_KNOTS('',8,(#397,#398,#399,#400,#401,#402,
    #403,#404,#405,#406,#407,#408,#409,#410,#411,#412,#413,#414,#415,
    #416,#417,#418,#419,#420,#421,#422,#423,#424,#425,#426,#427,#428,
    #429,#430,#431,#432,#433,#434,#435,#436,#437,#438,#439,#440,#441,
    #442,#443,#444,#445,#446,#447,#448,#449,#450,#451,#452,#453,#454,
    #455,#456,#457,#458,#459,#460,#461),.UNSPECIFIED.,.T.,.F.,(9,7,7,7,7
    ,7,7,7,7,9),(0.,9.934236195931E-02,0.197259459358,0.288278866223,
    0.392865804306,0.601567132008,0.706306382988,0.797458343498,
    0.895518042221,1.),.UNSPECIFIED.);
#397 = CARTESIAN_POINT('',(1.398898379087,66.));
#398 = CARTESIAN_POINT('',(1.398898379087,66.235631005107));
#399 = CARTESIAN_POINT('',(1.399941312448,66.471247134034));
#400 = CARTESIAN_POINT('',(1.402027072705,66.70496862119));
#401 = CARTESIAN_POINT('',(1.405142671651,66.934917022407));
#402 = CARTESIAN_POINT('',(1.409262840409,67.159245761731));
#403 = CARTESIAN_POINT('',(1.414350511782,67.376166138726));
#404 = CARTESIAN_POINT('',(1.420357183863,67.583968796279));
#405 = CARTESIAN_POINT('',(1.433990639789,67.975285112265));
#406 = CARTESIAN_POINT('',(1.44175198924,68.163670819014));
#407 = CARTESIAN_POINT('',(1.450534401254,68.344248255744));
#408 = CARTESIAN_POINT('',(1.46035850653,68.514770802293));
#409 = CARTESIAN_POINT('',(1.471236231541,68.672666358471));
#410 = CARTESIAN_POINT('',(1.4831677894,68.814990383785));
#411 = CARTESIAN_POINT('',(1.496136855153,68.938351747794));
#412 = CARTESIAN_POINT('',(1.52308525715,69.13217763753));
#413 = CARTESIAN_POINT('',(1.536964230469,69.206009554061));
#414 = CARTESIAN_POINT('',(1.551494110909,69.255342012742));
#415 = CARTESIAN_POINT('',(1.566392110673,69.27709290986));
#416 = CARTESIAN_POINT('',(1.581356096351,69.270018082752));
#417 = CARTESIAN_POINT('',(1.59608095795,69.234700523758));
#418 = CARTESIAN_POINT('',(1.61027518415,69.173566985992));
#419 = CARTESIAN_POINT('',(1.639081120191,68.995982887041));
#420 = CARTESIAN_POINT('',(1.65338818011,68.872962198136));
#421 = CARTESIAN_POINT('',(1.666532581862,68.726808902737));
#422 = CARTESIAN_POINT('',(1.678481183456,68.561779474563));
#423 = CARTESIAN_POINT('',(1.68922457482,68.381596136013));
#424 = CARTESIAN_POINT('',(1.698770700958,68.18954059035));
#425 = CARTESIAN_POINT('',(1.707141300858,67.988508794691));
#426 = CARTESIAN_POINT('',(1.728793205603,67.367041747362));
#427 = CARTESIAN_POINT('',(1.738788580057,66.923951377763));
#428 = CARTESIAN_POINT('',(1.744676013143,66.465683017851));
#429 = CARTESIAN_POINT('',(1.746626516292,66.000295586793));
#430 = CARTESIAN_POINT('',(1.744687740854,65.534597978986));
#431 = CARTESIAN_POINT('',(1.738791604001,65.075683750724));
#432 = CARTESIAN_POINT('',(1.728772230485,64.632356211165));
#433 = CARTESIAN_POINT('',(1.707141300858,64.011491205312));
#434 = CARTESIAN_POINT('',(1.698770700958,63.81045940965));
#435 = CARTESIAN_POINT('',(1.689224574819,63.618403863985));
#436 = CARTESIAN_POINT('',(1.678481183456,63.438220525435));
#437 = CARTESIAN_POINT('',(1.666532581862,63.273191097263));
#438 = CARTESIAN_POINT('',(1.65338818011,63.127037801865));
#439 = CARTESIAN_POINT('',(1.639081120191,63.00401711296));
#440 = CARTESIAN_POINT('',(1.61027518422,62.826433014438));
#441 = CARTESIAN_POINT('',(1.59608095783,62.765299475246));
#442 = CARTESIAN_POINT('',(1.581356096353,62.729981918159));
#443 = CARTESIAN_POINT('',(1.566392110782,62.722907090098));
#444 = CARTESIAN_POINT('',(1.551494110907,62.744657986345));
#445 = CARTESIAN_POINT('',(1.536964230355,62.793990447022));
#446 = CARTESIAN_POINT('',(1.523085257216,62.867822361994));
#447 = CARTESIAN_POINT('',(1.496136854738,63.061648255192));
#448 = CARTESIAN_POINT('',(1.48316779015,63.185009612057));
#449 = CARTESIAN_POINT('',(1.471236231347,63.327333638455));
#450 = CARTESIAN_POINT('',(1.460358506049,63.485229204754));
#451 = CARTESIAN_POINT('',(1.450534401454,63.655751747282));
#452 = CARTESIAN_POINT('',(1.441751989529,63.836329169991));
#453 = CARTESIAN_POINT('',(1.433990639581,64.024714893708));
#454 = CARTESIAN_POINT('',(1.420012465633,64.425925530476));
#455 = CARTESIAN_POINT('',(1.413903707154,64.640300146911));
#456 = CARTESIAN_POINT('',(1.408863238737,64.860251121815));
#457 = CARTESIAN_POINT('',(1.404862030045,65.084317622095));
#458 = CARTESIAN_POINT('',(1.40187689176,65.311303831132));
#459 = CARTESIAN_POINT('',(1.399891664932,65.540188184682));
#460 = CARTESIAN_POINT('',(1.398898379087,65.770048071684));
#461 = CARTESIAN_POINT('',(1.398898379087,66.));
#462 = ( GEOMETRIC_REPRESENTATION_CONTEXT(2) 
PARAMETRIC_REPRESENTATION_CONTEXT() REPRESENTATION_CONTEXT('2D SPACE',''
  ) );
#463 = PCURVE('',#464,#469);
#464 = CYLINDRICAL_SURFACE('',#465,3.25);
#465 = AXIS2_PLACEMENT_3D('',#466,#467,#468);
#466 = CARTESIAN_POINT('',(72.,30.,191.));
#467 = DIRECTION('',(0.,-1.,2.22044604925E-16));
#468 = DIRECTION('',(1.,0.,0.));
#469 = DEFINITIONAL_REPRESENTATION('',(#470),#536);
#470 = B_SPLINE_CURVE_WITH_KNOTS('',8,(#471,#472,#473,#474,#475,#476,
    #477,#478,#479,#480,#481,#482,#483,#484,#485,#486,#487,#488,#489,
    #490,#491,#492,#493,#494,#495,#496,#497,#498,#499,#500,#501,#502,
    #503,#504,#505,#506,#507,#508,#509,#510,#511,#512,#513,#514,#515,
    #516,#517,#518,#519,#520,#521,#522,#523,#524,#525,#526,#527,#528,
    #529,#530,#531,#532,#533,#534,#535),.UNSPECIFIED.,.F.,.F.,(9,7,7,7,7
    ,7,7,7,7,9),(0.,9.934236195931E-02,0.197259459358,0.288278866223,
    0.392865804306,0.601567132008,0.706306382988,0.797458343498,
    0.895518042221,1.),.UNSPECIFIED.);
#471 = CARTESIAN_POINT('',(0.,11.280024038477));
#472 = CARTESIAN_POINT('',(7.250184772525E-02,11.280024038477));
#473 = CARTESIAN_POINT('',(0.144999021574,11.276634609353));
#474 = CARTESIAN_POINT('',(0.217494283102,11.269855622659));
#475 = CARTESIAN_POINT('',(0.289989479425,11.259844095762));
#476 = CARTESIAN_POINT('',(0.362487234408,11.246909805762));
#477 = CARTESIAN_POINT('',(0.434989678417,11.231497415273));
#478 = CARTESIAN_POINT('',(0.507494216652,11.214155110078));
#479 = CARTESIAN_POINT('',(0.651438411229,11.177092179109));
#480 = CARTESIAN_POINT('',(0.724557873005,11.156977033537));
#481 = CARTESIAN_POINT('',(0.799496382112,11.135577320007));
#482 = CARTESIAN_POINT('',(0.876416797403,11.11347258141));
#483 = CARTESIAN_POINT('',(0.95550909916,11.091398444726));
#484 = CARTESIAN_POINT('',(1.036995393979,11.070253800324));
#485 = CARTESIAN_POINT('',(1.121143031934,11.051079723467));
#486 = CARTESIAN_POINT('',(1.289326656814,11.020022609567));
#487 = CARTESIAN_POINT('',(1.373172533162,11.00768093612));
#488 = CARTESIAN_POINT('',(1.458768029816,10.999127022938));
#489 = CARTESIAN_POINT('',(1.545264617095,10.995279254688));
#490 = CARTESIAN_POINT('',(1.631917859535,10.996550123064));
#491 = CARTESIAN_POINT('',(1.717993592537,11.002740695841));
#492 = CARTESIAN_POINT('',(1.802676514616,11.013099769383));
#493 = CARTESIAN_POINT('',(1.979499350286,11.042029721654));
#494 = CARTESIAN_POINT('',(2.070553256123,11.061542330993));
#495 = CARTESIAN_POINT('',(2.158547481583,11.083745331306));
#496 = CARTESIAN_POINT('',(2.243792096835,11.107322595437));
#497 = CARTESIAN_POINT('',(2.326535402685,11.131123526795));
#498 = CARTESIAN_POINT('',(2.406980577028,11.154206908575));
#499 = CARTESIAN_POINT('',(2.485289961884,11.175839718098));
#500 = CARTESIAN_POINT('',(2.713894213558,11.234701026287));
#501 = CARTESIAN_POINT('',(2.859520553474,11.266344664829));
#502 = CARTESIAN_POINT('',(3.001393243616,11.286475721962));
#503 = CARTESIAN_POINT('',(3.141508152543,11.293389755716));
#504 = CARTESIAN_POINT('',(3.281706505213,11.286523530781));
#505 = CARTESIAN_POINT('',(3.423748666529,11.266340061706));
#506 = CARTESIAN_POINT('',(3.569512552251,11.234644004842));
#507 = CARTESIAN_POINT('',(3.797895345295,11.175839718098));
#508 = CARTESIAN_POINT('',(3.876204730151,11.154206908576));
#509 = CARTESIAN_POINT('',(3.956649904495,11.131123526794));
#510 = CARTESIAN_POINT('',(4.039393210345,11.107322595437));
#511 = CARTESIAN_POINT('',(4.124637825597,11.083745331306));
#512 = CARTESIAN_POINT('',(4.212632051056,11.061542330993));
#513 = CARTESIAN_POINT('',(4.303685956892,11.042029721654));
#514 = CARTESIAN_POINT('',(4.480508792136,11.013099769453));
#515 = CARTESIAN_POINT('',(4.565191715371,11.002740695679));
#516 = CARTESIAN_POINT('',(4.65126744764,10.99655012321));
#517 = CARTESIAN_POINT('',(4.737920689416,10.995279254682));
#518 = CARTESIAN_POINT('',(4.824417277369,10.999127022791));
#519 = CARTESIAN_POINT('',(4.910012774723,11.007680936294));
#520 = CARTESIAN_POINT('',(4.993858649952,11.020022609491));
#521 = CARTESIAN_POINT('',(5.162042277837,11.051079723946));
#522 = CARTESIAN_POINT('',(5.246189908796,11.070253799528));
#523 = CARTESIAN_POINT('',(5.327676208338,11.091398444622));
#524 = CARTESIAN_POINT('',(5.406768513462,11.113472582256));
#525 = CARTESIAN_POINT('',(5.483688924692,11.135577320115));
#526 = CARTESIAN_POINT('',(5.558627430621,11.156977032525));
#527 = CARTESIAN_POINT('',(5.631746898148,11.177092179675));
#528 = CARTESIAN_POINT('',(5.779330680387,11.21509223622));
#529 = CARTESIAN_POINT('',(5.8538482684,11.232816562569));
#530 = CARTESIAN_POINT('',(5.927070182644,11.248154555441));
#531 = CARTESIAN_POINT('',(5.999279703161,11.260745586966));
#532 = CARTESIAN_POINT('',(6.070739584958,11.270344020409));
#533 = CARTESIAN_POINT('',(6.141704441273,11.276795779231));
#534 = CARTESIAN_POINT('',(6.212430867698,11.280024038477));
#535 = CARTESIAN_POINT('',(6.28318530718,11.280024038477));
#536 = ( GEOMETRIC_REPRESENTATION_CONTEXT(2) 
PARAMETRIC_REPRESENTATION_CONTEXT() REPRESENTATION_CONTEXT('2D SPACE',''
  ) );
#537 = ADVANCED_FACE('',(#538),#464,.F.);
#538 = FACE_BOUND('',#539,.F.);
#539 = EDGE_LOOP('',(#540,#754,#775,#776));
#540 = ORIENTED_EDGE('',*,*,#541,.F.);
#541 = EDGE_CURVE('',#542,#542,#544,.T.);
#542 = VERTEX_POINT('',#543);
#543 = CARTESIAN_POINT('',(75.25,15.666445033893,191.));
#544 = SURFACE_CURVE('',#545,(#611,#680),.PCURVE_S1.);
#545 = B_SPLINE_CURVE_WITH_KNOTS('',8,(#546,#547,#548,#549,#550,#551,
    #552,#553,#554,#555,#556,#557,#558,#559,#560,#561,#562,#563,#564,
    #565,#566,#567,#568,#569,#570,#571,#572,#573,#574,#575,#576,#577,
    #578,#579,#580,#581,#582,#583,#584,#585,#586,#587,#588,#589,#590,
    #591,#592,#593,#594,#595,#596,#597,#598,#599,#600,#601,#602,#603,
    #604,#605,#606,#607,#608,#609,#610),.UNSPECIFIED.,.T.,.F.,(9,7,7,7,7
    ,7,7,7,7,9),(0.,9.937062857495E-02,0.197369125396,0.288353091875,
    0.393012602457,0.601532587431,0.706341255186,0.797454888918,
    0.895593049856,1.),.UNSPECIFIED.);
#546 = CARTESIAN_POINT('',(75.25,15.666445033893,191.));
#547 = CARTESIAN_POINT('',(75.25,15.666445033893,191.23563804273));
#548 = CARTESIAN_POINT('',(75.230475099645,15.670495319864,
    191.47125052035));
#549 = CARTESIAN_POINT('',(75.191430606412,15.678595469581,
    191.70496550979));
#550 = CARTESIAN_POINT('',(75.133088912263,15.690556109884,
    191.93491048777));
#551 = CARTESIAN_POINT('',(75.055881080684,15.706004190013,
    192.15924147172));
#552 = CARTESIAN_POINT('',(74.96044568914,15.72440470973,192.37616823017
    ));
#553 = CARTESIAN_POINT('',(74.847634926944,15.745098902229,
    192.58397556261));
#554 = CARTESIAN_POINT('',(74.591203708013,15.789311470815,
    192.97538461662));
#555 = CARTESIAN_POINT('',(74.445091538734,15.813293360555,
    193.16376772338));
#556 = CARTESIAN_POINT('',(74.279618672636,15.838785445774,
    193.34429162801));
#557 = CARTESIAN_POINT('',(74.094313922026,15.865098135082,
    193.51475131636));
#558 = CARTESIAN_POINT('',(73.888856984155,15.891359536516,
    193.67260432489));
#559 = CARTESIAN_POINT('',(73.66315203908,15.916505967003,
    193.81492173392));
#560 = CARTESIAN_POINT('',(73.417440263447,15.939304899905,
    193.93831126141));
#561 = CARTESIAN_POINT('',(72.906457822145,15.976206364762,
    194.13210133971));
#562 = CARTESIAN_POINT('',(72.643064837394,15.990870596136,
    194.20595919632));
#563 = CARTESIAN_POINT('',(72.367013226134,16.001036295681,
    194.25533788244));
#564 = CARTESIAN_POINT('',(72.083778284799,16.005609487873,
    194.27711576777));
#565 = CARTESIAN_POINT('',(71.799255613896,16.004099875526,
    194.27003536955));
#566 = CARTESIAN_POINT('',(71.519404167538,15.996744027211,
    194.2346859914));
#567 = CARTESIAN_POINT('',(71.2498818883,15.984435851238,194.17352407978
    ));
#568 = CARTESIAN_POINT('',(70.703301497174,15.95005971751,
    193.99592934513));
#569 = CARTESIAN_POINT('',(70.432089609754,15.926859301892,
    193.87285954099));
#570 = CARTESIAN_POINT('',(70.183333718,15.900457929969,193.72669970184)
  );
#571 = CARTESIAN_POINT('',(69.957586445137,15.872413827139,
    193.56171346841));
#572 = CARTESIAN_POINT('',(69.754912977757,15.844087770887,
    193.3816065676));
#573 = CARTESIAN_POINT('',(69.575042687227,15.816594462924,
    193.18962479234));
#574 = CARTESIAN_POINT('',(69.417461919381,15.790805554285,
    192.98861157484));
#575 = CARTESIAN_POINT('',(69.010530547379,15.720644513561,
    192.36748352333));
#576 = CARTESIAN_POINT('',(68.823103852426,15.68285041576,
    191.92455292951));
#577 = CARTESIAN_POINT('',(68.712858595077,15.658729638592,
    191.46608749036));
#578 = CARTESIAN_POINT('',(68.676357702146,15.650428561267,
    191.00028815333));
#579 = CARTESIAN_POINT('',(68.712646684485,15.658673943214,
    190.53418836363));
#580 = CARTESIAN_POINT('',(68.823044466284,15.682855577221,
    190.07509384188));
#581 = CARTESIAN_POINT('',(69.010916134465,15.720710994528,
    189.6319279279));
#582 = CARTESIAN_POINT('',(69.417461919381,15.790805554285,
    189.01138842515));
#583 = CARTESIAN_POINT('',(69.575042687227,15.816594462924,
    188.81037520765));
#584 = CARTESIAN_POINT('',(69.754912977757,15.844087770887,
    188.61839343239));
#585 = CARTESIAN_POINT('',(69.957586445137,15.872413827139,
    188.43828653159));
#586 = CARTESIAN_POINT('',(70.183333717999,15.900457929969,
    188.27330029815));
#587 = CARTESIAN_POINT('',(70.432089609754,15.926859301892,188.127140459
    ));
#588 = CARTESIAN_POINT('',(70.703301497174,15.95005971751,
    188.00407065487));
#589 = CARTESIAN_POINT('',(71.2498818883,15.984435851238,187.82647592021
    ));
#590 = CARTESIAN_POINT('',(71.51940416754,15.996744027211,
    187.76531400859));
#591 = CARTESIAN_POINT('',(71.799255613894,16.004099875526,
    187.72996463044));
#592 = CARTESIAN_POINT('',(72.083778284799,16.005609487873,
    187.72288423222));
#593 = CARTESIAN_POINT('',(72.367013226135,16.001036295681,
    187.74466211755));
#594 = CARTESIAN_POINT('',(72.643064837393,15.990870596136,
    187.79404080367));
#595 = CARTESIAN_POINT('',(72.906457822146,15.976206364762,
    187.86789866028));
#596 = CARTESIAN_POINT('',(73.417440263431,15.939304899906,
    188.06168873857));
#597 = CARTESIAN_POINT('',(73.663152039074,15.916505967005,
    188.18507826606));
#598 = CARTESIAN_POINT('',(73.888856984163,15.891359536515,
    188.3273956751));
#599 = CARTESIAN_POINT('',(74.094313922038,15.86509813508,
    188.48524868365));
#600 = CARTESIAN_POINT('',(74.279618672642,15.838785445773,
    188.65570837199));
#601 = CARTESIAN_POINT('',(74.445091538729,15.813293360555,
    188.83623227661));
#602 = CARTESIAN_POINT('',(74.591203708004,15.789311470816,
    189.02461538336));
#603 = CARTESIAN_POINT('',(74.853985302799,15.744004002672,
    189.4257174639));
#604 = CARTESIAN_POINT('',(74.968650179321,15.722864460014,
    189.63994336339));
#605 = CARTESIAN_POINT('',(75.063201424216,15.704551347621,
    189.85981723967));
#606 = CARTESIAN_POINT('',(75.138222431044,15.689504062806,
    190.08387916914));
#607 = CARTESIAN_POINT('',(75.194176370373,15.678025450744,
    190.31092465937));
#608 = CARTESIAN_POINT('',(75.231383420602,15.67030713637,
    190.53991606968));
#609 = CARTESIAN_POINT('',(75.25,15.666445033893,190.76990990744));
#610 = CARTESIAN_POINT('',(75.25,15.666445033893,191.));
#611 = PCURVE('',#464,#612);
#612 = DEFINITIONAL_REPRESENTATION('',(#613),#679);
#613 = B_SPLINE_CURVE_WITH_KNOTS('',8,(#614,#615,#616,#617,#618,#619,
    #620,#621,#622,#623,#624,#625,#626,#627,#628,#629,#630,#631,#632,
    #633,#634,#635,#636,#637,#638,#639,#640,#641,#642,#643,#644,#645,
    #646,#647,#648,#649,#650,#651,#652,#653,#654,#655,#656,#657,#658,
    #659,#660,#661,#662,#663,#664,#665,#666,#667,#668,#669,#670,#671,
    #672,#673,#674,#675,#676,#677,#678),.UNSPECIFIED.,.F.,.F.,(9,7,7,7,7
    ,7,7,7,7,9),(0.,9.937062857495E-02,0.197369125396,0.288353091875,
    0.393012602457,0.601532587431,0.706341255186,0.797454888918,
    0.895593049856,1.),.UNSPECIFIED.);
#614 = CARTESIAN_POINT('',(0.,14.333554966107));
#615 = CARTESIAN_POINT('',(7.250401314844E-02,14.333554966107));
#616 = CARTESIAN_POINT('',(0.145000047285,14.329504680136));
#617 = CARTESIAN_POINT('',(0.217493399794,14.321404530419));
#618 = CARTESIAN_POINT('',(0.289987465484,14.309443890116));
#619 = CARTESIAN_POINT('',(0.362485709736,14.293995809987));
#620 = CARTESIAN_POINT('',(0.434990201427,14.27559529027));
#621 = CARTESIAN_POINT('',(0.507496705623,14.254901097771));
#622 = CARTESIAN_POINT('',(0.651475013523,14.210688529185));
#623 = CARTESIAN_POINT('',(0.724597433397,14.186706639445));
#624 = CARTESIAN_POINT('',(0.799518808794,14.161214554226));
#625 = CARTESIAN_POINT('',(0.876413473879,14.134901864918));
#626 = CARTESIAN_POINT('',(0.955481529801,14.108640463484));
#627 = CARTESIAN_POINT('',(1.036954277636,14.083494032997));
#628 = CARTESIAN_POINT('',(1.121107901717,14.060695100095));
#629 = CARTESIAN_POINT('',(1.289260452845,14.023793635238));
#630 = CARTESIAN_POINT('',(1.373096505447,14.009129403864));
#631 = CARTESIAN_POINT('',(1.458711740785,13.998963704319));
#632 = CARTESIAN_POINT('',(1.545241763202,13.994390512127));
#633 = CARTESIAN_POINT('',(1.63193052771,13.995900124474));
#634 = CARTESIAN_POINT('',(1.718032804216,14.003255972789));
#635 = CARTESIAN_POINT('',(1.802719236896,14.015564148762));
#636 = CARTESIAN_POINT('',(1.979552662674,14.04994028249));
#637 = CARTESIAN_POINT('',(2.070620021185,14.073140698108));
#638 = CARTESIAN_POINT('',(2.158600648745,14.099542070031));
#639 = CARTESIAN_POINT('',(2.243815847992,14.127586172861));
#640 = CARTESIAN_POINT('',(2.326525447298,14.155912229113));
#641 = CARTESIAN_POINT('',(2.406945287655,14.183405537076));
#642 = CARTESIAN_POINT('',(2.4852521546,14.209194445715));
#643 = CARTESIAN_POINT('',(2.713731707974,14.279355486439));
#644 = CARTESIAN_POINT('',(2.85933629278,14.31714958424));
#645 = CARTESIAN_POINT('',(3.001279525425,14.341270361408));
#646 = CARTESIAN_POINT('',(3.141510156808,14.349571438733));
#647 = CARTESIAN_POINT('',(3.281822032844,14.341326056786));
#648 = CARTESIAN_POINT('',(3.423929830834,14.317144422779));
#649 = CARTESIAN_POINT('',(3.569670094594,14.279289005472));
#650 = CARTESIAN_POINT('',(3.79793315258,14.209194445715));
#651 = CARTESIAN_POINT('',(3.876240019524,14.183405537076));
#652 = CARTESIAN_POINT('',(3.956659859882,14.155912229113));
#653 = CARTESIAN_POINT('',(4.039369459188,14.127586172861));
#654 = CARTESIAN_POINT('',(4.124584658434,14.099542070031));
#655 = CARTESIAN_POINT('',(4.212565285995,14.073140698108));
#656 = CARTESIAN_POINT('',(4.303632644505,14.04994028249));
#657 = CARTESIAN_POINT('',(4.480466070283,14.015564148762));
#658 = CARTESIAN_POINT('',(4.565152502964,14.003255972789));
#659 = CARTESIAN_POINT('',(4.651254779469,13.995900124474));
#660 = CARTESIAN_POINT('',(4.737943543977,13.994390512127));
#661 = CARTESIAN_POINT('',(4.824473566395,13.998963704319));
#662 = CARTESIAN_POINT('',(4.910088801733,14.009129403864));
#663 = CARTESIAN_POINT('',(4.993924854334,14.023793635238));
#664 = CARTESIAN_POINT('',(5.162077405458,14.060695100094));
#665 = CARTESIAN_POINT('',(5.246231029542,14.083494032995));
#666 = CARTESIAN_POINT('',(5.327703777381,14.108640463485));
#667 = CARTESIAN_POINT('',(5.406771833305,14.13490186492));
#668 = CARTESIAN_POINT('',(5.483666498389,14.161214554227));
#669 = CARTESIAN_POINT('',(5.558587873781,14.186706639445));
#670 = CARTESIAN_POINT('',(5.631710293652,14.210688529184));
#671 = CARTESIAN_POINT('',(5.779254143904,14.255995997328));
#672 = CARTESIAN_POINT('',(5.85372574286,14.277135539986));
#673 = CARTESIAN_POINT('',(5.926928315368,14.295448652379));
#674 = CARTESIAN_POINT('',(5.999140985456,14.310495937194));
#675 = CARTESIAN_POINT('',(6.070621937206,14.321974549256));
#676 = CARTESIAN_POINT('',(6.141620717146,14.32969286363));
#677 = CARTESIAN_POINT('',(6.212388355623,14.333554966107));
#678 = CARTESIAN_POINT('',(6.28318530718,14.333554966107));
#679 = ( GEOMETRIC_REPRESENTATION_CONTEXT(2) 
PARAMETRIC_REPRESENTATION_CONTEXT() REPRESENTATION_CONTEXT('2D SPACE',''
  ) );
#680 = PCURVE('',#681,#686);
#681 = CYLINDRICAL_SURFACE('',#682,16.);
#682 = AXIS2_PLACEMENT_3D('',#683,#684,#685);
#683 = CARTESIAN_POINT('',(72.,0.,130.));
#684 = DIRECTION('',(0.,0.,1.));
#685 = DIRECTION('',(1.,0.,-0.));
#686 = DEFINITIONAL_REPRESENTATION('',(#687),#753);
#687 = B_SPLINE_CURVE_WITH_KNOTS('',8,(#688,#689,#690,#691,#692,#693,
    #694,#695,#696,#697,#698,#699,#700,#701,#702,#703,#704,#705,#706,
    #707,#708,#709,#710,#711,#712,#713,#714,#715,#716,#717,#718,#719,
    #720,#721,#722,#723,#724,#725,#726,#727,#728,#729,#730,#731,#732,
    #733,#734,#735,#736,#737,#738,#739,#740,#741,#742,#743,#744,#745,
    #746,#747,#748,#749,#750,#751,#752),.UNSPECIFIED.,.T.,.F.,(9,7,7,7,7
    ,7,7,7,7,9),(0.,9.937062857495E-02,0.197369125396,0.288353091875,
    0.393012602457,0.601532587431,0.706341255186,0.797454888918,
    0.895593049856,1.),.UNSPECIFIED.);
#688 = CARTESIAN_POINT('',(1.366247921914,61.));
#689 = CARTESIAN_POINT('',(1.366247921914,61.235638042732));
#690 = CARTESIAN_POINT('',(1.367494201013,61.471250520358));
#691 = CARTESIAN_POINT('',(1.36998645966,61.704965509794));
#692 = CARTESIAN_POINT('',(1.373708636281,61.934910487773));
#693 = CARTESIAN_POINT('',(1.378629628378,62.159241471729));
#694 = CARTESIAN_POINT('',(1.384703871389,62.376168230179));
#695 = CARTESIAN_POINT('',(1.391871775312,62.583975562614));
#696 = CARTESIAN_POINT('',(1.408135197805,62.975384616623));
#697 = CARTESIAN_POINT('',(1.417389100545,63.16376772338));
#698 = CARTESIAN_POINT('',(1.427852279347,63.344291628018));
#699 = CARTESIAN_POINT('',(1.439548259188,63.51475131636));
#700 = CARTESIAN_POINT('',(1.452490912818,63.672604324895));
#701 = CARTESIAN_POINT('',(1.466681021655,63.814921733928));
#702 = CARTESIAN_POINT('',(1.482100752495,63.938311261418));
#703 = CARTESIAN_POINT('',(1.514120324965,64.132101339714));
#704 = CARTESIAN_POINT('',(1.530605640508,64.205959196323));
#705 = CARTESIAN_POINT('',(1.547865409792,64.255337882443));
#706 = CARTESIAN_POINT('',(1.565562164856,64.277115767778));
#707 = CARTESIAN_POINT('',(1.583337172567,64.27003536955));
#708 = CARTESIAN_POINT('',(1.600828398166,64.234685991406));
#709 = CARTESIAN_POINT('',(1.617688610705,64.173524079782));
#710 = CARTESIAN_POINT('',(1.651917381643,63.99592934513));
#711 = CARTESIAN_POINT('',(1.668925711572,63.872859540992));
#712 = CARTESIAN_POINT('',(1.684555244926,63.726699701842));
#713 = CARTESIAN_POINT('',(1.698769084935,63.56171346841));
#714 = CARTESIAN_POINT('',(1.711557050626,63.381606567608));
#715 = CARTESIAN_POINT('',(1.722928403887,63.189624792346));
#716 = CARTESIAN_POINT('',(1.732907862954,62.988611574849));
#717 = CARTESIAN_POINT('',(1.758716330644,62.367483523334));
#718 = CARTESIAN_POINT('',(1.770661524889,61.924552929519));
#719 = CARTESIAN_POINT('',(1.777715506832,61.466087490363));
#720 = CARTESIAN_POINT('',(1.780055323253,61.000288153332));
#721 = CARTESIAN_POINT('',(1.777729160719,60.534188363638));
#722 = CARTESIAN_POINT('',(1.770665119103,60.075093841882));
#723 = CARTESIAN_POINT('',(1.758691875877,59.631927927904));
#724 = CARTESIAN_POINT('',(1.732907862954,59.011388425151));
#725 = CARTESIAN_POINT('',(1.722928403887,58.810375207654));
#726 = CARTESIAN_POINT('',(1.711557050626,58.618393432391));
#727 = CARTESIAN_POINT('',(1.698769084935,58.43828653159));
#728 = CARTESIAN_POINT('',(1.684555244926,58.273300298158));
#729 = CARTESIAN_POINT('',(1.668925711572,58.127140459008));
#730 = CARTESIAN_POINT('',(1.651917381643,58.00407065487));
#731 = CARTESIAN_POINT('',(1.617688610705,57.826475920218));
#732 = CARTESIAN_POINT('',(1.600828398166,57.765314008594));
#733 = CARTESIAN_POINT('',(1.583337172567,57.729964630449));
#734 = CARTESIAN_POINT('',(1.565562164856,57.722884232222));
#735 = CARTESIAN_POINT('',(1.547865409792,57.744662117558));
#736 = CARTESIAN_POINT('',(1.530605640508,57.794040803677));
#737 = CARTESIAN_POINT('',(1.514120324965,57.867898660286));
#738 = CARTESIAN_POINT('',(1.482100752496,58.061688738576));
#739 = CARTESIAN_POINT('',(1.466681021656,58.185078266066));
#740 = CARTESIAN_POINT('',(1.452490912817,58.327395675108));
#741 = CARTESIAN_POINT('',(1.439548259187,58.48524868365));
#742 = CARTESIAN_POINT('',(1.427852279347,58.655708371991));
#743 = CARTESIAN_POINT('',(1.417389100546,58.836232276617));
#744 = CARTESIAN_POINT('',(1.408135197806,59.024615383362));
#745 = CARTESIAN_POINT('',(1.391469020741,59.425717463908));
#746 = CARTESIAN_POINT('',(1.384182177056,59.639943363394));
#747 = CARTESIAN_POINT('',(1.378163223793,59.859817239675));
#748 = CARTESIAN_POINT('',(1.373381119607,60.083879169147));
#749 = CARTESIAN_POINT('',(1.369811174902,60.310924659378));
#750 = CARTESIAN_POINT('',(1.367436235611,60.539916069689));
#751 = CARTESIAN_POINT('',(1.366247921914,60.76990990744));
#752 = CARTESIAN_POINT('',(1.366247921914,61.));
#753 = ( GEOMETRIC_REPRESENTATION_CONTEXT(2) 
PARAMETRIC_REPRESENTATION_CONTEXT() REPRESENTATION_CONTEXT('2D SPACE',''
  ) );
#754 = ORIENTED_EDGE('',*,*,#755,.F.);
#755 = EDGE_CURVE('',#325,#542,#756,.T.);
#756 = SEAM_CURVE('',#757,(#761,#768),.PCURVE_S1.);
#757 = LINE('',#758,#759);
#758 = CARTESIAN_POINT('',(75.25,30.,191.));
#759 = VECTOR('',#760,1.);
#760 = DIRECTION('',(0.,-1.,2.22044604925E-16));
#761 = PCURVE('',#464,#762);
#762 = DEFINITIONAL_REPRESENTATION('',(#763),#767);
#763 = LINE('',#764,#765);
#764 = CARTESIAN_POINT('',(6.28318530718,-0.));
#765 = VECTOR('',#766,1.);
#766 = DIRECTION('',(0.,1.));
#767 = ( GEOMETRIC_REPRESENTATION_CONTEXT(2) 
PARAMETRIC_REPRESENTATION_CONTEXT() REPRESENTATION_CONTEXT('2D SPACE',''
  ) );
#768 = PCURVE('',#464,#769);
#769 = DEFINITIONAL_REPRESENTATION('',(#770),#774);
#770 = LINE('',#771,#772);
#771 = CARTESIAN_POINT('',(0.,-0.));
#772 = VECTOR('',#773,1.);
#773 = DIRECTION('',(0.,1.));
#774 = ( GEOMETRIC_REPRESENTATION_CONTEXT(2) 
PARAMETRIC_REPRESENTATION_CONTEXT() REPRESENTATION_CONTEXT('2D SPACE',''
  ) );
#775 = ORIENTED_EDGE('',*,*,#324,.T.);
#776 = ORIENTED_EDGE('',*,*,#755,.T.);
#777 = ADVANCED_FACE('',(#778,#855,#1066),#681,.F.);
#778 = FACE_BOUND('',#779,.F.);
#779 = EDGE_LOOP('',(#780,#805,#827,#828));
#780 = ORIENTED_EDGE('',*,*,#781,.T.);
#781 = EDGE_CURVE('',#782,#784,#786,.T.);
#782 = VERTEX_POINT('',#783);
#783 = CARTESIAN_POINT('',(88.,-3.918869757272E-15,131.));
#784 = VERTEX_POINT('',#785);
#785 = CARTESIAN_POINT('',(88.,-3.918869757272E-15,251.));
#786 = SEAM_CURVE('',#787,(#791,#798),.PCURVE_S1.);
#787 = LINE('',#788,#789);
#788 = CARTESIAN_POINT('',(88.,-3.918869757272E-15,130.));
#789 = VECTOR('',#790,1.);
#790 = DIRECTION('',(0.,0.,1.));
#791 = PCURVE('',#681,#792);
#792 = DEFINITIONAL_REPRESENTATION('',(#793),#797);
#793 = LINE('',#794,#795);
#794 = CARTESIAN_POINT('',(6.28318530718,-0.));
#795 = VECTOR('',#796,1.);
#796 = DIRECTION('',(0.,1.));
#797 = ( GEOMETRIC_REPRESENTATION_CONTEXT(2) 
PARAMETRIC_REPRESENTATION_CONTEXT() REPRESENTATION_CONTEXT('2D SPACE',''
  ) );
#798 = PCURVE('',#681,#799);
#799 = DEFINITIONAL_REPRESENTATION('',(#800),#804);
#800 = LINE('',#801,#802);
#801 = CARTESIAN_POINT('',(0.,-0.));
#802 = VECTOR('',#803,1.);
#803 = DIRECTION('',(0.,1.));
#804 = ( GEOMETRIC_REPRESENTATION_CONTEXT(2) 
PARAMETRIC_REPRESENTATION_CONTEXT() REPRESENTATION_CONTEXT('2D SPACE',''
  ) );
#805 = ORIENTED_EDGE('',*,*,#806,.F.);
#806 = EDGE_CURVE('',#784,#784,#807,.T.);
#807 = SURFACE_CURVE('',#808,(#813,#820),.PCURVE_S1.);
#808 = CIRCLE('',#809,16.);
#809 = AXIS2_PLACEMENT_3D('',#810,#811,#812);
#810 = CARTESIAN_POINT('',(72.,0.,251.));
#811 = DIRECTION('',(0.,0.,1.));
#812 = DIRECTION('',(1.,0.,-0.));
#813 = PCURVE('',#681,#814);
#814 = DEFINITIONAL_REPRESENTATION('',(#815),#819);
#815 = LINE('',#816,#817);
#816 = CARTESIAN_POINT('',(0.,121.));
#817 = VECTOR('',#818,1.);
#818 = DIRECTION('',(1.,0.));
#819 = ( GEOMETRIC_REPRESENTATION_CONTEXT(2) 
PARAMETRIC_REPRESENTATION_CONTEXT() REPRESENTATION_CONTEXT('2D SPACE',''
  ) );
#820 = PCURVE('',#93,#821);
#821 = DEFINITIONAL_REPRESENTATION('',(#822),#826);
#822 = CIRCLE('',#823,16.);
#823 = AXIS2_PLACEMENT_2D('',#824,#825);
#824 = CARTESIAN_POINT('',(0.,0.));
#825 = DIRECTION('',(1.,0.));
#826 = ( GEOMETRIC_REPRESENTATION_CONTEXT(2) 
PARAMETRIC_REPRESENTATION_CONTEXT() REPRESENTATION_CONTEXT('2D SPACE',''
  ) );
#827 = ORIENTED_EDGE('',*,*,#781,.F.);
#828 = ORIENTED_EDGE('',*,*,#829,.T.);
#829 = EDGE_CURVE('',#782,#782,#830,.T.);
#830 = SURFACE_CURVE('',#831,(#836,#843),.PCURVE_S1.);
#831 = CIRCLE('',#832,16.);
#832 = AXIS2_PLACEMENT_3D('',#833,#834,#835);
#833 = CARTESIAN_POINT('',(72.,0.,131.));
#834 = DIRECTION('',(0.,0.,1.));
#835 = DIRECTION('',(1.,0.,-0.));
#836 = PCURVE('',#681,#837);
#837 = DEFINITIONAL_REPRESENTATION('',(#838),#842);
#838 = LINE('',#839,#840);
#839 = CARTESIAN_POINT('',(0.,1.));
#840 = VECTOR('',#841,1.);
#841 = DIRECTION('',(1.,0.));
#842 = ( GEOMETRIC_REPRESENTATION_CONTEXT(2) 
PARAMETRIC_REPRESENTATION_CONTEXT() REPRESENTATION_CONTEXT('2D SPACE',''
  ) );
#843 = PCURVE('',#844,#849);
#844 = PLANE('',#845);
#845 = AXIS2_PLACEMENT_3D('',#846,#847,#848);
#846 = CARTESIAN_POINT('',(72.,0.,131.));
#847 = DIRECTION('',(0.,0.,1.));
#848 = DIRECTION('',(1.,0.,-0.));
#849 = DEFINITIONAL_REPRESENTATION('',(#850),#854);
#850 = CIRCLE('',#851,16.);
#851 = AXIS2_PLACEMENT_2D('',#852,#853);
#852 = CARTESIAN_POINT('',(0.,0.));
#853 = DIRECTION('',(1.,0.));
#854 = ( GEOMETRIC_REPRESENTATION_CONTEXT(2) 
PARAMETRIC_REPRESENTATION_CONTEXT() REPRESENTATION_CONTEXT('2D SPACE',''
  ) );
#855 = FACE_BOUND('',#856,.F.);
#856 = EDGE_LOOP('',(#857));
#857 = ORIENTED_EDGE('',*,*,#858,.F.);
#858 = EDGE_CURVE('',#859,#859,#861,.T.);
#859 = VERTEX_POINT('',#860);
#860 = CARTESIAN_POINT('',(75.25,-15.66644503389,191.));
#861 = SURFACE_CURVE('',#862,(#928,#997),.PCURVE_S1.);
#862 = B_SPLINE_CURVE_WITH_KNOTS('',8,(#863,#864,#865,#866,#867,#868,
    #869,#870,#871,#872,#873,#874,#875,#876,#877,#878,#879,#880,#881,
    #882,#883,#884,#885,#886,#887,#888,#889,#890,#891,#892,#893,#894,
    #895,#896,#897,#898,#899,#900,#901,#902,#903,#904,#905,#906,#907,
    #908,#909,#910,#911,#912,#913,#914,#915,#916,#917,#918,#919,#920,
    #921,#922,#923,#924,#925,#926,#927),.UNSPECIFIED.,.T.,.F.,(9,7,7,7,7
    ,7,7,7,7,9),(0.,9.937062486184E-02,0.197369120972,0.288353089436,
    0.3930126023,0.60153259182,0.706341261829,0.797454897035,
    0.895593056228,1.),.UNSPECIFIED.);
#863 = CARTESIAN_POINT('',(75.25,-15.66644503389,191.));
#864 = CARTESIAN_POINT('',(75.25,-15.66644503389,191.23563804273));
#865 = CARTESIAN_POINT('',(75.230475099645,-15.67049531986,
    191.47125052035));
#866 = CARTESIAN_POINT('',(75.191430606412,-15.67859546958,
    191.70496550979));
#867 = CARTESIAN_POINT('',(75.133088912263,-15.69055610988,
    191.93491048777));
#868 = CARTESIAN_POINT('',(75.055881080684,-15.70600419001,
    192.15924147172));
#869 = CARTESIAN_POINT('',(74.96044568914,-15.72440470973,
    192.37616823017));
#870 = CARTESIAN_POINT('',(74.847634926944,-15.74509890222,
    192.58397556261));
#871 = CARTESIAN_POINT('',(74.591203704179,-15.78931147147,
    192.97538462247));
#872 = CARTESIAN_POINT('',(74.445091544109,-15.81329335935,
    193.16376771248));
#873 = CARTESIAN_POINT('',(74.279618676423,-15.8387854459,
    193.34429163103));
#874 = CARTESIAN_POINT('',(74.094313912977,-15.86509813608,
    193.51475132337));
#875 = CARTESIAN_POINT('',(73.888856980436,-15.89135953639,
    193.67260432187));
#876 = CARTESIAN_POINT('',(73.663152053166,-15.91650596606,
    193.81492172979));
#877 = CARTESIAN_POINT('',(73.417440255748,-15.93930490046,
    193.93831126433));
#878 = CARTESIAN_POINT('',(72.906457822145,-15.97620636476,
    194.13210133971));
#879 = CARTESIAN_POINT('',(72.643064837394,-15.99087059613,
    194.20595919632));
#880 = CARTESIAN_POINT('',(72.367013226135,-16.00103629568,
    194.25533788244));
#881 = CARTESIAN_POINT('',(72.083778284799,-16.00560948787,
    194.27711576777));
#882 = CARTESIAN_POINT('',(71.799255613895,-16.00409987552,
    194.27003536955));
#883 = CARTESIAN_POINT('',(71.519404167539,-15.99674402721,
    194.2346859914));
#884 = CARTESIAN_POINT('',(71.2498818883,-15.98443585123,194.17352407978
    ));
#885 = CARTESIAN_POINT('',(70.703301497173,-15.95005971751,
    193.99592934513));
#886 = CARTESIAN_POINT('',(70.432089609755,-15.92685930189,
    193.87285954099));
#887 = CARTESIAN_POINT('',(70.183333717999,-15.90045792996,
    193.72669970184));
#888 = CARTESIAN_POINT('',(69.957586445137,-15.87241382713,
    193.56171346841));
#889 = CARTESIAN_POINT('',(69.754912977758,-15.84408777088,
    193.3816065676));
#890 = CARTESIAN_POINT('',(69.575042687227,-15.81659446292,
    193.18962479234));
#891 = CARTESIAN_POINT('',(69.417461919381,-15.79080555428,
    192.98861157485));
#892 = CARTESIAN_POINT('',(69.010530547379,-15.72064451356,
    192.36748352333));
#893 = CARTESIAN_POINT('',(68.823103852424,-15.68285041576,
    191.92455292951));
#894 = CARTESIAN_POINT('',(68.712858595078,-15.65872963859,
    191.46608749037));
#895 = CARTESIAN_POINT('',(68.676357702145,-15.65042856126,
    191.00028815332));
#896 = CARTESIAN_POINT('',(68.712646684484,-15.65867394321,
    190.53418836364));
#897 = CARTESIAN_POINT('',(68.823044466285,-15.68285557722,
    190.07509384188));
#898 = CARTESIAN_POINT('',(69.010916134464,-15.72071099452,
    189.6319279279));
#899 = CARTESIAN_POINT('',(69.417461919341,-15.79080555427,
    189.01138842521));
#900 = CARTESIAN_POINT('',(69.575042687205,-15.81659446292,
    188.81037520766));
#901 = CARTESIAN_POINT('',(69.754912977781,-15.84408777089,
    188.61839343235));
#902 = CARTESIAN_POINT('',(69.957586445189,-15.87241382714,
    188.43828653154));
#903 = CARTESIAN_POINT('',(70.183333718033,-15.90045792997,
    188.27330029815));
#904 = CARTESIAN_POINT('',(70.432089609729,-15.92685930188,
    188.12714045903));
#905 = CARTESIAN_POINT('',(70.703301497106,-15.9500597175,
    188.00407065489));
#906 = CARTESIAN_POINT('',(71.249881887005,-15.98443585115,
    187.82647592063));
#907 = CARTESIAN_POINT('',(71.51940416977,-15.99674402739,
    187.76531400762));
#908 = CARTESIAN_POINT('',(71.799255613855,-16.00409987535,
    187.72996463133));
#909 = CARTESIAN_POINT('',(72.083778282773,-16.00560948788,
    187.72288423218));
#910 = CARTESIAN_POINT('',(72.367013226169,-16.00103629585,
    187.74466211666));
#911 = CARTESIAN_POINT('',(72.643064839498,-15.99087059593,
    187.79404080473));
#912 = CARTESIAN_POINT('',(72.906457820923,-15.97620636485,
    187.86789865982));
#913 = CARTESIAN_POINT('',(73.417440255748,-15.93930490046,
    188.06168873566));
#914 = CARTESIAN_POINT('',(73.663152053166,-15.91650596606,
    188.1850782702));
#915 = CARTESIAN_POINT('',(73.888856980435,-15.89135953639,
    188.32739567812));
#916 = CARTESIAN_POINT('',(74.094313912977,-15.86509813608,
    188.48524867662));
#917 = CARTESIAN_POINT('',(74.279618676424,-15.8387854459,
    188.65570836896));
#918 = CARTESIAN_POINT('',(74.445091544109,-15.81329335935,
    188.83623228751));
#919 = CARTESIAN_POINT('',(74.591203704179,-15.78931147147,
    189.02461537752));
#920 = CARTESIAN_POINT('',(74.85398530101,-15.74400400298,
    189.42571746117));
#921 = CARTESIAN_POINT('',(74.968650181172,-15.72286445968,
    189.63994336817));
#922 = CARTESIAN_POINT('',(75.063201425093,-15.70455134747,
    189.85981723967));
#923 = CARTESIAN_POINT('',(75.138222429767,-15.68950406303,
    190.08387916468));
#924 = CARTESIAN_POINT('',(75.19417636953,-15.67802545089,
    190.31092465932));
#925 = CARTESIAN_POINT('',(75.2313834215,-15.67030713621,190.53991607439
    ));
#926 = CARTESIAN_POINT('',(75.25,-15.66644503389,190.76990990464));
#927 = CARTESIAN_POINT('',(75.25,-15.66644503389,191.));
#928 = PCURVE('',#681,#929);
#929 = DEFINITIONAL_REPRESENTATION('',(#930),#996);
#930 = B_SPLINE_CURVE_WITH_KNOTS('',8,(#931,#932,#933,#934,#935,#936,
    #937,#938,#939,#940,#941,#942,#943,#944,#945,#946,#947,#948,#949,
    #950,#951,#952,#953,#954,#955,#956,#957,#958,#959,#960,#961,#962,
    #963,#964,#965,#966,#967,#968,#969,#970,#971,#972,#973,#974,#975,
    #976,#977,#978,#979,#980,#981,#982,#983,#984,#985,#986,#987,#988,
    #989,#990,#991,#992,#993,#994,#995),.UNSPECIFIED.,.T.,.F.,(9,7,7,7,7
    ,7,7,7,7,9),(0.,9.937062486184E-02,0.197369120972,0.288353089436,
    0.3930126023,0.60153259182,0.706341261829,0.797454897035,
    0.895593056228,1.),.UNSPECIFIED.);
#931 = CARTESIAN_POINT('',(4.916937385265,61.));
#932 = CARTESIAN_POINT('',(4.916937385265,61.235638042732));
#933 = CARTESIAN_POINT('',(4.915691106166,61.471250520358));
#934 = CARTESIAN_POINT('',(4.91319884752,61.704965509794));
#935 = CARTESIAN_POINT('',(4.909476670899,61.934910487773));
#936 = CARTESIAN_POINT('',(4.904555678801,62.159241471729));
#937 = CARTESIAN_POINT('',(4.898481435791,62.376168230179));
#938 = CARTESIAN_POINT('',(4.891313531867,62.583975562614));
#939 = CARTESIAN_POINT('',(4.875050109131,62.975384622476));
#940 = CARTESIAN_POINT('',(4.865796206977,63.163767712489));
#941 = CARTESIAN_POINT('',(4.855333028067,63.344291631039));
#942 = CARTESIAN_POINT('',(4.843637047422,63.514751323374));
#943 = CARTESIAN_POINT('',(4.830694394132,63.672604321876));
#944 = CARTESIAN_POINT('',(4.816504286406,63.814921729792));
#945 = CARTESIAN_POINT('',(4.801084554202,63.938311264337));
#946 = CARTESIAN_POINT('',(4.769064982214,64.132101339714));
#947 = CARTESIAN_POINT('',(4.752579666671,64.205959196323));
#948 = CARTESIAN_POINT('',(4.735319897387,64.255337882442));
#949 = CARTESIAN_POINT('',(4.717623142324,64.277115767778));
#950 = CARTESIAN_POINT('',(4.699848134612,64.270035369551));
#951 = CARTESIAN_POINT('',(4.682356909013,64.234685991406));
#952 = CARTESIAN_POINT('',(4.665496696475,64.173524079782));
#953 = CARTESIAN_POINT('',(4.631267925537,63.99592934513));
#954 = CARTESIAN_POINT('',(4.614259595608,63.872859540992));
#955 = CARTESIAN_POINT('',(4.598630062253,63.726699701841));
#956 = CARTESIAN_POINT('',(4.584416222245,63.561713468411));
#957 = CARTESIAN_POINT('',(4.571628256553,63.381606567609));
#958 = CARTESIAN_POINT('',(4.560256903293,63.189624792346));
#959 = CARTESIAN_POINT('',(4.550277444226,62.98861157485));
#960 = CARTESIAN_POINT('',(4.524468976536,62.367483523335));
#961 = CARTESIAN_POINT('',(4.51252378229,61.924552929515));
#962 = CARTESIAN_POINT('',(4.505469800348,61.466087490371));
#963 = CARTESIAN_POINT('',(4.503129983926,61.000288153321));
#964 = CARTESIAN_POINT('',(4.505456146461,60.534188363646));
#965 = CARTESIAN_POINT('',(4.512520188077,60.075093841879));
#966 = CARTESIAN_POINT('',(4.524493431302,59.631927927904));
#967 = CARTESIAN_POINT('',(4.550277444223,59.011388425212));
#968 = CARTESIAN_POINT('',(4.560256903291,58.810375207664));
#969 = CARTESIAN_POINT('',(4.571628256555,58.618393432354));
#970 = CARTESIAN_POINT('',(4.584416222248,58.438286531549));
#971 = CARTESIAN_POINT('',(4.598630062256,58.273300298151));
#972 = CARTESIAN_POINT('',(4.614259595606,58.127140459033));
#973 = CARTESIAN_POINT('',(4.631267925533,58.004070654892));
#974 = CARTESIAN_POINT('',(4.665496696393,57.826475920639));
#975 = CARTESIAN_POINT('',(4.682356909153,57.765314007621));
#976 = CARTESIAN_POINT('',(4.69984813461,57.729964631338));
#977 = CARTESIAN_POINT('',(4.717623142197,57.722884232182));
#978 = CARTESIAN_POINT('',(4.73531989739,57.744662116667));
#979 = CARTESIAN_POINT('',(4.752579666803,57.794040804732));
#980 = CARTESIAN_POINT('',(4.769064982138,57.867898659822));
#981 = CARTESIAN_POINT('',(4.801084554202,58.061688735663));
#982 = CARTESIAN_POINT('',(4.816504286406,58.185078270208));
#983 = CARTESIAN_POINT('',(4.830694394132,58.327395678124));
#984 = CARTESIAN_POINT('',(4.843637047422,58.485248676626));
#985 = CARTESIAN_POINT('',(4.855333028067,58.655708368962));
#986 = CARTESIAN_POINT('',(4.865796206977,58.836232287511));
#987 = CARTESIAN_POINT('',(4.875050109131,59.024615377524));
#988 = CARTESIAN_POINT('',(4.891716286325,59.425717461177));
#989 = CARTESIAN_POINT('',(4.899003130241,59.639943368178));
#990 = CARTESIAN_POINT('',(4.905022083442,59.859817239677));
#991 = CARTESIAN_POINT('',(4.909804187491,60.083879164681));
#992 = CARTESIAN_POINT('',(4.913374132224,60.310924659325));
#993 = CARTESIAN_POINT('',(4.915749071626,60.539916074392));
#994 = CARTESIAN_POINT('',(4.916937385265,60.769909904648));
#995 = CARTESIAN_POINT('',(4.916937385265,61.));
#996 = ( GEOMETRIC_REPRESENTATION_CONTEXT(2) 
PARAMETRIC_REPRESENTATION_CONTEXT() REPRESENTATION_CONTEXT('2D SPACE',''
  ) );
#997 = PCURVE('',#248,#998);
#998 = DEFINITIONAL_REPRESENTATION('',(#999),#1065);
#999 = B_SPLINE_CURVE_WITH_KNOTS('',8,(#1000,#1001,#1002,#1003,#1004,
    #1005,#1006,#1007,#1008,#1009,#1010,#1011,#1012,#1013,#1014,#1015,
    #1016,#1017,#1018,#1019,#1020,#1021,#1022,#1023,#1024,#1025,#1026,
    #1027,#1028,#1029,#1030,#1031,#1032,#1033,#1034,#1035,#1036,#1037,
    #1038,#1039,#1040,#1041,#1042,#1043,#1044,#1045,#1046,#1047,#1048,
    #1049,#1050,#1051,#1052,#1053,#1054,#1055,#1056,#1057,#1058,#1059,
    #1060,#1061,#1062,#1063,#1064),.UNSPECIFIED.,.F.,.F.,(9,7,7,7,7,7,7,
    7,7,9),(0.,9.937062486184E-02,0.197369120972,0.288353089436,
    0.3930126023,0.60153259182,0.706341261829,0.797454897035,
    0.895593056228,1.),.UNSPECIFIED.);
#1000 = CARTESIAN_POINT('',(0.,45.666445033893));
#1001 = CARTESIAN_POINT('',(7.250401314843E-02,45.666445033893));
#1002 = CARTESIAN_POINT('',(0.145000047285,45.670495319864));
#1003 = CARTESIAN_POINT('',(0.217493399794,45.678595469581));
#1004 = CARTESIAN_POINT('',(0.289987465484,45.690556109884));
#1005 = CARTESIAN_POINT('',(0.362485709736,45.706004190013));
#1006 = CARTESIAN_POINT('',(0.434990201427,45.72440470973));
#1007 = CARTESIAN_POINT('',(0.507496705623,45.745098902229));
#1008 = CARTESIAN_POINT('',(0.651475015676,45.789311471476));
#1009 = CARTESIAN_POINT('',(0.724597429874,45.813293359357));
#1010 = CARTESIAN_POINT('',(0.799518808432,45.838785445906));
#1011 = CARTESIAN_POINT('',(0.876413477543,45.865098136085));
#1012 = CARTESIAN_POINT('',(0.955481530131,45.891359536396));
#1013 = CARTESIAN_POINT('',(1.036954273273,45.916505966064));
#1014 = CARTESIAN_POINT('',(1.12110790425,45.939304900461));
#1015 = CARTESIAN_POINT('',(1.289260452845,45.976206364762));
#1016 = CARTESIAN_POINT('',(1.373096505447,45.990870596136));
#1017 = CARTESIAN_POINT('',(1.458711740785,46.001036295681));
#1018 = CARTESIAN_POINT('',(1.545241763203,46.005609487873));
#1019 = CARTESIAN_POINT('',(1.63193052771,46.004099875526));
#1020 = CARTESIAN_POINT('',(1.718032804216,45.996744027211));
#1021 = CARTESIAN_POINT('',(1.802719236896,45.984435851238));
#1022 = CARTESIAN_POINT('',(1.979552662674,45.95005971751));
#1023 = CARTESIAN_POINT('',(2.070620021185,45.926859301892));
#1024 = CARTESIAN_POINT('',(2.158600648746,45.900457929969));
#1025 = CARTESIAN_POINT('',(2.243815847992,45.872413827139));
#1026 = CARTESIAN_POINT('',(2.326525447298,45.844087770887));
#1027 = CARTESIAN_POINT('',(2.406945287655,45.816594462924));
#1028 = CARTESIAN_POINT('',(2.4852521546,45.790805554285));
#1029 = CARTESIAN_POINT('',(2.713731707973,45.720644513561));
#1030 = CARTESIAN_POINT('',(2.859336292781,45.68285041576));
#1031 = CARTESIAN_POINT('',(3.001279525424,45.658729638592));
#1032 = CARTESIAN_POINT('',(3.14151015681,45.650428561267));
#1033 = CARTESIAN_POINT('',(3.281822032842,45.658673943214));
#1034 = CARTESIAN_POINT('',(3.423929830835,45.682855577222));
#1035 = CARTESIAN_POINT('',(3.569670094594,45.720710994528));
#1036 = CARTESIAN_POINT('',(3.797933152557,45.790805554278));
#1037 = CARTESIAN_POINT('',(3.876240019518,45.816594462921));
#1038 = CARTESIAN_POINT('',(3.956659859894,45.844087770892));
#1039 = CARTESIAN_POINT('',(4.039369459208,45.872413827146));
#1040 = CARTESIAN_POINT('',(4.124584658444,45.900457929971));
#1041 = CARTESIAN_POINT('',(4.212565285985,45.926859301887));
#1042 = CARTESIAN_POINT('',(4.303632644483,45.950059717506));
#1043 = CARTESIAN_POINT('',(4.480466069864,45.984435851157));
#1044 = CARTESIAN_POINT('',(4.565152503677,45.996744027399));
#1045 = CARTESIAN_POINT('',(4.651254779464,46.004099875356));
#1046 = CARTESIAN_POINT('',(4.737943543325,46.00560948788));
#1047 = CARTESIAN_POINT('',(4.824473566401,46.001036295852));
#1048 = CARTESIAN_POINT('',(4.91008880242,45.990870595935));
#1049 = CARTESIAN_POINT('',(4.993924853932,45.97620636485));
#1050 = CARTESIAN_POINT('',(5.162077402929,45.939304900461));
#1051 = CARTESIAN_POINT('',(5.246231033906,45.916505966064));
#1052 = CARTESIAN_POINT('',(5.327703777048,45.891359536396));
#1053 = CARTESIAN_POINT('',(5.406771829636,45.865098136085));
#1054 = CARTESIAN_POINT('',(5.483666498747,45.838785445906));
#1055 = CARTESIAN_POINT('',(5.558587877306,45.813293359357));
#1056 = CARTESIAN_POINT('',(5.631710291504,45.789311471476));
#1057 = CARTESIAN_POINT('',(5.779254142899,45.74400400298));
#1058 = CARTESIAN_POINT('',(5.853725744489,45.722864459688));
#1059 = CARTESIAN_POINT('',(5.926928315451,45.70455134747));
#1060 = CARTESIAN_POINT('',(5.999140983978,45.689504063034));
#1061 = CARTESIAN_POINT('',(6.070621937117,45.678025450892));
#1062 = CARTESIAN_POINT('',(6.141620718665,45.67030713621));
#1063 = CARTESIAN_POINT('',(6.212388354764,45.666445033893));
#1064 = CARTESIAN_POINT('',(6.28318530718,45.666445033893));
#1065 = ( GEOMETRIC_REPRESENTATION_CONTEXT(2) 
PARAMETRIC_REPRESENTATION_CONTEXT() REPRESENTATION_CONTEXT('2D SPACE',''
  ) );
#1066 = FACE_BOUND('',#1067,.F.);
#1067 = EDGE_LOOP('',(#1068));
#1068 = ORIENTED_EDGE('',*,*,#541,.T.);
#1069 = ADVANCED_FACE('',(#1070),#844,.T.);
#1070 = FACE_BOUND('',#1071,.T.);
#1071 = EDGE_LOOP('',(#1072));
#1072 = ORIENTED_EDGE('',*,*,#829,.T.);
#1073 = ADVANCED_FACE('',(#1074),#248,.F.);
#1074 = FACE_BOUND('',#1075,.F.);
#1075 = EDGE_LOOP('',(#1076,#1077,#1098,#1099));
#1076 = ORIENTED_EDGE('',*,*,#108,.F.);
#1077 = ORIENTED_EDGE('',*,*,#1078,.F.);
#1078 = EDGE_CURVE('',#859,#109,#1079,.T.);
#1079 = SEAM_CURVE('',#1080,(#1084,#1091),.PCURVE_S1.);
#1080 = LINE('',#1081,#1082);
#1081 = CARTESIAN_POINT('',(75.25,30.,191.));
#1082 = VECTOR('',#1083,1.);
#1083 = DIRECTION('',(0.,-1.,2.22044604925E-16));
#1084 = PCURVE('',#248,#1085);
#1085 = DEFINITIONAL_REPRESENTATION('',(#1086),#1090);
#1086 = LINE('',#1087,#1088);
#1087 = CARTESIAN_POINT('',(6.28318530718,-0.));
#1088 = VECTOR('',#1089,1.);
#1089 = DIRECTION('',(0.,1.));
#1090 = ( GEOMETRIC_REPRESENTATION_CONTEXT(2) 
PARAMETRIC_REPRESENTATION_CONTEXT() REPRESENTATION_CONTEXT('2D SPACE',''
  ) );
#1091 = PCURVE('',#248,#1092);
#1092 = DEFINITIONAL_REPRESENTATION('',(#1093),#1097);
#1093 = LINE('',#1094,#1095);
#1094 = CARTESIAN_POINT('',(0.,-0.));
#1095 = VECTOR('',#1096,1.);
#1096 = DIRECTION('',(0.,1.));
#1097 = ( GEOMETRIC_REPRESENTATION_CONTEXT(2) 
PARAMETRIC_REPRESENTATION_CONTEXT() REPRESENTATION_CONTEXT('2D SPACE',''
  ) );
#1098 = ORIENTED_EDGE('',*,*,#858,.T.);
#1099 = ORIENTED_EDGE('',*,*,#1078,.T.);
#1100 = ADVANCED_FACE('',(#1101,#1104),#93,.T.);
#1101 = FACE_BOUND('',#1102,.T.);
#1102 = EDGE_LOOP('',(#1103));
#1103 = ORIENTED_EDGE('',*,*,#78,.T.);
#1104 = FACE_BOUND('',#1105,.T.);
#1105 = EDGE_LOOP('',(#1106));
#1106 = ORIENTED_EDGE('',*,*,#806,.F.);
#1107 = ADVANCED_FACE('',(#1108,#1111,#1225),#43,.F.);
#1108 = FACE_BOUND('',#1109,.F.);
#1109 = EDGE_LOOP('',(#1110));
#1110 = ORIENTED_EDGE('',*,*,#21,.T.);
#1111 = FACE_BOUND('',#1112,.F.);
#1112 = EDGE_LOOP('',(#1113,#1143,#1171,#1199));
#1113 = ORIENTED_EDGE('',*,*,#1114,.T.);
#1114 = EDGE_CURVE('',#1115,#1117,#1119,.T.);
#1115 = VERTEX_POINT('',#1116);
#1116 = CARTESIAN_POINT('',(57.,-10.,125.));
#1117 = VERTEX_POINT('',#1118);
#1118 = CARTESIAN_POINT('',(57.,-4.,125.));
#1119 = SURFACE_CURVE('',#1120,(#1124,#1131),.PCURVE_S1.);
#1120 = LINE('',#1121,#1122);
#1121 = CARTESIAN_POINT('',(57.,-10.,125.));
#1122 = VECTOR('',#1123,1.);
#1123 = DIRECTION('',(-0.,1.,0.));
#1124 = PCURVE('',#43,#1125);
#1125 = DEFINITIONAL_REPRESENTATION('',(#1126),#1130);
#1126 = LINE('',#1127,#1128);
#1127 = CARTESIAN_POINT('',(-15.,-10.));
#1128 = VECTOR('',#1129,1.);
#1129 = DIRECTION('',(0.,1.));
#1130 = ( GEOMETRIC_REPRESENTATION_CONTEXT(2) 
PARAMETRIC_REPRESENTATION_CONTEXT() REPRESENTATION_CONTEXT('2D SPACE',''
  ) );
#1131 = PCURVE('',#1132,#1137);
#1132 = PLANE('',#1133);
#1133 = AXIS2_PLACEMENT_3D('',#1134,#1135,#1136);
#1134 = CARTESIAN_POINT('',(57.,-10.,56.));
#1135 = DIRECTION('',(1.,0.,-0.));
#1136 = DIRECTION('',(0.,0.,1.));
#1137 = DEFINITIONAL_REPRESENTATION('',(#1138),#1142);
#1138 = LINE('',#1139,#1140);
#1139 = CARTESIAN_POINT('',(69.,0.));
#1140 = VECTOR('',#1141,1.);
#1141 = DIRECTION('',(0.,-1.));
#1142 = ( GEOMETRIC_REPRESENTATION_CONTEXT(2) 
PARAMETRIC_REPRESENTATION_CONTEXT() REPRESENTATION_CONTEXT('2D SPACE',''
  ) );
#1143 = ORIENTED_EDGE('',*,*,#1144,.T.);
#1144 = EDGE_CURVE('',#1117,#1145,#1147,.T.);
#1145 = VERTEX_POINT('',#1146);
#1146 = CARTESIAN_POINT('',(87.,-4.,125.));
#1147 = SURFACE_CURVE('',#1148,(#1152,#1159),.PCURVE_S1.);
#1148 = LINE('',#1149,#1150);
#1149 = CARTESIAN_POINT('',(57.,-4.,125.));
#1150 = VECTOR('',#1151,1.);
#1151 = DIRECTION('',(1.,0.,-0.));
#1152 = PCURVE('',#43,#1153);
#1153 = DEFINITIONAL_REPRESENTATION('',(#1154),#1158);
#1154 = LINE('',#1155,#1156);
#1155 = CARTESIAN_POINT('',(-15.,-4.));
#1156 = VECTOR('',#1157,1.);
#1157 = DIRECTION('',(1.,0.));
#1158 = ( GEOMETRIC_REPRESENTATION_CONTEXT(2) 
PARAMETRIC_REPRESENTATION_CONTEXT() REPRESENTATION_CONTEXT('2D SPACE',''
  ) );
#1159 = PCURVE('',#1160,#1165);
#1160 = PLANE('',#1161);
#1161 = AXIS2_PLACEMENT_3D('',#1162,#1163,#1164);
#1162 = CARTESIAN_POINT('',(57.,-4.,56.));
#1163 = DIRECTION('',(-0.,1.,0.));
#1164 = DIRECTION('',(0.,0.,1.));
#1165 = DEFINITIONAL_REPRESENTATION('',(#1166),#1170);
#1166 = LINE('',#1167,#1168);
#1167 = CARTESIAN_POINT('',(69.,0.));
#1168 = VECTOR('',#1169,1.);
#1169 = DIRECTION('',(0.,1.));
#1170 = ( GEOMETRIC_REPRESENTATION_CONTEXT(2) 
PARAMETRIC_REPRESENTATION_CONTEXT() REPRESENTATION_CONTEXT('2D SPACE',''
  ) );
#1171 = ORIENTED_EDGE('',*,*,#1172,.F.);
#1172 = EDGE_CURVE('',#1173,#1145,#1175,.T.);
#1173 = VERTEX_POINT('',#1174);
#1174 = CARTESIAN_POINT('',(87.,-10.,125.));
#1175 = SURFACE_CURVE('',#1176,(#1180,#1187),.PCURVE_S1.);
#1176 = LINE('',#1177,#1178);
#1177 = CARTESIAN_POINT('',(87.,-10.,125.));
#1178 = VECTOR('',#1179,1.);
#1179 = DIRECTION('',(-0.,1.,0.));
#1180 = PCURVE('',#43,#1181);
#1181 = DEFINITIONAL_REPRESENTATION('',(#1182),#1186);
#1182 = LINE('',#1183,#1184);
#1183 = CARTESIAN_POINT('',(15.,-10.));
#1184 = VECTOR('',#1185,1.);
#1185 = DIRECTION('',(0.,1.));
#1186 = ( GEOMETRIC_REPRESENTATION_CONTEXT(2) 
PARAMETRIC_REPRESENTATION_CONTEXT() REPRESENTATION_CONTEXT('2D SPACE',''
  ) );
#1187 = PCURVE('',#1188,#1193);
#1188 = PLANE('',#1189);
#1189 = AXIS2_PLACEMENT_3D('',#1190,#1191,#1192);
#1190 = CARTESIAN_POINT('',(87.,-10.,56.));
#1191 = DIRECTION('',(1.,0.,-0.));
#1192 = DIRECTION('',(0.,0.,1.));
#1193 = DEFINITIONAL_REPRESENTATION('',(#1194),#1198);
#1194 = LINE('',#1195,#1196);
#1195 = CARTESIAN_POINT('',(69.,0.));
#1196 = VECTOR('',#1197,1.);
#1197 = DIRECTION('',(0.,-1.));
#1198 = ( GEOMETRIC_REPRESENTATION_CONTEXT(2) 
PARAMETRIC_REPRESENTATION_CONTEXT() REPRESENTATION_CONTEXT('2D SPACE',''
  ) );
#1199 = ORIENTED_EDGE('',*,*,#1200,.F.);
#1200 = EDGE_CURVE('',#1115,#1173,#1201,.T.);
#1201 = SURFACE_CURVE('',#1202,(#1206,#1213),.PCURVE_S1.);
#1202 = LINE('',#1203,#1204);
#1203 = CARTESIAN_POINT('',(57.,-10.,125.));
#1204 = VECTOR('',#1205,1.);
#1205 = DIRECTION('',(1.,0.,-0.));
#1206 = PCURVE('',#43,#1207);
#1207 = DEFINITIONAL_REPRESENTATION('',(#1208),#1212);
#1208 = LINE('',#1209,#1210);
#1209 = CARTESIAN_POINT('',(-15.,-10.));
#1210 = VECTOR('',#1211,1.);
#1211 = DIRECTION('',(1.,0.));
#1212 = ( GEOMETRIC_REPRESENTATION_CONTEXT(2) 
PARAMETRIC_REPRESENTATION_CONTEXT() REPRESENTATION_CONTEXT('2D SPACE',''
  ) );
#1213 = PCURVE('',#1214,#1219);
#1214 = PLANE('',#1215);
#1215 = AXIS2_PLACEMENT_3D('',#1216,#1217,#1218);
#1216 = CARTESIAN_POINT('',(57.,-10.,56.));
#1217 = DIRECTION('',(-0.,1.,0.));
#1218 = DIRECTION('',(0.,0.,1.));
#1219 = DEFINITIONAL_REPRESENTATION('',(#1220),#1224);
#1220 = LINE('',#1221,#1222);
#1221 = CARTESIAN_POINT('',(69.,0.));
#1222 = VECTOR('',#1223,1.);
#1223 = DIRECTION('',(0.,1.));
#1224 = ( GEOMETRIC_REPRESENTATION_CONTEXT(2) 
PARAMETRIC_REPRESENTATION_CONTEXT() REPRESENTATION_CONTEXT('2D SPACE',''
  ) );
#1225 = FACE_BOUND('',#1226,.F.);
#1226 = EDGE_LOOP('',(#1227,#1257,#1285,#1313));
#1227 = ORIENTED_EDGE('',*,*,#1228,.T.);
#1228 = EDGE_CURVE('',#1229,#1231,#1233,.T.);
#1229 = VERTEX_POINT('',#1230);
#1230 = CARTESIAN_POINT('',(57.,4.,125.));
#1231 = VERTEX_POINT('',#1232);
#1232 = CARTESIAN_POINT('',(57.,10.,125.));
#1233 = SURFACE_CURVE('',#1234,(#1238,#1245),.PCURVE_S1.);
#1234 = LINE('',#1235,#1236);
#1235 = CARTESIAN_POINT('',(57.,4.,125.));
#1236 = VECTOR('',#1237,1.);
#1237 = DIRECTION('',(-0.,1.,0.));
#1238 = PCURVE('',#43,#1239);
#1239 = DEFINITIONAL_REPRESENTATION('',(#1240),#1244);
#1240 = LINE('',#1241,#1242);
#1241 = CARTESIAN_POINT('',(-15.,4.));
#1242 = VECTOR('',#1243,1.);
#1243 = DIRECTION('',(0.,1.));
#1244 = ( GEOMETRIC_REPRESENTATION_CONTEXT(2) 
PARAMETRIC_REPRESENTATION_CONTEXT() REPRESENTATION_CONTEXT('2D SPACE',''
  ) );
#1245 = PCURVE('',#1246,#1251);
#1246 = PLANE('',#1247);
#1247 = AXIS2_PLACEMENT_3D('',#1248,#1249,#1250);
#1248 = CARTESIAN_POINT('',(57.,4.,56.));
#1249 = DIRECTION('',(1.,0.,-0.));
#1250 = DIRECTION('',(0.,0.,1.));
#1251 = DEFINITIONAL_REPRESENTATION('',(#1252),#1256);
#1252 = LINE('',#1253,#1254);
#1253 = CARTESIAN_POINT('',(69.,0.));
#1254 = VECTOR('',#1255,1.);
#1255 = DIRECTION('',(0.,-1.));
#1256 = ( GEOMETRIC_REPRESENTATION_CONTEXT(2) 
PARAMETRIC_REPRESENTATION_CONTEXT() REPRESENTATION_CONTEXT('2D SPACE',''
  ) );
#1257 = ORIENTED_EDGE('',*,*,#1258,.T.);
#1258 = EDGE_CURVE('',#1231,#1259,#1261,.T.);
#1259 = VERTEX_POINT('',#1260);
#1260 = CARTESIAN_POINT('',(87.,10.,125.));
#1261 = SURFACE_CURVE('',#1262,(#1266,#1273),.PCURVE_S1.);
#1262 = LINE('',#1263,#1264);
#1263 = CARTESIAN_POINT('',(57.,10.,125.));
#1264 = VECTOR('',#1265,1.);
#1265 = DIRECTION('',(1.,0.,-0.));
#1266 = PCURVE('',#43,#1267);
#1267 = DEFINITIONAL_REPRESENTATION('',(#1268),#1272);
#1268 = LINE('',#1269,#1270);
#1269 = CARTESIAN_POINT('',(-15.,10.));
#1270 = VECTOR('',#1271,1.);
#1271 = DIRECTION('',(1.,0.));
#1272 = ( GEOMETRIC_REPRESENTATION_CONTEXT(2) 
PARAMETRIC_REPRESENTATION_CONTEXT() REPRESENTATION_CONTEXT('2D SPACE',''
  ) );
#1273 = PCURVE('',#1274,#1279);
#1274 = PLANE('',#1275);
#1275 = AXIS2_PLACEMENT_3D('',#1276,#1277,#1278);
#1276 = CARTESIAN_POINT('',(57.,10.,56.));
#1277 = DIRECTION('',(-0.,1.,0.));
#1278 = DIRECTION('',(0.,0.,1.));
#1279 = DEFINITIONAL_REPRESENTATION('',(#1280),#1284);
#1280 = LINE('',#1281,#1282);
#1281 = CARTESIAN_POINT('',(69.,0.));
#1282 = VECTOR('',#1283,1.);
#1283 = DIRECTION('',(0.,1.));
#1284 = ( GEOMETRIC_REPRESENTATION_CONTEXT(2) 
PARAMETRIC_REPRESENTATION_CONTEXT() REPRESENTATION_CONTEXT('2D SPACE',''
  ) );
#1285 = ORIENTED_EDGE('',*,*,#1286,.F.);
#1286 = EDGE_CURVE('',#1287,#1259,#1289,.T.);
#1287 = VERTEX_POINT('',#1288);
#1288 = CARTESIAN_POINT('',(87.,4.,125.));
#1289 = SURFACE_CURVE('',#1290,(#1294,#1301),.PCURVE_S1.);
#1290 = LINE('',#1291,#1292);
#1291 = CARTESIAN_POINT('',(87.,4.,125.));
#1292 = VECTOR('',#1293,1.);
#1293 = DIRECTION('',(-0.,1.,0.));
#1294 = PCURVE('',#43,#1295);
#1295 = DEFINITIONAL_REPRESENTATION('',(#1296),#1300);
#1296 = LINE('',#1297,#1298);
#1297 = CARTESIAN_POINT('',(15.,4.));
#1298 = VECTOR('',#1299,1.);
#1299 = DIRECTION('',(0.,1.));
#1300 = ( GEOMETRIC_REPRESENTATION_CONTEXT(2) 
PARAMETRIC_REPRESENTATION_CONTEXT() REPRESENTATION_CONTEXT('2D SPACE',''
  ) );
#1301 = PCURVE('',#1302,#1307);
#1302 = PLANE('',#1303);
#1303 = AXIS2_PLACEMENT_3D('',#1304,#1305,#1306);
#1304 = CARTESIAN_POINT('',(87.,4.,56.));
#1305 = DIRECTION('',(1.,0.,-0.));
#1306 = DIRECTION('',(0.,0.,1.));
#1307 = DEFINITIONAL_REPRESENTATION('',(#1308),#1312);
#1308 = LINE('',#1309,#1310);
#1309 = CARTESIAN_POINT('',(69.,0.));
#1310 = VECTOR('',#1311,1.);
#1311 = DIRECTION('',(0.,-1.));
#1312 = ( GEOMETRIC_REPRESENTATION_CONTEXT(2) 
PARAMETRIC_REPRESENTATION_CONTEXT() REPRESENTATION_CONTEXT('2D SPACE',''
  ) );
#1313 = ORIENTED_EDGE('',*,*,#1314,.F.);
#1314 = EDGE_CURVE('',#1229,#1287,#1315,.T.);
#1315 = SURFACE_CURVE('',#1316,(#1320,#1327),.PCURVE_S1.);
#1316 = LINE('',#1317,#1318);
#1317 = CARTESIAN_POINT('',(57.,4.,125.));
#1318 = VECTOR('',#1319,1.);
#1319 = DIRECTION('',(1.,0.,-0.));
#1320 = PCURVE('',#43,#1321);
#1321 = DEFINITIONAL_REPRESENTATION('',(#1322),#1326);
#1322 = LINE('',#1323,#1324);
#1323 = CARTESIAN_POINT('',(-15.,4.));
#1324 = VECTOR('',#1325,1.);
#1325 = DIRECTION('',(1.,0.));
#1326 = ( GEOMETRIC_REPRESENTATION_CONTEXT(2) 
PARAMETRIC_REPRESENTATION_CONTEXT() REPRESENTATION_CONTEXT('2D SPACE',''
  ) );
#1327 = PCURVE('',#1328,#1333);
#1328 = PLANE('',#1329);
#1329 = AXIS2_PLACEMENT_3D('',#1330,#1331,#1332);
#1330 = CARTESIAN_POINT('',(57.,4.,56.));
#1331 = DIRECTION('',(-0.,1.,0.));
#1332 = DIRECTION('',(0.,0.,1.));
#1333 = DEFINITIONAL_REPRESENTATION('',(#1334),#1338);
#1334 = LINE('',#1335,#1336);
#1335 = CARTESIAN_POINT('',(69.,0.));
#1336 = VECTOR('',#1337,1.);
#1337 = DIRECTION('',(0.,1.));
#1338 = ( GEOMETRIC_REPRESENTATION_CONTEXT(2) 
PARAMETRIC_REPRESENTATION_CONTEXT() REPRESENTATION_CONTEXT('2D SPACE',''
  ) );
#1339 = ADVANCED_FACE('',(#1340),#1302,.T.);
#1340 = FACE_BOUND('',#1341,.T.);
#1341 = EDGE_LOOP('',(#1342,#1365,#1393,#1414));
#1342 = ORIENTED_EDGE('',*,*,#1343,.F.);
#1343 = EDGE_CURVE('',#1344,#1287,#1346,.T.);
#1344 = VERTEX_POINT('',#1345);
#1345 = CARTESIAN_POINT('',(87.,4.,56.));
#1346 = SURFACE_CURVE('',#1347,(#1351,#1358),.PCURVE_S1.);
#1347 = LINE('',#1348,#1349);
#1348 = CARTESIAN_POINT('',(87.,4.,56.));
#1349 = VECTOR('',#1350,1.);
#1350 = DIRECTION('',(0.,0.,1.));
#1351 = PCURVE('',#1302,#1352);
#1352 = DEFINITIONAL_REPRESENTATION('',(#1353),#1357);
#1353 = LINE('',#1354,#1355);
#1354 = CARTESIAN_POINT('',(0.,0.));
#1355 = VECTOR('',#1356,1.);
#1356 = DIRECTION('',(1.,0.));
#1357 = ( GEOMETRIC_REPRESENTATION_CONTEXT(2) 
PARAMETRIC_REPRESENTATION_CONTEXT() REPRESENTATION_CONTEXT('2D SPACE',''
  ) );
#1358 = PCURVE('',#1328,#1359);
#1359 = DEFINITIONAL_REPRESENTATION('',(#1360),#1364);
#1360 = LINE('',#1361,#1362);
#1361 = CARTESIAN_POINT('',(0.,30.));
#1362 = VECTOR('',#1363,1.);
#1363 = DIRECTION('',(1.,0.));
#1364 = ( GEOMETRIC_REPRESENTATION_CONTEXT(2) 
PARAMETRIC_REPRESENTATION_CONTEXT() REPRESENTATION_CONTEXT('2D SPACE',''
  ) );
#1365 = ORIENTED_EDGE('',*,*,#1366,.T.);
#1366 = EDGE_CURVE('',#1344,#1367,#1369,.T.);
#1367 = VERTEX_POINT('',#1368);
#1368 = CARTESIAN_POINT('',(87.,10.,56.));
#1369 = SURFACE_CURVE('',#1370,(#1374,#1381),.PCURVE_S1.);
#1370 = LINE('',#1371,#1372);
#1371 = CARTESIAN_POINT('',(87.,4.,56.));
#1372 = VECTOR('',#1373,1.);
#1373 = DIRECTION('',(-0.,1.,0.));
#1374 = PCURVE('',#1302,#1375);
#1375 = DEFINITIONAL_REPRESENTATION('',(#1376),#1380);
#1376 = LINE('',#1377,#1378);
#1377 = CARTESIAN_POINT('',(0.,0.));
#1378 = VECTOR('',#1379,1.);
#1379 = DIRECTION('',(0.,-1.));
#1380 = ( GEOMETRIC_REPRESENTATION_CONTEXT(2) 
PARAMETRIC_REPRESENTATION_CONTEXT() REPRESENTATION_CONTEXT('2D SPACE',''
  ) );
#1381 = PCURVE('',#1382,#1387);
#1382 = PLANE('',#1383);
#1383 = AXIS2_PLACEMENT_3D('',#1384,#1385,#1386);
#1384 = CARTESIAN_POINT('',(57.,4.,56.));
#1385 = DIRECTION('',(0.,0.,1.));
#1386 = DIRECTION('',(1.,0.,-0.));
#1387 = DEFINITIONAL_REPRESENTATION('',(#1388),#1392);
#1388 = LINE('',#1389,#1390);
#1389 = CARTESIAN_POINT('',(30.,0.));
#1390 = VECTOR('',#1391,1.);
#1391 = DIRECTION('',(0.,1.));
#1392 = ( GEOMETRIC_REPRESENTATION_CONTEXT(2) 
PARAMETRIC_REPRESENTATION_CONTEXT() REPRESENTATION_CONTEXT('2D SPACE',''
  ) );
#1393 = ORIENTED_EDGE('',*,*,#1394,.T.);
#1394 = EDGE_CURVE('',#1367,#1259,#1395,.T.);
#1395 = SURFACE_CURVE('',#1396,(#1400,#1407),.PCURVE_S1.);
#1396 = LINE('',#1397,#1398);
#1397 = CARTESIAN_POINT('',(87.,10.,56.));
#1398 = VECTOR('',#1399,1.);
#1399 = DIRECTION('',(0.,0.,1.));
#1400 = PCURVE('',#1302,#1401);
#1401 = DEFINITIONAL_REPRESENTATION('',(#1402),#1406);
#1402 = LINE('',#1403,#1404);
#1403 = CARTESIAN_POINT('',(0.,-6.));
#1404 = VECTOR('',#1405,1.);
#1405 = DIRECTION('',(1.,0.));
#1406 = ( GEOMETRIC_REPRESENTATION_CONTEXT(2) 
PARAMETRIC_REPRESENTATION_CONTEXT() REPRESENTATION_CONTEXT('2D SPACE',''
  ) );
#1407 = PCURVE('',#1274,#1408);
#1408 = DEFINITIONAL_REPRESENTATION('',(#1409),#1413);
#1409 = LINE('',#1410,#1411);
#1410 = CARTESIAN_POINT('',(0.,30.));
#1411 = VECTOR('',#1412,1.);
#1412 = DIRECTION('',(1.,0.));
#1413 = ( GEOMETRIC_REPRESENTATION_CONTEXT(2) 
PARAMETRIC_REPRESENTATION_CONTEXT() REPRESENTATION_CONTEXT('2D SPACE',''
  ) );
#1414 = ORIENTED_EDGE('',*,*,#1286,.F.);
#1415 = ADVANCED_FACE('',(#1416),#1382,.F.);
#1416 = FACE_BOUND('',#1417,.F.);
#1417 = EDGE_LOOP('',(#1418,#1443,#1464,#1465));
#1418 = ORIENTED_EDGE('',*,*,#1419,.F.);
#1419 = EDGE_CURVE('',#1420,#1422,#1424,.T.);
#1420 = VERTEX_POINT('',#1421);
#1421 = CARTESIAN_POINT('',(57.,4.,56.));
#1422 = VERTEX_POINT('',#1423);
#1423 = CARTESIAN_POINT('',(57.,10.,56.));
#1424 = SURFACE_CURVE('',#1425,(#1429,#1436),.PCURVE_S1.);
#1425 = LINE('',#1426,#1427);
#1426 = CARTESIAN_POINT('',(57.,4.,56.));
#1427 = VECTOR('',#1428,1.);
#1428 = DIRECTION('',(-0.,1.,0.));
#1429 = PCURVE('',#1382,#1430);
#1430 = DEFINITIONAL_REPRESENTATION('',(#1431),#1435);
#1431 = LINE('',#1432,#1433);
#1432 = CARTESIAN_POINT('',(0.,0.));
#1433 = VECTOR('',#1434,1.);
#1434 = DIRECTION('',(0.,1.));
#1435 = ( GEOMETRIC_REPRESENTATION_CONTEXT(2) 
PARAMETRIC_REPRESENTATION_CONTEXT() REPRESENTATION_CONTEXT('2D SPACE',''
  ) );
#1436 = PCURVE('',#1246,#1437);
#1437 = DEFINITIONAL_REPRESENTATION('',(#1438),#1442);
#1438 = LINE('',#1439,#1440);
#1439 = CARTESIAN_POINT('',(0.,0.));
#1440 = VECTOR('',#1441,1.);
#1441 = DIRECTION('',(0.,-1.));
#1442 = ( GEOMETRIC_REPRESENTATION_CONTEXT(2) 
PARAMETRIC_REPRESENTATION_CONTEXT() REPRESENTATION_CONTEXT('2D SPACE',''
  ) );
#1443 = ORIENTED_EDGE('',*,*,#1444,.T.);
#1444 = EDGE_CURVE('',#1420,#1344,#1445,.T.);
#1445 = SURFACE_CURVE('',#1446,(#1450,#1457),.PCURVE_S1.);
#1446 = LINE('',#1447,#1448);
#1447 = CARTESIAN_POINT('',(57.,4.,56.));
#1448 = VECTOR('',#1449,1.);
#1449 = DIRECTION('',(1.,0.,-0.));
#1450 = PCURVE('',#1382,#1451);
#1451 = DEFINITIONAL_REPRESENTATION('',(#1452),#1456);
#1452 = LINE('',#1453,#1454);
#1453 = CARTESIAN_POINT('',(0.,0.));
#1454 = VECTOR('',#1455,1.);
#1455 = DIRECTION('',(1.,0.));
#1456 = ( GEOMETRIC_REPRESENTATION_CONTEXT(2) 
PARAMETRIC_REPRESENTATION_CONTEXT() REPRESENTATION_CONTEXT('2D SPACE',''
  ) );
#1457 = PCURVE('',#1328,#1458);
#1458 = DEFINITIONAL_REPRESENTATION('',(#1459),#1463);
#1459 = LINE('',#1460,#1461);
#1460 = CARTESIAN_POINT('',(0.,0.));
#1461 = VECTOR('',#1462,1.);
#1462 = DIRECTION('',(0.,1.));
#1463 = ( GEOMETRIC_REPRESENTATION_CONTEXT(2) 
PARAMETRIC_REPRESENTATION_CONTEXT() REPRESENTATION_CONTEXT('2D SPACE',''
  ) );
#1464 = ORIENTED_EDGE('',*,*,#1366,.T.);
#1465 = ORIENTED_EDGE('',*,*,#1466,.F.);
#1466 = EDGE_CURVE('',#1422,#1367,#1467,.T.);
#1467 = SURFACE_CURVE('',#1468,(#1472,#1479),.PCURVE_S1.);
#1468 = LINE('',#1469,#1470);
#1469 = CARTESIAN_POINT('',(57.,10.,56.));
#1470 = VECTOR('',#1471,1.);
#1471 = DIRECTION('',(1.,0.,-0.));
#1472 = PCURVE('',#1382,#1473);
#1473 = DEFINITIONAL_REPRESENTATION('',(#1474),#1478);
#1474 = LINE('',#1475,#1476);
#1475 = CARTESIAN_POINT('',(0.,6.));
#1476 = VECTOR('',#1477,1.);
#1477 = DIRECTION('',(1.,0.));
#1478 = ( GEOMETRIC_REPRESENTATION_CONTEXT(2) 
PARAMETRIC_REPRESENTATION_CONTEXT() REPRESENTATION_CONTEXT('2D SPACE',''
  ) );
#1479 = PCURVE('',#1274,#1480);
#1480 = DEFINITIONAL_REPRESENTATION('',(#1481),#1485);
#1481 = LINE('',#1482,#1483);
#1482 = CARTESIAN_POINT('',(0.,0.));
#1483 = VECTOR('',#1484,1.);
#1484 = DIRECTION('',(0.,1.));
#1485 = ( GEOMETRIC_REPRESENTATION_CONTEXT(2) 
PARAMETRIC_REPRESENTATION_CONTEXT() REPRESENTATION_CONTEXT('2D SPACE',''
  ) );
#1486 = ADVANCED_FACE('',(#1487,#1513),#1328,.F.);
#1487 = FACE_BOUND('',#1488,.F.);
#1488 = EDGE_LOOP('',(#1489,#1490,#1511,#1512));
#1489 = ORIENTED_EDGE('',*,*,#1444,.F.);
#1490 = ORIENTED_EDGE('',*,*,#1491,.T.);
#1491 = EDGE_CURVE('',#1420,#1229,#1492,.T.);
#1492 = SURFACE_CURVE('',#1493,(#1497,#1504),.PCURVE_S1.);
#1493 = LINE('',#1494,#1495);
#1494 = CARTESIAN_POINT('',(57.,4.,56.));
#1495 = VECTOR('',#1496,1.);
#1496 = DIRECTION('',(0.,0.,1.));
#1497 = PCURVE('',#1328,#1498);
#1498 = DEFINITIONAL_REPRESENTATION('',(#1499),#1503);
#1499 = LINE('',#1500,#1501);
#1500 = CARTESIAN_POINT('',(0.,0.));
#1501 = VECTOR('',#1502,1.);
#1502 = DIRECTION('',(1.,0.));
#1503 = ( GEOMETRIC_REPRESENTATION_CONTEXT(2) 
PARAMETRIC_REPRESENTATION_CONTEXT() REPRESENTATION_CONTEXT('2D SPACE',''
  ) );
#1504 = PCURVE('',#1246,#1505);
#1505 = DEFINITIONAL_REPRESENTATION('',(#1506),#1510);
#1506 = LINE('',#1507,#1508);
#1507 = CARTESIAN_POINT('',(0.,0.));
#1508 = VECTOR('',#1509,1.);
#1509 = DIRECTION('',(1.,0.));
#1510 = ( GEOMETRIC_REPRESENTATION_CONTEXT(2) 
PARAMETRIC_REPRESENTATION_CONTEXT() REPRESENTATION_CONTEXT('2D SPACE',''
  ) );
#1511 = ORIENTED_EDGE('',*,*,#1314,.T.);
#1512 = ORIENTED_EDGE('',*,*,#1343,.F.);
#1513 = FACE_BOUND('',#1514,.F.);
#1514 = EDGE_LOOP('',(#1515));
#1515 = ORIENTED_EDGE('',*,*,#1516,.T.);
#1516 = EDGE_CURVE('',#1517,#1517,#1519,.T.);
#1517 = VERTEX_POINT('',#1518);
#1518 = CARTESIAN_POINT('',(73.05,4.,70.));
#1519 = SURFACE_CURVE('',#1520,(#1525,#1536),.PCURVE_S1.);
#1520 = CIRCLE('',#1521,1.05);
#1521 = AXIS2_PLACEMENT_3D('',#1522,#1523,#1524);
#1522 = CARTESIAN_POINT('',(72.,4.,70.));
#1523 = DIRECTION('',(0.,-1.,2.22044604925E-16));
#1524 = DIRECTION('',(1.,0.,0.));
#1525 = PCURVE('',#1328,#1526);
#1526 = DEFINITIONAL_REPRESENTATION('',(#1527),#1535);
#1527 = ( BOUNDED_CURVE() B_SPLINE_CURVE(2,(#1528,#1529,#1530,#1531,
#1532,#1533,#1534),.UNSPECIFIED.,.T.,.F.) B_SPLINE_CURVE_WITH_KNOTS((1,2
    ,2,2,2,1),(-2.094395102393,0.,2.094395102393,4.188790204786,
6.28318530718,8.377580409573),.UNSPECIFIED.) CURVE() 
GEOMETRIC_REPRESENTATION_ITEM() RATIONAL_B_SPLINE_CURVE((1.,0.5,1.,0.5,
1.,0.5,1.)) REPRESENTATION_ITEM('') );
#1528 = CARTESIAN_POINT('',(14.,16.05));
#1529 = CARTESIAN_POINT('',(15.818653347947,16.05));
#1530 = CARTESIAN_POINT('',(14.909326673974,14.475));
#1531 = CARTESIAN_POINT('',(14.,12.9));
#1532 = CARTESIAN_POINT('',(13.090673326026,14.475));
#1533 = CARTESIAN_POINT('',(12.181346652053,16.05));
#1534 = CARTESIAN_POINT('',(14.,16.05));
#1535 = ( GEOMETRIC_REPRESENTATION_CONTEXT(2) 
PARAMETRIC_REPRESENTATION_CONTEXT() REPRESENTATION_CONTEXT('2D SPACE',''
  ) );
#1536 = PCURVE('',#1537,#1542);
#1537 = CYLINDRICAL_SURFACE('',#1538,1.05);
#1538 = AXIS2_PLACEMENT_3D('',#1539,#1540,#1541);
#1539 = CARTESIAN_POINT('',(72.,20.,70.));
#1540 = DIRECTION('',(0.,-1.,2.22044604925E-16));
#1541 = DIRECTION('',(1.,0.,0.));
#1542 = DEFINITIONAL_REPRESENTATION('',(#1543),#1547);
#1543 = LINE('',#1544,#1545);
#1544 = CARTESIAN_POINT('',(0.,16.));
#1545 = VECTOR('',#1546,1.);
#1546 = DIRECTION('',(1.,0.));
#1547 = ( GEOMETRIC_REPRESENTATION_CONTEXT(2) 
PARAMETRIC_REPRESENTATION_CONTEXT() REPRESENTATION_CONTEXT('2D SPACE',''
  ) );
#1548 = ADVANCED_FACE('',(#1549),#1537,.F.);
#1549 = FACE_BOUND('',#1550,.F.);
#1550 = EDGE_LOOP('',(#1551,#1552,#1575,#1601));
#1551 = ORIENTED_EDGE('',*,*,#1516,.F.);
#1552 = ORIENTED_EDGE('',*,*,#1553,.F.);
#1553 = EDGE_CURVE('',#1554,#1517,#1556,.T.);
#1554 = VERTEX_POINT('',#1555);
#1555 = CARTESIAN_POINT('',(73.05,10.,70.));
#1556 = SEAM_CURVE('',#1557,(#1561,#1568),.PCURVE_S1.);
#1557 = LINE('',#1558,#1559);
#1558 = CARTESIAN_POINT('',(73.05,20.,70.));
#1559 = VECTOR('',#1560,1.);
#1560 = DIRECTION('',(0.,-1.,2.22044604925E-16));
#1561 = PCURVE('',#1537,#1562);
#1562 = DEFINITIONAL_REPRESENTATION('',(#1563),#1567);
#1563 = LINE('',#1564,#1565);
#1564 = CARTESIAN_POINT('',(6.28318530718,-0.));
#1565 = VECTOR('',#1566,1.);
#1566 = DIRECTION('',(0.,1.));
#1567 = ( GEOMETRIC_REPRESENTATION_CONTEXT(2) 
PARAMETRIC_REPRESENTATION_CONTEXT() REPRESENTATION_CONTEXT('2D SPACE',''
  ) );
#1568 = PCURVE('',#1537,#1569);
#1569 = DEFINITIONAL_REPRESENTATION('',(#1570),#1574);
#1570 = LINE('',#1571,#1572);
#1571 = CARTESIAN_POINT('',(0.,-0.));
#1572 = VECTOR('',#1573,1.);
#1573 = DIRECTION('',(0.,1.));
#1574 = ( GEOMETRIC_REPRESENTATION_CONTEXT(2) 
PARAMETRIC_REPRESENTATION_CONTEXT() REPRESENTATION_CONTEXT('2D SPACE',''
  ) );
#1575 = ORIENTED_EDGE('',*,*,#1576,.T.);
#1576 = EDGE_CURVE('',#1554,#1554,#1577,.T.);
#1577 = SURFACE_CURVE('',#1578,(#1583,#1590),.PCURVE_S1.);
#1578 = CIRCLE('',#1579,1.05);
#1579 = AXIS2_PLACEMENT_3D('',#1580,#1581,#1582);
#1580 = CARTESIAN_POINT('',(72.,10.,70.));
#1581 = DIRECTION('',(0.,-1.,2.22044604925E-16));
#1582 = DIRECTION('',(1.,0.,0.));
#1583 = PCURVE('',#1537,#1584);
#1584 = DEFINITIONAL_REPRESENTATION('',(#1585),#1589);
#1585 = LINE('',#1586,#1587);
#1586 = CARTESIAN_POINT('',(0.,10.));
#1587 = VECTOR('',#1588,1.);
#1588 = DIRECTION('',(1.,0.));
#1589 = ( GEOMETRIC_REPRESENTATION_CONTEXT(2) 
PARAMETRIC_REPRESENTATION_CONTEXT() REPRESENTATION_CONTEXT('2D SPACE',''
  ) );
#1590 = PCURVE('',#1274,#1591);
#1591 = DEFINITIONAL_REPRESENTATION('',(#1592),#1600);
#1592 = ( BOUNDED_CURVE() B_SPLINE_CURVE(2,(#1593,#1594,#1595,#1596,
#1597,#1598,#1599),.UNSPECIFIED.,.T.,.F.) B_SPLINE_CURVE_WITH_KNOTS((1,2
    ,2,2,2,1),(-2.094395102393,0.,2.094395102393,4.188790204786,
6.28318530718,8.377580409573),.UNSPECIFIED.) CURVE() 
GEOMETRIC_REPRESENTATION_ITEM() RATIONAL_B_SPLINE_CURVE((1.,0.5,1.,0.5,
1.,0.5,1.)) REPRESENTATION_ITEM('') );
#1593 = CARTESIAN_POINT('',(14.,16.05));
#1594 = CARTESIAN_POINT('',(15.818653347947,16.05));
#1595 = CARTESIAN_POINT('',(14.909326673974,14.475));
#1596 = CARTESIAN_POINT('',(14.,12.9));
#1597 = CARTESIAN_POINT('',(13.090673326026,14.475));
#1598 = CARTESIAN_POINT('',(12.181346652053,16.05));
#1599 = CARTESIAN_POINT('',(14.,16.05));
#1600 = ( GEOMETRIC_REPRESENTATION_CONTEXT(2) 
PARAMETRIC_REPRESENTATION_CONTEXT() REPRESENTATION_CONTEXT('2D SPACE',''
  ) );
#1601 = ORIENTED_EDGE('',*,*,#1553,.T.);
#1602 = ADVANCED_FACE('',(#1603,#1629),#1274,.T.);
#1603 = FACE_BOUND('',#1604,.T.);
#1604 = EDGE_LOOP('',(#1605,#1606,#1627,#1628));
#1605 = ORIENTED_EDGE('',*,*,#1466,.F.);
#1606 = ORIENTED_EDGE('',*,*,#1607,.T.);
#1607 = EDGE_CURVE('',#1422,#1231,#1608,.T.);
#1608 = SURFACE_CURVE('',#1609,(#1613,#1620),.PCURVE_S1.);
#1609 = LINE('',#1610,#1611);
#1610 = CARTESIAN_POINT('',(57.,10.,56.));
#1611 = VECTOR('',#1612,1.);
#1612 = DIRECTION('',(0.,0.,1.));
#1613 = PCURVE('',#1274,#1614);
#1614 = DEFINITIONAL_REPRESENTATION('',(#1615),#1619);
#1615 = LINE('',#1616,#1617);
#1616 = CARTESIAN_POINT('',(0.,0.));
#1617 = VECTOR('',#1618,1.);
#1618 = DIRECTION('',(1.,0.));
#1619 = ( GEOMETRIC_REPRESENTATION_CONTEXT(2) 
PARAMETRIC_REPRESENTATION_CONTEXT() REPRESENTATION_CONTEXT('2D SPACE',''
  ) );
#1620 = PCURVE('',#1246,#1621);
#1621 = DEFINITIONAL_REPRESENTATION('',(#1622),#1626);
#1622 = LINE('',#1623,#1624);
#1623 = CARTESIAN_POINT('',(0.,-6.));
#1624 = VECTOR('',#1625,1.);
#1625 = DIRECTION('',(1.,0.));
#1626 = ( GEOMETRIC_REPRESENTATION_CONTEXT(2) 
PARAMETRIC_REPRESENTATION_CONTEXT() REPRESENTATION_CONTEXT('2D SPACE',''
  ) );
#1627 = ORIENTED_EDGE('',*,*,#1258,.T.);
#1628 = ORIENTED_EDGE('',*,*,#1394,.F.);
#1629 = FACE_BOUND('',#1630,.T.);
#1630 = EDGE_LOOP('',(#1631));
#1631 = ORIENTED_EDGE('',*,*,#1576,.T.);
#1632 = ADVANCED_FACE('',(#1633),#1246,.F.);
#1633 = FACE_BOUND('',#1634,.F.);
#1634 = EDGE_LOOP('',(#1635,#1636,#1637,#1638));
#1635 = ORIENTED_EDGE('',*,*,#1491,.F.);
#1636 = ORIENTED_EDGE('',*,*,#1419,.T.);
#1637 = ORIENTED_EDGE('',*,*,#1607,.T.);
#1638 = ORIENTED_EDGE('',*,*,#1228,.F.);
#1639 = ADVANCED_FACE('',(#1640,#1715),#1160,.T.);
#1640 = FACE_BOUND('',#1641,.T.);
#1641 = EDGE_LOOP('',(#1642,#1672,#1693,#1694));
#1642 = ORIENTED_EDGE('',*,*,#1643,.F.);
#1643 = EDGE_CURVE('',#1644,#1646,#1648,.T.);
#1644 = VERTEX_POINT('',#1645);
#1645 = CARTESIAN_POINT('',(57.,-4.,56.));
#1646 = VERTEX_POINT('',#1647);
#1647 = CARTESIAN_POINT('',(87.,-4.,56.));
#1648 = SURFACE_CURVE('',#1649,(#1653,#1660),.PCURVE_S1.);
#1649 = LINE('',#1650,#1651);
#1650 = CARTESIAN_POINT('',(57.,-4.,56.));
#1651 = VECTOR('',#1652,1.);
#1652 = DIRECTION('',(1.,0.,-0.));
#1653 = PCURVE('',#1160,#1654);
#1654 = DEFINITIONAL_REPRESENTATION('',(#1655),#1659);
#1655 = LINE('',#1656,#1657);
#1656 = CARTESIAN_POINT('',(0.,0.));
#1657 = VECTOR('',#1658,1.);
#1658 = DIRECTION('',(0.,1.));
#1659 = ( GEOMETRIC_REPRESENTATION_CONTEXT(2) 
PARAMETRIC_REPRESENTATION_CONTEXT() REPRESENTATION_CONTEXT('2D SPACE',''
  ) );
#1660 = PCURVE('',#1661,#1666);
#1661 = PLANE('',#1662);
#1662 = AXIS2_PLACEMENT_3D('',#1663,#1664,#1665);
#1663 = CARTESIAN_POINT('',(57.,-10.,56.));
#1664 = DIRECTION('',(0.,0.,1.));
#1665 = DIRECTION('',(1.,0.,-0.));
#1666 = DEFINITIONAL_REPRESENTATION('',(#1667),#1671);
#1667 = LINE('',#1668,#1669);
#1668 = CARTESIAN_POINT('',(0.,6.));
#1669 = VECTOR('',#1670,1.);
#1670 = DIRECTION('',(1.,0.));
#1671 = ( GEOMETRIC_REPRESENTATION_CONTEXT(2) 
PARAMETRIC_REPRESENTATION_CONTEXT() REPRESENTATION_CONTEXT('2D SPACE',''
  ) );
#1672 = ORIENTED_EDGE('',*,*,#1673,.T.);
#1673 = EDGE_CURVE('',#1644,#1117,#1674,.T.);
#1674 = SURFACE_CURVE('',#1675,(#1679,#1686),.PCURVE_S1.);
#1675 = LINE('',#1676,#1677);
#1676 = CARTESIAN_POINT('',(57.,-4.,56.));
#1677 = VECTOR('',#1678,1.);
#1678 = DIRECTION('',(0.,0.,1.));
#1679 = PCURVE('',#1160,#1680);
#1680 = DEFINITIONAL_REPRESENTATION('',(#1681),#1685);
#1681 = LINE('',#1682,#1683);
#1682 = CARTESIAN_POINT('',(0.,0.));
#1683 = VECTOR('',#1684,1.);
#1684 = DIRECTION('',(1.,0.));
#1685 = ( GEOMETRIC_REPRESENTATION_CONTEXT(2) 
PARAMETRIC_REPRESENTATION_CONTEXT() REPRESENTATION_CONTEXT('2D SPACE',''
  ) );
#1686 = PCURVE('',#1132,#1687);
#1687 = DEFINITIONAL_REPRESENTATION('',(#1688),#1692);
#1688 = LINE('',#1689,#1690);
#1689 = CARTESIAN_POINT('',(0.,-6.));
#1690 = VECTOR('',#1691,1.);
#1691 = DIRECTION('',(1.,0.));
#1692 = ( GEOMETRIC_REPRESENTATION_CONTEXT(2) 
PARAMETRIC_REPRESENTATION_CONTEXT() REPRESENTATION_CONTEXT('2D SPACE',''
  ) );
#1693 = ORIENTED_EDGE('',*,*,#1144,.T.);
#1694 = ORIENTED_EDGE('',*,*,#1695,.F.);
#1695 = EDGE_CURVE('',#1646,#1145,#1696,.T.);
#1696 = SURFACE_CURVE('',#1697,(#1701,#1708),.PCURVE_S1.);
#1697 = LINE('',#1698,#1699);
#1698 = CARTESIAN_POINT('',(87.,-4.,56.));
#1699 = VECTOR('',#1700,1.);
#1700 = DIRECTION('',(0.,0.,1.));
#1701 = PCURVE('',#1160,#1702);
#1702 = DEFINITIONAL_REPRESENTATION('',(#1703),#1707);
#1703 = LINE('',#1704,#1705);
#1704 = CARTESIAN_POINT('',(0.,30.));
#1705 = VECTOR('',#1706,1.);
#1706 = DIRECTION('',(1.,0.));
#1707 = ( GEOMETRIC_REPRESENTATION_CONTEXT(2) 
PARAMETRIC_REPRESENTATION_CONTEXT() REPRESENTATION_CONTEXT('2D SPACE',''
  ) );
#1708 = PCURVE('',#1188,#1709);
#1709 = DEFINITIONAL_REPRESENTATION('',(#1710),#1714);
#1710 = LINE('',#1711,#1712);
#1711 = CARTESIAN_POINT('',(0.,-6.));
#1712 = VECTOR('',#1713,1.);
#1713 = DIRECTION('',(1.,0.));
#1714 = ( GEOMETRIC_REPRESENTATION_CONTEXT(2) 
PARAMETRIC_REPRESENTATION_CONTEXT() REPRESENTATION_CONTEXT('2D SPACE',''
  ) );
#1715 = FACE_BOUND('',#1716,.T.);
#1716 = EDGE_LOOP('',(#1717));
#1717 = ORIENTED_EDGE('',*,*,#1718,.T.);
#1718 = EDGE_CURVE('',#1719,#1719,#1721,.T.);
#1719 = VERTEX_POINT('',#1720);
#1720 = CARTESIAN_POINT('',(73.05,-4.,70.));
#1721 = SURFACE_CURVE('',#1722,(#1727,#1738),.PCURVE_S1.);
#1722 = CIRCLE('',#1723,1.05);
#1723 = AXIS2_PLACEMENT_3D('',#1724,#1725,#1726);
#1724 = CARTESIAN_POINT('',(72.,-4.,70.));
#1725 = DIRECTION('',(0.,-1.,2.22044604925E-16));
#1726 = DIRECTION('',(1.,0.,0.));
#1727 = PCURVE('',#1160,#1728);
#1728 = DEFINITIONAL_REPRESENTATION('',(#1729),#1737);
#1729 = ( BOUNDED_CURVE() B_SPLINE_CURVE(2,(#1730,#1731,#1732,#1733,
#1734,#1735,#1736),.UNSPECIFIED.,.T.,.F.) B_SPLINE_CURVE_WITH_KNOTS((1,2
    ,2,2,2,1),(-2.094395102393,0.,2.094395102393,4.188790204786,
6.28318530718,8.377580409573),.UNSPECIFIED.) CURVE() 
GEOMETRIC_REPRESENTATION_ITEM() RATIONAL_B_SPLINE_CURVE((1.,0.5,1.,0.5,
1.,0.5,1.)) REPRESENTATION_ITEM('') );
#1730 = CARTESIAN_POINT('',(14.,16.05));
#1731 = CARTESIAN_POINT('',(15.818653347947,16.05));
#1732 = CARTESIAN_POINT('',(14.909326673974,14.475));
#1733 = CARTESIAN_POINT('',(14.,12.9));
#1734 = CARTESIAN_POINT('',(13.090673326026,14.475));
#1735 = CARTESIAN_POINT('',(12.181346652053,16.05));
#1736 = CARTESIAN_POINT('',(14.,16.05));
#1737 = ( GEOMETRIC_REPRESENTATION_CONTEXT(2) 
PARAMETRIC_REPRESENTATION_CONTEXT() REPRESENTATION_CONTEXT('2D SPACE',''
  ) );
#1738 = PCURVE('',#1739,#1744);
#1739 = CYLINDRICAL_SURFACE('',#1740,1.05);
#1740 = AXIS2_PLACEMENT_3D('',#1741,#1742,#1743);
#1741 = CARTESIAN_POINT('',(72.,20.,70.));
#1742 = DIRECTION('',(0.,-1.,2.22044604925E-16));
#1743 = DIRECTION('',(1.,0.,0.));
#1744 = DEFINITIONAL_REPRESENTATION('',(#1745),#1749);
#1745 = LINE('',#1746,#1747);
#1746 = CARTESIAN_POINT('',(0.,24.));
#1747 = VECTOR('',#1748,1.);
#1748 = DIRECTION('',(1.,0.));
#1749 = ( GEOMETRIC_REPRESENTATION_CONTEXT(2) 
PARAMETRIC_REPRESENTATION_CONTEXT() REPRESENTATION_CONTEXT('2D SPACE',''
  ) );
#1750 = ADVANCED_FACE('',(#1751),#1739,.F.);
#1751 = FACE_BOUND('',#1752,.F.);
#1752 = EDGE_LOOP('',(#1753,#1781,#1802,#1803));
#1753 = ORIENTED_EDGE('',*,*,#1754,.F.);
#1754 = EDGE_CURVE('',#1755,#1755,#1757,.T.);
#1755 = VERTEX_POINT('',#1756);
#1756 = CARTESIAN_POINT('',(73.05,-10.,70.));
#1757 = SURFACE_CURVE('',#1758,(#1763,#1770),.PCURVE_S1.);
#1758 = CIRCLE('',#1759,1.05);
#1759 = AXIS2_PLACEMENT_3D('',#1760,#1761,#1762);
#1760 = CARTESIAN_POINT('',(72.,-10.,70.));
#1761 = DIRECTION('',(0.,-1.,2.22044604925E-16));
#1762 = DIRECTION('',(1.,0.,0.));
#1763 = PCURVE('',#1739,#1764);
#1764 = DEFINITIONAL_REPRESENTATION('',(#1765),#1769);
#1765 = LINE('',#1766,#1767);
#1766 = CARTESIAN_POINT('',(0.,30.));
#1767 = VECTOR('',#1768,1.);
#1768 = DIRECTION('',(1.,0.));
#1769 = ( GEOMETRIC_REPRESENTATION_CONTEXT(2) 
PARAMETRIC_REPRESENTATION_CONTEXT() REPRESENTATION_CONTEXT('2D SPACE',''
  ) );
#1770 = PCURVE('',#1214,#1771);
#1771 = DEFINITIONAL_REPRESENTATION('',(#1772),#1780);
#1772 = ( BOUNDED_CURVE() B_SPLINE_CURVE(2,(#1773,#1774,#1775,#1776,
#1777,#1778,#1779),.UNSPECIFIED.,.T.,.F.) B_SPLINE_CURVE_WITH_KNOTS((1,2
    ,2,2,2,1),(-2.094395102393,0.,2.094395102393,4.188790204786,
6.28318530718,8.377580409573),.UNSPECIFIED.) CURVE() 
GEOMETRIC_REPRESENTATION_ITEM() RATIONAL_B_SPLINE_CURVE((1.,0.5,1.,0.5,
1.,0.5,1.)) REPRESENTATION_ITEM('') );
#1773 = CARTESIAN_POINT('',(14.,16.05));
#1774 = CARTESIAN_POINT('',(15.818653347947,16.05));
#1775 = CARTESIAN_POINT('',(14.909326673974,14.475));
#1776 = CARTESIAN_POINT('',(14.,12.9));
#1777 = CARTESIAN_POINT('',(13.090673326026,14.475));
#1778 = CARTESIAN_POINT('',(12.181346652053,16.05));
#1779 = CARTESIAN_POINT('',(14.,16.05));
#1780 = ( GEOMETRIC_REPRESENTATION_CONTEXT(2) 
PARAMETRIC_REPRESENTATION_CONTEXT() REPRESENTATION_CONTEXT('2D SPACE',''
  ) );
#1781 = ORIENTED_EDGE('',*,*,#1782,.F.);
#1782 = EDGE_CURVE('',#1719,#1755,#1783,.T.);
#1783 = SEAM_CURVE('',#1784,(#1788,#1795),.PCURVE_S1.);
#1784 = LINE('',#1785,#1786);
#1785 = CARTESIAN_POINT('',(73.05,20.,70.));
#1786 = VECTOR('',#1787,1.);
#1787 = DIRECTION('',(0.,-1.,2.22044604925E-16));
#1788 = PCURVE('',#1739,#1789);
#1789 = DEFINITIONAL_REPRESENTATION('',(#1790),#1794);
#1790 = LINE('',#1791,#1792);
#1791 = CARTESIAN_POINT('',(6.28318530718,-0.));
#1792 = VECTOR('',#1793,1.);
#1793 = DIRECTION('',(0.,1.));
#1794 = ( GEOMETRIC_REPRESENTATION_CONTEXT(2) 
PARAMETRIC_REPRESENTATION_CONTEXT() REPRESENTATION_CONTEXT('2D SPACE',''
  ) );
#1795 = PCURVE('',#1739,#1796);
#1796 = DEFINITIONAL_REPRESENTATION('',(#1797),#1801);
#1797 = LINE('',#1798,#1799);
#1798 = CARTESIAN_POINT('',(0.,-0.));
#1799 = VECTOR('',#1800,1.);
#1800 = DIRECTION('',(0.,1.));
#1801 = ( GEOMETRIC_REPRESENTATION_CONTEXT(2) 
PARAMETRIC_REPRESENTATION_CONTEXT() REPRESENTATION_CONTEXT('2D SPACE',''
  ) );
#1802 = ORIENTED_EDGE('',*,*,#1718,.T.);
#1803 = ORIENTED_EDGE('',*,*,#1782,.T.);
#1804 = ADVANCED_FACE('',(#1805),#1661,.F.);
#1805 = FACE_BOUND('',#1806,.F.);
#1806 = EDGE_LOOP('',(#1807,#1830,#1853,#1874));
#1807 = ORIENTED_EDGE('',*,*,#1808,.F.);
#1808 = EDGE_CURVE('',#1809,#1644,#1811,.T.);
#1809 = VERTEX_POINT('',#1810);
#1810 = CARTESIAN_POINT('',(57.,-10.,56.));
#1811 = SURFACE_CURVE('',#1812,(#1816,#1823),.PCURVE_S1.);
#1812 = LINE('',#1813,#1814);
#1813 = CARTESIAN_POINT('',(57.,-10.,56.));
#1814 = VECTOR('',#1815,1.);
#1815 = DIRECTION('',(-0.,1.,0.));
#1816 = PCURVE('',#1661,#1817);
#1817 = DEFINITIONAL_REPRESENTATION('',(#1818),#1822);
#1818 = LINE('',#1819,#1820);
#1819 = CARTESIAN_POINT('',(0.,0.));
#1820 = VECTOR('',#1821,1.);
#1821 = DIRECTION('',(0.,1.));
#1822 = ( GEOMETRIC_REPRESENTATION_CONTEXT(2) 
PARAMETRIC_REPRESENTATION_CONTEXT() REPRESENTATION_CONTEXT('2D SPACE',''
  ) );
#1823 = PCURVE('',#1132,#1824);
#1824 = DEFINITIONAL_REPRESENTATION('',(#1825),#1829);
#1825 = LINE('',#1826,#1827);
#1826 = CARTESIAN_POINT('',(0.,0.));
#1827 = VECTOR('',#1828,1.);
#1828 = DIRECTION('',(0.,-1.));
#1829 = ( GEOMETRIC_REPRESENTATION_CONTEXT(2) 
PARAMETRIC_REPRESENTATION_CONTEXT() REPRESENTATION_CONTEXT('2D SPACE',''
  ) );
#1830 = ORIENTED_EDGE('',*,*,#1831,.T.);
#1831 = EDGE_CURVE('',#1809,#1832,#1834,.T.);
#1832 = VERTEX_POINT('',#1833);
#1833 = CARTESIAN_POINT('',(87.,-10.,56.));
#1834 = SURFACE_CURVE('',#1835,(#1839,#1846),.PCURVE_S1.);
#1835 = LINE('',#1836,#1837);
#1836 = CARTESIAN_POINT('',(57.,-10.,56.));
#1837 = VECTOR('',#1838,1.);
#1838 = DIRECTION('',(1.,0.,-0.));
#1839 = PCURVE('',#1661,#1840);
#1840 = DEFINITIONAL_REPRESENTATION('',(#1841),#1845);
#1841 = LINE('',#1842,#1843);
#1842 = CARTESIAN_POINT('',(0.,0.));
#1843 = VECTOR('',#1844,1.);
#1844 = DIRECTION('',(1.,0.));
#1845 = ( GEOMETRIC_REPRESENTATION_CONTEXT(2) 
PARAMETRIC_REPRESENTATION_CONTEXT() REPRESENTATION_CONTEXT('2D SPACE',''
  ) );
#1846 = PCURVE('',#1214,#1847);
#1847 = DEFINITIONAL_REPRESENTATION('',(#1848),#1852);
#1848 = LINE('',#1849,#1850);
#1849 = CARTESIAN_POINT('',(0.,0.));
#1850 = VECTOR('',#1851,1.);
#1851 = DIRECTION('',(0.,1.));
#1852 = ( GEOMETRIC_REPRESENTATION_CONTEXT(2) 
PARAMETRIC_REPRESENTATION_CONTEXT() REPRESENTATION_CONTEXT('2D SPACE',''
  ) );
#1853 = ORIENTED_EDGE('',*,*,#1854,.T.);
#1854 = EDGE_CURVE('',#1832,#1646,#1855,.T.);
#1855 = SURFACE_CURVE('',#1856,(#1860,#1867),.PCURVE_S1.);
#1856 = LINE('',#1857,#1858);
#1857 = CARTESIAN_POINT('',(87.,-10.,56.));
#1858 = VECTOR('',#1859,1.);
#1859 = DIRECTION('',(-0.,1.,0.));
#1860 = PCURVE('',#1661,#1861);
#1861 = DEFINITIONAL_REPRESENTATION('',(#1862),#1866);
#1862 = LINE('',#1863,#1864);
#1863 = CARTESIAN_POINT('',(30.,0.));
#1864 = VECTOR('',#1865,1.);
#1865 = DIRECTION('',(0.,1.));
#1866 = ( GEOMETRIC_REPRESENTATION_CONTEXT(2) 
PARAMETRIC_REPRESENTATION_CONTEXT() REPRESENTATION_CONTEXT('2D SPACE',''
  ) );
#1867 = PCURVE('',#1188,#1868);
#1868 = DEFINITIONAL_REPRESENTATION('',(#1869),#1873);
#1869 = LINE('',#1870,#1871);
#1870 = CARTESIAN_POINT('',(0.,0.));
#1871 = VECTOR('',#1872,1.);
#1872 = DIRECTION('',(0.,-1.));
#1873 = ( GEOMETRIC_REPRESENTATION_CONTEXT(2) 
PARAMETRIC_REPRESENTATION_CONTEXT() REPRESENTATION_CONTEXT('2D SPACE',''
  ) );
#1874 = ORIENTED_EDGE('',*,*,#1643,.F.);
#1875 = ADVANCED_FACE('',(#1876),#1188,.T.);
#1876 = FACE_BOUND('',#1877,.T.);
#1877 = EDGE_LOOP('',(#1878,#1899,#1900,#1901));
#1878 = ORIENTED_EDGE('',*,*,#1879,.F.);
#1879 = EDGE_CURVE('',#1832,#1173,#1880,.T.);
#1880 = SURFACE_CURVE('',#1881,(#1885,#1892),.PCURVE_S1.);
#1881 = LINE('',#1882,#1883);
#1882 = CARTESIAN_POINT('',(87.,-10.,56.));
#1883 = VECTOR('',#1884,1.);
#1884 = DIRECTION('',(0.,0.,1.));
#1885 = PCURVE('',#1188,#1886);
#1886 = DEFINITIONAL_REPRESENTATION('',(#1887),#1891);
#1887 = LINE('',#1888,#1889);
#1888 = CARTESIAN_POINT('',(0.,0.));
#1889 = VECTOR('',#1890,1.);
#1890 = DIRECTION('',(1.,0.));
#1891 = ( GEOMETRIC_REPRESENTATION_CONTEXT(2) 
PARAMETRIC_REPRESENTATION_CONTEXT() REPRESENTATION_CONTEXT('2D SPACE',''
  ) );
#1892 = PCURVE('',#1214,#1893);
#1893 = DEFINITIONAL_REPRESENTATION('',(#1894),#1898);
#1894 = LINE('',#1895,#1896);
#1895 = CARTESIAN_POINT('',(0.,30.));
#1896 = VECTOR('',#1897,1.);
#1897 = DIRECTION('',(1.,0.));
#1898 = ( GEOMETRIC_REPRESENTATION_CONTEXT(2) 
PARAMETRIC_REPRESENTATION_CONTEXT() REPRESENTATION_CONTEXT('2D SPACE',''
  ) );
#1899 = ORIENTED_EDGE('',*,*,#1854,.T.);
#1900 = ORIENTED_EDGE('',*,*,#1695,.T.);
#1901 = ORIENTED_EDGE('',*,*,#1172,.F.);
#1902 = ADVANCED_FACE('',(#1903,#1929),#1214,.F.);
#1903 = FACE_BOUND('',#1904,.F.);
#1904 = EDGE_LOOP('',(#1905,#1906,#1927,#1928));
#1905 = ORIENTED_EDGE('',*,*,#1831,.F.);
#1906 = ORIENTED_EDGE('',*,*,#1907,.T.);
#1907 = EDGE_CURVE('',#1809,#1115,#1908,.T.);
#1908 = SURFACE_CURVE('',#1909,(#1913,#1920),.PCURVE_S1.);
#1909 = LINE('',#1910,#1911);
#1910 = CARTESIAN_POINT('',(57.,-10.,56.));
#1911 = VECTOR('',#1912,1.);
#1912 = DIRECTION('',(0.,0.,1.));
#1913 = PCURVE('',#1214,#1914);
#1914 = DEFINITIONAL_REPRESENTATION('',(#1915),#1919);
#1915 = LINE('',#1916,#1917);
#1916 = CARTESIAN_POINT('',(0.,0.));
#1917 = VECTOR('',#1918,1.);
#1918 = DIRECTION('',(1.,0.));
#1919 = ( GEOMETRIC_REPRESENTATION_CONTEXT(2) 
PARAMETRIC_REPRESENTATION_CONTEXT() REPRESENTATION_CONTEXT('2D SPACE',''
  ) );
#1920 = PCURVE('',#1132,#1921);
#1921 = DEFINITIONAL_REPRESENTATION('',(#1922),#1926);
#1922 = LINE('',#1923,#1924);
#1923 = CARTESIAN_POINT('',(0.,0.));
#1924 = VECTOR('',#1925,1.);
#1925 = DIRECTION('',(1.,0.));
#1926 = ( GEOMETRIC_REPRESENTATION_CONTEXT(2) 
PARAMETRIC_REPRESENTATION_CONTEXT() REPRESENTATION_CONTEXT('2D SPACE',''
  ) );
#1927 = ORIENTED_EDGE('',*,*,#1200,.T.);
#1928 = ORIENTED_EDGE('',*,*,#1879,.F.);
#1929 = FACE_BOUND('',#1930,.F.);
#1930 = EDGE_LOOP('',(#1931));
#1931 = ORIENTED_EDGE('',*,*,#1754,.T.);
#1932 = ADVANCED_FACE('',(#1933),#1132,.F.);
#1933 = FACE_BOUND('',#1934,.F.);
#1934 = EDGE_LOOP('',(#1935,#1936,#1937,#1938));
#1935 = ORIENTED_EDGE('',*,*,#1907,.F.);
#1936 = ORIENTED_EDGE('',*,*,#1808,.T.);
#1937 = ORIENTED_EDGE('',*,*,#1673,.T.);
#1938 = ORIENTED_EDGE('',*,*,#1114,.F.);
#1939 = ( GEOMETRIC_REPRESENTATION_CONTEXT(3) 
GLOBAL_UNCERTAINTY_ASSIGNED_CONTEXT((#1943)) 
GLOBAL_UNIT_ASSIGNED_CONTEXT((#1940,#1941,#1942)) REPRESENTATION_CONTEXT
('Context #1','3D Context with UNIT and UNCERTAINTY') );
#1940 = ( LENGTH_UNIT() NAMED_UNIT(*) SI_UNIT(.MILLI.,.METRE.) );
#1941 = ( NAMED_UNIT(*) PLANE_ANGLE_UNIT() SI_UNIT($,.RADIAN.) );
#1942 = ( NAMED_UNIT(*) SI_UNIT($,.STERADIAN.) SOLID_ANGLE_UNIT() );
#1943 = UNCERTAINTY_MEASURE_WITH_UNIT(LENGTH_MEASURE(1.E-07),#1940,
  'distance_accuracy_value','confusion accuracy');
#1944 = PRODUCT_RELATED_PRODUCT_CATEGORY('part',$,(#7));
ENDSEC;
END-ISO-10303-21;
