ISO-10303-21;
HEADER;
FILE_DESCRIPTION(('Open CASCADE Model'),'2;1');
FILE_NAME('Open CASCADE Shape Model','2026-10-03T20:16:28',('Author'),(
    'Open CASCADE'),'Open CASCADE STEP processor 8.0','build123d',
  'Unknown');
FILE_SCHEMA(('AUTOMOTIVE_DESIGN { 1 0 10303 214 1 1 1 1 }'));
ENDSEC;
DATA;
#1 = APPLICATION_PROTOCOL_DEFINITION('international standard',
  'automotive_design',2000,#2);
#2 = APPLICATION_CONTEXT(
  'core data for automotive mechanical design processes');
#3 = SHAPE_DEFINITION_REPRESENTATION(#4,#10);
#4 = PRODUCT_DEFINITION_SHAPE('','',#5);
#5 = PRODUCT_DEFINITION('design','',#6,#9);
#6 = PRODUCT_DEFINITION_FORMATION('','',#7);
#7 = PRODUCT('COMPOUND','COMPOUND','',(#8));
#8 = PRODUCT_CONTEXT('',#2,'mechanical');
#9 = PRODUCT_DEFINITION_CONTEXT('part definition',#2,'design');
#10 = ADVANCED_BREP_SHAPE_REPRESENTATION('',(#11,#15),#1845);
#11 = AXIS2_PLACEMENT_3D('',#12,#13,#14);
#12 = CARTESIAN_POINT('',(0.,0.,0.));
#13 = DIRECTION('',(0.,0.,1.));
#14 = DIRECTION('',(1.,0.,-0.));
#15 = MANIFOLD_SOLID_BREP('',#16);
#16 = CLOSED_SHELL('',(#17,#885,#920,#950,#1185,#1420,#1613,#1806));
#17 = ADVANCED_FACE('',(#18,#105,#321,#537,#711),#31,.T.);
#18 = FACE_BOUND('',#19,.T.);
#19 = EDGE_LOOP('',(#20,#54,#77,#104));
#20 = ORIENTED_EDGE('',*,*,#21,.F.);
#21 = EDGE_CURVE('',#22,#22,#24,.T.);
#22 = VERTEX_POINT('',#23);
#23 = CARTESIAN_POINT('',(88.,-3.918869757272E-15,1.581E+03));
#24 = SURFACE_CURVE('',#25,(#30,#42),.PCURVE_S1.);
#25 = CIRCLE('',#26,16.);
#26 = AXIS2_PLACEMENT_3D('',#27,#28,#29);
#27 = CARTESIAN_POINT('',(72.,0.,1.581E+03));
#28 = DIRECTION('',(0.,0.,1.));
#29 = DIRECTION('',(1.,0.,-0.));
#30 = PCURVE('',#31,#36);
#31 = CYLINDRICAL_SURFACE('',#32,16.);
#32 = AXIS2_PLACEMENT_3D('',#33,#34,#35);
#33 = CARTESIAN_POINT('',(72.,0.,131.));
#34 = DIRECTION('',(0.,0.,1.));
#35 = DIRECTION('',(1.,0.,-0.));
#36 = DEFINITIONAL_REPRESENTATION('',(#37),#41);
#37 = LINE('',#38,#39);
#38 = CARTESIAN_POINT('',(0.,1.45E+03));
#39 = VECTOR('',#40,1.);
#40 = DIRECTION('',(1.,0.));
#41 = ( GEOMETRIC_REPRESENTATION_CONTEXT(2) 
PARAMETRIC_REPRESENTATION_CONTEXT() REPRESENTATION_CONTEXT('2D SPACE',''
  ) );
#42 = PCURVE('',#43,#48);
#43 = PLANE('',#44);
#44 = AXIS2_PLACEMENT_3D('',#45,#46,#47);
#45 = CARTESIAN_POINT('',(72.,0.,1.581E+03));
#46 = DIRECTION('',(0.,0.,1.));
#47 = DIRECTION('',(1.,0.,-0.));
#48 = DEFINITIONAL_REPRESENTATION('',(#49),#53);
#49 = CIRCLE('',#50,16.);
#50 = AXIS2_PLACEMENT_2D('',#51,#52);
#51 = CARTESIAN_POINT('',(0.,0.));
#52 = DIRECTION('',(1.,0.));
#53 = ( GEOMETRIC_REPRESENTATION_CONTEXT(2) 
PARAMETRIC_REPRESENTATION_CONTEXT() REPRESENTATION_CONTEXT('2D SPACE',''
  ) );
#54 = ORIENTED_EDGE('',*,*,#55,.F.);
#55 = EDGE_CURVE('',#56,#22,#58,.T.);
#56 = VERTEX_POINT('',#57);
#57 = CARTESIAN_POINT('',(88.,-3.918869757272E-15,131.));
#58 = SEAM_CURVE('',#59,(#63,#70),.PCURVE_S1.);
#59 = LINE('',#60,#61);
#60 = CARTESIAN_POINT('',(88.,-3.918869757272E-15,131.));
#61 = VECTOR('',#62,1.);
#62 = DIRECTION('',(0.,0.,1.));
#63 = PCURVE('',#31,#64);
#64 = DEFINITIONAL_REPRESENTATION('',(#65),#69);
#65 = LINE('',#66,#67);
#66 = CARTESIAN_POINT('',(6.28318530718,-0.));
#67 = VECTOR('',#68,1.);
#68 = DIRECTION('',(0.,1.));
#69 = ( GEOMETRIC_REPRESENTATION_CONTEXT(2) 
PARAMETRIC_REPRESENTATION_CONTEXT() REPRESENTATION_CONTEXT('2D SPACE',''
  ) );
#70 = PCURVE('',#31,#71);
#71 = DEFINITIONAL_REPRESENTATION('',(#72),#76);
#72 = LINE('',#73,#74);
#73 = CARTESIAN_POINT('',(0.,-0.));
#74 = VECTOR('',#75,1.);
#75 = DIRECTION('',(0.,1.));
#76 = ( GEOMETRIC_REPRESENTATION_CONTEXT(2) 
PARAMETRIC_REPRESENTATION_CONTEXT() REPRESENTATION_CONTEXT('2D SPACE',''
  ) );
#77 = ORIENTED_EDGE('',*,*,#78,.T.);
#78 = EDGE_CURVE('',#56,#56,#79,.T.);
#79 = SURFACE_CURVE('',#80,(#85,#92),.PCURVE_S1.);
#80 = CIRCLE('',#81,16.);
#81 = AXIS2_PLACEMENT_3D('',#82,#83,#84);
#82 = CARTESIAN_POINT('',(72.,0.,131.));
#83 = DIRECTION('',(0.,0.,1.));
#84 = DIRECTION('',(1.,0.,-0.));
#85 = PCURVE('',#31,#86);
#86 = DEFINITIONAL_REPRESENTATION('',(#87),#91);
#87 = LINE('',#88,#89);
#88 = CARTESIAN_POINT('',(0.,0.));
#89 = VECTOR('',#90,1.);
#90 = DIRECTION('',(1.,0.));
#91 = ( GEOMETRIC_REPRESENTATION_CONTEXT(2) 
PARAMETRIC_REPRESENTATION_CONTEXT() REPRESENTATION_CONTEXT('2D SPACE',''
  ) );
#92 = PCURVE('',#93,#98);
#93 = PLANE('',#94);
#94 = AXIS2_PLACEMENT_3D('',#95,#96,#97);
#95 = CARTESIAN_POINT('',(72.,0.,131.));
#96 = DIRECTION('',(0.,0.,1.));
#97 = DIRECTION('',(1.,0.,-0.));
#98 = DEFINITIONAL_REPRESENTATION('',(#99),#103);
#99 = CIRCLE('',#100,16.);
#100 = AXIS2_PLACEMENT_2D('',#101,#102);
#101 = CARTESIAN_POINT('',(0.,0.));
#102 = DIRECTION('',(1.,0.));
#103 = ( GEOMETRIC_REPRESENTATION_CONTEXT(2) 
PARAMETRIC_REPRESENTATION_CONTEXT() REPRESENTATION_CONTEXT('2D SPACE',''
  ) );
#104 = ORIENTED_EDGE('',*,*,#55,.T.);
#105 = FACE_BOUND('',#106,.T.);
#106 = EDGE_LOOP('',(#107));
#107 = ORIENTED_EDGE('',*,*,#108,.T.);
#108 = EDGE_CURVE('',#109,#109,#111,.T.);
#109 = VERTEX_POINT('',#110);
#110 = CARTESIAN_POINT('',(75.25,15.666445033893,191.));
#111 = SURFACE_CURVE('',#112,(#178,#247),.PCURVE_S1.);
#112 = B_SPLINE_CURVE_WITH_KNOTS('',8,(#113,#114,#115,#116,#117,#118,
    #119,#120,#121,#122,#123,#124,#125,#126,#127,#128,#129,#130,#131,
    #132,#133,#134,#135,#136,#137,#138,#139,#140,#141,#142,#143,#144,
    #145,#146,#147,#148,#149,#150,#151,#152,#153,#154,#155,#156,#157,
    #158,#159,#160,#161,#162,#163,#164,#165,#166,#167,#168,#169,#170,
    #171,#172,#173,#174,#175,#176,#177),.UNSPECIFIED.,.T.,.F.,(9,7,7,7,7
    ,7,7,7,7,9),(0.,9.937062880303E-02,0.197369125856,0.288353092557,
    0.393012603397,0.601532588925,0.706341256945,0.797454890444,
    0.895593050642,1.),.UNSPECIFIED.);
#113 = CARTESIAN_POINT('',(75.25,15.666445033893,191.));
#114 = CARTESIAN_POINT('',(75.25,15.666445033893,191.23563804273));
#115 = CARTESIAN_POINT('',(75.230475099645,15.670495319864,
    191.47125052035));
#116 = CARTESIAN_POINT('',(75.191430606412,15.678595469581,
    191.70496550979));
#117 = CARTESIAN_POINT('',(75.133088912263,15.690556109884,
    191.93491048777));
#118 = CARTESIAN_POINT('',(75.055881080684,15.706004190013,
    192.15924147172));
#119 = CARTESIAN_POINT('',(74.96044568914,15.72440470973,192.37616823017
    ));
#120 = CARTESIAN_POINT('',(74.847634926944,15.745098902229,
    192.58397556261));
#121 = CARTESIAN_POINT('',(74.591203708004,15.789311470816,
    192.97538461663));
#122 = CARTESIAN_POINT('',(74.445091538729,15.813293360555,
    193.16376772338));
#123 = CARTESIAN_POINT('',(74.279618672642,15.838785445773,
    193.34429162801));
#124 = CARTESIAN_POINT('',(74.094313922038,15.86509813508,
    193.51475131635));
#125 = CARTESIAN_POINT('',(73.888856984163,15.891359536515,
    193.67260432489));
#126 = CARTESIAN_POINT('',(73.663152039075,15.916505967004,
    193.81492173393));
#127 = CARTESIAN_POINT('',(73.417440263431,15.939304899906,
    193.93831126142));
#128 = CARTESIAN_POINT('',(72.906457822145,15.976206364762,
    194.13210133971));
#129 = CARTESIAN_POINT('',(72.643064837394,15.990870596136,
    194.20595919632));
#130 = CARTESIAN_POINT('',(72.367013226135,16.001036295681,
    194.25533788244));
#131 = CARTESIAN_POINT('',(72.083778284799,16.005609487873,
    194.27711576777));
#132 = CARTESIAN_POINT('',(71.799255613895,16.004099875526,
    194.27003536955));
#133 = CARTESIAN_POINT('',(71.519404167539,15.996744027211,
    194.2346859914));
#134 = CARTESIAN_POINT('',(71.2498818883,15.984435851238,194.17352407978
    ));
#135 = CARTESIAN_POINT('',(70.70330149716,15.950059717509,
    193.99592934512));
#136 = CARTESIAN_POINT('',(70.432089609749,15.926859301891,
    193.87285954098));
#137 = CARTESIAN_POINT('',(70.183333718006,15.900457929969,
    193.72669970184));
#138 = CARTESIAN_POINT('',(69.957586445147,15.87241382714,
    193.56171346841));
#139 = CARTESIAN_POINT('',(69.754912977762,15.844087770888,
    193.38160656761));
#140 = CARTESIAN_POINT('',(69.575042687223,15.816594462923,
    193.18962479234));
#141 = CARTESIAN_POINT('',(69.417461919373,15.790805554284,
    192.98861157483));
#142 = CARTESIAN_POINT('',(69.010530547346,15.720644513555,
    192.36748352328));
#143 = CARTESIAN_POINT('',(68.823103852544,15.68285041578,
    191.92455292966));
#144 = CARTESIAN_POINT('',(68.712858594858,15.658729638555,
    191.4660874902));
#145 = CARTESIAN_POINT('',(68.676357702411,15.650428561313,
    191.00028815332));
#146 = CARTESIAN_POINT('',(68.712646684262,15.658673943176,
    190.53418836381));
#147 = CARTESIAN_POINT('',(68.823044466406,15.682855577243,
    190.07509384172));
#148 = CARTESIAN_POINT('',(69.010916134431,15.720710994522,
    189.63192792795));
#149 = CARTESIAN_POINT('',(69.417461919381,15.790805554285,
    189.01138842515));
#150 = CARTESIAN_POINT('',(69.575042687227,15.816594462924,
    188.81037520765));
#151 = CARTESIAN_POINT('',(69.754912977757,15.844087770887,
    188.61839343239));
#152 = CARTESIAN_POINT('',(69.957586445137,15.872413827139,
    188.43828653159));
#153 = CARTESIAN_POINT('',(70.183333717999,15.900457929969,
    188.27330029815));
#154 = CARTESIAN_POINT('',(70.432089609754,15.926859301892,188.127140459
    ));
#155 = CARTESIAN_POINT('',(70.703301497174,15.95005971751,
    188.00407065487));
#156 = CARTESIAN_POINT('',(71.249881887005,15.984435851157,
    187.82647592063));
#157 = CARTESIAN_POINT('',(71.51940416977,15.996744027399,
    187.76531400762));
#158 = CARTESIAN_POINT('',(71.799255613854,16.004099875356,
    187.72996463133));
#159 = CARTESIAN_POINT('',(72.083778282773,16.00560948788,
    187.72288423218));
#160 = CARTESIAN_POINT('',(72.367013226169,16.001036295852,
    187.74466211666));
#161 = CARTESIAN_POINT('',(72.643064839497,15.990870595935,
    187.79404080473));
#162 = CARTESIAN_POINT('',(72.906457820923,15.97620636485,
    187.86789865982));
#163 = CARTESIAN_POINT('',(73.417440263431,15.939304899906,
    188.06168873857));
#164 = CARTESIAN_POINT('',(73.663152039075,15.916505967004,
    188.18507826606));
#165 = CARTESIAN_POINT('',(73.888856984163,15.891359536515,
    188.3273956751));
#166 = CARTESIAN_POINT('',(74.094313922038,15.86509813508,
    188.48524868365));
#167 = CARTESIAN_POINT('',(74.279618672642,15.838785445773,
    188.65570837199));
#168 = CARTESIAN_POINT('',(74.445091538729,15.813293360555,
    188.83623227661));
#169 = CARTESIAN_POINT('',(74.591203708004,15.789311470816,
    189.02461538336));
#170 = CARTESIAN_POINT('',(74.853985302799,15.744004002672,
    189.4257174639));
#171 = CARTESIAN_POINT('',(74.968650179321,15.722864460014,
    189.63994336339));
#172 = CARTESIAN_POINT('',(75.063201424216,15.704551347621,
    189.85981723967));
#173 = CARTESIAN_POINT('',(75.138222431044,15.689504062806,
    190.08387916914));
#174 = CARTESIAN_POINT('',(75.194176370373,15.678025450744,
    190.31092465937));
#175 = CARTESIAN_POINT('',(75.231383420602,15.67030713637,
    190.53991606968));
#176 = CARTESIAN_POINT('',(75.25,15.666445033893,190.76990990744));
#177 = CARTESIAN_POINT('',(75.25,15.666445033893,191.));
#178 = PCURVE('',#31,#179);
#179 = DEFINITIONAL_REPRESENTATION('',(#180),#246);
#180 = B_SPLINE_CURVE_WITH_KNOTS('',8,(#181,#182,#183,#184,#185,#186,
    #187,#188,#189,#190,#191,#192,#193,#194,#195,#196,#197,#198,#199,
    #200,#201,#202,#203,#204,#205,#206,#207,#208,#209,#210,#211,#212,
    #213,#214,#215,#216,#217,#218,#219,#220,#221,#222,#223,#224,#225,
    #226,#227,#228,#229,#230,#231,#232,#233,#234,#235,#236,#237,#238,
    #239,#240,#241,#242,#243,#244,#245),.UNSPECIFIED.,.T.,.F.,(9,7,7,7,7
    ,7,7,7,7,9),(0.,9.937062880303E-02,0.197369125856,0.288353092557,
    0.393012603397,0.601532588925,0.706341256945,0.797454890444,
    0.895593050642,1.),.UNSPECIFIED.);
#181 = CARTESIAN_POINT('',(1.366247921914,60.));
#182 = CARTESIAN_POINT('',(1.366247921914,60.235638042732));
#183 = CARTESIAN_POINT('',(1.367494201014,60.471250520358));
#184 = CARTESIAN_POINT('',(1.36998645966,60.704965509794));
#185 = CARTESIAN_POINT('',(1.373708636281,60.934910487773));
#186 = CARTESIAN_POINT('',(1.378629628378,61.159241471729));
#187 = CARTESIAN_POINT('',(1.384703871389,61.376168230179));
#188 = CARTESIAN_POINT('',(1.391871775312,61.583975562614));
#189 = CARTESIAN_POINT('',(1.408135197806,61.975384616638));
#190 = CARTESIAN_POINT('',(1.417389100546,62.163767723383));
#191 = CARTESIAN_POINT('',(1.427852279347,62.344291628009));
#192 = CARTESIAN_POINT('',(1.439548259187,62.51475131635));
#193 = CARTESIAN_POINT('',(1.452490912817,62.672604324892));
#194 = CARTESIAN_POINT('',(1.466681021656,62.814921733934));
#195 = CARTESIAN_POINT('',(1.482100752496,62.938311261424));
#196 = CARTESIAN_POINT('',(1.514120324965,63.132101339714));
#197 = CARTESIAN_POINT('',(1.530605640508,63.205959196323));
#198 = CARTESIAN_POINT('',(1.547865409792,63.255337882443));
#199 = CARTESIAN_POINT('',(1.565562164856,63.277115767778));
#200 = CARTESIAN_POINT('',(1.583337172567,63.27003536955));
#201 = CARTESIAN_POINT('',(1.600828398166,63.234685991406));
#202 = CARTESIAN_POINT('',(1.617688610705,63.173524079782));
#203 = CARTESIAN_POINT('',(1.651917381643,62.995929345126));
#204 = CARTESIAN_POINT('',(1.668925711572,62.872859540987));
#205 = CARTESIAN_POINT('',(1.684555244926,62.726699701843));
#206 = CARTESIAN_POINT('',(1.698769084934,62.561713468419));
#207 = CARTESIAN_POINT('',(1.711557050626,62.381606567616));
#208 = CARTESIAN_POINT('',(1.722928403887,62.189624792344));
#209 = CARTESIAN_POINT('',(1.732907862954,61.988611574837));
#210 = CARTESIAN_POINT('',(1.758716330646,61.367483523284));
#211 = CARTESIAN_POINT('',(1.770661524882,60.92455292967));
#212 = CARTESIAN_POINT('',(1.777715506846,60.4660874902));
#213 = CARTESIAN_POINT('',(1.780055323237,60.00028815333));
#214 = CARTESIAN_POINT('',(1.777729160733,59.53418836381));
#215 = CARTESIAN_POINT('',(1.770665119095,59.075093841724));
#216 = CARTESIAN_POINT('',(1.758691875879,58.631927927955));
#217 = CARTESIAN_POINT('',(1.732907862954,58.011388425151));
#218 = CARTESIAN_POINT('',(1.722928403887,57.810375207654));
#219 = CARTESIAN_POINT('',(1.711557050626,57.618393432391));
#220 = CARTESIAN_POINT('',(1.698769084935,57.43828653159));
#221 = CARTESIAN_POINT('',(1.684555244926,57.273300298158));
#222 = CARTESIAN_POINT('',(1.668925711572,57.127140459008));
#223 = CARTESIAN_POINT('',(1.651917381643,57.00407065487));
#224 = CARTESIAN_POINT('',(1.617688610786,56.826475920639));
#225 = CARTESIAN_POINT('',(1.600828398027,56.765314007621));
#226 = CARTESIAN_POINT('',(1.58333717257,56.729964631338));
#227 = CARTESIAN_POINT('',(1.565562164983,56.722884232182));
#228 = CARTESIAN_POINT('',(1.54786540979,56.744662116667));
#229 = CARTESIAN_POINT('',(1.530605640377,56.794040804732));
#230 = CARTESIAN_POINT('',(1.514120325042,56.867898659822));
#231 = CARTESIAN_POINT('',(1.482100752496,57.061688738576));
#232 = CARTESIAN_POINT('',(1.466681021656,57.185078266066));
#233 = CARTESIAN_POINT('',(1.452490912817,57.327395675107));
#234 = CARTESIAN_POINT('',(1.439548259187,57.48524868365));
#235 = CARTESIAN_POINT('',(1.427852279347,57.655708371991));
#236 = CARTESIAN_POINT('',(1.417389100546,57.836232276617));
#237 = CARTESIAN_POINT('',(1.408135197806,58.024615383362));
#238 = CARTESIAN_POINT('',(1.391469020741,58.425717463908));
#239 = CARTESIAN_POINT('',(1.384182177056,58.639943363394));
#240 = CARTESIAN_POINT('',(1.378163223793,58.859817239675));
#241 = CARTESIAN_POINT('',(1.373381119607,59.083879169147));
#242 = CARTESIAN_POINT('',(1.369811174902,59.310924659378));
#243 = CARTESIAN_POINT('',(1.367436235611,59.539916069689));
#244 = CARTESIAN_POINT('',(1.366247921914,59.76990990744));
#245 = CARTESIAN_POINT('',(1.366247921914,60.));
#246 = ( GEOMETRIC_REPRESENTATION_CONTEXT(2) 
PARAMETRIC_REPRESENTATION_CONTEXT() REPRESENTATION_CONTEXT('2D SPACE',''
  ) );
#247 = PCURVE('',#248,#253);
#248 = CYLINDRICAL_SURFACE('',#249,3.25);
#249 = AXIS2_PLACEMENT_3D('',#250,#251,#252);
#250 = CARTESIAN_POINT('',(72.,30.,191.));
#251 = DIRECTION('',(0.,-1.,2.22044604925E-16));
#252 = DIRECTION('',(1.,0.,0.));
#253 = DEFINITIONAL_REPRESENTATION('',(#254),#320);
#254 = B_SPLINE_CURVE_WITH_KNOTS('',8,(#255,#256,#257,#258,#259,#260,
    #261,#262,#263,#264,#265,#266,#267,#268,#269,#270,#271,#272,#273,
    #274,#275,#276,#277,#278,#279,#280,#281,#282,#283,#284,#285,#286,
    #287,#288,#289,#290,#291,#292,#293,#294,#295,#296,#297,#298,#299,
    #300,#301,#302,#303,#304,#305,#306,#307,#308,#309,#310,#311,#312,
    #313,#314,#315,#316,#317,#318,#319),.UNSPECIFIED.,.F.,.F.,(9,7,7,7,7
    ,7,7,7,7,9),(0.,9.937062880303E-02,0.197369125856,0.288353092557,
    0.393012603397,0.601532588925,0.706341256945,0.797454890444,
    0.895593050642,1.),.UNSPECIFIED.);
#255 = CARTESIAN_POINT('',(0.,14.333554966107));
#256 = CARTESIAN_POINT('',(7.25040131484E-02,14.333554966107));
#257 = CARTESIAN_POINT('',(0.145000047285,14.329504680136));
#258 = CARTESIAN_POINT('',(0.217493399794,14.321404530419));
#259 = CARTESIAN_POINT('',(0.289987465484,14.309443890116));
#260 = CARTESIAN_POINT('',(0.362485709736,14.293995809987));
#261 = CARTESIAN_POINT('',(0.434990201427,14.27559529027));
#262 = CARTESIAN_POINT('',(0.507496705623,14.254901097771));
#263 = CARTESIAN_POINT('',(0.651475013528,14.210688529184));
#264 = CARTESIAN_POINT('',(0.724597433399,14.186706639445));
#265 = CARTESIAN_POINT('',(0.799518808791,14.161214554227));
#266 = CARTESIAN_POINT('',(0.876413473874,14.13490186492));
#267 = CARTESIAN_POINT('',(0.955481529799,14.108640463485));
#268 = CARTESIAN_POINT('',(1.036954277638,14.083494032996));
#269 = CARTESIAN_POINT('',(1.121107901722,14.060695100094));
#270 = CARTESIAN_POINT('',(1.289260452845,14.023793635238));
#271 = CARTESIAN_POINT('',(1.373096505447,14.009129403864));
#272 = CARTESIAN_POINT('',(1.458711740785,13.998963704319));
#273 = CARTESIAN_POINT('',(1.545241763203,13.994390512127));
#274 = CARTESIAN_POINT('',(1.63193052771,13.995900124474));
#275 = CARTESIAN_POINT('',(1.718032804216,14.003255972789));
#276 = CARTESIAN_POINT('',(1.802719236896,14.015564148762));
#277 = CARTESIAN_POINT('',(1.979552662679,14.049940282491));
#278 = CARTESIAN_POINT('',(2.070620021187,14.073140698109));
#279 = CARTESIAN_POINT('',(2.158600648744,14.099542070031));
#280 = CARTESIAN_POINT('',(2.243815847988,14.12758617286));
#281 = CARTESIAN_POINT('',(2.326525447296,14.155912229112));
#282 = CARTESIAN_POINT('',(2.406945287657,14.183405537077));
#283 = CARTESIAN_POINT('',(2.485252154604,14.209194445716));
#284 = CARTESIAN_POINT('',(2.713731707992,14.279355486445));
#285 = CARTESIAN_POINT('',(2.859336292726,14.31714958422));
#286 = CARTESIAN_POINT('',(3.001279525483,14.341270361445));
#287 = CARTESIAN_POINT('',(3.141510156808,14.349571438687));
#288 = CARTESIAN_POINT('',(3.281822032783,14.341326056824));
#289 = CARTESIAN_POINT('',(3.423929830891,14.317144422757));
#290 = CARTESIAN_POINT('',(3.569670094575,14.279289005478));
#291 = CARTESIAN_POINT('',(3.79793315258,14.209194445715));
#292 = CARTESIAN_POINT('',(3.876240019524,14.183405537076));
#293 = CARTESIAN_POINT('',(3.956659859881,14.155912229113));
#294 = CARTESIAN_POINT('',(4.039369459188,14.127586172861));
#295 = CARTESIAN_POINT('',(4.124584658434,14.099542070031));
#296 = CARTESIAN_POINT('',(4.212565285994,14.073140698108));
#297 = CARTESIAN_POINT('',(4.303632644505,14.04994028249));
#298 = CARTESIAN_POINT('',(4.480466069864,14.015564148843));
#299 = CARTESIAN_POINT('',(4.565152503677,14.003255972601));
#300 = CARTESIAN_POINT('',(4.651254779464,13.995900124644));
#301 = CARTESIAN_POINT('',(4.737943543325,13.99439051212));
#302 = CARTESIAN_POINT('',(4.824473566401,13.998963704148));
#303 = CARTESIAN_POINT('',(4.910088802419,14.009129404065));
#304 = CARTESIAN_POINT('',(4.993924853932,14.02379363515));
#305 = CARTESIAN_POINT('',(5.162077405458,14.060695100094));
#306 = CARTESIAN_POINT('',(5.246231029542,14.083494032996));
#307 = CARTESIAN_POINT('',(5.327703777381,14.108640463485));
#308 = CARTESIAN_POINT('',(5.406771833305,14.13490186492));
#309 = CARTESIAN_POINT('',(5.483666498389,14.161214554227));
#310 = CARTESIAN_POINT('',(5.558587873781,14.186706639445));
#311 = CARTESIAN_POINT('',(5.631710293652,14.210688529184));
#312 = CARTESIAN_POINT('',(5.779254143904,14.255995997328));
#313 = CARTESIAN_POINT('',(5.85372574286,14.277135539986));
#314 = CARTESIAN_POINT('',(5.926928315368,14.295448652379));
#315 = CARTESIAN_POINT('',(5.999140985456,14.310495937194));
#316 = CARTESIAN_POINT('',(6.070621937206,14.321974549256));
#317 = CARTESIAN_POINT('',(6.141620717146,14.32969286363));
#318 = CARTESIAN_POINT('',(6.212388355623,14.333554966107));
#319 = CARTESIAN_POINT('',(6.28318530718,14.333554966107));
#320 = ( GEOMETRIC_REPRESENTATION_CONTEXT(2) 
PARAMETRIC_REPRESENTATION_CONTEXT() REPRESENTATION_CONTEXT('2D SPACE',''
  ) );
#321 = FACE_BOUND('',#322,.T.);
#322 = EDGE_LOOP('',(#323));
#323 = ORIENTED_EDGE('',*,*,#324,.F.);
#324 = EDGE_CURVE('',#325,#325,#327,.T.);
#325 = VERTEX_POINT('',#326);
#326 = CARTESIAN_POINT('',(75.25,-15.66644503389,191.));
#327 = SURFACE_CURVE('',#328,(#394,#463),.PCURVE_S1.);
#328 = B_SPLINE_CURVE_WITH_KNOTS('',8,(#329,#330,#331,#332,#333,#334,
    #335,#336,#337,#338,#339,#340,#341,#342,#343,#344,#345,#346,#347,
    #348,#349,#350,#351,#352,#353,#354,#355,#356,#357,#358,#359,#360,
    #361,#362,#363,#364,#365,#366,#367,#368,#369,#370,#371,#372,#373,
    #374,#375,#376,#377,#378,#379,#380,#381,#382,#383,#384,#385,#386,
    #387,#388,#389,#390,#391,#392,#393),.UNSPECIFIED.,.T.,.F.,(9,7,7,7,7
    ,7,7,7,7,9),(0.,9.937062488452E-02,0.197369120989,0.288353089427,
    0.393012602261,0.601532591748,0.706341261758,0.797454896986,
    0.895593056203,1.),.UNSPECIFIED.);
#329 = CARTESIAN_POINT('',(75.25,-15.66644503389,191.));
#330 = CARTESIAN_POINT('',(75.25,-15.66644503389,191.23563804273));
#331 = CARTESIAN_POINT('',(75.230475099645,-15.67049531986,
    191.47125052035));
#332 = CARTESIAN_POINT('',(75.191430606412,-15.67859546958,
    191.70496550979));
#333 = CARTESIAN_POINT('',(75.133088912263,-15.69055610988,
    191.93491048777));
#334 = CARTESIAN_POINT('',(75.055881080684,-15.70600419001,
    192.15924147172));
#335 = CARTESIAN_POINT('',(74.96044568914,-15.72440470973,
    192.37616823017));
#336 = CARTESIAN_POINT('',(74.847634926944,-15.74509890222,
    192.58397556261));
#337 = CARTESIAN_POINT('',(74.591203704215,-15.78931147147,
    192.97538462242));
#338 = CARTESIAN_POINT('',(74.445091544128,-15.81329335935,
    193.16376771248));
#339 = CARTESIAN_POINT('',(74.279618676403,-15.83878544591,
    193.34429163107));
#340 = CARTESIAN_POINT('',(74.094313912931,-15.86509813609,
    193.51475132341));
#341 = CARTESIAN_POINT('',(73.888856980405,-15.89135953639,
    193.67260432188));
#342 = CARTESIAN_POINT('',(73.663152053188,-15.91650596606,
    193.81492172977));
#343 = CARTESIAN_POINT('',(73.417440255808,-15.93930490045,
    193.93831126431));
#344 = CARTESIAN_POINT('',(72.906457822146,-15.97620636476,
    194.13210133971));
#345 = CARTESIAN_POINT('',(72.643064837393,-15.99087059613,
    194.20595919632));
#346 = CARTESIAN_POINT('',(72.367013226135,-16.00103629568,
    194.25533788244));
#347 = CARTESIAN_POINT('',(72.083778284799,-16.00560948787,
    194.27711576777));
#348 = CARTESIAN_POINT('',(71.799255613894,-16.00409987552,
    194.27003536955));
#349 = CARTESIAN_POINT('',(71.51940416754,-15.99674402721,194.2346859914
    ));
#350 = CARTESIAN_POINT('',(71.2498818883,-15.98443585123,194.17352407978
    ));
#351 = CARTESIAN_POINT('',(70.703301497174,-15.95005971751,
    193.99592934513));
#352 = CARTESIAN_POINT('',(70.432089609754,-15.92685930189,
    193.87285954099));
#353 = CARTESIAN_POINT('',(70.183333717999,-15.90045792996,
    193.72669970184));
#354 = CARTESIAN_POINT('',(69.957586445137,-15.87241382713,
    193.56171346841));
#355 = CARTESIAN_POINT('',(69.754912977757,-15.84408777088,
    193.3816065676));
#356 = CARTESIAN_POINT('',(69.575042687227,-15.81659446292,
    193.18962479234));
#357 = CARTESIAN_POINT('',(69.417461919381,-15.79080555428,
    192.98861157484));
#358 = CARTESIAN_POINT('',(69.010530547346,-15.72064451355,
    192.36748352328));
#359 = CARTESIAN_POINT('',(68.823103852545,-15.68285041578,
    191.92455292967));
#360 = CARTESIAN_POINT('',(68.712858594858,-15.65872963855,
    191.4660874902));
#361 = CARTESIAN_POINT('',(68.676357702411,-15.65042856131,
    191.00028815333));
#362 = CARTESIAN_POINT('',(68.712646684262,-15.65867394317,
    190.53418836381));
#363 = CARTESIAN_POINT('',(68.823044466406,-15.68285557724,
    190.07509384172));
#364 = CARTESIAN_POINT('',(69.010916134431,-15.72071099452,
    189.63192792795));
#365 = CARTESIAN_POINT('',(69.417461919381,-15.79080555428,
    189.01138842515));
#366 = CARTESIAN_POINT('',(69.575042687227,-15.81659446292,
    188.81037520765));
#367 = CARTESIAN_POINT('',(69.754912977757,-15.84408777088,
    188.61839343239));
#368 = CARTESIAN_POINT('',(69.957586445137,-15.87241382713,
    188.43828653159));
#369 = CARTESIAN_POINT('',(70.183333717999,-15.90045792996,
    188.27330029815));
#370 = CARTESIAN_POINT('',(70.432089609754,-15.92685930189,188.127140459
    ));
#371 = CARTESIAN_POINT('',(70.703301497174,-15.95005971751,
    188.00407065487));
#372 = CARTESIAN_POINT('',(71.249881887005,-15.98443585115,
    187.82647592063));
#373 = CARTESIAN_POINT('',(71.51940416977,-15.99674402739,
    187.76531400762));
#374 = CARTESIAN_POINT('',(71.799255613854,-16.00409987535,
    187.72996463133));
#375 = CARTESIAN_POINT('',(72.083778282773,-16.00560948788,
    187.72288423218));
#376 = CARTESIAN_POINT('',(72.367013226169,-16.00103629585,
    187.74466211666));
#377 = CARTESIAN_POINT('',(72.643064839497,-15.99087059593,
    187.79404080473));
#378 = CARTESIAN_POINT('',(72.906457820923,-15.97620636485,
    187.86789865982));
#379 = CARTESIAN_POINT('',(73.417440255748,-15.93930490046,
    188.06168873566));
#380 = CARTESIAN_POINT('',(73.663152053166,-15.91650596606,
    188.1850782702));
#381 = CARTESIAN_POINT('',(73.888856980436,-15.89135953639,
    188.32739567812));
#382 = CARTESIAN_POINT('',(74.094313912977,-15.86509813608,
    188.48524867662));
#383 = CARTESIAN_POINT('',(74.279618676423,-15.8387854459,
    188.65570836896));
#384 = CARTESIAN_POINT('',(74.445091544109,-15.81329335935,
    188.83623228751));
#385 = CARTESIAN_POINT('',(74.591203704179,-15.78931147147,
    189.02461537752));
#386 = CARTESIAN_POINT('',(74.85398530101,-15.74400400298,
    189.42571746117));
#387 = CARTESIAN_POINT('',(74.968650181172,-15.72286445968,
    189.63994336817));
#388 = CARTESIAN_POINT('',(75.063201425093,-15.70455134747,
    189.85981723967));
#389 = CARTESIAN_POINT('',(75.138222429767,-15.68950406303,
    190.08387916468));
#390 = CARTESIAN_POINT('',(75.19417636953,-15.67802545089,
    190.31092465932));
#391 = CARTESIAN_POINT('',(75.2313834215,-15.67030713621,190.53991607439
    ));
#392 = CARTESIAN_POINT('',(75.25,-15.66644503389,190.76990990464));
#393 = CARTESIAN_POINT('',(75.25,-15.66644503389,191.));
#394 = PCURVE('',#31,#395);
#395 = DEFINITIONAL_REPRESENTATION('',(#396),#462);
#396 = B_SPLINE_CURVE_WITH_KNOTS('',8,(#397,#398,#399,#400,#401,#402,
    #403,#404,#405,#406,#407,#408,#409,#410,#411,#412,#413,#414,#415,
    #416,#417,#418,#419,#420,#421,#422,#423,#424,#425,#426,#427,#428,
    #429,#430,#431,#432,#433,#434,#435,#436,#437,#438,#439,#440,#441,
    #442,#443,#444,#445,#446,#447,#448,#449,#450,#451,#452,#453,#454,
    #455,#456,#457,#458,#459,#460,#461),.UNSPECIFIED.,.T.,.F.,(9,7,7,7,7
    ,7,7,7,7,9),(0.,9.937062488452E-02,0.197369120989,0.288353089427,
    0.393012602261,0.601532591748,0.706341261758,0.797454896986,
    0.895593056203,1.),.UNSPECIFIED.);
#397 = CARTESIAN_POINT('',(4.916937385265,60.));
#398 = CARTESIAN_POINT('',(4.916937385265,60.235638042732));
#399 = CARTESIAN_POINT('',(4.915691106166,60.471250520359));
#400 = CARTESIAN_POINT('',(4.91319884752,60.704965509794));
#401 = CARTESIAN_POINT('',(4.909476670899,60.934910487773));
#402 = CARTESIAN_POINT('',(4.904555678801,61.159241471729));
#403 = CARTESIAN_POINT('',(4.898481435791,61.376168230179));
#404 = CARTESIAN_POINT('',(4.891313531867,61.583975562614));
#405 = CARTESIAN_POINT('',(4.875050109134,61.975384622421));
#406 = CARTESIAN_POINT('',(4.865796206978,62.163767712479));
#407 = CARTESIAN_POINT('',(4.855333028065,62.344291631072));
#408 = CARTESIAN_POINT('',(4.843637047419,62.514751323412));
#409 = CARTESIAN_POINT('',(4.83069439413,62.672604321885));
#410 = CARTESIAN_POINT('',(4.816504286408,62.81492172977));
#411 = CARTESIAN_POINT('',(4.801084554206,62.938311264315));
#412 = CARTESIAN_POINT('',(4.769064982214,63.132101339714));
#413 = CARTESIAN_POINT('',(4.752579666671,63.205959196323));
#414 = CARTESIAN_POINT('',(4.735319897387,63.255337882442));
#415 = CARTESIAN_POINT('',(4.717623142324,63.277115767778));
#416 = CARTESIAN_POINT('',(4.699848134612,63.270035369551));
#417 = CARTESIAN_POINT('',(4.682356909013,63.234685991406));
#418 = CARTESIAN_POINT('',(4.665496696475,63.173524079782));
#419 = CARTESIAN_POINT('',(4.631267925537,62.99592934513));
#420 = CARTESIAN_POINT('',(4.614259595608,62.872859540992));
#421 = CARTESIAN_POINT('',(4.598630062254,62.726699701842));
#422 = CARTESIAN_POINT('',(4.584416222245,62.56171346841));
#423 = CARTESIAN_POINT('',(4.571628256553,62.381606567608));
#424 = CARTESIAN_POINT('',(4.560256903293,62.189624792346));
#425 = CARTESIAN_POINT('',(4.550277444226,61.988611574849));
#426 = CARTESIAN_POINT('',(4.524468976533,61.367483523284));
#427 = CARTESIAN_POINT('',(4.512523782298,60.924552929671));
#428 = CARTESIAN_POINT('',(4.505469800334,60.466087490198));
#429 = CARTESIAN_POINT('',(4.503129983943,60.000288153333));
#430 = CARTESIAN_POINT('',(4.505456146446,59.534188363808));
#431 = CARTESIAN_POINT('',(4.512520188085,59.075093841725));
#432 = CARTESIAN_POINT('',(4.5244934313,58.631927927955));
#433 = CARTESIAN_POINT('',(4.550277444226,58.011388425151));
#434 = CARTESIAN_POINT('',(4.560256903293,57.810375207654));
#435 = CARTESIAN_POINT('',(4.571628256553,57.618393432391));
#436 = CARTESIAN_POINT('',(4.584416222245,57.43828653159));
#437 = CARTESIAN_POINT('',(4.598630062253,57.273300298158));
#438 = CARTESIAN_POINT('',(4.614259595608,57.127140459008));
#439 = CARTESIAN_POINT('',(4.631267925537,57.00407065487));
#440 = CARTESIAN_POINT('',(4.665496696393,56.826475920639));
#441 = CARTESIAN_POINT('',(4.682356909153,56.765314007621));
#442 = CARTESIAN_POINT('',(4.69984813461,56.729964631338));
#443 = CARTESIAN_POINT('',(4.717623142197,56.722884232182));
#444 = CARTESIAN_POINT('',(4.73531989739,56.744662116667));
#445 = CARTESIAN_POINT('',(4.752579666803,56.794040804732));
#446 = CARTESIAN_POINT('',(4.769064982138,56.867898659822));
#447 = CARTESIAN_POINT('',(4.801084554202,57.061688735663));
#448 = CARTESIAN_POINT('',(4.816504286406,57.185078270208));
#449 = CARTESIAN_POINT('',(4.830694394132,57.327395678124));
#450 = CARTESIAN_POINT('',(4.843637047422,57.485248676626));
#451 = CARTESIAN_POINT('',(4.855333028067,57.655708368962));
#452 = CARTESIAN_POINT('',(4.865796206977,57.836232287511));
#453 = CARTESIAN_POINT('',(4.875050109131,58.024615377524));
#454 = CARTESIAN_POINT('',(4.891716286325,58.425717461177));
#455 = CARTESIAN_POINT('',(4.899003130241,58.639943368178));
#456 = CARTESIAN_POINT('',(4.905022083442,58.859817239677));
#457 = CARTESIAN_POINT('',(4.909804187491,59.083879164681));
#458 = CARTESIAN_POINT('',(4.913374132224,59.310924659325));
#459 = CARTESIAN_POINT('',(4.915749071626,59.539916074392));
#460 = CARTESIAN_POINT('',(4.916937385265,59.769909904648));
#461 = CARTESIAN_POINT('',(4.916937385265,60.));
#462 = ( GEOMETRIC_REPRESENTATION_CONTEXT(2) 
PARAMETRIC_REPRESENTATION_CONTEXT() REPRESENTATION_CONTEXT('2D SPACE',''
  ) );
#463 = PCURVE('',#464,#469);
#464 = CYLINDRICAL_SURFACE('',#465,3.25);
#465 = AXIS2_PLACEMENT_3D('',#466,#467,#468);
#466 = CARTESIAN_POINT('',(72.,30.,191.));
#467 = DIRECTION('',(0.,-1.,2.22044604925E-16));
#468 = DIRECTION('',(1.,0.,0.));
#469 = DEFINITIONAL_REPRESENTATION('',(#470),#536);
#470 = B_SPLINE_CURVE_WITH_KNOTS('',8,(#471,#472,#473,#474,#475,#476,
    #477,#478,#479,#480,#481,#482,#483,#484,#485,#486,#487,#488,#489,
    #490,#491,#492,#493,#494,#495,#496,#497,#498,#499,#500,#501,#502,
    #503,#504,#505,#506,#507,#508,#509,#510,#511,#512,#513,#514,#515,
    #516,#517,#518,#519,#520,#521,#522,#523,#524,#525,#526,#527,#528,
    #529,#530,#531,#532,#533,#534,#535),.UNSPECIFIED.,.F.,.F.,(9,7,7,7,7
    ,7,7,7,7,9),(0.,9.937062488452E-02,0.197369120989,0.288353089427,
    0.393012602261,0.601532591748,0.706341261758,0.797454896986,
    0.895593056203,1.),.UNSPECIFIED.);
#471 = CARTESIAN_POINT('',(0.,45.666445033893));
#472 = CARTESIAN_POINT('',(7.250401314841E-02,45.666445033893));
#473 = CARTESIAN_POINT('',(0.145000047285,45.670495319864));
#474 = CARTESIAN_POINT('',(0.217493399794,45.678595469581));
#475 = CARTESIAN_POINT('',(0.289987465484,45.690556109884));
#476 = CARTESIAN_POINT('',(0.362485709736,45.706004190013));
#477 = CARTESIAN_POINT('',(0.434990201427,45.72440470973));
#478 = CARTESIAN_POINT('',(0.507496705623,45.745098902229));
#479 = CARTESIAN_POINT('',(0.651475015655,45.78931147147));
#480 = CARTESIAN_POINT('',(0.724597429868,45.813293359355));
#481 = CARTESIAN_POINT('',(0.799518808444,45.838785445911));
#482 = CARTESIAN_POINT('',(0.876413477561,45.865098136092));
#483 = CARTESIAN_POINT('',(0.955481530141,45.891359536398));
#484 = CARTESIAN_POINT('',(1.036954273264,45.91650596606));
#485 = CARTESIAN_POINT('',(1.12110790423,45.939304900457));
#486 = CARTESIAN_POINT('',(1.289260452845,45.976206364762));
#487 = CARTESIAN_POINT('',(1.373096505447,45.990870596136));
#488 = CARTESIAN_POINT('',(1.458711740785,46.001036295681));
#489 = CARTESIAN_POINT('',(1.545241763202,46.005609487873));
#490 = CARTESIAN_POINT('',(1.63193052771,46.004099875526));
#491 = CARTESIAN_POINT('',(1.718032804215,45.996744027211));
#492 = CARTESIAN_POINT('',(1.802719236896,45.984435851238));
#493 = CARTESIAN_POINT('',(1.979552662674,45.95005971751));
#494 = CARTESIAN_POINT('',(2.070620021185,45.926859301892));
#495 = CARTESIAN_POINT('',(2.158600648745,45.900457929969));
#496 = CARTESIAN_POINT('',(2.243815847992,45.872413827139));
#497 = CARTESIAN_POINT('',(2.326525447298,45.844087770887));
#498 = CARTESIAN_POINT('',(2.406945287655,45.816594462924));
#499 = CARTESIAN_POINT('',(2.4852521546,45.790805554285));
#500 = CARTESIAN_POINT('',(2.713731707992,45.720644513555));
#501 = CARTESIAN_POINT('',(2.859336292726,45.68285041578));
#502 = CARTESIAN_POINT('',(3.001279525483,45.658729638555));
#503 = CARTESIAN_POINT('',(3.141510156809,45.650428561313));
#504 = CARTESIAN_POINT('',(3.281822032783,45.658673943176));
#505 = CARTESIAN_POINT('',(3.423929830891,45.682855577243));
#506 = CARTESIAN_POINT('',(3.569670094575,45.720710994522));
#507 = CARTESIAN_POINT('',(3.79793315258,45.790805554285));
#508 = CARTESIAN_POINT('',(3.876240019524,45.816594462924));
#509 = CARTESIAN_POINT('',(3.956659859881,45.844087770887));
#510 = CARTESIAN_POINT('',(4.039369459188,45.872413827139));
#511 = CARTESIAN_POINT('',(4.124584658434,45.900457929969));
#512 = CARTESIAN_POINT('',(4.212565285994,45.926859301892));
#513 = CARTESIAN_POINT('',(4.303632644505,45.95005971751));
#514 = CARTESIAN_POINT('',(4.480466069864,45.984435851157));
#515 = CARTESIAN_POINT('',(4.565152503677,45.996744027399));
#516 = CARTESIAN_POINT('',(4.651254779464,46.004099875356));
#517 = CARTESIAN_POINT('',(4.737943543325,46.00560948788));
#518 = CARTESIAN_POINT('',(4.824473566401,46.001036295852));
#519 = CARTESIAN_POINT('',(4.910088802419,45.990870595935));
#520 = CARTESIAN_POINT('',(4.993924853932,45.97620636485));
#521 = CARTESIAN_POINT('',(5.162077402929,45.939304900461));
#522 = CARTESIAN_POINT('',(5.246231033906,45.916505966064));
#523 = CARTESIAN_POINT('',(5.327703777048,45.891359536396));
#524 = CARTESIAN_POINT('',(5.406771829636,45.865098136085));
#525 = CARTESIAN_POINT('',(5.483666498747,45.838785445906));
#526 = CARTESIAN_POINT('',(5.558587877306,45.813293359357));
#527 = CARTESIAN_POINT('',(5.631710291504,45.789311471476));
#528 = CARTESIAN_POINT('',(5.779254142899,45.74400400298));
#529 = CARTESIAN_POINT('',(5.853725744489,45.722864459688));
#530 = CARTESIAN_POINT('',(5.926928315451,45.70455134747));
#531 = CARTESIAN_POINT('',(5.999140983978,45.689504063034));
#532 = CARTESIAN_POINT('',(6.070621937117,45.678025450892));
#533 = CARTESIAN_POINT('',(6.141620718665,45.67030713621));
#534 = CARTESIAN_POINT('',(6.212388354764,45.666445033893));
#535 = CARTESIAN_POINT('',(6.28318530718,45.666445033893));
#536 = ( GEOMETRIC_REPRESENTATION_CONTEXT(2) 
PARAMETRIC_REPRESENTATION_CONTEXT() REPRESENTATION_CONTEXT('2D SPACE',''
  ) );
#537 = FACE_BOUND('',#538,.T.);
#538 = EDGE_LOOP('',(#539));
#539 = ORIENTED_EDGE('',*,*,#540,.T.);
#540 = EDGE_CURVE('',#541,#541,#543,.T.);
#541 = VERTEX_POINT('',#542);
#542 = CARTESIAN_POINT('',(74.45,15.811309243703,1.541E+03));
#543 = SURFACE_CURVE('',#544,(#596,#651),.PCURVE_S1.);
#544 = B_SPLINE_CURVE_WITH_KNOTS('',8,(#545,#546,#547,#548,#549,#550,
    #551,#552,#553,#554,#555,#556,#557,#558,#559,#560,#561,#562,#563,
    #564,#565,#566,#567,#568,#569,#570,#571,#572,#573,#574,#575,#576,
    #577,#578,#579,#580,#581,#582,#583,#584,#585,#586,#587,#588,#589,
    #590,#591,#592,#593,#594,#595),.UNSPECIFIED.,.T.,.F.,(9,7,7,7,7,7,7,
    9),(0.,0.154996798711,0.286611461359,0.41172732541,0.569042325265,
    0.707467381854,0.827791398185,1.),.UNSPECIFIED.);
#545 = CARTESIAN_POINT('',(74.45,15.811309243703,1.541E+03));
#546 = CARTESIAN_POINT('',(74.45,15.811309243703,1.541255699455E+03));
#547 = CARTESIAN_POINT('',(74.419500683178,15.816034901617,
    1.541510987192E+03));
#548 = CARTESIAN_POINT('',(74.358676133974,15.825460894264,
    1.541763908822E+03));
#549 = CARTESIAN_POINT('',(74.266870301639,15.83934751852,
    1.542012321778E+03));
#550 = CARTESIAN_POINT('',(74.142872457085,15.857221606211,
    1.542253433136E+03));
#551 = CARTESIAN_POINT('',(73.985086544542,15.878241602497,
    1.542483500786E+03));
#552 = CARTESIAN_POINT('',(73.791791395809,15.901035817884,
    1.542697400002E+03));
#553 = CARTESIAN_POINT('',(73.366298424377,15.94276554469,
    1.5430493984E+03));
#554 = CARTESIAN_POINT('',(73.136542531275,15.962532264498,
    1.543200539667E+03));
#555 = CARTESIAN_POINT('',(72.875837175701,15.980877715024,
    1.543327712323E+03));
#556 = CARTESIAN_POINT('',(72.590545719103,15.995359582164,
    1.543420882526E+03));
#557 = CARTESIAN_POINT('',(72.289419103337,16.003731561428,
    1.54347340573E+03));
#558 = CARTESIAN_POINT('',(71.982405705364,16.004964047536,
    1.543482071554E+03));
#559 = CARTESIAN_POINT('',(71.679719144903,15.999408360605,
    1.543447233738E+03));
#560 = CARTESIAN_POINT('',(71.115970958404,15.977924886823,
    1.543302487806E+03));
#561 = CARTESIAN_POINT('',(70.862324969292,15.962855425731,
    1.543198615067E+03));
#562 = CARTESIAN_POINT('',(70.6321915146,15.944717344153,
    1.543067829771E+03));
#563 = CARTESIAN_POINT('',(70.426779655153,15.925100914568,
    1.542915611985E+03));
#564 = CARTESIAN_POINT('',(70.246507664933,15.905397999659,
    1.542746750916E+03));
#565 = CARTESIAN_POINT('',(70.09123853166,15.886708957929,
    1.542565484323E+03));
#566 = CARTESIAN_POINT('',(69.960398822084,15.869838133979,
    1.542375565769E+03));
#567 = CARTESIAN_POINT('',(69.718071387258,15.837024806362,
    1.541934773801E+03));
#568 = CARTESIAN_POINT('',(69.618875174633,15.822255517734,
    1.541678326581E+03));
#569 = CARTESIAN_POINT('',(69.553810355179,15.812004831847,
    1.541415229721E+03));
#570 = CARTESIAN_POINT('',(69.521754911263,15.806817701173,
    1.541148572122E+03));
#571 = CARTESIAN_POINT('',(69.522163690267,15.806912764584,
    1.540880938075E+03));
#572 = CARTESIAN_POINT('',(69.555096331774,15.81224945231,
    1.540614763756E+03));
#573 = CARTESIAN_POINT('',(69.621253071038,15.822513478562,
    1.54035267279E+03));
#574 = CARTESIAN_POINT('',(69.810739023066,15.849768619323,
    1.539874085906E+03));
#575 = CARTESIAN_POINT('',(69.926651570207,15.865861221839,
    1.539654879294E+03));
#576 = CARTESIAN_POINT('',(70.070932947094,15.884837122541,
    1.539443503329E+03));
#577 = CARTESIAN_POINT('',(70.244725723071,15.905926876273,
    1.539243691734E+03));
#578 = CARTESIAN_POINT('',(70.448906444153,15.927988624689,
    1.539060074034E+03));
#579 = CARTESIAN_POINT('',(70.683892037328,15.949415846179,
    1.538898305989E+03));
#580 = CARTESIAN_POINT('',(70.949257438113,15.968167222328,
    1.538765324505E+03));
#581 = CARTESIAN_POINT('',(71.498160264314,15.994169457008,
    1.538586975165E+03));
#582 = CARTESIAN_POINT('',(71.770891100511,16.002419571229,
    1.538533689779E+03));
#583 = CARTESIAN_POINT('',(72.053452928249,16.005360867139,
    1.538515977062E+03));
#584 = CARTESIAN_POINT('',(72.337001446923,16.002146183761,
    1.53853628492E+03));
#585 = CARTESIAN_POINT('',(72.612408331575,15.993000973908,
    1.538593729462E+03));
#586 = CARTESIAN_POINT('',(72.871133193606,15.979333150896,
    1.538684190747E+03));
#587 = CARTESIAN_POINT('',(73.106205003114,15.963059579269,
    1.538800302865E+03));
#588 = CARTESIAN_POINT('',(73.608421047217,15.921714114365,
    1.539119018858E+03));
#589 = CARTESIAN_POINT('',(73.856819232061,15.894957367384,
    1.539344394381E+03));
#590 = CARTESIAN_POINT('',(74.059053480557,15.869185001738,
    1.539594907035E+03));
#591 = CARTESIAN_POINT('',(74.217486425042,15.846802949639,
    1.539862266112E+03));
#592 = CARTESIAN_POINT('',(74.334372362634,15.829225041692,
    1.540140498388E+03));
#593 = CARTESIAN_POINT('',(74.411507528425,15.817273944387,
    1.540425156819E+03));
#594 = CARTESIAN_POINT('',(74.45,15.811309243703,1.54071274167E+03));
#595 = CARTESIAN_POINT('',(74.45,15.811309243703,1.541E+03));
#596 = PCURVE('',#31,#597);
#597 = DEFINITIONAL_REPRESENTATION('',(#598),#650);
#598 = B_SPLINE_CURVE_WITH_KNOTS('',8,(#599,#600,#601,#602,#603,#604,
    #605,#606,#607,#608,#609,#610,#611,#612,#613,#614,#615,#616,#617,
    #618,#619,#620,#621,#622,#623,#624,#625,#626,#627,#628,#629,#630,
    #631,#632,#633,#634,#635,#636,#637,#638,#639,#640,#641,#642,#643,
    #644,#645,#646,#647,#648,#649),.UNSPECIFIED.,.T.,.F.,(9,7,7,7,7,7,7,
    9),(0.,0.154996798711,0.286611461359,0.41172732541,0.569042325265,
    0.707467381854,0.827791398185,1.),.UNSPECIFIED.);
#599 = CARTESIAN_POINT('',(1.417066529672,1.41E+03));
#600 = CARTESIAN_POINT('',(1.417066529672,1.410255699455E+03));
#601 = CARTESIAN_POINT('',(1.418995482848,1.410510987192E+03));
#602 = CARTESIAN_POINT('',(1.422842395932,1.410763908822E+03));
#603 = CARTESIAN_POINT('',(1.428645483824,1.411012321778E+03));
#604 = CARTESIAN_POINT('',(1.436475039854,1.411253433136E+03));
#605 = CARTESIAN_POINT('',(1.4464224053,1.411483500786E+03));
#606 = CARTESIAN_POINT('',(1.458584719437,1.411697400002E+03));
#607 = CARTESIAN_POINT('',(1.485305617658,1.4120493984E+03));
#608 = CARTESIAN_POINT('',(1.499717374319,1.412200539667E+03));
#609 = CARTESIAN_POINT('',(1.51604841567,1.412327712323E+03));
#610 = CARTESIAN_POINT('',(1.533894834493,1.412420882526E+03));
#611 = CARTESIAN_POINT('',(1.552712044376,1.41247340573E+03));
#612 = CARTESIAN_POINT('',(1.571892574671,1.412482071554E+03));
#613 = CARTESIAN_POINT('',(1.59080997871,1.412447233738E+03));
#614 = CARTESIAN_POINT('',(1.626069815404,1.412302487806E+03));
#615 = CARTESIAN_POINT('',(1.641947049958,1.412198615067E+03));
#616 = CARTESIAN_POINT('',(1.656370890363,1.412067829771E+03));
#617 = CARTESIAN_POINT('',(1.669264703901,1.411915611985E+03));
#618 = CARTESIAN_POINT('',(1.680597383001,1.411746750916E+03));
#619 = CARTESIAN_POINT('',(1.690371120327,1.411565484323E+03));
#620 = CARTESIAN_POINT('',(1.69861614323,1.411375565769E+03));
#621 = CARTESIAN_POINT('',(1.71389982787,1.410934773801E+03));
#622 = CARTESIAN_POINT('',(1.720167391546,1.410678326581E+03));
#623 = CARTESIAN_POINT('',(1.724284050236,1.410415229721E+03));
#624 = CARTESIAN_POINT('',(1.726313680492,1.410148572122E+03));
#625 = CARTESIAN_POINT('',(1.72628745118,1.409880938075E+03));
#626 = CARTESIAN_POINT('',(1.724202273339,1.409614763756E+03));
#627 = CARTESIAN_POINT('',(1.720018259648,1.40935267279E+03));
#628 = CARTESIAN_POINT('',(1.708053505302,1.408874085906E+03));
#629 = CARTESIAN_POINT('',(1.700739558844,1.408654879294E+03));
#630 = CARTESIAN_POINT('',(1.691644771185,1.408443503329E+03));
#631 = CARTESIAN_POINT('',(1.68070412622,1.408243691734E+03));
#632 = CARTESIAN_POINT('',(1.667871227474,1.408060074034E+03));
#633 = CARTESIAN_POINT('',(1.653128194127,1.407898305989E+03));
#634 = CARTESIAN_POINT('',(1.636505993518,1.407765324505E+03));
#635 = CARTESIAN_POINT('',(1.60216109597,1.407586975165E+03));
#636 = CARTESIAN_POINT('',(1.585110120422,1.407533689779E+03));
#637 = CARTESIAN_POINT('',(1.567454838474,1.407515977062E+03));
#638 = CARTESIAN_POINT('',(1.549740401296,1.40753628492E+03));
#639 = CARTESIAN_POINT('',(1.532524972008,1.407593729462E+03));
#640 = CARTESIAN_POINT('',(1.516335750739,1.407684190747E+03));
#641 = CARTESIAN_POINT('',(1.501609853999,1.407800302865E+03));
#642 = CARTESIAN_POINT('',(1.470115161836,1.408119018858E+03));
#643 = CARTESIAN_POINT('',(1.454505414426,1.408344394381E+03));
#644 = CARTESIAN_POINT('',(1.441766492273,1.408594907035E+03));
#645 = CARTESIAN_POINT('',(1.431766892745,1.408862266112E+03));
#646 = CARTESIAN_POINT('',(1.424379507951,1.409140498388E+03));
#647 = CARTESIAN_POINT('',(1.419501017746,1.409425156819E+03));
#648 = CARTESIAN_POINT('',(1.417066529672,1.40971274167E+03));
#649 = CARTESIAN_POINT('',(1.417066529672,1.41E+03));
#650 = ( GEOMETRIC_REPRESENTATION_CONTEXT(2) 
PARAMETRIC_REPRESENTATION_CONTEXT() REPRESENTATION_CONTEXT('2D SPACE',''
  ) );
#651 = PCURVE('',#652,#657);
#652 = CYLINDRICAL_SURFACE('',#653,2.45);
#653 = AXIS2_PLACEMENT_3D('',#654,#655,#656);
#654 = CARTESIAN_POINT('',(72.,30.,1.541E+03));
#655 = DIRECTION('',(0.,-1.,2.22044604925E-16));
#656 = DIRECTION('',(1.,0.,0.));
#657 = DEFINITIONAL_REPRESENTATION('',(#658),#710);
#658 = B_SPLINE_CURVE_WITH_KNOTS('',8,(#659,#660,#661,#662,#663,#664,
    #665,#666,#667,#668,#669,#670,#671,#672,#673,#674,#675,#676,#677,
    #678,#679,#680,#681,#682,#683,#684,#685,#686,#687,#688,#689,#690,
    #691,#692,#693,#694,#695,#696,#697,#698,#699,#700,#701,#702,#703,
    #704,#705,#706,#707,#708,#709),.UNSPECIFIED.,.F.,.F.,(9,7,7,7,7,7,7,
    9),(0.,0.154996798711,0.286611461359,0.41172732541,0.569042325265,
    0.707467381854,0.827791398185,1.),.UNSPECIFIED.);
#659 = CARTESIAN_POINT('',(0.,14.188690756297));
#660 = CARTESIAN_POINT('',(0.104367124593,14.188690756297));
#661 = CARTESIAN_POINT('',(0.208565762274,14.183965098383));
#662 = CARTESIAN_POINT('',(0.313532975099,14.174539105736));
#663 = CARTESIAN_POINT('',(0.420097446685,14.16065248148));
#664 = CARTESIAN_POINT('',(0.529075495042,14.142778393789));
#665 = CARTESIAN_POINT('',(0.641311926097,14.121758397503));
#666 = CARTESIAN_POINT('',(0.757753895084,14.098964182116));
#667 = CARTESIAN_POINT('',(0.983149892119,14.05723445531));
#668 = CARTESIAN_POINT('',(1.09473013762,14.037467735502));
#669 = CARTESIAN_POINT('',(1.211495701913,14.019122284976));
#670 = CARTESIAN_POINT('',(1.331641356692,14.004640417836));
#671 = CARTESIAN_POINT('',(1.453887736655,13.996268438572));
#672 = CARTESIAN_POINT('',(1.577133818469,13.995035952464));
#673 = CARTESIAN_POINT('',(1.700334498604,14.000591639395));
#674 = CARTESIAN_POINT('',(1.937899335416,14.022075113177));
#675 = CARTESIAN_POINT('',(2.048719922291,14.037144574269));
#676 = CARTESIAN_POINT('',(2.155338967244,14.055282655847));
#677 = CARTESIAN_POINT('',(2.258246778131,14.074899085432));
#678 = CARTESIAN_POINT('',(2.357815287258,14.094602000341));
#679 = CARTESIAN_POINT('',(2.454329523206,14.113291042071));
#680 = CARTESIAN_POINT('',(2.547985946966,14.130161866021));
#681 = CARTESIAN_POINT('',(2.753296590951,14.162975193638));
#682 = CARTESIAN_POINT('',(2.864527209802,14.177744482266));
#683 = CARTESIAN_POINT('',(2.973702601664,14.187995168153));
#684 = CARTESIAN_POINT('',(3.08169906735,14.193182298827));
#685 = CARTESIAN_POINT('',(3.189334162842,14.193087235416));
#686 = CARTESIAN_POINT('',(3.297422308935,14.18775054769));
#687 = CARTESIAN_POINT('',(3.406826412525,14.177486521438));
#688 = CARTESIAN_POINT('',(3.616921621729,14.150231380677));
#689 = CARTESIAN_POINT('',(3.717526359537,14.134138778161));
#690 = CARTESIAN_POINT('',(3.820874573745,14.115162877459));
#691 = CARTESIAN_POINT('',(3.927439959952,14.094073123727));
#692 = CARTESIAN_POINT('',(4.037751735839,14.072011375311));
#693 = CARTESIAN_POINT('',(4.152418929917,14.050584153821));
#694 = CARTESIAN_POINT('',(4.272204059739,14.031832777672));
#695 = CARTESIAN_POINT('',(4.507775727709,14.005830542992));
#696 = CARTESIAN_POINT('',(4.620367203465,13.997580428771));
#697 = CARTESIAN_POINT('',(4.734289746656,13.994639132861));
#698 = CARTESIAN_POINT('',(4.84827928833,13.997853816239));
#699 = CARTESIAN_POINT('',(4.961146791709,14.006999026092));
#700 = CARTESIAN_POINT('',(5.071609914706,14.020666849104));
#701 = CARTESIAN_POINT('',(5.178015702836,14.036940420731));
#702 = CARTESIAN_POINT('',(5.420795947643,14.078285885635));
#703 = CARTESIAN_POINT('',(5.55569102157,14.105042632616));
#704 = CARTESIAN_POINT('',(5.684619340959,14.130814998262));
#705 = CARTESIAN_POINT('',(5.808950998596,14.153197050361));
#706 = CARTESIAN_POINT('',(5.92991445514,14.170774958308));
#707 = CARTESIAN_POINT('',(6.048554938315,14.182726055613));
#708 = CARTESIAN_POINT('',(6.165937009269,14.188690756297));
#709 = CARTESIAN_POINT('',(6.28318530718,14.188690756297));
#710 = ( GEOMETRIC_REPRESENTATION_CONTEXT(2) 
PARAMETRIC_REPRESENTATION_CONTEXT() REPRESENTATION_CONTEXT('2D SPACE',''
  ) );
#711 = FACE_BOUND('',#712,.T.);
#712 = EDGE_LOOP('',(#713));
#713 = ORIENTED_EDGE('',*,*,#714,.F.);
#714 = EDGE_CURVE('',#715,#715,#717,.T.);
#715 = VERTEX_POINT('',#716);
#716 = CARTESIAN_POINT('',(74.45,-15.8113092437,1.541E+03));
#717 = SURFACE_CURVE('',#718,(#770,#825),.PCURVE_S1.);
#718 = B_SPLINE_CURVE_WITH_KNOTS('',8,(#719,#720,#721,#722,#723,#724,
    #725,#726,#727,#728,#729,#730,#731,#732,#733,#734,#735,#736,#737,
    #738,#739,#740,#741,#742,#743,#744,#745,#746,#747,#748,#749,#750,
    #751,#752,#753,#754,#755,#756,#757,#758,#759,#760,#761,#762,#763,
    #764,#765,#766,#767,#768,#769),.UNSPECIFIED.,.T.,.F.,(9,7,7,7,7,7,7,
    9),(0.,0.154996798705,0.286611461349,0.411727325398,0.569042325256,
    0.707467381848,0.827791398181,1.),.UNSPECIFIED.);
#719 = CARTESIAN_POINT('',(74.45,-15.8113092437,1.541E+03));
#720 = CARTESIAN_POINT('',(74.45,-15.8113092437,1.541255699455E+03));
#721 = CARTESIAN_POINT('',(74.419500683178,-15.81603490161,
    1.541510987192E+03));
#722 = CARTESIAN_POINT('',(74.358676133974,-15.82546089426,
    1.541763908822E+03));
#723 = CARTESIAN_POINT('',(74.266870301639,-15.83934751852,
    1.542012321778E+03));
#724 = CARTESIAN_POINT('',(74.142872457085,-15.85722160621,
    1.542253433136E+03));
#725 = CARTESIAN_POINT('',(73.985086544542,-15.87824160249,
    1.542483500786E+03));
#726 = CARTESIAN_POINT('',(73.791791395809,-15.90103581788,
    1.542697400002E+03));
#727 = CARTESIAN_POINT('',(73.366298424378,-15.94276554469,
    1.5430493984E+03));
#728 = CARTESIAN_POINT('',(73.136542531273,-15.96253226449,
    1.543200539667E+03));
#729 = CARTESIAN_POINT('',(72.875837175706,-15.98087771502,
    1.543327712323E+03));
#730 = CARTESIAN_POINT('',(72.590545719096,-15.99535958216,
    1.543420882526E+03));
#731 = CARTESIAN_POINT('',(72.289419103343,-16.00373156142,
    1.54347340573E+03));
#732 = CARTESIAN_POINT('',(71.982405705362,-16.00496404753,
    1.543482071554E+03));
#733 = CARTESIAN_POINT('',(71.679719144903,-15.9994083606,
    1.543447233738E+03));
#734 = CARTESIAN_POINT('',(71.115970958397,-15.97792488682,
    1.543302487806E+03));
#735 = CARTESIAN_POINT('',(70.86232496929,-15.96285542573,
    1.543198615067E+03));
#736 = CARTESIAN_POINT('',(70.632191514603,-15.94471734415,
    1.543067829771E+03));
#737 = CARTESIAN_POINT('',(70.426779655159,-15.92510091456,
    1.542915611985E+03));
#738 = CARTESIAN_POINT('',(70.246507664936,-15.90539799966,
    1.542746750916E+03));
#739 = CARTESIAN_POINT('',(70.091238531657,-15.88670895792,
    1.542565484323E+03));
#740 = CARTESIAN_POINT('',(69.960398822081,-15.86983813397,
    1.542375565769E+03));
#741 = CARTESIAN_POINT('',(69.718071387258,-15.83702480636,
    1.541934773801E+03));
#742 = CARTESIAN_POINT('',(69.618875174633,-15.82225551773,
    1.541678326581E+03));
#743 = CARTESIAN_POINT('',(69.553810355178,-15.81200483184,
    1.541415229721E+03));
#744 = CARTESIAN_POINT('',(69.521754911263,-15.80681770117,
    1.541148572122E+03));
#745 = CARTESIAN_POINT('',(69.522163690267,-15.80691276458,
    1.540880938075E+03));
#746 = CARTESIAN_POINT('',(69.555096331774,-15.81224945231,
    1.540614763756E+03));
#747 = CARTESIAN_POINT('',(69.621253071038,-15.82251347856,
    1.54035267279E+03));
#748 = CARTESIAN_POINT('',(69.810739023066,-15.84976861932,
    1.539874085906E+03));
#749 = CARTESIAN_POINT('',(69.926651570207,-15.86586122183,
    1.539654879294E+03));
#750 = CARTESIAN_POINT('',(70.070932947094,-15.88483712254,
    1.539443503329E+03));
#751 = CARTESIAN_POINT('',(70.244725723071,-15.90592687627,
    1.539243691734E+03));
#752 = CARTESIAN_POINT('',(70.448906444153,-15.92798862468,
    1.539060074034E+03));
#753 = CARTESIAN_POINT('',(70.683892037328,-15.94941584617,
    1.538898305989E+03));
#754 = CARTESIAN_POINT('',(70.949257438113,-15.96816722232,
    1.538765324505E+03));
#755 = CARTESIAN_POINT('',(71.498160264314,-15.994169457,
    1.538586975165E+03));
#756 = CARTESIAN_POINT('',(71.770891100509,-16.00241957122,
    1.538533689779E+03));
#757 = CARTESIAN_POINT('',(72.053452928252,-16.00536086713,
    1.538515977062E+03));
#758 = CARTESIAN_POINT('',(72.337001446919,-16.00214618376,
    1.53853628492E+03));
#759 = CARTESIAN_POINT('',(72.612408331578,-15.9930009739,
    1.538593729462E+03));
#760 = CARTESIAN_POINT('',(72.871133193606,-15.97933315089,
    1.538684190747E+03));
#761 = CARTESIAN_POINT('',(73.106205003114,-15.96305957926,
    1.538800302865E+03));
#762 = CARTESIAN_POINT('',(73.608421047218,-15.92171411436,
    1.539119018858E+03));
#763 = CARTESIAN_POINT('',(73.856819232059,-15.89495736738,
    1.539344394381E+03));
#764 = CARTESIAN_POINT('',(74.059053480563,-15.86918500173,
    1.539594907035E+03));
#765 = CARTESIAN_POINT('',(74.217486425036,-15.84680294963,
    1.539862266112E+03));
#766 = CARTESIAN_POINT('',(74.334372362637,-15.82922504169,
    1.540140498388E+03));
#767 = CARTESIAN_POINT('',(74.411507528423,-15.81727394438,
    1.540425156819E+03));
#768 = CARTESIAN_POINT('',(74.45,-15.8113092437,1.54071274167E+03));
#769 = CARTESIAN_POINT('',(74.45,-15.8113092437,1.541E+03));
#770 = PCURVE('',#31,#771);
#771 = DEFINITIONAL_REPRESENTATION('',(#772),#824);
#772 = B_SPLINE_CURVE_WITH_KNOTS('',8,(#773,#774,#775,#776,#777,#778,
    #779,#780,#781,#782,#783,#784,#785,#786,#787,#788,#789,#790,#791,
    #792,#793,#794,#795,#796,#797,#798,#799,#800,#801,#802,#803,#804,
    #805,#806,#807,#808,#809,#810,#811,#812,#813,#814,#815,#816,#817,
    #818,#819,#820,#821,#822,#823),.UNSPECIFIED.,.T.,.F.,(9,7,7,7,7,7,7,
    9),(0.,0.154996798705,0.286611461349,0.411727325398,0.569042325256,
    0.707467381848,0.827791398181,1.),.UNSPECIFIED.);
#773 = CARTESIAN_POINT('',(4.866118777508,1.41E+03));
#774 = CARTESIAN_POINT('',(4.866118777508,1.410255699455E+03));
#775 = CARTESIAN_POINT('',(4.864189824331,1.410510987192E+03));
#776 = CARTESIAN_POINT('',(4.860342911248,1.410763908822E+03));
#777 = CARTESIAN_POINT('',(4.854539823356,1.411012321778E+03));
#778 = CARTESIAN_POINT('',(4.846710267326,1.411253433136E+03));
#779 = CARTESIAN_POINT('',(4.836762901879,1.411483500786E+03));
#780 = CARTESIAN_POINT('',(4.824600587742,1.411697400002E+03));
#781 = CARTESIAN_POINT('',(4.797879689522,1.4120493984E+03));
#782 = CARTESIAN_POINT('',(4.783467932861,1.412200539667E+03));
#783 = CARTESIAN_POINT('',(4.76713689151,1.412327712323E+03));
#784 = CARTESIAN_POINT('',(4.749290472686,1.412420882526E+03));
#785 = CARTESIAN_POINT('',(4.730473262804,1.41247340573E+03));
#786 = CARTESIAN_POINT('',(4.711292732508,1.412482071554E+03));
#787 = CARTESIAN_POINT('',(4.69237532847,1.412447233738E+03));
#788 = CARTESIAN_POINT('',(4.657115491775,1.412302487806E+03));
#789 = CARTESIAN_POINT('',(4.641238257221,1.412198615067E+03));
#790 = CARTESIAN_POINT('',(4.626814416817,1.412067829771E+03));
#791 = CARTESIAN_POINT('',(4.613920603279,1.411915611985E+03));
#792 = CARTESIAN_POINT('',(4.602587924179,1.411746750916E+03));
#793 = CARTESIAN_POINT('',(4.592814186852,1.411565484323E+03));
#794 = CARTESIAN_POINT('',(4.584569163949,1.411375565769E+03));
#795 = CARTESIAN_POINT('',(4.56928547931,1.410934773801E+03));
#796 = CARTESIAN_POINT('',(4.563017915634,1.410678326581E+03));
#797 = CARTESIAN_POINT('',(4.558901256944,1.410415229721E+03));
#798 = CARTESIAN_POINT('',(4.556871626688,1.410148572122E+03));
#799 = CARTESIAN_POINT('',(4.556897855999,1.409880938075E+03));
#800 = CARTESIAN_POINT('',(4.55898303384,1.409614763756E+03));
#801 = CARTESIAN_POINT('',(4.563167047532,1.40935267279E+03));
#802 = CARTESIAN_POINT('',(4.575131801877,1.408874085906E+03));
#803 = CARTESIAN_POINT('',(4.582445748335,1.408654879294E+03));
#804 = CARTESIAN_POINT('',(4.591540535995,1.408443503329E+03));
#805 = CARTESIAN_POINT('',(4.60248118096,1.408243691734E+03));
#806 = CARTESIAN_POINT('',(4.615314079706,1.408060074034E+03));
#807 = CARTESIAN_POINT('',(4.630057113053,1.407898305989E+03));
#808 = CARTESIAN_POINT('',(4.646679313661,1.407765324505E+03));
#809 = CARTESIAN_POINT('',(4.681024211209,1.407586975165E+03));
#810 = CARTESIAN_POINT('',(4.698075186757,1.407533689779E+03));
#811 = CARTESIAN_POINT('',(4.715730468705,1.407515977062E+03));
#812 = CARTESIAN_POINT('',(4.733444905883,1.40753628492E+03));
#813 = CARTESIAN_POINT('',(4.750660335171,1.407593729462E+03));
#814 = CARTESIAN_POINT('',(4.766849556441,1.407684190747E+03));
#815 = CARTESIAN_POINT('',(4.78157545318,1.407800302865E+03));
#816 = CARTESIAN_POINT('',(4.813070145344,1.408119018858E+03));
#817 = CARTESIAN_POINT('',(4.828679892754,1.408344394381E+03));
#818 = CARTESIAN_POINT('',(4.841418814907,1.408594907035E+03));
#819 = CARTESIAN_POINT('',(4.851418414434,1.408862266112E+03));
#820 = CARTESIAN_POINT('',(4.858805799228,1.409140498388E+03));
#821 = CARTESIAN_POINT('',(4.863684289433,1.409425156819E+03));
#822 = CARTESIAN_POINT('',(4.866118777508,1.40971274167E+03));
#823 = CARTESIAN_POINT('',(4.866118777508,1.41E+03));
#824 = ( GEOMETRIC_REPRESENTATION_CONTEXT(2) 
PARAMETRIC_REPRESENTATION_CONTEXT() REPRESENTATION_CONTEXT('2D SPACE',''
  ) );
#825 = PCURVE('',#826,#831);
#826 = CYLINDRICAL_SURFACE('',#827,2.45);
#827 = AXIS2_PLACEMENT_3D('',#828,#829,#830);
#828 = CARTESIAN_POINT('',(72.,30.,1.541E+03));
#829 = DIRECTION('',(0.,-1.,2.22044604925E-16));
#830 = DIRECTION('',(1.,0.,0.));
#831 = DEFINITIONAL_REPRESENTATION('',(#832),#884);
#832 = B_SPLINE_CURVE_WITH_KNOTS('',8,(#833,#834,#835,#836,#837,#838,
    #839,#840,#841,#842,#843,#844,#845,#846,#847,#848,#849,#850,#851,
    #852,#853,#854,#855,#856,#857,#858,#859,#860,#861,#862,#863,#864,
    #865,#866,#867,#868,#869,#870,#871,#872,#873,#874,#875,#876,#877,
    #878,#879,#880,#881,#882,#883),.UNSPECIFIED.,.F.,.F.,(9,7,7,7,7,7,7,
    9),(0.,0.154996798705,0.286611461349,0.411727325398,0.569042325256,
    0.707467381848,0.827791398181,1.),.UNSPECIFIED.);
#833 = CARTESIAN_POINT('',(0.,45.811309243703));
#834 = CARTESIAN_POINT('',(0.104367124593,45.811309243703));
#835 = CARTESIAN_POINT('',(0.208565762274,45.816034901617));
#836 = CARTESIAN_POINT('',(0.313532975099,45.825460894264));
#837 = CARTESIAN_POINT('',(0.420097446685,45.83934751852));
#838 = CARTESIAN_POINT('',(0.529075495042,45.857221606211));
#839 = CARTESIAN_POINT('',(0.641311926097,45.878241602497));
#840 = CARTESIAN_POINT('',(0.757753895084,45.901035817884));
#841 = CARTESIAN_POINT('',(0.983149892119,45.94276554469));
#842 = CARTESIAN_POINT('',(1.094730137621,45.962532264498));
#843 = CARTESIAN_POINT('',(1.211495701912,45.980877715023));
#844 = CARTESIAN_POINT('',(1.331641356694,45.995359582164));
#845 = CARTESIAN_POINT('',(1.453887736654,46.003731561428));
#846 = CARTESIAN_POINT('',(1.57713381847,46.004964047536));
#847 = CARTESIAN_POINT('',(1.700334498604,45.999408360605));
#848 = CARTESIAN_POINT('',(1.937899335419,45.977924886823));
#849 = CARTESIAN_POINT('',(2.048719922292,45.962855425731));
#850 = CARTESIAN_POINT('',(2.155338967243,45.944717344154));
#851 = CARTESIAN_POINT('',(2.258246778128,45.925100914569));
#852 = CARTESIAN_POINT('',(2.357815287256,45.90539799966));
#853 = CARTESIAN_POINT('',(2.454329523207,45.886708957929));
#854 = CARTESIAN_POINT('',(2.547985946969,45.869838133978));
#855 = CARTESIAN_POINT('',(2.753296590951,45.837024806362));
#856 = CARTESIAN_POINT('',(2.864527209802,45.822255517734));
#857 = CARTESIAN_POINT('',(2.973702601664,45.812004831847));
#858 = CARTESIAN_POINT('',(3.08169906735,45.806817701173));
#859 = CARTESIAN_POINT('',(3.189334162841,45.806912764584));
#860 = CARTESIAN_POINT('',(3.297422308935,45.81224945231));
#861 = CARTESIAN_POINT('',(3.406826412525,45.822513478562));
#862 = CARTESIAN_POINT('',(3.616921621729,45.849768619323));
#863 = CARTESIAN_POINT('',(3.717526359537,45.865861221839));
#864 = CARTESIAN_POINT('',(3.820874573745,45.884837122541));
#865 = CARTESIAN_POINT('',(3.927439959952,45.905926876273));
#866 = CARTESIAN_POINT('',(4.037751735839,45.927988624689));
#867 = CARTESIAN_POINT('',(4.152418929918,45.949415846179));
#868 = CARTESIAN_POINT('',(4.272204059739,45.968167222328));
#869 = CARTESIAN_POINT('',(4.50777572771,45.994169457008));
#870 = CARTESIAN_POINT('',(4.620367203465,46.002419571229));
#871 = CARTESIAN_POINT('',(4.734289746654,46.005360867139));
#872 = CARTESIAN_POINT('',(4.848279288332,46.002146183761));
#873 = CARTESIAN_POINT('',(4.961146791707,45.993000973908));
#874 = CARTESIAN_POINT('',(5.071609914706,45.979333150896));
#875 = CARTESIAN_POINT('',(5.178015702836,45.963059579269));
#876 = CARTESIAN_POINT('',(5.420795947643,45.921714114365));
#877 = CARTESIAN_POINT('',(5.55569102157,45.894957367384));
#878 = CARTESIAN_POINT('',(5.68461934096,45.869185001737));
#879 = CARTESIAN_POINT('',(5.808950998596,45.846802949639));
#880 = CARTESIAN_POINT('',(5.92991445514,45.829225041692));
#881 = CARTESIAN_POINT('',(6.048554938314,45.817273944387));
#882 = CARTESIAN_POINT('',(6.165937009269,45.811309243703));
#883 = CARTESIAN_POINT('',(6.28318530718,45.811309243703));
#884 = ( GEOMETRIC_REPRESENTATION_CONTEXT(2) 
PARAMETRIC_REPRESENTATION_CONTEXT() REPRESENTATION_CONTEXT('2D SPACE',''
  ) );
#885 = ADVANCED_FACE('',(#886,#889),#43,.T.);
#886 = FACE_BOUND('',#887,.T.);
#887 = EDGE_LOOP('',(#888));
#888 = ORIENTED_EDGE('',*,*,#21,.T.);
#889 = FACE_BOUND('',#890,.T.);
#890 = EDGE_LOOP('',(#891));
#891 = ORIENTED_EDGE('',*,*,#892,.F.);
#892 = EDGE_CURVE('',#893,#893,#895,.T.);
#893 = VERTEX_POINT('',#894);
#894 = CARTESIAN_POINT('',(86.,-3.429011037613E-15,1.581E+03));
#895 = SURFACE_CURVE('',#896,(#901,#908),.PCURVE_S1.);
#896 = CIRCLE('',#897,14.);
#897 = AXIS2_PLACEMENT_3D('',#898,#899,#900);
#898 = CARTESIAN_POINT('',(72.,0.,1.581E+03));
#899 = DIRECTION('',(0.,0.,1.));
#900 = DIRECTION('',(1.,0.,-0.));
#901 = PCURVE('',#43,#902);
#902 = DEFINITIONAL_REPRESENTATION('',(#903),#907);
#903 = CIRCLE('',#904,14.);
#904 = AXIS2_PLACEMENT_2D('',#905,#906);
#905 = CARTESIAN_POINT('',(0.,0.));
#906 = DIRECTION('',(1.,0.));
#907 = ( GEOMETRIC_REPRESENTATION_CONTEXT(2) 
PARAMETRIC_REPRESENTATION_CONTEXT() REPRESENTATION_CONTEXT('2D SPACE',''
  ) );
#908 = PCURVE('',#909,#914);
#909 = CYLINDRICAL_SURFACE('',#910,14.);
#910 = AXIS2_PLACEMENT_3D('',#911,#912,#913);
#911 = CARTESIAN_POINT('',(72.,0.,130.));
#912 = DIRECTION('',(0.,0.,1.));
#913 = DIRECTION('',(1.,0.,-0.));
#914 = DEFINITIONAL_REPRESENTATION('',(#915),#919);
#915 = LINE('',#916,#917);
#916 = CARTESIAN_POINT('',(0.,1.451E+03));
#917 = VECTOR('',#918,1.);
#918 = DIRECTION('',(1.,0.));
#919 = ( GEOMETRIC_REPRESENTATION_CONTEXT(2) 
PARAMETRIC_REPRESENTATION_CONTEXT() REPRESENTATION_CONTEXT('2D SPACE',''
  ) );
#920 = ADVANCED_FACE('',(#921,#924),#93,.F.);
#921 = FACE_BOUND('',#922,.F.);
#922 = EDGE_LOOP('',(#923));
#923 = ORIENTED_EDGE('',*,*,#78,.T.);
#924 = FACE_BOUND('',#925,.F.);
#925 = EDGE_LOOP('',(#926));
#926 = ORIENTED_EDGE('',*,*,#927,.F.);
#927 = EDGE_CURVE('',#928,#928,#930,.T.);
#928 = VERTEX_POINT('',#929);
#929 = CARTESIAN_POINT('',(86.,-3.429011037613E-15,131.));
#930 = SURFACE_CURVE('',#931,(#936,#943),.PCURVE_S1.);
#931 = CIRCLE('',#932,14.);
#932 = AXIS2_PLACEMENT_3D('',#933,#934,#935);
#933 = CARTESIAN_POINT('',(72.,0.,131.));
#934 = DIRECTION('',(0.,0.,1.));
#935 = DIRECTION('',(1.,0.,-0.));
#936 = PCURVE('',#93,#937);
#937 = DEFINITIONAL_REPRESENTATION('',(#938),#942);
#938 = CIRCLE('',#939,14.);
#939 = AXIS2_PLACEMENT_2D('',#940,#941);
#940 = CARTESIAN_POINT('',(0.,0.));
#941 = DIRECTION('',(1.,0.));
#942 = ( GEOMETRIC_REPRESENTATION_CONTEXT(2) 
PARAMETRIC_REPRESENTATION_CONTEXT() REPRESENTATION_CONTEXT('2D SPACE',''
  ) );
#943 = PCURVE('',#909,#944);
#944 = DEFINITIONAL_REPRESENTATION('',(#945),#949);
#945 = LINE('',#946,#947);
#946 = CARTESIAN_POINT('',(0.,1.));
#947 = VECTOR('',#948,1.);
#948 = DIRECTION('',(1.,0.));
#949 = ( GEOMETRIC_REPRESENTATION_CONTEXT(2) 
PARAMETRIC_REPRESENTATION_CONTEXT() REPRESENTATION_CONTEXT('2D SPACE',''
  ) );
#950 = ADVANCED_FACE('',(#951),#248,.F.);
#951 = FACE_BOUND('',#952,.F.);
#952 = EDGE_LOOP('',(#953,#1162,#1183,#1184));
#953 = ORIENTED_EDGE('',*,*,#954,.F.);
#954 = EDGE_CURVE('',#955,#955,#957,.T.);
#955 = VERTEX_POINT('',#956);
#956 = CARTESIAN_POINT('',(75.25,13.617543831396,191.));
#957 = SURFACE_CURVE('',#958,(#1024,#1093),.PCURVE_S1.);
#958 = B_SPLINE_CURVE_WITH_KNOTS('',8,(#959,#960,#961,#962,#963,#964,
    #965,#966,#967,#968,#969,#970,#971,#972,#973,#974,#975,#976,#977,
    #978,#979,#980,#981,#982,#983,#984,#985,#986,#987,#988,#989,#990,
    #991,#992,#993,#994,#995,#996,#997,#998,#999,#1000,#1001,#1002,#1003
    ,#1004,#1005,#1006,#1007,#1008,#1009,#1010,#1011,#1012,#1013,#1014,
    #1015,#1016,#1017,#1018,#1019,#1020,#1021,#1022,#1023),
  .UNSPECIFIED.,.T.,.F.,(9,7,7,7,7,7,7,7,7,9),(0.,9.940243688491E-02,
    0.197487049261,0.288432752528,0.393168981682,0.601495159867,
    0.706377608302,0.797450277829,0.895671822423,1.),.UNSPECIFIED.);
#959 = CARTESIAN_POINT('',(75.25,13.617543831396,191.));
#960 = CARTESIAN_POINT('',(75.25,13.617543831396,191.23564468637));
#961 = CARTESIAN_POINT('',(75.230473409111,13.622203907156,
    191.47125634139));
#962 = CARTESIAN_POINT('',(75.191430404465,13.631522497016,
    191.70496210673));
#963 = CARTESIAN_POINT('',(75.13309135311,13.645279905299,
    191.93490132447));
#964 = CARTESIAN_POINT('',(75.055883800894,13.663043511803,
    192.1592365953));
#965 = CARTESIAN_POINT('',(74.960445100722,13.684192995405,
    192.37617250863));
#966 = CARTESIAN_POINT('',(74.84763068018,13.707965571778,
    192.58398204474));
#967 = CARTESIAN_POINT('',(74.591136792068,13.758738115179,
    192.97548675515));
#968 = CARTESIAN_POINT('',(74.445003800218,13.786261442815,
    193.16386523085));
#969 = CARTESIAN_POINT('',(74.279558990999,13.815492091359,
    193.34433181501));
#970 = CARTESIAN_POINT('',(74.09431810397,13.845640396623,
    193.51472530919));
#971 = CARTESIAN_POINT('',(73.888935532183,13.875712052751,
    193.67253436891));
#972 = CARTESIAN_POINT('',(73.663281118295,13.904496012669,
    193.81484630469));
#973 = CARTESIAN_POINT('',(73.417556399116,13.930588152876,
    193.93826721696));
#974 = CARTESIAN_POINT('',(72.906669495017,13.97278706942,
    194.13202106278));
#975 = CARTESIAN_POINT('',(72.643322985487,13.989556411257,
    194.20590610444));
#976 = CARTESIAN_POINT('',(72.367210429562,14.001183892726,
    194.25533349137));
#977 = CARTESIAN_POINT('',(72.083858151489,14.006415180269,
    194.27713987039));
#978 = CARTESIAN_POINT('',(71.799208880096,14.004689363296,
    194.27005359167));
#979 = CARTESIAN_POINT('',(71.51926807977,13.996277207145,
    194.23467065645));
#980 = CARTESIAN_POINT('',(71.249742972701,13.982202570797,
    194.17347894336));
#981 = CARTESIAN_POINT('',(70.703124036533,13.942888981057,
    193.99587168467));
#982 = CARTESIAN_POINT('',(70.431877930365,13.916338627969,
    193.87274834032));
#983 = CARTESIAN_POINT('',(70.183179832834,13.886122646881,
    193.72657985947));
#984 = CARTESIAN_POINT('',(69.957529572201,13.854016328172,
    193.56163796953));
#985 = CARTESIAN_POINT('',(69.754945905284,13.821568095925,
    193.38161139655));
#986 = CARTESIAN_POINT('',(69.575123613393,13.79004812118,193.1897082821
    ));
#987 = CARTESIAN_POINT('',(69.417530809016,13.760453852561,
    192.98871672595));
#988 = CARTESIAN_POINT('',(69.010843624247,13.67995079305,
    192.36796139463));
#989 = CARTESIAN_POINT('',(68.823288579754,13.636491146813,
    191.92519716571));
#990 = CARTESIAN_POINT('',(68.712810899697,13.60865996301,191.4665171465
    ));
#991 = CARTESIAN_POINT('',(68.676211300204,13.599061384528,
    191.00028137436));
#992 = CARTESIAN_POINT('',(68.712604773131,13.608597409602,
    190.53375435829));
#993 = CARTESIAN_POINT('',(68.823228424994,13.636496684961,
    190.07446094192));
#994 = CARTESIAN_POINT('',(69.011220914201,13.680025476976,
    189.63146272109));
#995 = CARTESIAN_POINT('',(69.417530809016,13.760453852561,
    189.01128327404));
#996 = CARTESIAN_POINT('',(69.575123613393,13.79004812118,
    188.81029171789));
#997 = CARTESIAN_POINT('',(69.754945905284,13.821568095925,
    188.61838860345));
#998 = CARTESIAN_POINT('',(69.957529572201,13.854016328172,
    188.43836203046));
#999 = CARTESIAN_POINT('',(70.183179832834,13.886122646881,
    188.27342014052));
#1000 = CARTESIAN_POINT('',(70.431877930365,13.916338627969,
    188.12725165967));
#1001 = CARTESIAN_POINT('',(70.703124036533,13.942888981057,
    188.00412831532));
#1002 = CARTESIAN_POINT('',(71.249742971421,13.982202570705,
    187.82652105704));
#1003 = CARTESIAN_POINT('',(71.519268081974,13.996277207357,
    187.76532934258));
#1004 = CARTESIAN_POINT('',(71.799208880055,14.004689363105,
    187.7299464092));
#1005 = CARTESIAN_POINT('',(72.083858149491,14.006415180277,
    187.72286012956));
#1006 = CARTESIAN_POINT('',(72.367210429597,14.001183892918,
    187.74466650774));
#1007 = CARTESIAN_POINT('',(72.643322987556,13.98955641103,
    187.79409389659));
#1008 = CARTESIAN_POINT('',(72.906669493815,13.97278706952,
    187.86797893676));
#1009 = CARTESIAN_POINT('',(73.41755639924,13.930588152866,
    188.06173278307));
#1010 = CARTESIAN_POINT('',(73.66328111834,13.90449601266,
    188.18515369534));
#1011 = CARTESIAN_POINT('',(73.888935532121,13.875712052756,
    188.32746563106));
#1012 = CARTESIAN_POINT('',(74.094318103874,13.845640396639,
    188.48527469072));
#1013 = CARTESIAN_POINT('',(74.279558990956,13.815492091369,
    188.65566818491));
#1014 = CARTESIAN_POINT('',(74.445003800258,13.786261442809,
    188.83613476916));
#1015 = CARTESIAN_POINT('',(74.591136792142,13.758738115164,
    189.02451324496));
#1016 = CARTESIAN_POINT('',(74.853839271936,13.706736591249,
    189.4254945667));
#1017 = CARTESIAN_POINT('',(74.968455747966,13.682465009171,
    189.63956211951));
#1018 = CARTESIAN_POINT('',(75.063023038273,13.661414394505,
    189.85935415931));
#1019 = CARTESIAN_POINT('',(75.138093880157,13.644100638533,
    190.08341099007));
#1020 = CARTESIAN_POINT('',(75.194105596035,13.630883552761,
    190.31051878717));
#1021 = CARTESIAN_POINT('',(75.231359185507,13.621992799907,
    190.53962339089));
#1022 = CARTESIAN_POINT('',(75.25,13.617543831396,190.7697601764));
#1023 = CARTESIAN_POINT('',(75.25,13.617543831396,191.));
#1024 = PCURVE('',#248,#1025);
#1025 = DEFINITIONAL_REPRESENTATION('',(#1026),#1092);
#1026 = B_SPLINE_CURVE_WITH_KNOTS('',8,(#1027,#1028,#1029,#1030,#1031,
    #1032,#1033,#1034,#1035,#1036,#1037,#1038,#1039,#1040,#1041,#1042,
    #1043,#1044,#1045,#1046,#1047,#1048,#1049,#1050,#1051,#1052,#1053,
    #1054,#1055,#1056,#1057,#1058,#1059,#1060,#1061,#1062,#1063,#1064,
    #1065,#1066,#1067,#1068,#1069,#1070,#1071,#1072,#1073,#1074,#1075,
    #1076,#1077,#1078,#1079,#1080,#1081,#1082,#1083,#1084,#1085,#1086,
    #1087,#1088,#1089,#1090,#1091),.UNSPECIFIED.,.F.,.F.,(9,7,7,7,7,7,7,
    7,7,9),(0.,9.940243688491E-02,0.197487049261,0.288432752528,
    0.393168981682,0.601495159867,0.706377608302,0.797450277829,
    0.895671822423,1.),.UNSPECIFIED.);
#1027 = CARTESIAN_POINT('',(0.,16.382456168604));
#1028 = CARTESIAN_POINT('',(7.250605734622E-02,16.382456168604));
#1029 = CARTESIAN_POINT('',(0.145001855223,16.377796092844));
#1030 = CARTESIAN_POINT('',(0.217492407598,16.368477502984));
#1031 = CARTESIAN_POINT('',(0.289984596714,16.354720094701));
#1032 = CARTESIAN_POINT('',(0.362484010766,16.336956488197));
#1033 = CARTESIAN_POINT('',(0.434991448403,16.315807004595));
#1034 = CARTESIAN_POINT('',(0.507499090051,16.292034428222));
#1035 = CARTESIAN_POINT('',(0.651512584785,16.241261884821));
#1036 = CARTESIAN_POINT('',(0.724637321435,16.213738557185));
#1037 = CARTESIAN_POINT('',(0.799540100426,16.184507908641));
#1038 = CARTESIAN_POINT('',(0.876407385195,16.154359603377));
#1039 = CARTESIAN_POINT('',(0.955449979482,16.124287947249));
#1040 = CARTESIAN_POINT('',(1.036908909273,16.095503987331));
#1041 = CARTESIAN_POINT('',(1.121069684143,16.069411847124));
#1042 = CARTESIAN_POINT('',(1.289190796179,16.02721293058));
#1043 = CARTESIAN_POINT('',(1.373016447088,16.010443588743));
#1044 = CARTESIAN_POINT('',(1.458652426786,15.998816107274));
#1045 = CARTESIAN_POINT('',(1.545217663449,15.993584819731));
#1046 = CARTESIAN_POINT('',(1.631943860046,15.995310636704));
#1047 = CARTESIAN_POINT('',(1.718074087565,16.003722792855));
#1048 = CARTESIAN_POINT('',(1.802764179821,16.017797429203));
#1049 = CARTESIAN_POINT('',(1.979610075954,16.057111018943));
#1050 = CARTESIAN_POINT('',(2.07069254396,16.083661372031));
#1051 = CARTESIAN_POINT('',(2.158659406133,16.113877353119));
#1052 = CARTESIAN_POINT('',(2.243843764724,16.145983671828));
#1053 = CARTESIAN_POINT('',(2.326517606524,16.178431904075));
#1054 = CARTESIAN_POINT('',(2.406910158805,16.20995187882));
#1055 = CARTESIAN_POINT('',(2.485213475171,16.239546147439));
#1056 = CARTESIAN_POINT('',(2.713555924861,16.32004920695));
#1057 = CARTESIAN_POINT('',(2.859139302125,16.363508853187));
#1058 = CARTESIAN_POINT('',(3.001158569394,16.39134003699));
#1059 = CARTESIAN_POINT('',(3.141511973753,16.400938615472));
#1060 = CARTESIAN_POINT('',(3.281944554166,16.391402590398));
#1061 = CARTESIAN_POINT('',(3.424123770424,16.363503315039));
#1062 = CARTESIAN_POINT('',(3.569841219119,16.319974523024));
#1063 = CARTESIAN_POINT('',(3.797971832009,16.239546147439));
#1064 = CARTESIAN_POINT('',(3.876275148374,16.20995187882));
#1065 = CARTESIAN_POINT('',(3.956667700655,16.178431904075));
#1066 = CARTESIAN_POINT('',(4.039341542456,16.145983671828));
#1067 = CARTESIAN_POINT('',(4.124525901047,16.113877353119));
#1068 = CARTESIAN_POINT('',(4.21249276322,16.083661372031));
#1069 = CARTESIAN_POINT('',(4.303575231225,16.057111018943));
#1070 = CARTESIAN_POINT('',(4.480421126945,16.017797429295));
#1071 = CARTESIAN_POINT('',(4.565111220319,16.003722792643));
#1072 = CARTESIAN_POINT('',(4.651241447128,15.995310636895));
#1073 = CARTESIAN_POINT('',(4.737967643088,15.993584819723));
#1074 = CARTESIAN_POINT('',(4.824532880401,15.998816107082));
#1075 = CARTESIAN_POINT('',(4.910168860767,16.01044358897));
#1076 = CARTESIAN_POINT('',(4.993994510605,16.02721293048));
#1077 = CARTESIAN_POINT('',(5.162115623077,16.069411847134));
#1078 = CARTESIAN_POINT('',(5.246276397924,16.09550398734));
#1079 = CARTESIAN_POINT('',(5.32773532768,16.124287947244));
#1080 = CARTESIAN_POINT('',(5.406777921948,16.154359603361));
#1081 = CARTESIAN_POINT('',(5.483645206729,16.184507908631));
#1082 = CARTESIAN_POINT('',(5.558547985757,16.213738557191));
#1083 = CARTESIAN_POINT('',(5.631672722436,16.241261884836));
#1084 = CARTESIAN_POINT('',(5.779172152029,16.293263408751));
#1085 = CARTESIAN_POINT('',(5.853594828646,16.317534990829));
#1086 = CARTESIAN_POINT('',(5.926776896315,16.338585605495));
#1087 = CARTESIAN_POINT('',(5.998992840703,16.355899361467));
#1088 = CARTESIAN_POINT('',(6.070495988097,16.369116447239));
#1089 = CARTESIAN_POINT('',(6.141530667499,16.378007200093));
#1090 = CARTESIAN_POINT('',(6.212342284535,16.382456168604));
#1091 = CARTESIAN_POINT('',(6.28318530718,16.382456168604));
#1092 = ( GEOMETRIC_REPRESENTATION_CONTEXT(2) 
PARAMETRIC_REPRESENTATION_CONTEXT() REPRESENTATION_CONTEXT('2D SPACE',''
  ) );
#1093 = PCURVE('',#909,#1094);
#1094 = DEFINITIONAL_REPRESENTATION('',(#1095),#1161);
#1095 = B_SPLINE_CURVE_WITH_KNOTS('',8,(#1096,#1097,#1098,#1099,#1100,
    #1101,#1102,#1103,#1104,#1105,#1106,#1107,#1108,#1109,#1110,#1111,
    #1112,#1113,#1114,#1115,#1116,#1117,#1118,#1119,#1120,#1121,#1122,
    #1123,#1124,#1125,#1126,#1127,#1128,#1129,#1130,#1131,#1132,#1133,
    #1134,#1135,#1136,#1137,#1138,#1139,#1140,#1141,#1142,#1143,#1144,
    #1145,#1146,#1147,#1148,#1149,#1150,#1151,#1152,#1153,#1154,#1155,
    #1156,#1157,#1158,#1159,#1160),.UNSPECIFIED.,.T.,.F.,(9,7,7,7,7,7,7,
    7,7,9),(0.,9.940243688491E-02,0.197487049261,0.288432752528,
    0.393168981682,0.601495159867,0.706377608302,0.797450277829,
    0.895671822423,1.),.UNSPECIFIED.);
#1096 = CARTESIAN_POINT('',(1.336516180551,61.));
#1097 = CARTESIAN_POINT('',(1.336516180551,61.235644686375));
#1098 = CARTESIAN_POINT('',(1.337950095629,61.471256341396));
#1099 = CARTESIAN_POINT('',(1.340817240546,61.704962106733));
#1100 = CARTESIAN_POINT('',(1.345098587444,61.934901324476));
#1101 = CARTESIAN_POINT('',(1.350757278998,62.159236595302));
#1102 = CARTESIAN_POINT('',(1.357739216408,62.376172508632));
#1103 = CARTESIAN_POINT('',(1.365973722209,62.583982044749));
#1104 = CARTESIAN_POINT('',(1.384650206086,62.97548675515));
#1105 = CARTESIAN_POINT('',(1.395271350006,63.163865230857));
#1106 = CARTESIAN_POINT('',(1.407270531565,63.344331815017));
#1107 = CARTESIAN_POINT('',(1.420673486064,63.514725309199));
#1108 = CARTESIAN_POINT('',(1.435495764394,63.672534368915));
#1109 = CARTESIAN_POINT('',(1.451738946758,63.814846304698));
#1110 = CARTESIAN_POINT('',(1.469384558579,63.938267216968));
#1111 = CARTESIAN_POINT('',(1.506000754487,64.132021062783));
#1112 = CARTESIAN_POINT('',(1.524845976885,64.205906104448));
#1113 = CARTESIAN_POINT('',(1.544578082651,64.255333491374));
#1114 = CARTESIAN_POINT('',(1.564809420105,64.277139870399));
#1115 = CARTESIAN_POINT('',(1.585130065803,64.270053591674));
#1116 = CARTESIAN_POINT('',(1.605126597153,64.234670656455));
#1117 = CARTESIAN_POINT('',(1.624400911805,64.173478943368));
#1118 = CARTESIAN_POINT('',(1.663545972986,63.995871684673));
#1119 = CARTESIAN_POINT('',(1.683006816767,63.872748340324));
#1120 = CARTESIAN_POINT('',(1.700894069046,63.726579859476));
#1121 = CARTESIAN_POINT('',(1.717168546168,63.561637969538));
#1122 = CARTESIAN_POINT('',(1.731819867248,63.38161139655));
#1123 = CARTESIAN_POINT('',(1.744858472016,63.189708282103));
#1124 = CARTESIAN_POINT('',(1.756311320138,62.988716725958));
#1125 = CARTESIAN_POINT('',(1.785924059471,62.367961394638));
#1126 = CARTESIAN_POINT('',(1.799668646781,61.925197165712));
#1127 = CARTESIAN_POINT('',(1.807807330121,61.466517146507));
#1128 = CARTESIAN_POINT('',(1.810510511294,61.00028137437));
#1129 = CARTESIAN_POINT('',(1.807822656595,60.533754358291));
#1130 = CARTESIAN_POINT('',(1.799672772143,60.074460941924));
#1131 = CARTESIAN_POINT('',(1.785896587278,59.631462721098));
#1132 = CARTESIAN_POINT('',(1.756311320138,59.011283274042));
#1133 = CARTESIAN_POINT('',(1.744858472016,58.810291717897));
#1134 = CARTESIAN_POINT('',(1.731819867248,58.61838860345));
#1135 = CARTESIAN_POINT('',(1.717168546168,58.438362030462));
#1136 = CARTESIAN_POINT('',(1.700894069046,58.273420140524));
#1137 = CARTESIAN_POINT('',(1.683006816767,58.127251659677));
#1138 = CARTESIAN_POINT('',(1.663545972986,58.004128315327));
#1139 = CARTESIAN_POINT('',(1.624400911897,57.826521057048));
#1140 = CARTESIAN_POINT('',(1.605126596996,57.765329342584));
#1141 = CARTESIAN_POINT('',(1.585130065806,57.729946409202));
#1142 = CARTESIAN_POINT('',(1.564809420248,57.722860129563));
#1143 = CARTESIAN_POINT('',(1.544578082649,57.744666507747));
#1144 = CARTESIAN_POINT('',(1.524845976737,57.794093896591));
#1145 = CARTESIAN_POINT('',(1.506000754573,57.867978936762));
#1146 = CARTESIAN_POINT('',(1.46938455857,58.061732783079));
#1147 = CARTESIAN_POINT('',(1.451738946755,58.185153695347));
#1148 = CARTESIAN_POINT('',(1.435495764399,58.327465631067));
#1149 = CARTESIAN_POINT('',(1.420673486071,58.485274690723));
#1150 = CARTESIAN_POINT('',(1.407270531568,58.655668184914));
#1151 = CARTESIAN_POINT('',(1.395271350003,58.836134769164));
#1152 = CARTESIAN_POINT('',(1.384650206081,59.024513244963));
#1153 = CARTESIAN_POINT('',(1.365521646471,59.425494566703));
#1154 = CARTESIAN_POINT('',(1.357153931714,59.639562119517));
#1155 = CARTESIAN_POINT('',(1.350234285054,59.859354159313));
#1156 = CARTESIAN_POINT('',(1.344731464897,60.083410990075));
#1157 = CARTESIAN_POINT('',(1.340620757866,60.31051878717));
#1158 = CARTESIAN_POINT('',(1.337885068944,60.539623390896));
#1159 = CARTESIAN_POINT('',(1.336516180551,60.769760176406));
#1160 = CARTESIAN_POINT('',(1.336516180551,61.));
#1161 = ( GEOMETRIC_REPRESENTATION_CONTEXT(2) 
PARAMETRIC_REPRESENTATION_CONTEXT() REPRESENTATION_CONTEXT('2D SPACE',''
  ) );
#1162 = ORIENTED_EDGE('',*,*,#1163,.F.);
#1163 = EDGE_CURVE('',#109,#955,#1164,.T.);
#1164 = SEAM_CURVE('',#1165,(#1169,#1176),.PCURVE_S1.);
#1165 = LINE('',#1166,#1167);
#1166 = CARTESIAN_POINT('',(75.25,30.,191.));
#1167 = VECTOR('',#1168,1.);
#1168 = DIRECTION('',(0.,-1.,2.22044604925E-16));
#1169 = PCURVE('',#248,#1170);
#1170 = DEFINITIONAL_REPRESENTATION('',(#1171),#1175);
#1171 = LINE('',#1172,#1173);
#1172 = CARTESIAN_POINT('',(6.28318530718,-0.));
#1173 = VECTOR('',#1174,1.);
#1174 = DIRECTION('',(0.,1.));
#1175 = ( GEOMETRIC_REPRESENTATION_CONTEXT(2) 
PARAMETRIC_REPRESENTATION_CONTEXT() REPRESENTATION_CONTEXT('2D SPACE',''
  ) );
#1176 = PCURVE('',#248,#1177);
#1177 = DEFINITIONAL_REPRESENTATION('',(#1178),#1182);
#1178 = LINE('',#1179,#1180);
#1179 = CARTESIAN_POINT('',(0.,-0.));
#1180 = VECTOR('',#1181,1.);
#1181 = DIRECTION('',(0.,1.));
#1182 = ( GEOMETRIC_REPRESENTATION_CONTEXT(2) 
PARAMETRIC_REPRESENTATION_CONTEXT() REPRESENTATION_CONTEXT('2D SPACE',''
  ) );
#1183 = ORIENTED_EDGE('',*,*,#108,.T.);
#1184 = ORIENTED_EDGE('',*,*,#1163,.T.);
#1185 = ADVANCED_FACE('',(#1186),#464,.F.);
#1186 = FACE_BOUND('',#1187,.F.);
#1187 = EDGE_LOOP('',(#1188,#1189,#1212,#1419));
#1188 = ORIENTED_EDGE('',*,*,#324,.F.);
#1189 = ORIENTED_EDGE('',*,*,#1190,.F.);
#1190 = EDGE_CURVE('',#1191,#325,#1193,.T.);
#1191 = VERTEX_POINT('',#1192);
#1192 = CARTESIAN_POINT('',(75.25,-13.61754383139,191.));
#1193 = SEAM_CURVE('',#1194,(#1198,#1205),.PCURVE_S1.);
#1194 = LINE('',#1195,#1196);
#1195 = CARTESIAN_POINT('',(75.25,30.,191.));
#1196 = VECTOR('',#1197,1.);
#1197 = DIRECTION('',(0.,-1.,2.22044604925E-16));
#1198 = PCURVE('',#464,#1199);
#1199 = DEFINITIONAL_REPRESENTATION('',(#1200),#1204);
#1200 = LINE('',#1201,#1202);
#1201 = CARTESIAN_POINT('',(6.28318530718,-0.));
#1202 = VECTOR('',#1203,1.);
#1203 = DIRECTION('',(0.,1.));
#1204 = ( GEOMETRIC_REPRESENTATION_CONTEXT(2) 
PARAMETRIC_REPRESENTATION_CONTEXT() REPRESENTATION_CONTEXT('2D SPACE',''
  ) );
#1205 = PCURVE('',#464,#1206);
#1206 = DEFINITIONAL_REPRESENTATION('',(#1207),#1211);
#1207 = LINE('',#1208,#1209);
#1208 = CARTESIAN_POINT('',(0.,-0.));
#1209 = VECTOR('',#1210,1.);
#1210 = DIRECTION('',(0.,1.));
#1211 = ( GEOMETRIC_REPRESENTATION_CONTEXT(2) 
PARAMETRIC_REPRESENTATION_CONTEXT() REPRESENTATION_CONTEXT('2D SPACE',''
  ) );
#1212 = ORIENTED_EDGE('',*,*,#1213,.T.);
#1213 = EDGE_CURVE('',#1191,#1191,#1214,.T.);
#1214 = SURFACE_CURVE('',#1215,(#1281,#1350),.PCURVE_S1.);
#1215 = B_SPLINE_CURVE_WITH_KNOTS('',8,(#1216,#1217,#1218,#1219,#1220,
    #1221,#1222,#1223,#1224,#1225,#1226,#1227,#1228,#1229,#1230,#1231,
    #1232,#1233,#1234,#1235,#1236,#1237,#1238,#1239,#1240,#1241,#1242,
    #1243,#1244,#1245,#1246,#1247,#1248,#1249,#1250,#1251,#1252,#1253,
    #1254,#1255,#1256,#1257,#1258,#1259,#1260,#1261,#1262,#1263,#1264,
    #1265,#1266,#1267,#1268,#1269,#1270,#1271,#1272,#1273,#1274,#1275,
    #1276,#1277,#1278,#1279,#1280),.UNSPECIFIED.,.T.,.F.,(9,7,7,7,7,7,7,
    7,7,9),(0.,9.940243606813E-02,0.197487047678,0.288432750708,
    0.393168980118,0.601495158811,0.706377607541,0.797450277353,
    0.895671822207,1.),.UNSPECIFIED.);
#1216 = CARTESIAN_POINT('',(75.25,-13.61754383139,191.));
#1217 = CARTESIAN_POINT('',(75.25,-13.61754383139,191.23564468637));
#1218 = CARTESIAN_POINT('',(75.230473409111,-13.62220390715,
    191.47125634139));
#1219 = CARTESIAN_POINT('',(75.191430404465,-13.63152249701,
    191.70496210673));
#1220 = CARTESIAN_POINT('',(75.13309135311,-13.64527990529,
    191.93490132447));
#1221 = CARTESIAN_POINT('',(75.055883800894,-13.6630435118,
    192.1592365953));
#1222 = CARTESIAN_POINT('',(74.960445100722,-13.6841929954,
    192.37617250863));
#1223 = CARTESIAN_POINT('',(74.84763068018,-13.70796557177,
    192.58398204474));
#1224 = CARTESIAN_POINT('',(74.591136792016,-13.75873811518,
    192.97548675522));
#1225 = CARTESIAN_POINT('',(74.445003800189,-13.78626144282,
    193.16386523087));
#1226 = CARTESIAN_POINT('',(74.27955899103,-13.81549209135,
    193.34433181496));
#1227 = CARTESIAN_POINT('',(74.094318104036,-13.84564039661,
    193.51472530914));
#1228 = CARTESIAN_POINT('',(73.888935532225,-13.87571205274,
    193.6725343689));
#1229 = CARTESIAN_POINT('',(73.663281118264,-13.90449601267,
    193.81484630472));
#1230 = CARTESIAN_POINT('',(73.417556399031,-13.93058815288,
    193.938267217));
#1231 = CARTESIAN_POINT('',(72.906669493815,-13.97278706952,
    194.13202106323));
#1232 = CARTESIAN_POINT('',(72.643322987556,-13.98955641103,
    194.2059061034));
#1233 = CARTESIAN_POINT('',(72.367210429597,-14.00118389291,
    194.25533349225));
#1234 = CARTESIAN_POINT('',(72.083858149491,-14.00641518027,
    194.27713987043));
#1235 = CARTESIAN_POINT('',(71.799208880055,-14.0046893631,
    194.27005359079));
#1236 = CARTESIAN_POINT('',(71.519268081975,-13.99627720735,
    194.23467065741));
#1237 = CARTESIAN_POINT('',(71.249742971421,-13.9822025707,
    194.17347894295));
#1238 = CARTESIAN_POINT('',(70.703124036533,-13.94288898105,
    193.99587168467));
#1239 = CARTESIAN_POINT('',(70.431877930365,-13.91633862796,
    193.87274834032));
#1240 = CARTESIAN_POINT('',(70.183179832834,-13.88612264688,
    193.72657985947));
#1241 = CARTESIAN_POINT('',(69.957529572201,-13.85401632817,
    193.56163796953));
#1242 = CARTESIAN_POINT('',(69.754945905284,-13.82156809592,
    193.38161139655));
#1243 = CARTESIAN_POINT('',(69.575123613393,-13.79004812118,
    193.1897082821));
#1244 = CARTESIAN_POINT('',(69.417530809016,-13.76045385256,
    192.98871672595));
#1245 = CARTESIAN_POINT('',(69.010843624247,-13.67995079305,
    192.36796139463));
#1246 = CARTESIAN_POINT('',(68.823288579754,-13.63649114681,
    191.92519716571));
#1247 = CARTESIAN_POINT('',(68.712810899696,-13.60865996301,
    191.4665171465));
#1248 = CARTESIAN_POINT('',(68.676211300205,-13.59906138452,
    191.00028137437));
#1249 = CARTESIAN_POINT('',(68.712604773131,-13.6085974096,
    190.53375435829));
#1250 = CARTESIAN_POINT('',(68.823228424994,-13.63649668496,
    190.07446094192));
#1251 = CARTESIAN_POINT('',(69.011220914201,-13.68002547697,
    189.63146272109));
#1252 = CARTESIAN_POINT('',(69.417530809068,-13.76045385257,
    189.01128327396));
#1253 = CARTESIAN_POINT('',(69.575123613422,-13.79004812118,
    188.81029171788));
#1254 = CARTESIAN_POINT('',(69.754945905253,-13.82156809591,
    188.61838860349));
#1255 = CARTESIAN_POINT('',(69.957529572133,-13.85401632816,
    188.43836203051));
#1256 = CARTESIAN_POINT('',(70.183179832791,-13.88612264687,
    188.27342014053));
#1257 = CARTESIAN_POINT('',(70.431877930397,-13.91633862797,
    188.12725165964));
#1258 = CARTESIAN_POINT('',(70.703124036621,-13.94288898106,
    188.00412831529));
#1259 = CARTESIAN_POINT('',(71.249742971421,-13.9822025707,
    187.82652105704));
#1260 = CARTESIAN_POINT('',(71.519268081975,-13.99627720735,
    187.76532934258));
#1261 = CARTESIAN_POINT('',(71.799208880055,-14.0046893631,
    187.7299464092));
#1262 = CARTESIAN_POINT('',(72.083858149491,-14.00641518027,
    187.72286012956));
#1263 = CARTESIAN_POINT('',(72.367210429598,-14.00118389291,
    187.74466650774));
#1264 = CARTESIAN_POINT('',(72.643322987556,-13.98955641103,
    187.79409389659));
#1265 = CARTESIAN_POINT('',(72.906669493815,-13.97278706952,
    187.86797893676));
#1266 = CARTESIAN_POINT('',(73.417556399116,-13.93058815287,
    188.06173278303));
#1267 = CARTESIAN_POINT('',(73.663281118295,-13.90449601266,
    188.1851536953));
#1268 = CARTESIAN_POINT('',(73.888935532183,-13.87571205275,
    188.32746563108));
#1269 = CARTESIAN_POINT('',(74.09431810397,-13.84564039662,
    188.4852746908));
#1270 = CARTESIAN_POINT('',(74.279558990999,-13.81549209135,
    188.65566818498));
#1271 = CARTESIAN_POINT('',(74.445003800217,-13.78626144281,
    188.83613476914));
#1272 = CARTESIAN_POINT('',(74.591136792068,-13.75873811517,
    189.02451324485));
#1273 = CARTESIAN_POINT('',(74.853839271936,-13.70673659124,
    189.4254945667));
#1274 = CARTESIAN_POINT('',(74.968455747966,-13.68246500917,
    189.63956211951));
#1275 = CARTESIAN_POINT('',(75.063023038274,-13.6614143945,
    189.85935415931));
#1276 = CARTESIAN_POINT('',(75.138093880157,-13.64410063853,
    190.08341099007));
#1277 = CARTESIAN_POINT('',(75.194105596035,-13.63088355276,
    190.31051878716));
#1278 = CARTESIAN_POINT('',(75.231359185507,-13.6219927999,
    190.53962339089));
#1279 = CARTESIAN_POINT('',(75.25,-13.61754383139,190.7697601764));
#1280 = CARTESIAN_POINT('',(75.25,-13.61754383139,191.));
#1281 = PCURVE('',#464,#1282);
#1282 = DEFINITIONAL_REPRESENTATION('',(#1283),#1349);
#1283 = B_SPLINE_CURVE_WITH_KNOTS('',8,(#1284,#1285,#1286,#1287,#1288,
    #1289,#1290,#1291,#1292,#1293,#1294,#1295,#1296,#1297,#1298,#1299,
    #1300,#1301,#1302,#1303,#1304,#1305,#1306,#1307,#1308,#1309,#1310,
    #1311,#1312,#1313,#1314,#1315,#1316,#1317,#1318,#1319,#1320,#1321,
    #1322,#1323,#1324,#1325,#1326,#1327,#1328,#1329,#1330,#1331,#1332,
    #1333,#1334,#1335,#1336,#1337,#1338,#1339,#1340,#1341,#1342,#1343,
    #1344,#1345,#1346,#1347,#1348),.UNSPECIFIED.,.F.,.F.,(9,7,7,7,7,7,7,
    7,7,9),(0.,9.940243606813E-02,0.197487047678,0.288432750708,
    0.393168980118,0.601495158811,0.706377607541,0.797450277353,
    0.895671822207,1.),.UNSPECIFIED.);
#1284 = CARTESIAN_POINT('',(0.,43.617543831396));
#1285 = CARTESIAN_POINT('',(7.250605734624E-02,43.617543831396));
#1286 = CARTESIAN_POINT('',(0.145001855223,43.622203907156));
#1287 = CARTESIAN_POINT('',(0.217492407598,43.631522497016));
#1288 = CARTESIAN_POINT('',(0.289984596714,43.645279905299));
#1289 = CARTESIAN_POINT('',(0.362484010766,43.663043511803));
#1290 = CARTESIAN_POINT('',(0.434991448404,43.684192995405));
#1291 = CARTESIAN_POINT('',(0.507499090051,43.707965571778));
#1292 = CARTESIAN_POINT('',(0.651512584814,43.758738115189));
#1293 = CARTESIAN_POINT('',(0.724637321443,43.78626144282));
#1294 = CARTESIAN_POINT('',(0.799540100409,43.815492091352));
#1295 = CARTESIAN_POINT('',(0.876407385169,43.845640396613));
#1296 = CARTESIAN_POINT('',(0.955449979469,43.875712052748));
#1297 = CARTESIAN_POINT('',(1.036908909285,43.904496012675));
#1298 = CARTESIAN_POINT('',(1.121069684171,43.930588152883));
#1299 = CARTESIAN_POINT('',(1.289190796575,43.97278706952));
#1300 = CARTESIAN_POINT('',(1.373016446412,43.98955641103));
#1301 = CARTESIAN_POINT('',(1.458652426779,44.001183892918));
#1302 = CARTESIAN_POINT('',(1.545217664092,44.006415180277));
#1303 = CARTESIAN_POINT('',(1.631943860052,44.004689363104));
#1304 = CARTESIAN_POINT('',(1.718074086861,43.996277207357));
#1305 = CARTESIAN_POINT('',(1.802764180235,43.982202570705));
#1306 = CARTESIAN_POINT('',(1.979610075954,43.942888981057));
#1307 = CARTESIAN_POINT('',(2.07069254396,43.916338627969));
#1308 = CARTESIAN_POINT('',(2.158659406133,43.886122646881));
#1309 = CARTESIAN_POINT('',(2.243843764724,43.854016328172));
#1310 = CARTESIAN_POINT('',(2.326517606524,43.821568095925));
#1311 = CARTESIAN_POINT('',(2.406910158805,43.79004812118));
#1312 = CARTESIAN_POINT('',(2.485213475171,43.760453852561));
#1313 = CARTESIAN_POINT('',(2.713555924861,43.67995079305));
#1314 = CARTESIAN_POINT('',(2.859139302125,43.636491146813));
#1315 = CARTESIAN_POINT('',(3.001158569396,43.60865996301));
#1316 = CARTESIAN_POINT('',(3.14151197375,43.599061384528));
#1317 = CARTESIAN_POINT('',(3.281944554168,43.608597409602));
#1318 = CARTESIAN_POINT('',(3.424123770424,43.636496684961));
#1319 = CARTESIAN_POINT('',(3.569841219119,43.680025476976));
#1320 = CARTESIAN_POINT('',(3.797971832038,43.760453852571));
#1321 = CARTESIAN_POINT('',(3.876275148382,43.790048121185));
#1322 = CARTESIAN_POINT('',(3.956667700638,43.821568095918));
#1323 = CARTESIAN_POINT('',(4.03934154243,43.854016328161));
#1324 = CARTESIAN_POINT('',(4.124525901034,43.886122646877));
#1325 = CARTESIAN_POINT('',(4.212492763232,43.916338627975));
#1326 = CARTESIAN_POINT('',(4.303575231254,43.942888981063));
#1327 = CARTESIAN_POINT('',(4.480421126945,43.982202570705));
#1328 = CARTESIAN_POINT('',(4.565111220319,43.996277207357));
#1329 = CARTESIAN_POINT('',(4.651241447128,44.004689363104));
#1330 = CARTESIAN_POINT('',(4.737967643087,44.006415180277));
#1331 = CARTESIAN_POINT('',(4.824532880401,44.001183892918));
#1332 = CARTESIAN_POINT('',(4.910168860767,43.98955641103));
#1333 = CARTESIAN_POINT('',(4.993994510605,43.97278706952));
#1334 = CARTESIAN_POINT('',(5.162115623037,43.930588152876));
#1335 = CARTESIAN_POINT('',(5.246276397906,43.904496012669));
#1336 = CARTESIAN_POINT('',(5.327735327698,43.875712052751));
#1337 = CARTESIAN_POINT('',(5.406777921985,43.845640396623));
#1338 = CARTESIAN_POINT('',(5.483645206754,43.815492091359));
#1339 = CARTESIAN_POINT('',(5.558547985745,43.786261442815));
#1340 = CARTESIAN_POINT('',(5.631672722394,43.758738115179));
#1341 = CARTESIAN_POINT('',(5.779172152028,43.706736591249));
#1342 = CARTESIAN_POINT('',(5.853594828646,43.682465009171));
#1343 = CARTESIAN_POINT('',(5.926776896315,43.661414394505));
#1344 = CARTESIAN_POINT('',(5.998992840703,43.644100638533));
#1345 = CARTESIAN_POINT('',(6.070495988097,43.630883552761));
#1346 = CARTESIAN_POINT('',(6.141530667499,43.621992799907));
#1347 = CARTESIAN_POINT('',(6.212342284535,43.617543831396));
#1348 = CARTESIAN_POINT('',(6.28318530718,43.617543831396));
#1349 = ( GEOMETRIC_REPRESENTATION_CONTEXT(2) 
PARAMETRIC_REPRESENTATION_CONTEXT() REPRESENTATION_CONTEXT('2D SPACE',''
  ) );
#1350 = PCURVE('',#909,#1351);
#1351 = DEFINITIONAL_REPRESENTATION('',(#1352),#1418);
#1352 = B_SPLINE_CURVE_WITH_KNOTS('',8,(#1353,#1354,#1355,#1356,#1357,
    #1358,#1359,#1360,#1361,#1362,#1363,#1364,#1365,#1366,#1367,#1368,
    #1369,#1370,#1371,#1372,#1373,#1374,#1375,#1376,#1377,#1378,#1379,
    #1380,#1381,#1382,#1383,#1384,#1385,#1386,#1387,#1388,#1389,#1390,
    #1391,#1392,#1393,#1394,#1395,#1396,#1397,#1398,#1399,#1400,#1401,
    #1402,#1403,#1404,#1405,#1406,#1407,#1408,#1409,#1410,#1411,#1412,
    #1413,#1414,#1415,#1416,#1417),.UNSPECIFIED.,.T.,.F.,(9,7,7,7,7,7,7,
    7,7,9),(0.,9.940243606813E-02,0.197487047678,0.288432750708,
    0.393168980118,0.601495158811,0.706377607541,0.797450277353,
    0.895671822207,1.),.UNSPECIFIED.);
#1353 = CARTESIAN_POINT('',(4.946669126628,61.));
#1354 = CARTESIAN_POINT('',(4.946669126628,61.235644686375));
#1355 = CARTESIAN_POINT('',(4.945235211551,61.471256341396));
#1356 = CARTESIAN_POINT('',(4.942368066633,61.704962106733));
#1357 = CARTESIAN_POINT('',(4.938086719735,61.934901324476));
#1358 = CARTESIAN_POINT('',(4.932428028181,62.159236595302));
#1359 = CARTESIAN_POINT('',(4.925446090772,62.376172508632));
#1360 = CARTESIAN_POINT('',(4.91721158497,62.583982044749));
#1361 = CARTESIAN_POINT('',(4.898535101089,62.975486755229));
#1362 = CARTESIAN_POINT('',(4.887913957171,63.163865230872));
#1363 = CARTESIAN_POINT('',(4.875914775617,63.344331814968));
#1364 = CARTESIAN_POINT('',(4.86251182112,63.514725309145));
#1365 = CARTESIAN_POINT('',(4.847689542788,63.672534368903));
#1366 = CARTESIAN_POINT('',(4.831446360419,63.814846304729));
#1367 = CARTESIAN_POINT('',(4.813800748594,63.938267217));
#1368 = CARTESIAN_POINT('',(4.777184552607,64.132021063239));
#1369 = CARTESIAN_POINT('',(4.758339330443,64.205906103409));
#1370 = CARTESIAN_POINT('',(4.738607224531,64.255333492253));
#1371 = CARTESIAN_POINT('',(4.718375886932,64.277139870437));
#1372 = CARTESIAN_POINT('',(4.698055241374,64.270053590798));
#1373 = CARTESIAN_POINT('',(4.678058710184,64.234670657416));
#1374 = CARTESIAN_POINT('',(4.658784395283,64.173478942952));
#1375 = CARTESIAN_POINT('',(4.619639334193,63.995871684673));
#1376 = CARTESIAN_POINT('',(4.600178490412,63.872748340324));
#1377 = CARTESIAN_POINT('',(4.582291238133,63.726579859475));
#1378 = CARTESIAN_POINT('',(4.566016761012,63.561637969538));
#1379 = CARTESIAN_POINT('',(4.551365439931,63.381611396551));
#1380 = CARTESIAN_POINT('',(4.538326835163,63.189708282103));
#1381 = CARTESIAN_POINT('',(4.526873987042,62.988716725958));
#1382 = CARTESIAN_POINT('',(4.497261247708,62.367961394638));
#1383 = CARTESIAN_POINT('',(4.483516660399,61.925197165712));
#1384 = CARTESIAN_POINT('',(4.475377977058,61.466517146505));
#1385 = CARTESIAN_POINT('',(4.472674795885,61.000281374373));
#1386 = CARTESIAN_POINT('',(4.475362650585,60.533754358289));
#1387 = CARTESIAN_POINT('',(4.483512535036,60.074460941924));
#1388 = CARTESIAN_POINT('',(4.497288719902,59.631462721098));
#1389 = CARTESIAN_POINT('',(4.526873987046,59.011283273962));
#1390 = CARTESIAN_POINT('',(4.538326835165,58.810291717883));
#1391 = CARTESIAN_POINT('',(4.551365439929,58.618388603499));
#1392 = CARTESIAN_POINT('',(4.566016761007,58.438362030514));
#1393 = CARTESIAN_POINT('',(4.58229123813,58.273420140534));
#1394 = CARTESIAN_POINT('',(4.600178490415,58.127251659645));
#1395 = CARTESIAN_POINT('',(4.6196393342,58.004128315298));
#1396 = CARTESIAN_POINT('',(4.658784395283,57.826521057048));
#1397 = CARTESIAN_POINT('',(4.678058710184,57.765329342584));
#1398 = CARTESIAN_POINT('',(4.698055241374,57.729946409202));
#1399 = CARTESIAN_POINT('',(4.718375886932,57.722860129563));
#1400 = CARTESIAN_POINT('',(4.738607224531,57.744666507747));
#1401 = CARTESIAN_POINT('',(4.758339330443,57.794093896591));
#1402 = CARTESIAN_POINT('',(4.777184552607,57.867978936762));
#1403 = CARTESIAN_POINT('',(4.813800748601,58.061732783032));
#1404 = CARTESIAN_POINT('',(4.831446360421,58.185153695302));
#1405 = CARTESIAN_POINT('',(4.847689542785,58.327465631085));
#1406 = CARTESIAN_POINT('',(4.862511821115,58.485274690801));
#1407 = CARTESIAN_POINT('',(4.875914775614,58.655668184984));
#1408 = CARTESIAN_POINT('',(4.887913957174,58.836134769143));
#1409 = CARTESIAN_POINT('',(4.898535101093,59.02451324485));
#1410 = CARTESIAN_POINT('',(4.917663660708,59.425494566702));
#1411 = CARTESIAN_POINT('',(4.926031375466,59.639562119517));
#1412 = CARTESIAN_POINT('',(4.932951022126,59.859354159314));
#1413 = CARTESIAN_POINT('',(4.938453842282,60.083410990075));
#1414 = CARTESIAN_POINT('',(4.942564549314,60.310518787169));
#1415 = CARTESIAN_POINT('',(4.945300238236,60.539623390896));
#1416 = CARTESIAN_POINT('',(4.946669126628,60.769760176406));
#1417 = CARTESIAN_POINT('',(4.946669126628,61.));
#1418 = ( GEOMETRIC_REPRESENTATION_CONTEXT(2) 
PARAMETRIC_REPRESENTATION_CONTEXT() REPRESENTATION_CONTEXT('2D SPACE',''
  ) );
#1419 = ORIENTED_EDGE('',*,*,#1190,.T.);
#1420 = ADVANCED_FACE('',(#1421),#652,.F.);
#1421 = FACE_BOUND('',#1422,.F.);
#1422 = EDGE_LOOP('',(#1423,#1590,#1611,#1612));
#1423 = ORIENTED_EDGE('',*,*,#1424,.F.);
#1424 = EDGE_CURVE('',#1425,#1425,#1427,.T.);
#1425 = VERTEX_POINT('',#1426);
#1426 = CARTESIAN_POINT('',(74.45,13.783958067261,1.541E+03));
#1427 = SURFACE_CURVE('',#1428,(#1480,#1535),.PCURVE_S1.);
#1428 = B_SPLINE_CURVE_WITH_KNOTS('',8,(#1429,#1430,#1431,#1432,#1433,
    #1434,#1435,#1436,#1437,#1438,#1439,#1440,#1441,#1442,#1443,#1444,
    #1445,#1446,#1447,#1448,#1449,#1450,#1451,#1452,#1453,#1454,#1455,
    #1456,#1457,#1458,#1459,#1460,#1461,#1462,#1463,#1464,#1465,#1466,
    #1467,#1468,#1469,#1470,#1471,#1472,#1473,#1474,#1475,#1476,#1477,
    #1478,#1479),.UNSPECIFIED.,.T.,.F.,(9,7,7,7,7,7,7,9),(0.,
    0.155082550822,0.286759630276,0.422887598356,0.579330982496,
    0.707064863348,0.827723369195,1.),.UNSPECIFIED.);
#1429 = CARTESIAN_POINT('',(74.45,13.783958067261,1.541E+03));
#1430 = CARTESIAN_POINT('',(74.45,13.783958067261,1.541255870613E+03));
#1431 = CARTESIAN_POINT('',(74.419459829496,13.789386056777,
    1.541511312449E+03));
#1432 = CARTESIAN_POINT('',(74.358560866011,13.800211584358,
    1.541764340511E+03));
#1433 = CARTESIAN_POINT('',(74.266669799479,13.816152009982,
    1.542012789086E+03));
#1434 = CARTESIAN_POINT('',(74.142608796177,13.836651119722,
    1.542253857228E+03));
#1435 = CARTESIAN_POINT('',(73.984816903474,13.860731382857,
    1.542483812308E+03));
#1436 = CARTESIAN_POINT('',(73.791602772372,13.8868169857,
    1.542697556045E+03));
#1437 = CARTESIAN_POINT('',(73.36647400988,13.934537586732,
    1.543049253143E+03));
#1438 = CARTESIAN_POINT('',(73.136810647697,13.957147380175,
    1.54320038786E+03));
#1439 = CARTESIAN_POINT('',(72.876139904402,13.97812963535,
    1.543327599107E+03));
#1440 = CARTESIAN_POINT('',(72.59084738207,13.994686406356,
    1.543420815355E+03));
#1441 = CARTESIAN_POINT('',(72.28969433835,14.004259508995,
    1.543473385816E+03));
#1442 = CARTESIAN_POINT('',(71.982622689574,14.005676584887,
    1.543482090867E+03));
#1443 = CARTESIAN_POINT('',(71.679841703521,13.999330504516,
    1.543447265206E+03));
#1444 = CARTESIAN_POINT('',(71.09180474375,13.973714436004,
    1.543296282976E+03));
#1445 = CARTESIAN_POINT('',(70.818278502672,13.954484335248,
    1.543180188782E+03));
#1446 = CARTESIAN_POINT('',(70.573023118459,13.931320981835,
    1.54303318153E+03));
#1447 = CARTESIAN_POINT('',(70.357190488522,13.906546293379,
    1.542862173926E+03));
#1448 = CARTESIAN_POINT('',(70.17095994403,13.882113279502,
    1.542673026743E+03));
#1449 = CARTESIAN_POINT('',(70.013879233472,13.859492094069,
    1.542470749828E+03));
#1450 = CARTESIAN_POINT('',(69.885018107132,13.839707028141,
    1.542259589601E+03));
#1451 = CARTESIAN_POINT('',(69.666130320494,13.804604441638,
    1.541794429376E+03));
#1452 = CARTESIAN_POINT('',(69.58305065265,13.790119465492,
    1.541535091003E+03));
#1453 = CARTESIAN_POINT('',(69.533409896775,13.781008578009,
    1.541269137245E+03));
#1454 = CARTESIAN_POINT('',(69.516897279647,13.777902754727,1.541E+03));
#1455 = CARTESIAN_POINT('',(69.533409896775,13.781008578009,
    1.540730862755E+03));
#1456 = CARTESIAN_POINT('',(69.583050652651,13.790119465492,
    1.540464908997E+03));
#1457 = CARTESIAN_POINT('',(69.666130320493,13.804604441638,
    1.540205570624E+03));
#1458 = CARTESIAN_POINT('',(69.878738055583,13.838699909123,
    1.539753756188E+03));
#1459 = CARTESIAN_POINT('',(69.997876706563,13.857031227084,
    1.53955576262E+03));
#1460 = CARTESIAN_POINT('',(70.141526633315,13.877854946004,
    1.539365551393E+03));
#1461 = CARTESIAN_POINT('',(70.310498618811,13.900365179749,
    1.539186373502E+03));
#1462 = CARTESIAN_POINT('',(70.505358478824,13.923430671742,
    1.539022109208E+03));
#1463 = CARTESIAN_POINT('',(70.726264326363,13.945546548493,
    1.538877374898E+03));
#1464 = CARTESIAN_POINT('',(70.972682949944,13.964879363108,
    1.538757713094E+03));
#1465 = CARTESIAN_POINT('',(71.498165578685,13.993338042187,
    1.538586973438E+03));
#1466 = CARTESIAN_POINT('',(71.770947296098,14.002768864001,
    1.538533673001E+03));
#1467 = CARTESIAN_POINT('',(72.053578196001,14.00612809889,
    1.538515962675E+03));
#1468 = CARTESIAN_POINT('',(72.337193413444,14.002450534331,
    1.538536294721E+03));
#1469 = CARTESIAN_POINT('',(72.612648728064,13.99199467119,
    1.538593780601E+03));
#1470 = CARTESIAN_POINT('',(72.871379908283,13.976363834874,
    1.538684289996E+03));
#1471 = CARTESIAN_POINT('',(73.106383999057,13.957753753068,
    1.538800416459E+03));
#1472 = CARTESIAN_POINT('',(73.607462355485,13.910559851059,
    1.539118410454E+03));
#1473 = CARTESIAN_POINT('',(73.856127622875,13.879955666213,
    1.539343517345E+03));
#1474 = CARTESIAN_POINT('',(74.058857725822,13.850364969929,
    1.539594328931E+03));
#1475 = CARTESIAN_POINT('',(74.217503897468,13.824659863487,
    1.539862115551E+03));
#1476 = CARTESIAN_POINT('',(74.334320407275,13.804518350732,
    1.540140488605E+03));
#1477 = CARTESIAN_POINT('',(74.4113752226,13.790823533901,
    1.540424908152E+03));
#1478 = CARTESIAN_POINT('',(74.45,13.783958067261,1.540712247184E+03));
#1479 = CARTESIAN_POINT('',(74.45,13.783958067261,1.541E+03));
#1480 = PCURVE('',#652,#1481);
#1481 = DEFINITIONAL_REPRESENTATION('',(#1482),#1534);
#1482 = B_SPLINE_CURVE_WITH_KNOTS('',8,(#1483,#1484,#1485,#1486,#1487,
    #1488,#1489,#1490,#1491,#1492,#1493,#1494,#1495,#1496,#1497,#1498,
    #1499,#1500,#1501,#1502,#1503,#1504,#1505,#1506,#1507,#1508,#1509,
    #1510,#1511,#1512,#1513,#1514,#1515,#1516,#1517,#1518,#1519,#1520,
    #1521,#1522,#1523,#1524,#1525,#1526,#1527,#1528,#1529,#1530,#1531,
    #1532,#1533),.UNSPECIFIED.,.F.,.F.,(9,7,7,7,7,7,7,9),(0.,
    0.155082550822,0.286759630276,0.422887598356,0.579330982496,
    0.707064863348,0.827723369195,1.),.UNSPECIFIED.);
#1483 = CARTESIAN_POINT('',(0.,16.216041932739));
#1484 = CARTESIAN_POINT('',(0.104436984869,16.216041932739));
#1485 = CARTESIAN_POINT('',(0.208698529493,16.210613943223));
#1486 = CARTESIAN_POINT('',(0.313712630033,16.199788415642));
#1487 = CARTESIAN_POINT('',(0.420301127649,16.183847990018));
#1488 = CARTESIAN_POINT('',(0.529275500279,16.163348880278));
#1489 = CARTESIAN_POINT('',(0.641477785264,16.139268617143));
#1490 = CARTESIAN_POINT('',(0.757853814403,16.1131830143));
#1491 = CARTESIAN_POINT('',(0.983056879374,16.065462413268));
#1492 = CARTESIAN_POINT('',(1.094606328657,16.042852619825));
#1493 = CARTESIAN_POINT('',(1.211366438356,16.02187036465));
#1494 = CARTESIAN_POINT('',(1.331517508143,16.005313593644));
#1495 = CARTESIAN_POINT('',(1.453777499894,15.995740491005));
#1496 = CARTESIAN_POINT('',(1.57704606266,15.994323415113));
#1497 = CARTESIAN_POINT('',(1.700282852109,16.000669495484));
#1498 = CARTESIAN_POINT('',(1.948083036185,16.026285563996));
#1499 = CARTESIAN_POINT('',(2.068004164659,16.045515664752));
#1500 = CARTESIAN_POINT('',(2.182926314887,16.068679018165));
#1501 = CARTESIAN_POINT('',(2.293531294088,16.093453706621));
#1502 = CARTESIAN_POINT('',(2.400336333494,16.117886720498));
#1503 = CARTESIAN_POINT('',(2.503760132548,16.140507905931));
#1504 = CARTESIAN_POINT('',(2.604138966284,16.160292971859));
#1505 = CARTESIAN_POINT('',(2.813970575053,16.195395558362));
#1506 = CARTESIAN_POINT('',(2.924186835679,16.209880534508));
#1507 = CARTESIAN_POINT('',(3.033187424448,16.218991421991));
#1508 = CARTESIAN_POINT('',(3.14159265359,16.222097245273));
#1509 = CARTESIAN_POINT('',(3.249997882732,16.218991421991));
#1510 = CARTESIAN_POINT('',(3.3589984715,16.209880534508));
#1511 = CARTESIAN_POINT('',(3.469214732125,16.195395558362));
#1512 = CARTESIAN_POINT('',(3.673026117749,16.161300090877));
#1513 = CARTESIAN_POINT('',(3.766852812522,16.142968772916));
#1514 = CARTESIAN_POINT('',(3.863239202035,16.122145053996));
#1515 = CARTESIAN_POINT('',(3.962527906461,16.099634820251));
#1516 = CARTESIAN_POINT('',(4.065125575723,16.076569328258));
#1517 = CARTESIAN_POINT('',(4.171507832841,16.054453451507));
#1518 = CARTESIAN_POINT('',(4.282257545769,16.035120636892));
#1519 = CARTESIAN_POINT('',(4.507778008469,16.006661957813));
#1520 = CARTESIAN_POINT('',(4.620391145013,15.997231135999));
#1521 = CARTESIAN_POINT('',(4.734340262205,15.99387190111));
#1522 = CARTESIAN_POINT('',(4.848356192483,15.997549465669));
#1523 = CARTESIAN_POINT('',(4.961244811389,16.008005328809));
#1524 = CARTESIAN_POINT('',(5.071716635945,16.023636165126));
#1525 = CARTESIAN_POINT('',(5.178102232686,16.042246246932));
#1526 = CARTESIAN_POINT('',(5.420332498862,16.089440148941));
#1527 = CARTESIAN_POINT('',(5.555260810787,16.120044333787));
#1528 = CARTESIAN_POINT('',(5.684382712432,16.149635030071));
#1529 = CARTESIAN_POINT('',(5.80889233696,16.175340136513));
#1530 = CARTESIAN_POINT('',(5.929897443583,16.195481649268));
#1531 = CARTESIAN_POINT('',(6.048453526589,16.209176466099));
#1532 = CARTESIAN_POINT('',(6.165735178389,16.216041932739));
#1533 = CARTESIAN_POINT('',(6.28318530718,16.216041932739));
#1534 = ( GEOMETRIC_REPRESENTATION_CONTEXT(2) 
PARAMETRIC_REPRESENTATION_CONTEXT() REPRESENTATION_CONTEXT('2D SPACE',''
  ) );
#1535 = PCURVE('',#909,#1536);
#1536 = DEFINITIONAL_REPRESENTATION('',(#1537),#1589);
#1537 = B_SPLINE_CURVE_WITH_KNOTS('',8,(#1538,#1539,#1540,#1541,#1542,
    #1543,#1544,#1545,#1546,#1547,#1548,#1549,#1550,#1551,#1552,#1553,
    #1554,#1555,#1556,#1557,#1558,#1559,#1560,#1561,#1562,#1563,#1564,
    #1565,#1566,#1567,#1568,#1569,#1570,#1571,#1572,#1573,#1574,#1575,
    #1576,#1577,#1578,#1579,#1580,#1581,#1582,#1583,#1584,#1585,#1586,
    #1587,#1588),.UNSPECIFIED.,.T.,.F.,(9,7,7,7,7,7,7,9),(0.,
    0.155082550822,0.286759630276,0.422887598356,0.579330982496,
    0.707064863348,0.827723369195,1.),.UNSPECIFIED.);
#1538 = CARTESIAN_POINT('',(1.394890558631,1.411E+03));
#1539 = CARTESIAN_POINT('',(1.394890558631,1.411255870613E+03));
#1540 = CARTESIAN_POINT('',(1.39710618641,1.411511312449E+03));
#1541 = CARTESIAN_POINT('',(1.401524306672,1.411764340511E+03));
#1542 = CARTESIAN_POINT('',(1.408185910882,1.412012789086E+03));
#1543 = CARTESIAN_POINT('',(1.417166939586,1.412253857228E+03));
#1544 = CARTESIAN_POINT('',(1.428566199538,1.412483812308E+03));
#1545 = CARTESIAN_POINT('',(1.442488919047,1.412697556045E+03));
#1546 = CARTESIAN_POINT('',(1.473045968441,1.413049253143E+03));
#1547 = CARTESIAN_POINT('',(1.489528254742,1.41320038786E+03));
#1548 = CARTESIAN_POINT('',(1.508202823768,1.413327599107E+03));
#1549 = CARTESIAN_POINT('',(1.528604292553,1.413420815355E+03));
#1550 = CARTESIAN_POINT('',(1.550110473001,1.413473385816E+03));
#1551 = CARTESIAN_POINT('',(1.572032501468,1.413482090867E+03));
#1552 = CARTESIAN_POINT('',(1.593658940607,1.413447265206E+03));
#1553 = CARTESIAN_POINT('',(1.635701414819,1.413296282976E+03));
#1554 = CARTESIAN_POINT('',(1.655280251727,1.413180188782E+03));
#1555 = CARTESIAN_POINT('',(1.672868860576,1.41303318153E+03));
#1556 = CARTESIAN_POINT('',(1.688381850891,1.412862173926E+03));
#1557 = CARTESIAN_POINT('',(1.701795873474,1.412673026743E+03));
#1558 = CARTESIAN_POINT('',(1.713130749368,1.412470749828E+03));
#1559 = CARTESIAN_POINT('',(1.722442789103,1.412259589601E+03));
#1560 = CARTESIAN_POINT('',(1.738277402236,1.411794429376E+03));
#1561 = CARTESIAN_POINT('',(1.744300629002,1.411535091003E+03));
#1562 = CARTESIAN_POINT('',(1.747905626728,1.411269137245E+03));
#1563 = CARTESIAN_POINT('',(1.749105896135,1.411E+03));
#1564 = CARTESIAN_POINT('',(1.747905626728,1.410730862755E+03));
#1565 = CARTESIAN_POINT('',(1.744300629002,1.410464908997E+03));
#1566 = CARTESIAN_POINT('',(1.738277402236,1.410205570624E+03));
#1567 = CARTESIAN_POINT('',(1.722897095798,1.409753756188E+03));
#1568 = CARTESIAN_POINT('',(1.714287208728,1.40955576262E+03));
#1569 = CARTESIAN_POINT('',(1.703919970755,1.409365551393E+03));
#1570 = CARTESIAN_POINT('',(1.691745587652,1.409186373502E+03));
#1571 = CARTESIAN_POINT('',(1.677733419317,1.409022109208E+03));
#1572 = CARTESIAN_POINT('',(1.661881034,1.408877374898E+03));
#1573 = CARTESIAN_POINT('',(1.644230794114,1.408757713094E+03));
#1574 = CARTESIAN_POINT('',(1.606641316542,1.408586973438E+03));
#1575 = CARTESIAN_POINT('',(1.587149001123,1.408533673001E+03));
#1576 = CARTESIAN_POINT('',(1.566968305355,1.408515962675E+03));
#1577 = CARTESIAN_POINT('',(1.546721031015,1.408536294721E+03));
#1578 = CARTESIAN_POINT('',(1.527041926903,1.408593780601E+03));
#1579 = CARTESIAN_POINT('',(1.508532863215,1.408684289996E+03));
#1580 = CARTESIAN_POINT('',(1.491696179172,1.408800416459E+03));
#1581 = CARTESIAN_POINT('',(1.45574647056,1.409118410454E+03));
#1582 = CARTESIAN_POINT('',(1.437857950716,1.409343517345E+03));
#1583 = CARTESIAN_POINT('',(1.423228395503,1.409594328931E+03));
#1584 = CARTESIAN_POINT('',(1.411749844283,1.409862115551E+03));
#1585 = CARTESIAN_POINT('',(1.403282913878,1.410140488605E+03));
#1586 = CARTESIAN_POINT('',(1.39769270861,1.410424908152E+03));
#1587 = CARTESIAN_POINT('',(1.394890558631,1.410712247184E+03));
#1588 = CARTESIAN_POINT('',(1.394890558631,1.411E+03));
#1589 = ( GEOMETRIC_REPRESENTATION_CONTEXT(2) 
PARAMETRIC_REPRESENTATION_CONTEXT() REPRESENTATION_CONTEXT('2D SPACE',''
  ) );
#1590 = ORIENTED_EDGE('',*,*,#1591,.F.);
#1591 = EDGE_CURVE('',#541,#1425,#1592,.T.);
#1592 = SEAM_CURVE('',#1593,(#1597,#1604),.PCURVE_S1.);
#1593 = LINE('',#1594,#1595);
#1594 = CARTESIAN_POINT('',(74.45,30.,1.541E+03));
#1595 = VECTOR('',#1596,1.);
#1596 = DIRECTION('',(0.,-1.,2.22044604925E-16));
#1597 = PCURVE('',#652,#1598);
#1598 = DEFINITIONAL_REPRESENTATION('',(#1599),#1603);
#1599 = LINE('',#1600,#1601);
#1600 = CARTESIAN_POINT('',(6.28318530718,-0.));
#1601 = VECTOR('',#1602,1.);
#1602 = DIRECTION('',(0.,1.));
#1603 = ( GEOMETRIC_REPRESENTATION_CONTEXT(2) 
PARAMETRIC_REPRESENTATION_CONTEXT() REPRESENTATION_CONTEXT('2D SPACE',''
  ) );
#1604 = PCURVE('',#652,#1605);
#1605 = DEFINITIONAL_REPRESENTATION('',(#1606),#1610);
#1606 = LINE('',#1607,#1608);
#1607 = CARTESIAN_POINT('',(0.,-0.));
#1608 = VECTOR('',#1609,1.);
#1609 = DIRECTION('',(0.,1.));
#1610 = ( GEOMETRIC_REPRESENTATION_CONTEXT(2) 
PARAMETRIC_REPRESENTATION_CONTEXT() REPRESENTATION_CONTEXT('2D SPACE',''
  ) );
#1611 = ORIENTED_EDGE('',*,*,#540,.T.);
#1612 = ORIENTED_EDGE('',*,*,#1591,.T.);
#1613 = ADVANCED_FACE('',(#1614),#826,.F.);
#1614 = FACE_BOUND('',#1615,.F.);
#1615 = EDGE_LOOP('',(#1616,#1617,#1640,#1805));
#1616 = ORIENTED_EDGE('',*,*,#714,.F.);
#1617 = ORIENTED_EDGE('',*,*,#1618,.F.);
#1618 = EDGE_CURVE('',#1619,#715,#1621,.T.);
#1619 = VERTEX_POINT('',#1620);
#1620 = CARTESIAN_POINT('',(74.45,-13.78395806726,1.541E+03));
#1621 = SEAM_CURVE('',#1622,(#1626,#1633),.PCURVE_S1.);
#1622 = LINE('',#1623,#1624);
#1623 = CARTESIAN_POINT('',(74.45,30.,1.541E+03));
#1624 = VECTOR('',#1625,1.);
#1625 = DIRECTION('',(0.,-1.,2.22044604925E-16));
#1626 = PCURVE('',#826,#1627);
#1627 = DEFINITIONAL_REPRESENTATION('',(#1628),#1632);
#1628 = LINE('',#1629,#1630);
#1629 = CARTESIAN_POINT('',(6.28318530718,-0.));
#1630 = VECTOR('',#1631,1.);
#1631 = DIRECTION('',(0.,1.));
#1632 = ( GEOMETRIC_REPRESENTATION_CONTEXT(2) 
PARAMETRIC_REPRESENTATION_CONTEXT() REPRESENTATION_CONTEXT('2D SPACE',''
  ) );
#1633 = PCURVE('',#826,#1634);
#1634 = DEFINITIONAL_REPRESENTATION('',(#1635),#1639);
#1635 = LINE('',#1636,#1637);
#1636 = CARTESIAN_POINT('',(0.,-0.));
#1637 = VECTOR('',#1638,1.);
#1638 = DIRECTION('',(0.,1.));
#1639 = ( GEOMETRIC_REPRESENTATION_CONTEXT(2) 
PARAMETRIC_REPRESENTATION_CONTEXT() REPRESENTATION_CONTEXT('2D SPACE',''
  ) );
#1640 = ORIENTED_EDGE('',*,*,#1641,.T.);
#1641 = EDGE_CURVE('',#1619,#1619,#1642,.T.);
#1642 = SURFACE_CURVE('',#1643,(#1695,#1750),.PCURVE_S1.);
#1643 = B_SPLINE_CURVE_WITH_KNOTS('',8,(#1644,#1645,#1646,#1647,#1648,
    #1649,#1650,#1651,#1652,#1653,#1654,#1655,#1656,#1657,#1658,#1659,
    #1660,#1661,#1662,#1663,#1664,#1665,#1666,#1667,#1668,#1669,#1670,
    #1671,#1672,#1673,#1674,#1675,#1676,#1677,#1678,#1679,#1680,#1681,
    #1682,#1683,#1684,#1685,#1686,#1687,#1688,#1689,#1690,#1691,#1692,
    #1693,#1694),.UNSPECIFIED.,.T.,.F.,(9,7,7,7,7,7,7,9),(0.,
    0.155082550821,0.286759630276,0.422887598357,0.579330982495,
    0.707064863349,0.827723369195,1.),.UNSPECIFIED.);
#1644 = CARTESIAN_POINT('',(74.45,-13.78395806726,1.541E+03));
#1645 = CARTESIAN_POINT('',(74.45,-13.78395806726,1.541255870613E+03));
#1646 = CARTESIAN_POINT('',(74.419459829496,-13.78938605677,
    1.541511312449E+03));
#1647 = CARTESIAN_POINT('',(74.358560866011,-13.80021158435,
    1.541764340511E+03));
#1648 = CARTESIAN_POINT('',(74.266669799479,-13.81615200998,
    1.542012789086E+03));
#1649 = CARTESIAN_POINT('',(74.142608796177,-13.83665111972,
    1.542253857228E+03));
#1650 = CARTESIAN_POINT('',(73.984816903473,-13.86073138285,
    1.542483812308E+03));
#1651 = CARTESIAN_POINT('',(73.791602772372,-13.8868169857,
    1.542697556045E+03));
#1652 = CARTESIAN_POINT('',(73.366474009879,-13.93453758673,
    1.543049253143E+03));
#1653 = CARTESIAN_POINT('',(73.136810647699,-13.95714738017,
    1.54320038786E+03));
#1654 = CARTESIAN_POINT('',(72.876139904398,-13.97812963535,
    1.543327599107E+03));
#1655 = CARTESIAN_POINT('',(72.590847382075,-13.99468640635,
    1.543420815355E+03));
#1656 = CARTESIAN_POINT('',(72.289694338346,-14.00425950899,
    1.543473385816E+03));
#1657 = CARTESIAN_POINT('',(71.982622689575,-14.00567658488,
    1.543482090867E+03));
#1658 = CARTESIAN_POINT('',(71.67984170352,-13.99933050451,
    1.543447265206E+03));
#1659 = CARTESIAN_POINT('',(71.09180474375,-13.973714436,
    1.543296282976E+03));
#1660 = CARTESIAN_POINT('',(70.818278502673,-13.95448433524,
    1.543180188782E+03));
#1661 = CARTESIAN_POINT('',(70.573023118459,-13.93132098183,
    1.54303318153E+03));
#1662 = CARTESIAN_POINT('',(70.357190488521,-13.90654629337,
    1.542862173926E+03));
#1663 = CARTESIAN_POINT('',(70.17095994403,-13.8821132795,
    1.542673026743E+03));
#1664 = CARTESIAN_POINT('',(70.013879233472,-13.85949209406,
    1.542470749828E+03));
#1665 = CARTESIAN_POINT('',(69.885018107132,-13.83970702814,
    1.542259589601E+03));
#1666 = CARTESIAN_POINT('',(69.666130320495,-13.80460444163,
    1.541794429376E+03));
#1667 = CARTESIAN_POINT('',(69.583050652651,-13.79011946549,
    1.541535091003E+03));
#1668 = CARTESIAN_POINT('',(69.533409896774,-13.781008578,
    1.541269137245E+03));
#1669 = CARTESIAN_POINT('',(69.516897279647,-13.77790275472,1.541E+03));
#1670 = CARTESIAN_POINT('',(69.533409896776,-13.781008578,
    1.540730862755E+03));
#1671 = CARTESIAN_POINT('',(69.58305065265,-13.79011946549,
    1.540464908997E+03));
#1672 = CARTESIAN_POINT('',(69.666130320494,-13.80460444163,
    1.540205570624E+03));
#1673 = CARTESIAN_POINT('',(69.878738055583,-13.83869990912,
    1.539753756188E+03));
#1674 = CARTESIAN_POINT('',(69.997876706563,-13.85703122708,
    1.53955576262E+03));
#1675 = CARTESIAN_POINT('',(70.141526633314,-13.877854946,
    1.539365551393E+03));
#1676 = CARTESIAN_POINT('',(70.310498618811,-13.90036517974,
    1.539186373502E+03));
#1677 = CARTESIAN_POINT('',(70.505358478824,-13.92343067174,
    1.539022109208E+03));
#1678 = CARTESIAN_POINT('',(70.726264326362,-13.94554654849,
    1.538877374898E+03));
#1679 = CARTESIAN_POINT('',(70.972682949944,-13.9648793631,
    1.538757713094E+03));
#1680 = CARTESIAN_POINT('',(71.498165578685,-13.99333804218,
    1.538586973438E+03));
#1681 = CARTESIAN_POINT('',(71.770947296099,-14.002768864,
    1.538533673001E+03));
#1682 = CARTESIAN_POINT('',(72.053578195999,-14.00612809889,
    1.538515962675E+03));
#1683 = CARTESIAN_POINT('',(72.337193413446,-14.00245053433,
    1.538536294721E+03));
#1684 = CARTESIAN_POINT('',(72.612648728063,-13.99199467119,
    1.538593780601E+03));
#1685 = CARTESIAN_POINT('',(72.871379908284,-13.97636383487,
    1.538684289996E+03));
#1686 = CARTESIAN_POINT('',(73.106383999057,-13.95775375306,
    1.538800416459E+03));
#1687 = CARTESIAN_POINT('',(73.607462355483,-13.91055985105,
    1.539118410454E+03));
#1688 = CARTESIAN_POINT('',(73.856127622878,-13.87995566621,
    1.539343517345E+03));
#1689 = CARTESIAN_POINT('',(74.058857725814,-13.85036496992,
    1.539594328931E+03));
#1690 = CARTESIAN_POINT('',(74.217503897476,-13.82465986348,
    1.539862115551E+03));
#1691 = CARTESIAN_POINT('',(74.334320407271,-13.80451835073,
    1.540140488605E+03));
#1692 = CARTESIAN_POINT('',(74.411375222601,-13.7908235339,
    1.540424908152E+03));
#1693 = CARTESIAN_POINT('',(74.45,-13.78395806726,1.540712247184E+03));
#1694 = CARTESIAN_POINT('',(74.45,-13.78395806726,1.541E+03));
#1695 = PCURVE('',#826,#1696);
#1696 = DEFINITIONAL_REPRESENTATION('',(#1697),#1749);
#1697 = B_SPLINE_CURVE_WITH_KNOTS('',8,(#1698,#1699,#1700,#1701,#1702,
    #1703,#1704,#1705,#1706,#1707,#1708,#1709,#1710,#1711,#1712,#1713,
    #1714,#1715,#1716,#1717,#1718,#1719,#1720,#1721,#1722,#1723,#1724,
    #1725,#1726,#1727,#1728,#1729,#1730,#1731,#1732,#1733,#1734,#1735,
    #1736,#1737,#1738,#1739,#1740,#1741,#1742,#1743,#1744,#1745,#1746,
    #1747,#1748),.UNSPECIFIED.,.F.,.F.,(9,7,7,7,7,7,7,9),(0.,
    0.155082550821,0.286759630276,0.422887598357,0.579330982495,
    0.707064863349,0.827723369195,1.),.UNSPECIFIED.);
#1698 = CARTESIAN_POINT('',(0.,43.783958067261));
#1699 = CARTESIAN_POINT('',(0.104436984869,43.783958067261));
#1700 = CARTESIAN_POINT('',(0.208698529493,43.789386056777));
#1701 = CARTESIAN_POINT('',(0.313712630033,43.800211584358));
#1702 = CARTESIAN_POINT('',(0.420301127649,43.816152009982));
#1703 = CARTESIAN_POINT('',(0.529275500279,43.836651119722));
#1704 = CARTESIAN_POINT('',(0.641477785264,43.860731382857));
#1705 = CARTESIAN_POINT('',(0.757853814402,43.8868169857));
#1706 = CARTESIAN_POINT('',(0.983056879375,43.934537586732));
#1707 = CARTESIAN_POINT('',(1.094606328656,43.957147380175));
#1708 = CARTESIAN_POINT('',(1.211366438358,43.97812963535));
#1709 = CARTESIAN_POINT('',(1.331517508141,43.994686406356));
#1710 = CARTESIAN_POINT('',(1.453777499895,44.004259508995));
#1711 = CARTESIAN_POINT('',(1.57704606266,44.005676584887));
#1712 = CARTESIAN_POINT('',(1.700282852109,43.999330504516));
#1713 = CARTESIAN_POINT('',(1.948083036185,43.973714436004));
#1714 = CARTESIAN_POINT('',(2.068004164659,43.954484335248));
#1715 = CARTESIAN_POINT('',(2.182926314887,43.931320981835));
#1716 = CARTESIAN_POINT('',(2.293531294088,43.906546293379));
#1717 = CARTESIAN_POINT('',(2.400336333494,43.882113279502));
#1718 = CARTESIAN_POINT('',(2.503760132548,43.859492094069));
#1719 = CARTESIAN_POINT('',(2.604138966284,43.839707028141));
#1720 = CARTESIAN_POINT('',(2.813970575052,43.804604441638));
#1721 = CARTESIAN_POINT('',(2.924186835678,43.790119465492));
#1722 = CARTESIAN_POINT('',(3.033187424447,43.781008578008));
#1723 = CARTESIAN_POINT('',(3.141592653591,43.777902754727));
#1724 = CARTESIAN_POINT('',(3.249997882733,43.781008578009));
#1725 = CARTESIAN_POINT('',(3.3589984715,43.790119465492));
#1726 = CARTESIAN_POINT('',(3.469214732126,43.804604441638));
#1727 = CARTESIAN_POINT('',(3.673026117749,43.838699909123));
#1728 = CARTESIAN_POINT('',(3.766852812522,43.857031227084));
#1729 = CARTESIAN_POINT('',(3.863239202035,43.877854946004));
#1730 = CARTESIAN_POINT('',(3.962527906461,43.900365179749));
#1731 = CARTESIAN_POINT('',(4.065125575723,43.923430671742));
#1732 = CARTESIAN_POINT('',(4.171507832841,43.945546548493));
#1733 = CARTESIAN_POINT('',(4.282257545769,43.964879363108));
#1734 = CARTESIAN_POINT('',(4.507778008469,43.993338042187));
#1735 = CARTESIAN_POINT('',(4.620391145014,44.002768864001));
#1736 = CARTESIAN_POINT('',(4.734340262202,44.00612809889));
#1737 = CARTESIAN_POINT('',(4.848356192486,44.002450534331));
#1738 = CARTESIAN_POINT('',(4.961244811386,43.99199467119));
#1739 = CARTESIAN_POINT('',(5.071716635946,43.976363834874));
#1740 = CARTESIAN_POINT('',(5.178102232686,43.957753753068));
#1741 = CARTESIAN_POINT('',(5.420332498861,43.910559851059));
#1742 = CARTESIAN_POINT('',(5.555260810789,43.879955666213));
#1743 = CARTESIAN_POINT('',(5.684382712426,43.850364969929));
#1744 = CARTESIAN_POINT('',(5.808892336968,43.824659863486));
#1745 = CARTESIAN_POINT('',(5.929897443577,43.804518350732));
#1746 = CARTESIAN_POINT('',(6.048453526592,43.790823533901));
#1747 = CARTESIAN_POINT('',(6.165735178389,43.783958067261));
#1748 = CARTESIAN_POINT('',(6.28318530718,43.783958067261));
#1749 = ( GEOMETRIC_REPRESENTATION_CONTEXT(2) 
PARAMETRIC_REPRESENTATION_CONTEXT() REPRESENTATION_CONTEXT('2D SPACE',''
  ) );
#1750 = PCURVE('',#909,#1751);
#1751 = DEFINITIONAL_REPRESENTATION('',(#1752),#1804);
#1752 = B_SPLINE_CURVE_WITH_KNOTS('',8,(#1753,#1754,#1755,#1756,#1757,
    #1758,#1759,#1760,#1761,#1762,#1763,#1764,#1765,#1766,#1767,#1768,
    #1769,#1770,#1771,#1772,#1773,#1774,#1775,#1776,#1777,#1778,#1779,
    #1780,#1781,#1782,#1783,#1784,#1785,#1786,#1787,#1788,#1789,#1790,
    #1791,#1792,#1793,#1794,#1795,#1796,#1797,#1798,#1799,#1800,#1801,
    #1802,#1803),.UNSPECIFIED.,.T.,.F.,(9,7,7,7,7,7,7,9),(0.,
    0.155082550821,0.286759630276,0.422887598357,0.579330982495,
    0.707064863349,0.827723369195,1.),.UNSPECIFIED.);
#1753 = CARTESIAN_POINT('',(4.888294748548,1.411E+03));
#1754 = CARTESIAN_POINT('',(4.888294748548,1.411255870613E+03));
#1755 = CARTESIAN_POINT('',(4.88607912077,1.411511312449E+03));
#1756 = CARTESIAN_POINT('',(4.881661000508,1.411764340511E+03));
#1757 = CARTESIAN_POINT('',(4.874999396297,1.412012789086E+03));
#1758 = CARTESIAN_POINT('',(4.866018367594,1.412253857228E+03));
#1759 = CARTESIAN_POINT('',(4.854619107642,1.412483812308E+03));
#1760 = CARTESIAN_POINT('',(4.840696388132,1.412697556045E+03));
#1761 = CARTESIAN_POINT('',(4.810139338738,1.413049253143E+03));
#1762 = CARTESIAN_POINT('',(4.793657052438,1.41320038786E+03));
#1763 = CARTESIAN_POINT('',(4.774982483411,1.413327599107E+03));
#1764 = CARTESIAN_POINT('',(4.754581014627,1.413420815355E+03));
#1765 = CARTESIAN_POINT('',(4.733074834178,1.413473385816E+03));
#1766 = CARTESIAN_POINT('',(4.711152805712,1.413482090867E+03));
#1767 = CARTESIAN_POINT('',(4.689526366572,1.413447265206E+03));
#1768 = CARTESIAN_POINT('',(4.64748389236,1.413296282976E+03));
#1769 = CARTESIAN_POINT('',(4.627905055452,1.413180188782E+03));
#1770 = CARTESIAN_POINT('',(4.610316446604,1.41303318153E+03));
#1771 = CARTESIAN_POINT('',(4.594803456288,1.412862173926E+03));
#1772 = CARTESIAN_POINT('',(4.581389433706,1.412673026743E+03));
#1773 = CARTESIAN_POINT('',(4.570054557811,1.412470749828E+03));
#1774 = CARTESIAN_POINT('',(4.560742518076,1.412259589601E+03));
#1775 = CARTESIAN_POINT('',(4.544907904944,1.411794429376E+03));
#1776 = CARTESIAN_POINT('',(4.538884678178,1.411535091003E+03));
#1777 = CARTESIAN_POINT('',(4.535279680452,1.411269137245E+03));
#1778 = CARTESIAN_POINT('',(4.534079411045,1.411E+03));
#1779 = CARTESIAN_POINT('',(4.535279680452,1.410730862755E+03));
#1780 = CARTESIAN_POINT('',(4.538884678178,1.410464908997E+03));
#1781 = CARTESIAN_POINT('',(4.544907904944,1.410205570624E+03));
#1782 = CARTESIAN_POINT('',(4.560288211382,1.409753756188E+03));
#1783 = CARTESIAN_POINT('',(4.568898098452,1.40955576262E+03));
#1784 = CARTESIAN_POINT('',(4.579265336425,1.409365551393E+03));
#1785 = CARTESIAN_POINT('',(4.591439719528,1.409186373502E+03));
#1786 = CARTESIAN_POINT('',(4.605451887863,1.409022109208E+03));
#1787 = CARTESIAN_POINT('',(4.621304273179,1.408877374898E+03));
#1788 = CARTESIAN_POINT('',(4.638954513066,1.408757713094E+03));
#1789 = CARTESIAN_POINT('',(4.676543990637,1.408586973438E+03));
#1790 = CARTESIAN_POINT('',(4.696036306057,1.408533673001E+03));
#1791 = CARTESIAN_POINT('',(4.716217001825,1.408515962675E+03));
#1792 = CARTESIAN_POINT('',(4.736464276165,1.408536294721E+03));
#1793 = CARTESIAN_POINT('',(4.756143380277,1.408593780601E+03));
#1794 = CARTESIAN_POINT('',(4.774652443965,1.408684289996E+03));
#1795 = CARTESIAN_POINT('',(4.791489128007,1.408800416459E+03));
#1796 = CARTESIAN_POINT('',(4.82743883662,1.409118410454E+03));
#1797 = CARTESIAN_POINT('',(4.845327356464,1.409343517345E+03));
#1798 = CARTESIAN_POINT('',(4.859956911676,1.409594328931E+03));
#1799 = CARTESIAN_POINT('',(4.871435462898,1.409862115551E+03));
#1800 = CARTESIAN_POINT('',(4.879902393302,1.410140488605E+03));
#1801 = CARTESIAN_POINT('',(4.88549259857,1.410424908152E+03));
#1802 = CARTESIAN_POINT('',(4.888294748548,1.410712247184E+03));
#1803 = CARTESIAN_POINT('',(4.888294748548,1.411E+03));
#1804 = ( GEOMETRIC_REPRESENTATION_CONTEXT(2) 
PARAMETRIC_REPRESENTATION_CONTEXT() REPRESENTATION_CONTEXT('2D SPACE',''
  ) );
#1805 = ORIENTED_EDGE('',*,*,#1618,.T.);
#1806 = ADVANCED_FACE('',(#1807,#1833,#1836,#1839,#1842),#909,.F.);
#1807 = FACE_BOUND('',#1808,.F.);
#1808 = EDGE_LOOP('',(#1809,#1810,#1831,#1832));
#1809 = ORIENTED_EDGE('',*,*,#927,.T.);
#1810 = ORIENTED_EDGE('',*,*,#1811,.T.);
#1811 = EDGE_CURVE('',#928,#893,#1812,.T.);
#1812 = SEAM_CURVE('',#1813,(#1817,#1824),.PCURVE_S1.);
#1813 = LINE('',#1814,#1815);
#1814 = CARTESIAN_POINT('',(86.,-3.429011037613E-15,130.));
#1815 = VECTOR('',#1816,1.);
#1816 = DIRECTION('',(0.,0.,1.));
#1817 = PCURVE('',#909,#1818);
#1818 = DEFINITIONAL_REPRESENTATION('',(#1819),#1823);
#1819 = LINE('',#1820,#1821);
#1820 = CARTESIAN_POINT('',(0.,-0.));
#1821 = VECTOR('',#1822,1.);
#1822 = DIRECTION('',(0.,1.));
#1823 = ( GEOMETRIC_REPRESENTATION_CONTEXT(2) 
PARAMETRIC_REPRESENTATION_CONTEXT() REPRESENTATION_CONTEXT('2D SPACE',''
  ) );
#1824 = PCURVE('',#909,#1825);
#1825 = DEFINITIONAL_REPRESENTATION('',(#1826),#1830);
#1826 = LINE('',#1827,#1828);
#1827 = CARTESIAN_POINT('',(6.28318530718,-0.));
#1828 = VECTOR('',#1829,1.);
#1829 = DIRECTION('',(0.,1.));
#1830 = ( GEOMETRIC_REPRESENTATION_CONTEXT(2) 
PARAMETRIC_REPRESENTATION_CONTEXT() REPRESENTATION_CONTEXT('2D SPACE',''
  ) );
#1831 = ORIENTED_EDGE('',*,*,#892,.F.);
#1832 = ORIENTED_EDGE('',*,*,#1811,.F.);
#1833 = FACE_BOUND('',#1834,.F.);
#1834 = EDGE_LOOP('',(#1835));
#1835 = ORIENTED_EDGE('',*,*,#954,.T.);
#1836 = FACE_BOUND('',#1837,.F.);
#1837 = EDGE_LOOP('',(#1838));
#1838 = ORIENTED_EDGE('',*,*,#1213,.F.);
#1839 = FACE_BOUND('',#1840,.F.);
#1840 = EDGE_LOOP('',(#1841));
#1841 = ORIENTED_EDGE('',*,*,#1424,.T.);
#1842 = FACE_BOUND('',#1843,.F.);
#1843 = EDGE_LOOP('',(#1844));
#1844 = ORIENTED_EDGE('',*,*,#1641,.F.);
#1845 = ( GEOMETRIC_REPRESENTATION_CONTEXT(3) 
GLOBAL_UNCERTAINTY_ASSIGNED_CONTEXT((#1849)) 
GLOBAL_UNIT_ASSIGNED_CONTEXT((#1846,#1847,#1848)) REPRESENTATION_CONTEXT
('Context #1','3D Context with UNIT and UNCERTAINTY') );
#1846 = ( LENGTH_UNIT() NAMED_UNIT(*) SI_UNIT(.MILLI.,.METRE.) );
#1847 = ( NAMED_UNIT(*) PLANE_ANGLE_UNIT() SI_UNIT($,.RADIAN.) );
#1848 = ( NAMED_UNIT(*) SI_UNIT($,.STERADIAN.) SOLID_ANGLE_UNIT() );
#1849 = UNCERTAINTY_MEASURE_WITH_UNIT(LENGTH_MEASURE(2.E-07),#1846,
  'distance_accuracy_value','confusion accuracy');
#1850 = PRODUCT_RELATED_PRODUCT_CATEGORY('part',$,(#7));
ENDSEC;
END-ISO-10303-21;
