ISO-10303-21;
HEADER;
FILE_DESCRIPTION(('Open CASCADE Model'),'2;1');
FILE_NAME('Open CASCADE Shape Model','2026-10-03T23:00:05',('Author'),(
    'Open CASCADE'),'Open CASCADE STEP processor 8.0','build123d',
  'Unknown');
FILE_SCHEMA(('AUTOMOTIVE_DESIGN { 1 0 10303 214 1 1 1 1 }'));
ENDSEC;
DATA;
#1 = APPLICATION_PROTOCOL_DEFINITION('international standard',
  'automotive_design',2000,#2);
#2 = APPLICATION_CONTEXT(
  'core data for automotive mechanical design processes');
#3 = SHAPE_DEFINITION_REPRESENTATION(#4,#10);
#4 = PRODUCT_DEFINITION_SHAPE('','',#5);
#5 = PRODUCT_DEFINITION('design','',#6,#9);
#6 = PRODUCT_DEFINITION_FORMATION('','',#7);
#7 = PRODUCT('COMPOUND','COMPOUND','',(#8));
#8 = PRODUCT_CONTEXT('',#2,'mechanical');
#9 = PRODUCT_DEFINITION_CONTEXT('part definition',#2,'design');
#10 = SHAPE_REPRESENTATION('',(#11,#15,#2740,#4393,#4491,#4589,#4771,
    #4869,#4967),#5025);
#11 = AXIS2_PLACEMENT_3D('',#12,#13,#14);
#12 = CARTESIAN_POINT('',(0.,0.,0.));
#13 = DIRECTION('',(0.,0.,1.));
#14 = DIRECTION('',(1.,0.,-0.));
#15 = MANIFOLD_SOLID_BREP('',#16);
#16 = CLOSED_SHELL('',(#17,#168,#244,#293,#342,#369,#419,#831,#1118,
    #1328,#1414,#2024,#2074,#2123,#2150,#2204,#2258,#2312,#2330,#2479,
    #2555,#2604,#2653,#2680,#2730));
#17 = ADVANCED_FACE('',(#18,#137),#32,.F.);
#18 = FACE_BOUND('',#19,.F.);
#19 = EDGE_LOOP('',(#20,#55,#83,#111));
#20 = ORIENTED_EDGE('',*,*,#21,.F.);
#21 = EDGE_CURVE('',#22,#24,#26,.T.);
#22 = VERTEX_POINT('',#23);
#23 = CARTESIAN_POINT('',(1.,44.,-12.5));
#24 = VERTEX_POINT('',#25);
#25 = CARTESIAN_POINT('',(1.,44.,12.5));
#26 = SURFACE_CURVE('',#27,(#31,#43),.PCURVE_S1.);
#27 = LINE('',#28,#29);
#28 = CARTESIAN_POINT('',(1.,44.,-12.5));
#29 = VECTOR('',#30,1.);
#30 = DIRECTION('',(0.,0.,1.));
#31 = PCURVE('',#32,#37);
#32 = PLANE('',#33);
#33 = AXIS2_PLACEMENT_3D('',#34,#35,#36);
#34 = CARTESIAN_POINT('',(1.,-112.,-112.));
#35 = DIRECTION('',(1.,0.,-0.));
#36 = DIRECTION('',(0.,0.,1.));
#37 = DEFINITIONAL_REPRESENTATION('',(#38),#42);
#38 = LINE('',#39,#40);
#39 = CARTESIAN_POINT('',(99.5,-156.));
#40 = VECTOR('',#41,1.);
#41 = DIRECTION('',(1.,0.));
#42 = ( GEOMETRIC_REPRESENTATION_CONTEXT(2) 
PARAMETRIC_REPRESENTATION_CONTEXT() REPRESENTATION_CONTEXT('2D SPACE',''
  ) );
#43 = PCURVE('',#44,#49);
#44 = PLANE('',#45);
#45 = AXIS2_PLACEMENT_3D('',#46,#47,#48);
#46 = CARTESIAN_POINT('',(1.,44.,-12.5));
#47 = DIRECTION('',(-0.,1.,0.));
#48 = DIRECTION('',(0.,0.,1.));
#49 = DEFINITIONAL_REPRESENTATION('',(#50),#54);
#50 = LINE('',#51,#52);
#51 = CARTESIAN_POINT('',(0.,0.));
#52 = VECTOR('',#53,1.);
#53 = DIRECTION('',(1.,0.));
#54 = ( GEOMETRIC_REPRESENTATION_CONTEXT(2) 
PARAMETRIC_REPRESENTATION_CONTEXT() REPRESENTATION_CONTEXT('2D SPACE',''
  ) );
#55 = ORIENTED_EDGE('',*,*,#56,.T.);
#56 = EDGE_CURVE('',#22,#57,#59,.T.);
#57 = VERTEX_POINT('',#58);
#58 = CARTESIAN_POINT('',(1.,86.,-12.5));
#59 = SURFACE_CURVE('',#60,(#64,#71),.PCURVE_S1.);
#60 = LINE('',#61,#62);
#61 = CARTESIAN_POINT('',(1.,44.,-12.5));
#62 = VECTOR('',#63,1.);
#63 = DIRECTION('',(-0.,1.,0.));
#64 = PCURVE('',#32,#65);
#65 = DEFINITIONAL_REPRESENTATION('',(#66),#70);
#66 = LINE('',#67,#68);
#67 = CARTESIAN_POINT('',(99.5,-156.));
#68 = VECTOR('',#69,1.);
#69 = DIRECTION('',(0.,-1.));
#70 = ( GEOMETRIC_REPRESENTATION_CONTEXT(2) 
PARAMETRIC_REPRESENTATION_CONTEXT() REPRESENTATION_CONTEXT('2D SPACE',''
  ) );
#71 = PCURVE('',#72,#77);
#72 = PLANE('',#73);
#73 = AXIS2_PLACEMENT_3D('',#74,#75,#76);
#74 = CARTESIAN_POINT('',(1.,44.,-12.5));
#75 = DIRECTION('',(0.,0.,1.));
#76 = DIRECTION('',(1.,0.,-0.));
#77 = DEFINITIONAL_REPRESENTATION('',(#78),#82);
#78 = LINE('',#79,#80);
#79 = CARTESIAN_POINT('',(0.,0.));
#80 = VECTOR('',#81,1.);
#81 = DIRECTION('',(0.,1.));
#82 = ( GEOMETRIC_REPRESENTATION_CONTEXT(2) 
PARAMETRIC_REPRESENTATION_CONTEXT() REPRESENTATION_CONTEXT('2D SPACE',''
  ) );
#83 = ORIENTED_EDGE('',*,*,#84,.T.);
#84 = EDGE_CURVE('',#57,#85,#87,.T.);
#85 = VERTEX_POINT('',#86);
#86 = CARTESIAN_POINT('',(1.,86.,12.5));
#87 = SURFACE_CURVE('',#88,(#92,#99),.PCURVE_S1.);
#88 = LINE('',#89,#90);
#89 = CARTESIAN_POINT('',(1.,86.,-12.5));
#90 = VECTOR('',#91,1.);
#91 = DIRECTION('',(0.,0.,1.));
#92 = PCURVE('',#32,#93);
#93 = DEFINITIONAL_REPRESENTATION('',(#94),#98);
#94 = LINE('',#95,#96);
#95 = CARTESIAN_POINT('',(99.5,-198.));
#96 = VECTOR('',#97,1.);
#97 = DIRECTION('',(1.,0.));
#98 = ( GEOMETRIC_REPRESENTATION_CONTEXT(2) 
PARAMETRIC_REPRESENTATION_CONTEXT() REPRESENTATION_CONTEXT('2D SPACE',''
  ) );
#99 = PCURVE('',#100,#105);
#100 = PLANE('',#101);
#101 = AXIS2_PLACEMENT_3D('',#102,#103,#104);
#102 = CARTESIAN_POINT('',(1.,86.,-12.5));
#103 = DIRECTION('',(-0.,1.,0.));
#104 = DIRECTION('',(0.,0.,1.));
#105 = DEFINITIONAL_REPRESENTATION('',(#106),#110);
#106 = LINE('',#107,#108);
#107 = CARTESIAN_POINT('',(0.,0.));
#108 = VECTOR('',#109,1.);
#109 = DIRECTION('',(1.,0.));
#110 = ( GEOMETRIC_REPRESENTATION_CONTEXT(2) 
PARAMETRIC_REPRESENTATION_CONTEXT() REPRESENTATION_CONTEXT('2D SPACE',''
  ) );
#111 = ORIENTED_EDGE('',*,*,#112,.F.);
#112 = EDGE_CURVE('',#24,#85,#113,.T.);
#113 = SURFACE_CURVE('',#114,(#118,#125),.PCURVE_S1.);
#114 = LINE('',#115,#116);
#115 = CARTESIAN_POINT('',(1.,44.,12.5));
#116 = VECTOR('',#117,1.);
#117 = DIRECTION('',(-0.,1.,0.));
#118 = PCURVE('',#32,#119);
#119 = DEFINITIONAL_REPRESENTATION('',(#120),#124);
#120 = LINE('',#121,#122);
#121 = CARTESIAN_POINT('',(124.5,-156.));
#122 = VECTOR('',#123,1.);
#123 = DIRECTION('',(0.,-1.));
#124 = ( GEOMETRIC_REPRESENTATION_CONTEXT(2) 
PARAMETRIC_REPRESENTATION_CONTEXT() REPRESENTATION_CONTEXT('2D SPACE',''
  ) );
#125 = PCURVE('',#126,#131);
#126 = PLANE('',#127);
#127 = AXIS2_PLACEMENT_3D('',#128,#129,#130);
#128 = CARTESIAN_POINT('',(1.,44.,12.5));
#129 = DIRECTION('',(0.,0.,1.));
#130 = DIRECTION('',(1.,0.,-0.));
#131 = DEFINITIONAL_REPRESENTATION('',(#132),#136);
#132 = LINE('',#133,#134);
#133 = CARTESIAN_POINT('',(0.,0.));
#134 = VECTOR('',#135,1.);
#135 = DIRECTION('',(0.,1.));
#136 = ( GEOMETRIC_REPRESENTATION_CONTEXT(2) 
PARAMETRIC_REPRESENTATION_CONTEXT() REPRESENTATION_CONTEXT('2D SPACE',''
  ) );
#137 = FACE_BOUND('',#138,.F.);
#138 = EDGE_LOOP('',(#139));
#139 = ORIENTED_EDGE('',*,*,#140,.F.);
#140 = EDGE_CURVE('',#141,#141,#143,.T.);
#141 = VERTEX_POINT('',#142);
#142 = CARTESIAN_POINT('',(1.,74.,-4.25));
#143 = SURFACE_CURVE('',#144,(#149,#156),.PCURVE_S1.);
#144 = CIRCLE('',#145,4.25);
#145 = AXIS2_PLACEMENT_3D('',#146,#147,#148);
#146 = CARTESIAN_POINT('',(1.,74.,2.22044604925E-16));
#147 = DIRECTION('',(1.,0.,2.22044604925E-16));
#148 = DIRECTION('',(2.22044604925E-16,0.,-1.));
#149 = PCURVE('',#32,#150);
#150 = DEFINITIONAL_REPRESENTATION('',(#151),#155);
#151 = CIRCLE('',#152,4.25);
#152 = AXIS2_PLACEMENT_2D('',#153,#154);
#153 = CARTESIAN_POINT('',(112.,-186.));
#154 = DIRECTION('',(-1.,0.));
#155 = ( GEOMETRIC_REPRESENTATION_CONTEXT(2) 
PARAMETRIC_REPRESENTATION_CONTEXT() REPRESENTATION_CONTEXT('2D SPACE',''
  ) );
#156 = PCURVE('',#157,#162);
#157 = CYLINDRICAL_SURFACE('',#158,4.25);
#158 = AXIS2_PLACEMENT_3D('',#159,#160,#161);
#159 = CARTESIAN_POINT('',(-50.,74.,-1.110223024625E-14));
#160 = DIRECTION('',(1.,0.,2.22044604925E-16));
#161 = DIRECTION('',(2.22044604925E-16,0.,-1.));
#162 = DEFINITIONAL_REPRESENTATION('',(#163),#167);
#163 = LINE('',#164,#165);
#164 = CARTESIAN_POINT('',(0.,51.));
#165 = VECTOR('',#166,1.);
#166 = DIRECTION('',(1.,0.));
#167 = ( GEOMETRIC_REPRESENTATION_CONTEXT(2) 
PARAMETRIC_REPRESENTATION_CONTEXT() REPRESENTATION_CONTEXT('2D SPACE',''
  ) );
#168 = ADVANCED_FACE('',(#169),#44,.F.);
#169 = FACE_BOUND('',#170,.F.);
#170 = EDGE_LOOP('',(#171,#194,#195,#218));
#171 = ORIENTED_EDGE('',*,*,#172,.F.);
#172 = EDGE_CURVE('',#22,#173,#175,.T.);
#173 = VERTEX_POINT('',#174);
#174 = CARTESIAN_POINT('',(7.,44.,-12.5));
#175 = SURFACE_CURVE('',#176,(#180,#187),.PCURVE_S1.);
#176 = LINE('',#177,#178);
#177 = CARTESIAN_POINT('',(1.,44.,-12.5));
#178 = VECTOR('',#179,1.);
#179 = DIRECTION('',(1.,0.,-0.));
#180 = PCURVE('',#44,#181);
#181 = DEFINITIONAL_REPRESENTATION('',(#182),#186);
#182 = LINE('',#183,#184);
#183 = CARTESIAN_POINT('',(0.,0.));
#184 = VECTOR('',#185,1.);
#185 = DIRECTION('',(0.,1.));
#186 = ( GEOMETRIC_REPRESENTATION_CONTEXT(2) 
PARAMETRIC_REPRESENTATION_CONTEXT() REPRESENTATION_CONTEXT('2D SPACE',''
  ) );
#187 = PCURVE('',#72,#188);
#188 = DEFINITIONAL_REPRESENTATION('',(#189),#193);
#189 = LINE('',#190,#191);
#190 = CARTESIAN_POINT('',(0.,0.));
#191 = VECTOR('',#192,1.);
#192 = DIRECTION('',(1.,0.));
#193 = ( GEOMETRIC_REPRESENTATION_CONTEXT(2) 
PARAMETRIC_REPRESENTATION_CONTEXT() REPRESENTATION_CONTEXT('2D SPACE',''
  ) );
#194 = ORIENTED_EDGE('',*,*,#21,.T.);
#195 = ORIENTED_EDGE('',*,*,#196,.T.);
#196 = EDGE_CURVE('',#24,#197,#199,.T.);
#197 = VERTEX_POINT('',#198);
#198 = CARTESIAN_POINT('',(7.,44.,12.5));
#199 = SURFACE_CURVE('',#200,(#204,#211),.PCURVE_S1.);
#200 = LINE('',#201,#202);
#201 = CARTESIAN_POINT('',(1.,44.,12.5));
#202 = VECTOR('',#203,1.);
#203 = DIRECTION('',(1.,0.,-0.));
#204 = PCURVE('',#44,#205);
#205 = DEFINITIONAL_REPRESENTATION('',(#206),#210);
#206 = LINE('',#207,#208);
#207 = CARTESIAN_POINT('',(25.,0.));
#208 = VECTOR('',#209,1.);
#209 = DIRECTION('',(0.,1.));
#210 = ( GEOMETRIC_REPRESENTATION_CONTEXT(2) 
PARAMETRIC_REPRESENTATION_CONTEXT() REPRESENTATION_CONTEXT('2D SPACE',''
  ) );
#211 = PCURVE('',#126,#212);
#212 = DEFINITIONAL_REPRESENTATION('',(#213),#217);
#213 = LINE('',#214,#215);
#214 = CARTESIAN_POINT('',(0.,0.));
#215 = VECTOR('',#216,1.);
#216 = DIRECTION('',(1.,0.));
#217 = ( GEOMETRIC_REPRESENTATION_CONTEXT(2) 
PARAMETRIC_REPRESENTATION_CONTEXT() REPRESENTATION_CONTEXT('2D SPACE',''
  ) );
#218 = ORIENTED_EDGE('',*,*,#219,.F.);
#219 = EDGE_CURVE('',#173,#197,#220,.T.);
#220 = SURFACE_CURVE('',#221,(#225,#232),.PCURVE_S1.);
#221 = LINE('',#222,#223);
#222 = CARTESIAN_POINT('',(7.,44.,-12.5));
#223 = VECTOR('',#224,1.);
#224 = DIRECTION('',(0.,0.,1.));
#225 = PCURVE('',#44,#226);
#226 = DEFINITIONAL_REPRESENTATION('',(#227),#231);
#227 = LINE('',#228,#229);
#228 = CARTESIAN_POINT('',(0.,6.));
#229 = VECTOR('',#230,1.);
#230 = DIRECTION('',(1.,0.));
#231 = ( GEOMETRIC_REPRESENTATION_CONTEXT(2) 
PARAMETRIC_REPRESENTATION_CONTEXT() REPRESENTATION_CONTEXT('2D SPACE',''
  ) );
#232 = PCURVE('',#233,#238);
#233 = PLANE('',#234);
#234 = AXIS2_PLACEMENT_3D('',#235,#236,#237);
#235 = CARTESIAN_POINT('',(7.,44.,-12.5));
#236 = DIRECTION('',(1.,0.,-0.));
#237 = DIRECTION('',(0.,0.,1.));
#238 = DEFINITIONAL_REPRESENTATION('',(#239),#243);
#239 = LINE('',#240,#241);
#240 = CARTESIAN_POINT('',(0.,0.));
#241 = VECTOR('',#242,1.);
#242 = DIRECTION('',(1.,0.));
#243 = ( GEOMETRIC_REPRESENTATION_CONTEXT(2) 
PARAMETRIC_REPRESENTATION_CONTEXT() REPRESENTATION_CONTEXT('2D SPACE',''
  ) );
#244 = ADVANCED_FACE('',(#245),#72,.F.);
#245 = FACE_BOUND('',#246,.F.);
#246 = EDGE_LOOP('',(#247,#248,#249,#272));
#247 = ORIENTED_EDGE('',*,*,#56,.F.);
#248 = ORIENTED_EDGE('',*,*,#172,.T.);
#249 = ORIENTED_EDGE('',*,*,#250,.T.);
#250 = EDGE_CURVE('',#173,#251,#253,.T.);
#251 = VERTEX_POINT('',#252);
#252 = CARTESIAN_POINT('',(7.,86.,-12.5));
#253 = SURFACE_CURVE('',#254,(#258,#265),.PCURVE_S1.);
#254 = LINE('',#255,#256);
#255 = CARTESIAN_POINT('',(7.,44.,-12.5));
#256 = VECTOR('',#257,1.);
#257 = DIRECTION('',(-0.,1.,0.));
#258 = PCURVE('',#72,#259);
#259 = DEFINITIONAL_REPRESENTATION('',(#260),#264);
#260 = LINE('',#261,#262);
#261 = CARTESIAN_POINT('',(6.,0.));
#262 = VECTOR('',#263,1.);
#263 = DIRECTION('',(0.,1.));
#264 = ( GEOMETRIC_REPRESENTATION_CONTEXT(2) 
PARAMETRIC_REPRESENTATION_CONTEXT() REPRESENTATION_CONTEXT('2D SPACE',''
  ) );
#265 = PCURVE('',#233,#266);
#266 = DEFINITIONAL_REPRESENTATION('',(#267),#271);
#267 = LINE('',#268,#269);
#268 = CARTESIAN_POINT('',(0.,0.));
#269 = VECTOR('',#270,1.);
#270 = DIRECTION('',(0.,-1.));
#271 = ( GEOMETRIC_REPRESENTATION_CONTEXT(2) 
PARAMETRIC_REPRESENTATION_CONTEXT() REPRESENTATION_CONTEXT('2D SPACE',''
  ) );
#272 = ORIENTED_EDGE('',*,*,#273,.F.);
#273 = EDGE_CURVE('',#57,#251,#274,.T.);
#274 = SURFACE_CURVE('',#275,(#279,#286),.PCURVE_S1.);
#275 = LINE('',#276,#277);
#276 = CARTESIAN_POINT('',(1.,86.,-12.5));
#277 = VECTOR('',#278,1.);
#278 = DIRECTION('',(1.,0.,-0.));
#279 = PCURVE('',#72,#280);
#280 = DEFINITIONAL_REPRESENTATION('',(#281),#285);
#281 = LINE('',#282,#283);
#282 = CARTESIAN_POINT('',(0.,42.));
#283 = VECTOR('',#284,1.);
#284 = DIRECTION('',(1.,0.));
#285 = ( GEOMETRIC_REPRESENTATION_CONTEXT(2) 
PARAMETRIC_REPRESENTATION_CONTEXT() REPRESENTATION_CONTEXT('2D SPACE',''
  ) );
#286 = PCURVE('',#100,#287);
#287 = DEFINITIONAL_REPRESENTATION('',(#288),#292);
#288 = LINE('',#289,#290);
#289 = CARTESIAN_POINT('',(0.,0.));
#290 = VECTOR('',#291,1.);
#291 = DIRECTION('',(0.,1.));
#292 = ( GEOMETRIC_REPRESENTATION_CONTEXT(2) 
PARAMETRIC_REPRESENTATION_CONTEXT() REPRESENTATION_CONTEXT('2D SPACE',''
  ) );
#293 = ADVANCED_FACE('',(#294),#100,.T.);
#294 = FACE_BOUND('',#295,.T.);
#295 = EDGE_LOOP('',(#296,#297,#298,#321));
#296 = ORIENTED_EDGE('',*,*,#273,.F.);
#297 = ORIENTED_EDGE('',*,*,#84,.T.);
#298 = ORIENTED_EDGE('',*,*,#299,.T.);
#299 = EDGE_CURVE('',#85,#300,#302,.T.);
#300 = VERTEX_POINT('',#301);
#301 = CARTESIAN_POINT('',(7.,86.,12.5));
#302 = SURFACE_CURVE('',#303,(#307,#314),.PCURVE_S1.);
#303 = LINE('',#304,#305);
#304 = CARTESIAN_POINT('',(1.,86.,12.5));
#305 = VECTOR('',#306,1.);
#306 = DIRECTION('',(1.,0.,-0.));
#307 = PCURVE('',#100,#308);
#308 = DEFINITIONAL_REPRESENTATION('',(#309),#313);
#309 = LINE('',#310,#311);
#310 = CARTESIAN_POINT('',(25.,0.));
#311 = VECTOR('',#312,1.);
#312 = DIRECTION('',(0.,1.));
#313 = ( GEOMETRIC_REPRESENTATION_CONTEXT(2) 
PARAMETRIC_REPRESENTATION_CONTEXT() REPRESENTATION_CONTEXT('2D SPACE',''
  ) );
#314 = PCURVE('',#126,#315);
#315 = DEFINITIONAL_REPRESENTATION('',(#316),#320);
#316 = LINE('',#317,#318);
#317 = CARTESIAN_POINT('',(0.,42.));
#318 = VECTOR('',#319,1.);
#319 = DIRECTION('',(1.,0.));
#320 = ( GEOMETRIC_REPRESENTATION_CONTEXT(2) 
PARAMETRIC_REPRESENTATION_CONTEXT() REPRESENTATION_CONTEXT('2D SPACE',''
  ) );
#321 = ORIENTED_EDGE('',*,*,#322,.F.);
#322 = EDGE_CURVE('',#251,#300,#323,.T.);
#323 = SURFACE_CURVE('',#324,(#328,#335),.PCURVE_S1.);
#324 = LINE('',#325,#326);
#325 = CARTESIAN_POINT('',(7.,86.,-12.5));
#326 = VECTOR('',#327,1.);
#327 = DIRECTION('',(0.,0.,1.));
#328 = PCURVE('',#100,#329);
#329 = DEFINITIONAL_REPRESENTATION('',(#330),#334);
#330 = LINE('',#331,#332);
#331 = CARTESIAN_POINT('',(0.,6.));
#332 = VECTOR('',#333,1.);
#333 = DIRECTION('',(1.,0.));
#334 = ( GEOMETRIC_REPRESENTATION_CONTEXT(2) 
PARAMETRIC_REPRESENTATION_CONTEXT() REPRESENTATION_CONTEXT('2D SPACE',''
  ) );
#335 = PCURVE('',#233,#336);
#336 = DEFINITIONAL_REPRESENTATION('',(#337),#341);
#337 = LINE('',#338,#339);
#338 = CARTESIAN_POINT('',(0.,-42.));
#339 = VECTOR('',#340,1.);
#340 = DIRECTION('',(1.,0.));
#341 = ( GEOMETRIC_REPRESENTATION_CONTEXT(2) 
PARAMETRIC_REPRESENTATION_CONTEXT() REPRESENTATION_CONTEXT('2D SPACE',''
  ) );
#342 = ADVANCED_FACE('',(#343),#126,.T.);
#343 = FACE_BOUND('',#344,.T.);
#344 = EDGE_LOOP('',(#345,#346,#347,#368));
#345 = ORIENTED_EDGE('',*,*,#112,.F.);
#346 = ORIENTED_EDGE('',*,*,#196,.T.);
#347 = ORIENTED_EDGE('',*,*,#348,.T.);
#348 = EDGE_CURVE('',#197,#300,#349,.T.);
#349 = SURFACE_CURVE('',#350,(#354,#361),.PCURVE_S1.);
#350 = LINE('',#351,#352);
#351 = CARTESIAN_POINT('',(7.,44.,12.5));
#352 = VECTOR('',#353,1.);
#353 = DIRECTION('',(-0.,1.,0.));
#354 = PCURVE('',#126,#355);
#355 = DEFINITIONAL_REPRESENTATION('',(#356),#360);
#356 = LINE('',#357,#358);
#357 = CARTESIAN_POINT('',(6.,0.));
#358 = VECTOR('',#359,1.);
#359 = DIRECTION('',(0.,1.));
#360 = ( GEOMETRIC_REPRESENTATION_CONTEXT(2) 
PARAMETRIC_REPRESENTATION_CONTEXT() REPRESENTATION_CONTEXT('2D SPACE',''
  ) );
#361 = PCURVE('',#233,#362);
#362 = DEFINITIONAL_REPRESENTATION('',(#363),#367);
#363 = LINE('',#364,#365);
#364 = CARTESIAN_POINT('',(25.,0.));
#365 = VECTOR('',#366,1.);
#366 = DIRECTION('',(0.,-1.));
#367 = ( GEOMETRIC_REPRESENTATION_CONTEXT(2) 
PARAMETRIC_REPRESENTATION_CONTEXT() REPRESENTATION_CONTEXT('2D SPACE',''
  ) );
#368 = ORIENTED_EDGE('',*,*,#299,.F.);
#369 = ADVANCED_FACE('',(#370),#157,.F.);
#370 = FACE_BOUND('',#371,.F.);
#371 = EDGE_LOOP('',(#372,#396,#417,#418));
#372 = ORIENTED_EDGE('',*,*,#373,.F.);
#373 = EDGE_CURVE('',#374,#374,#376,.T.);
#374 = VERTEX_POINT('',#375);
#375 = CARTESIAN_POINT('',(7.,74.,-4.25));
#376 = SURFACE_CURVE('',#377,(#382,#389),.PCURVE_S1.);
#377 = CIRCLE('',#378,4.25);
#378 = AXIS2_PLACEMENT_3D('',#379,#380,#381);
#379 = CARTESIAN_POINT('',(7.,74.,1.554312234475E-15));
#380 = DIRECTION('',(1.,0.,2.22044604925E-16));
#381 = DIRECTION('',(2.22044604925E-16,0.,-1.));
#382 = PCURVE('',#157,#383);
#383 = DEFINITIONAL_REPRESENTATION('',(#384),#388);
#384 = LINE('',#385,#386);
#385 = CARTESIAN_POINT('',(0.,57.));
#386 = VECTOR('',#387,1.);
#387 = DIRECTION('',(1.,0.));
#388 = ( GEOMETRIC_REPRESENTATION_CONTEXT(2) 
PARAMETRIC_REPRESENTATION_CONTEXT() REPRESENTATION_CONTEXT('2D SPACE',''
  ) );
#389 = PCURVE('',#233,#390);
#390 = DEFINITIONAL_REPRESENTATION('',(#391),#395);
#391 = CIRCLE('',#392,4.25);
#392 = AXIS2_PLACEMENT_2D('',#393,#394);
#393 = CARTESIAN_POINT('',(12.5,-30.));
#394 = DIRECTION('',(-1.,0.));
#395 = ( GEOMETRIC_REPRESENTATION_CONTEXT(2) 
PARAMETRIC_REPRESENTATION_CONTEXT() REPRESENTATION_CONTEXT('2D SPACE',''
  ) );
#396 = ORIENTED_EDGE('',*,*,#397,.F.);
#397 = EDGE_CURVE('',#141,#374,#398,.T.);
#398 = SEAM_CURVE('',#399,(#403,#410),.PCURVE_S1.);
#399 = LINE('',#400,#401);
#400 = CARTESIAN_POINT('',(-50.,74.,-4.25));
#401 = VECTOR('',#402,1.);
#402 = DIRECTION('',(1.,0.,2.22044604925E-16));
#403 = PCURVE('',#157,#404);
#404 = DEFINITIONAL_REPRESENTATION('',(#405),#409);
#405 = LINE('',#406,#407);
#406 = CARTESIAN_POINT('',(6.28318530718,-0.));
#407 = VECTOR('',#408,1.);
#408 = DIRECTION('',(0.,1.));
#409 = ( GEOMETRIC_REPRESENTATION_CONTEXT(2) 
PARAMETRIC_REPRESENTATION_CONTEXT() REPRESENTATION_CONTEXT('2D SPACE',''
  ) );
#410 = PCURVE('',#157,#411);
#411 = DEFINITIONAL_REPRESENTATION('',(#412),#416);
#412 = LINE('',#413,#414);
#413 = CARTESIAN_POINT('',(0.,-0.));
#414 = VECTOR('',#415,1.);
#415 = DIRECTION('',(0.,1.));
#416 = ( GEOMETRIC_REPRESENTATION_CONTEXT(2) 
PARAMETRIC_REPRESENTATION_CONTEXT() REPRESENTATION_CONTEXT('2D SPACE',''
  ) );
#417 = ORIENTED_EDGE('',*,*,#140,.T.);
#418 = ORIENTED_EDGE('',*,*,#397,.T.);
#419 = ADVANCED_FACE('',(#420,#426,#429),#233,.T.);
#420 = FACE_BOUND('',#421,.T.);
#421 = EDGE_LOOP('',(#422,#423,#424,#425));
#422 = ORIENTED_EDGE('',*,*,#219,.F.);
#423 = ORIENTED_EDGE('',*,*,#250,.T.);
#424 = ORIENTED_EDGE('',*,*,#322,.T.);
#425 = ORIENTED_EDGE('',*,*,#348,.F.);
#426 = FACE_BOUND('',#427,.T.);
#427 = EDGE_LOOP('',(#428));
#428 = ORIENTED_EDGE('',*,*,#373,.F.);
#429 = FACE_BOUND('',#430,.T.);
#430 = EDGE_LOOP('',(#431));
#431 = ORIENTED_EDGE('',*,*,#432,.F.);
#432 = EDGE_CURVE('',#433,#433,#435,.T.);
#433 = VERTEX_POINT('',#434);
#434 = CARTESIAN_POINT('',(7.,61.603571325046,-1.469576158977E-15));
#435 = SURFACE_CURVE('',#436,(#564,#695),.PCURVE_S1.);
#436 = B_SPLINE_CURVE_WITH_KNOTS('',6,(#437,#438,#439,#440,#441,#442,
    #443,#444,#445,#446,#447,#448,#449,#450,#451,#452,#453,#454,#455,
    #456,#457,#458,#459,#460,#461,#462,#463,#464,#465,#466,#467,#468,
    #469,#470,#471,#472,#473,#474,#475,#476,#477,#478,#479,#480,#481,
    #482,#483,#484,#485,#486,#487,#488,#489,#490,#491,#492,#493,#494,
    #495,#496,#497,#498,#499,#500,#501,#502,#503,#504,#505,#506,#507,
    #508,#509,#510,#511,#512,#513,#514,#515,#516,#517,#518,#519,#520,
    #521,#522,#523,#524,#525,#526,#527,#528,#529,#530,#531,#532,#533,
    #534,#535,#536,#537,#538,#539,#540,#541,#542,#543,#544,#545,#546,
    #547,#548,#549,#550,#551,#552,#553,#554,#555,#556,#557,#558,#559,
    #560,#561,#562,#563),.UNSPECIFIED.,.T.,.F.,(7,5,5,5,5,5,5,5,5,5,5,5,
    5,5,5,5,5,5,5,5,5,5,5,5,5,7),(0.,9.332890421104E-02,0.138287390474,
    0.183335539069,0.21040387155,0.267608236655,0.307757670608,
    0.324811488254,0.349872065188,0.388908835593,0.426869131106,
    0.44981222243,0.464764748539,0.49963546144,0.55018755164,
    0.573130636088,0.611090916144,0.650127673218,0.675188246386,
    0.692242064318,0.732391508536,0.789595907712,0.8166642612,
    0.861712446571,0.906670966926,1.),.UNSPECIFIED.);
#437 = CARTESIAN_POINT('',(7.,61.603571325046,0.));
#438 = CARTESIAN_POINT('',(7.,61.603571325046,0.588675880965));
#439 = CARTESIAN_POINT('',(7.,61.533816725781,1.177536778423));
#440 = CARTESIAN_POINT('',(7.,61.394231715398,1.755827722743));
#441 = CARTESIAN_POINT('',(7.,61.187147726694,2.313507670841));
#442 = CARTESIAN_POINT('',(7.,60.916426781792,2.841058830997));
#443 = CARTESIAN_POINT('',(7.,60.430114352159,3.565210181958));
#444 = CARTESIAN_POINT('',(7.,60.25864175185,3.791669289319));
#445 = CARTESIAN_POINT('',(7.,60.074459633175,4.008214550089));
#446 = CARTESIAN_POINT('',(7.,59.878305833065,4.213979014677));
#447 = CARTESIAN_POINT('',(7.,59.670994856141,4.408172752154));
#448 = CARTESIAN_POINT('',(7.,59.235401618739,4.772354123873));
#449 = CARTESIAN_POINT('',(7.,59.007071907726,4.94229812142));
#450 = CARTESIAN_POINT('',(7.,58.769319753141,5.09919750084));
#451 = CARTESIAN_POINT('',(7.,58.523091688077,5.242430361242));
#452 = CARTESIAN_POINT('',(7.,58.269384714296,5.371467712853));
#453 = CARTESIAN_POINT('',(7.,57.852931673868,5.554614347719));
#454 = CARTESIAN_POINT('',(7.,57.694294857501,5.61807433461));
#455 = CARTESIAN_POINT('',(7.,57.533559148306,5.67615746223));
#456 = CARTESIAN_POINT('',(7.,57.370953929554,5.728782324775));
#457 = CARTESIAN_POINT('',(7.,57.206712293437,5.775880362444));
#458 = CARTESIAN_POINT('',(7.,56.691016131595,5.905131881492));
#459 = CARTESIAN_POINT('',(7.,56.334697938223,5.967938304002));
#460 = CARTESIAN_POINT('',(7.,55.974368774383,6.005281133704));
#461 = CARTESIAN_POINT('',(7.,55.61229665921,6.016905879475));
#462 = CARTESIAN_POINT('',(7.,55.250759886841,6.002796919681));
#463 = CARTESIAN_POINT('',(7.,54.640280648624,5.935425119165));
#464 = CARTESIAN_POINT('',(7.,54.389897648436,5.895088798339));
#465 = CARTESIAN_POINT('',(7.,54.141684622633,5.842287693596));
#466 = CARTESIAN_POINT('',(7.,53.896415018586,5.777169599095));
#467 = CARTESIAN_POINT('',(7.,53.654848954507,5.699943200038));
#468 = CARTESIAN_POINT('',(7.,53.317016270091,5.573046893223));
#469 = CARTESIAN_POINT('',(7.,53.217101888082,5.533079675902));
#470 = CARTESIAN_POINT('',(7.,53.118047050664,5.490997016188));
#471 = CARTESIAN_POINT('',(7.,53.019908002203,5.446821420861));
#472 = CARTESIAN_POINT('',(7.,52.922740254197,5.400577308001));
#473 = CARTESIAN_POINT('',(7.,52.685318448447,5.281334310578));
#474 = CARTESIAN_POINT('',(7.,52.546253801842,5.205967558386));
#475 = CARTESIAN_POINT('',(7.,52.409578726713,5.126274385905));
#476 = CARTESIAN_POINT('',(7.,52.275462812265,5.042347025468));
#477 = CARTESIAN_POINT('',(7.,52.144071155655,4.954286306247));
#478 = CARTESIAN_POINT('',(7.,51.815389792488,4.718761723603));
#479 = CARTESIAN_POINT('',(7.,51.622213141525,4.565556605074));
#480 = CARTESIAN_POINT('',(7.,51.436643182215,4.403001916864));
#481 = CARTESIAN_POINT('',(7.,51.259253724226,4.23155868708));
#482 = CARTESIAN_POINT('',(7.,51.090581963765,4.051734460341));
#483 = CARTESIAN_POINT('',(7.,50.776068825391,3.681608971475));
#484 = CARTESIAN_POINT('',(7.,50.629723723776,3.491730530045));
#485 = CARTESIAN_POINT('',(7.,50.49255031374,3.294960237219));
#486 = CARTESIAN_POINT('',(7.,50.364965219696,3.091842773543));
#487 = CARTESIAN_POINT('',(7.,50.247341078477,2.882957034615));
#488 = CARTESIAN_POINT('',(7.,50.07513092737,2.539551546145));
#489 = CARTESIAN_POINT('',(7.,50.014014778112,2.408302613205));
#490 = CARTESIAN_POINT('',(7.,49.956728216818,2.275305087197));
#491 = CARTESIAN_POINT('',(7.,49.903336253614,2.140697410455));
#492 = CARTESIAN_POINT('',(7.,49.853896956533,2.004621404362));
#493 = CARTESIAN_POINT('',(7.,49.778850116001,1.777676177913));
#494 = CARTESIAN_POINT('',(7.,49.750939313916,1.687568011293));
#495 = CARTESIAN_POINT('',(7.,49.72474316224,1.59693791561));
#496 = CARTESIAN_POINT('',(7.,49.700274430154,1.505826479949));
#497 = CARTESIAN_POINT('',(7.,49.677544539038,1.414274736351));
#498 = CARTESIAN_POINT('',(7.,49.607633929799,1.107886670645));
#499 = CARTESIAN_POINT('',(7.,49.568215650945,0.891278284032));
#500 = CARTESIAN_POINT('',(7.,49.538437170345,0.673028012929));
#501 = CARTESIAN_POINT('',(7.,49.518384682057,0.453670496052));
#502 = CARTESIAN_POINT('',(7.,49.508102129762,0.233745997888));
#503 = CARTESIAN_POINT('',(7.,49.506850521442,-0.305054823665));
#504 = CARTESIAN_POINT('',(7.,49.526645852388,-0.623967756933));
#505 = CARTESIAN_POINT('',(7.,49.566983695173,-0.941263725802));
#506 = CARTESIAN_POINT('',(7.,49.627672482706,-1.255302925598));
#507 = CARTESIAN_POINT('',(7.,49.708349400138,-1.564478060738));
#508 = CARTESIAN_POINT('',(7.,49.853895765589,-2.004618070038));
#509 = CARTESIAN_POINT('',(7.,49.903334952319,-2.140694025271));
#510 = CARTESIAN_POINT('',(7.,49.956726801435,-2.275301655242));
#511 = CARTESIAN_POINT('',(7.,50.014013245097,-2.408299138779));
#512 = CARTESIAN_POINT('',(7.,50.075129273383,-2.539548033747));
#513 = CARTESIAN_POINT('',(7.,50.247339083539,-2.882953410842));
#514 = CARTESIAN_POINT('',(7.,50.364962997135,-3.091839085611));
#515 = CARTESIAN_POINT('',(7.,50.492547853887,-3.294956500098));
#516 = CARTESIAN_POINT('',(7.,50.629721018151,-3.491726759622));
#517 = CARTESIAN_POINT('',(7.,50.776065866794,-3.681605184431));
#518 = CARTESIAN_POINT('',(7.,51.090578490686,-4.051730687109));
#519 = CARTESIAN_POINT('',(7.,51.259249990505,-4.231554944247));
#520 = CARTESIAN_POINT('',(7.,51.436639184261,-4.40299822236));
#521 = CARTESIAN_POINT('',(7.,51.622208877179,-4.565552977307));
#522 = CARTESIAN_POINT('',(7.,51.815385261068,-4.718758181311));
#523 = CARTESIAN_POINT('',(7.,52.144066211647,-4.954282952999));
#524 = CARTESIAN_POINT('',(7.,52.275457723351,-5.042343763116));
#525 = CARTESIAN_POINT('',(7.,52.409573494648,-5.126271220703));
#526 = CARTESIAN_POINT('',(7.,52.546248428688,-5.205964496557));
#527 = CARTESIAN_POINT('',(7.,52.685312936573,-5.281331358299));
#528 = CARTESIAN_POINT('',(7.,52.922734529772,-5.400574558159));
#529 = CARTESIAN_POINT('',(7.,53.019902202852,-5.446818759943));
#530 = CARTESIAN_POINT('',(7.,53.118041178039,-5.490994446308));
#531 = CARTESIAN_POINT('',(7.,53.217095943903,-5.533077199136));
#532 = CARTESIAN_POINT('',(7.,53.317010256143,-5.573044511609));
#533 = CARTESIAN_POINT('',(7.,53.654842769383,-5.699941165558));
#534 = CARTESIAN_POINT('',(7.,53.896408742592,-5.777167820009));
#535 = CARTESIAN_POINT('',(7.,54.141678268493,-5.842286174579));
#536 = CARTESIAN_POINT('',(7.,54.389891229151,-5.89508754331));
#537 = CARTESIAN_POINT('',(7.,54.640274177417,-5.93542413127));
#538 = CARTESIAN_POINT('',(7.,55.250753444144,-6.002796598686));
#539 = CARTESIAN_POINT('',(7.,55.612290312665,-6.016905943364));
#540 = CARTESIAN_POINT('',(7.,55.974362551255,-6.005281567369));
#541 = CARTESIAN_POINT('',(7.,56.334691863707,-5.967939090098));
#542 = CARTESIAN_POINT('',(7.,56.691010228601,-5.905133000709));
#543 = CARTESIAN_POINT('',(7.,57.206706703074,-5.77588193406));
#544 = CARTESIAN_POINT('',(7.,57.370948463964,-5.728784029913));
#545 = CARTESIAN_POINT('',(7.,57.533553811166,-5.676159294043));
#546 = CARTESIAN_POINT('',(7.,57.694289652089,-5.618076286136));
#547 = CARTESIAN_POINT('',(7.,57.852926603067,-5.554616411906));
#548 = CARTESIAN_POINT('',(7.,58.26938001922,-5.371470053627));
#549 = CARTESIAN_POINT('',(7.,58.523087237991,-5.242432852168));
#550 = CARTESIAN_POINT('',(7.,58.769315552391,-5.0992001208));
#551 = CARTESIAN_POINT('',(7.,59.007067958674,-4.942300849282));
#552 = CARTESIAN_POINT('',(7.,59.23539792179,-4.77235693872));
#553 = CARTESIAN_POINT('',(7.,59.670991647218,-4.408175710465));
#554 = CARTESIAN_POINT('',(7.,59.878302861282,-4.21398203097));
#555 = CARTESIAN_POINT('',(7.,60.074456896472,-4.008217605716));
#556 = CARTESIAN_POINT('',(7.,60.258639246486,-3.791672366142));
#557 = CARTESIAN_POINT('',(7.,60.430112072791,-3.56521326254));
#558 = CARTESIAN_POINT('',(7.,60.916425380793,-2.841061568062));
#559 = CARTESIAN_POINT('',(7.,61.187146836886,-2.313510034225));
#560 = CARTESIAN_POINT('',(7.,61.394231280047,-1.75582954648));
#561 = CARTESIAN_POINT('',(7.,61.5338165827,-1.177538023984));
#562 = CARTESIAN_POINT('',(7.,61.603571325046,-0.588676469735));
#563 = CARTESIAN_POINT('',(7.,61.603571325046,0.));
#564 = PCURVE('',#233,#565);
#565 = DEFINITIONAL_REPRESENTATION('',(#566),#694);
#566 = B_SPLINE_CURVE_WITH_KNOTS('',6,(#567,#568,#569,#570,#571,#572,
    #573,#574,#575,#576,#577,#578,#579,#580,#581,#582,#583,#584,#585,
    #586,#587,#588,#589,#590,#591,#592,#593,#594,#595,#596,#597,#598,
    #599,#600,#601,#602,#603,#604,#605,#606,#607,#608,#609,#610,#611,
    #612,#613,#614,#615,#616,#617,#618,#619,#620,#621,#622,#623,#624,
    #625,#626,#627,#628,#629,#630,#631,#632,#633,#634,#635,#636,#637,
    #638,#639,#640,#641,#642,#643,#644,#645,#646,#647,#648,#649,#650,
    #651,#652,#653,#654,#655,#656,#657,#658,#659,#660,#661,#662,#663,
    #664,#665,#666,#667,#668,#669,#670,#671,#672,#673,#674,#675,#676,
    #677,#678,#679,#680,#681,#682,#683,#684,#685,#686,#687,#688,#689,
    #690,#691,#692,#693),.UNSPECIFIED.,.T.,.F.,(7,5,5,5,5,5,5,5,5,5,5,5,
    5,5,5,5,5,5,5,5,5,5,5,5,5,7),(0.,9.332890421104E-02,0.138287390474,
    0.183335539069,0.21040387155,0.267608236655,0.307757670608,
    0.324811488254,0.349872065188,0.388908835593,0.426869131106,
    0.44981222243,0.464764748539,0.49963546144,0.55018755164,
    0.573130636088,0.611090916144,0.650127673218,0.675188246386,
    0.692242064318,0.732391508536,0.789595907712,0.8166642612,
    0.861712446571,0.906670966926,1.),.UNSPECIFIED.);
#567 = CARTESIAN_POINT('',(12.5,-17.60357132504));
#568 = CARTESIAN_POINT('',(13.088675880965,-17.60357132504));
#569 = CARTESIAN_POINT('',(13.677536778423,-17.53381672578));
#570 = CARTESIAN_POINT('',(14.255827722743,-17.39423171539));
#571 = CARTESIAN_POINT('',(14.813507670841,-17.18714772669));
#572 = CARTESIAN_POINT('',(15.341058830997,-16.91642678179));
#573 = CARTESIAN_POINT('',(16.065210181958,-16.43011435215));
#574 = CARTESIAN_POINT('',(16.291669289319,-16.25864175185));
#575 = CARTESIAN_POINT('',(16.508214550089,-16.07445963317));
#576 = CARTESIAN_POINT('',(16.713979014677,-15.87830583306));
#577 = CARTESIAN_POINT('',(16.908172752154,-15.67099485614));
#578 = CARTESIAN_POINT('',(17.272354123873,-15.23540161873));
#579 = CARTESIAN_POINT('',(17.44229812142,-15.00707190772));
#580 = CARTESIAN_POINT('',(17.59919750084,-14.76931975314));
#581 = CARTESIAN_POINT('',(17.742430361242,-14.52309168807));
#582 = CARTESIAN_POINT('',(17.871467712853,-14.26938471429));
#583 = CARTESIAN_POINT('',(18.054614347719,-13.85293167386));
#584 = CARTESIAN_POINT('',(18.11807433461,-13.6942948575));
#585 = CARTESIAN_POINT('',(18.17615746223,-13.5335591483));
#586 = CARTESIAN_POINT('',(18.228782324775,-13.37095392955));
#587 = CARTESIAN_POINT('',(18.275880362444,-13.20671229343));
#588 = CARTESIAN_POINT('',(18.405131881492,-12.69101613159));
#589 = CARTESIAN_POINT('',(18.467938304002,-12.33469793822));
#590 = CARTESIAN_POINT('',(18.505281133704,-11.97436877438));
#591 = CARTESIAN_POINT('',(18.516905879475,-11.61229665921));
#592 = CARTESIAN_POINT('',(18.502796919681,-11.25075988684));
#593 = CARTESIAN_POINT('',(18.435425119165,-10.64028064862));
#594 = CARTESIAN_POINT('',(18.395088798339,-10.38989764843));
#595 = CARTESIAN_POINT('',(18.342287693596,-10.14168462263));
#596 = CARTESIAN_POINT('',(18.277169599095,-9.896415018586));
#597 = CARTESIAN_POINT('',(18.199943200038,-9.654848954507));
#598 = CARTESIAN_POINT('',(18.073046893223,-9.317016270091));
#599 = CARTESIAN_POINT('',(18.033079675902,-9.217101888082));
#600 = CARTESIAN_POINT('',(17.990997016188,-9.118047050664));
#601 = CARTESIAN_POINT('',(17.946821420861,-9.019908002203));
#602 = CARTESIAN_POINT('',(17.900577308001,-8.922740254197));
#603 = CARTESIAN_POINT('',(17.781334310578,-8.685318448447));
#604 = CARTESIAN_POINT('',(17.705967558386,-8.546253801842));
#605 = CARTESIAN_POINT('',(17.626274385905,-8.409578726713));
#606 = CARTESIAN_POINT('',(17.542347025468,-8.275462812265));
#607 = CARTESIAN_POINT('',(17.454286306247,-8.144071155655));
#608 = CARTESIAN_POINT('',(17.218761723603,-7.815389792488));
#609 = CARTESIAN_POINT('',(17.065556605074,-7.622213141525));
#610 = CARTESIAN_POINT('',(16.903001916864,-7.436643182215));
#611 = CARTESIAN_POINT('',(16.73155868708,-7.259253724226));
#612 = CARTESIAN_POINT('',(16.551734460341,-7.090581963765));
#613 = CARTESIAN_POINT('',(16.181608971475,-6.776068825391));
#614 = CARTESIAN_POINT('',(15.991730530045,-6.629723723776));
#615 = CARTESIAN_POINT('',(15.794960237219,-6.49255031374));
#616 = CARTESIAN_POINT('',(15.591842773543,-6.364965219696));
#617 = CARTESIAN_POINT('',(15.382957034615,-6.247341078477));
#618 = CARTESIAN_POINT('',(15.039551546145,-6.07513092737));
#619 = CARTESIAN_POINT('',(14.908302613205,-6.014014778112));
#620 = CARTESIAN_POINT('',(14.775305087197,-5.956728216818));
#621 = CARTESIAN_POINT('',(14.640697410455,-5.903336253614));
#622 = CARTESIAN_POINT('',(14.504621404362,-5.853896956533));
#623 = CARTESIAN_POINT('',(14.277676177913,-5.778850116001));
#624 = CARTESIAN_POINT('',(14.187568011293,-5.750939313916));
#625 = CARTESIAN_POINT('',(14.09693791561,-5.72474316224));
#626 = CARTESIAN_POINT('',(14.005826479949,-5.700274430154));
#627 = CARTESIAN_POINT('',(13.914274736351,-5.677544539038));
#628 = CARTESIAN_POINT('',(13.607886670645,-5.607633929799));
#629 = CARTESIAN_POINT('',(13.391278284032,-5.568215650945));
#630 = CARTESIAN_POINT('',(13.173028012929,-5.538437170345));
#631 = CARTESIAN_POINT('',(12.953670496052,-5.518384682057));
#632 = CARTESIAN_POINT('',(12.733745997888,-5.508102129762));
#633 = CARTESIAN_POINT('',(12.194945176335,-5.506850521442));
#634 = CARTESIAN_POINT('',(11.876032243067,-5.526645852388));
#635 = CARTESIAN_POINT('',(11.558736274198,-5.566983695173));
#636 = CARTESIAN_POINT('',(11.244697074402,-5.627672482706));
#637 = CARTESIAN_POINT('',(10.935521939262,-5.708349400138));
#638 = CARTESIAN_POINT('',(10.495381929962,-5.853895765589));
#639 = CARTESIAN_POINT('',(10.359305974729,-5.903334952319));
#640 = CARTESIAN_POINT('',(10.224698344758,-5.956726801435));
#641 = CARTESIAN_POINT('',(10.091700861221,-6.014013245097));
#642 = CARTESIAN_POINT('',(9.960451966253,-6.075129273383));
#643 = CARTESIAN_POINT('',(9.617046589158,-6.247339083539));
#644 = CARTESIAN_POINT('',(9.408160914389,-6.364962997135));
#645 = CARTESIAN_POINT('',(9.205043499902,-6.492547853887));
#646 = CARTESIAN_POINT('',(9.008273240378,-6.629721018151));
#647 = CARTESIAN_POINT('',(8.818394815569,-6.776065866794));
#648 = CARTESIAN_POINT('',(8.448269312891,-7.090578490686));
#649 = CARTESIAN_POINT('',(8.268445055753,-7.259249990505));
#650 = CARTESIAN_POINT('',(8.09700177764,-7.436639184261));
#651 = CARTESIAN_POINT('',(7.934447022693,-7.622208877179));
#652 = CARTESIAN_POINT('',(7.781241818689,-7.815385261068));
#653 = CARTESIAN_POINT('',(7.545717047001,-8.144066211647));
#654 = CARTESIAN_POINT('',(7.457656236884,-8.275457723351));
#655 = CARTESIAN_POINT('',(7.373728779297,-8.409573494648));
#656 = CARTESIAN_POINT('',(7.294035503443,-8.546248428688));
#657 = CARTESIAN_POINT('',(7.218668641701,-8.685312936573));
#658 = CARTESIAN_POINT('',(7.099425441841,-8.922734529772));
#659 = CARTESIAN_POINT('',(7.053181240057,-9.019902202852));
#660 = CARTESIAN_POINT('',(7.009005553692,-9.118041178039));
#661 = CARTESIAN_POINT('',(6.966922800864,-9.217095943903));
#662 = CARTESIAN_POINT('',(6.926955488391,-9.317010256143));
#663 = CARTESIAN_POINT('',(6.800058834442,-9.654842769383));
#664 = CARTESIAN_POINT('',(6.722832179991,-9.896408742592));
#665 = CARTESIAN_POINT('',(6.657713825421,-10.14167826849));
#666 = CARTESIAN_POINT('',(6.60491245669,-10.38989122915));
#667 = CARTESIAN_POINT('',(6.56457586873,-10.64027417741));
#668 = CARTESIAN_POINT('',(6.497203401314,-11.25075344414));
#669 = CARTESIAN_POINT('',(6.483094056636,-11.61229031266));
#670 = CARTESIAN_POINT('',(6.494718432631,-11.97436255125));
#671 = CARTESIAN_POINT('',(6.532060909902,-12.3346918637));
#672 = CARTESIAN_POINT('',(6.594866999291,-12.6910102286));
#673 = CARTESIAN_POINT('',(6.72411806594,-13.20670670307));
#674 = CARTESIAN_POINT('',(6.771215970087,-13.37094846396));
#675 = CARTESIAN_POINT('',(6.823840705957,-13.53355381116));
#676 = CARTESIAN_POINT('',(6.881923713864,-13.69428965208));
#677 = CARTESIAN_POINT('',(6.945383588094,-13.85292660306));
#678 = CARTESIAN_POINT('',(7.128529946373,-14.26938001922));
#679 = CARTESIAN_POINT('',(7.257567147832,-14.52308723799));
#680 = CARTESIAN_POINT('',(7.4007998792,-14.76931555239));
#681 = CARTESIAN_POINT('',(7.557699150718,-15.00706795867));
#682 = CARTESIAN_POINT('',(7.72764306128,-15.23539792179));
#683 = CARTESIAN_POINT('',(8.091824289535,-15.67099164721));
#684 = CARTESIAN_POINT('',(8.28601796903,-15.87830286128));
#685 = CARTESIAN_POINT('',(8.491782394284,-16.07445689647));
#686 = CARTESIAN_POINT('',(8.708327633858,-16.25863924648));
#687 = CARTESIAN_POINT('',(8.93478673746,-16.43011207279));
#688 = CARTESIAN_POINT('',(9.658938431938,-16.91642538079));
#689 = CARTESIAN_POINT('',(10.186489965775,-17.18714683688));
#690 = CARTESIAN_POINT('',(10.74417045352,-17.39423128004));
#691 = CARTESIAN_POINT('',(11.322461976016,-17.5338165827));
#692 = CARTESIAN_POINT('',(11.911323530265,-17.60357132504));
#693 = CARTESIAN_POINT('',(12.5,-17.60357132504));
#694 = ( GEOMETRIC_REPRESENTATION_CONTEXT(2) 
PARAMETRIC_REPRESENTATION_CONTEXT() REPRESENTATION_CONTEXT('2D SPACE',''
  ) );
#695 = PCURVE('',#696,#701);
#696 = TOROIDAL_SURFACE('',#697,56.,6.);
#697 = AXIS2_PLACEMENT_3D('',#698,#699,#700);
#698 = CARTESIAN_POINT('',(0.,0.,0.));
#699 = DIRECTION('',(0.,0.,1.));
#700 = DIRECTION('',(1.,0.,-0.));
#701 = DEFINITIONAL_REPRESENTATION('',(#702),#830);
#702 = B_SPLINE_CURVE_WITH_KNOTS('',6,(#703,#704,#705,#706,#707,#708,
    #709,#710,#711,#712,#713,#714,#715,#716,#717,#718,#719,#720,#721,
    #722,#723,#724,#725,#726,#727,#728,#729,#730,#731,#732,#733,#734,
    #735,#736,#737,#738,#739,#740,#741,#742,#743,#744,#745,#746,#747,
    #748,#749,#750,#751,#752,#753,#754,#755,#756,#757,#758,#759,#760,
    #761,#762,#763,#764,#765,#766,#767,#768,#769,#770,#771,#772,#773,
    #774,#775,#776,#777,#778,#779,#780,#781,#782,#783,#784,#785,#786,
    #787,#788,#789,#790,#791,#792,#793,#794,#795,#796,#797,#798,#799,
    #800,#801,#802,#803,#804,#805,#806,#807,#808,#809,#810,#811,#812,
    #813,#814,#815,#816,#817,#818,#819,#820,#821,#822,#823,#824,#825,
    #826,#827,#828,#829),.UNSPECIFIED.,.F.,.F.,(7,5,5,5,5,5,5,5,5,5,5,5,
    5,5,5,5,5,5,5,5,5,5,5,5,5,7),(0.,9.332890421104E-02,0.138287390474,
    0.183335539069,0.21040387155,0.267608236655,0.307757670608,
    0.324811488254,0.349872065188,0.388908835593,0.426869131106,
    0.44981222243,0.464764748539,0.49963546144,0.55018755164,
    0.573130636088,0.611090916144,0.650127673218,0.675188246386,
    0.692242064318,0.732391508536,0.789595907712,0.8166642612,
    0.861712446571,0.906670966926,1.),.UNSPECIFIED.);
#703 = CARTESIAN_POINT('',(1.45765184903,0.));
#704 = CARTESIAN_POINT('',(1.45765184903,9.81126468275E-02));
#705 = CARTESIAN_POINT('',(1.457524824968,0.196255518983));
#706 = CARTESIAN_POINT('',(1.457270636389,0.294340342022));
#707 = CARTESIAN_POINT('',(1.456891402804,0.392383971435));
#708 = CARTESIAN_POINT('',(1.456389897021,0.490403253634));
#709 = CARTESIAN_POINT('',(1.455474776327,0.635487493181));
#710 = CARTESIAN_POINT('',(1.455150268054,0.682639862622));
#711 = CARTESIAN_POINT('',(1.454799401331,0.729773614492));
#712 = CARTESIAN_POINT('',(1.45442290921,0.776888742995));
#713 = CARTESIAN_POINT('',(1.454021653984,0.823985614581));
#714 = CARTESIAN_POINT('',(1.453170816759,0.918233397843));
#715 = CARTESIAN_POINT('',(1.452721127461,0.965385634379));
#716 = CARTESIAN_POINT('',(1.452248621525,1.012517815917));
#717 = CARTESIAN_POINT('',(1.451754450336,1.059631139576));
#718 = CARTESIAN_POINT('',(1.451239923737,1.106727215679));
#719 = CARTESIAN_POINT('',(1.450386054528,1.182094215853));
#720 = CARTESIAN_POINT('',(1.450058753258,1.210376565065));
#721 = CARTESIAN_POINT('',(1.449724966198,1.238653149216));
#722 = CARTESIAN_POINT('',(1.449385039375,1.266924291554));
#723 = CARTESIAN_POINT('',(1.449039342205,1.295190364563));
#724 = CARTESIAN_POINT('',(1.447946330168,1.383177556138));
#725 = CARTESIAN_POINT('',(1.447180352316,1.44288449415));
#726 = CARTESIAN_POINT('',(1.446394094241,1.50257258727));
#727 = CARTESIAN_POINT('',(1.445591722373,1.562249215993));
#728 = CARTESIAN_POINT('',(1.444777909596,1.621922175248));
#729 = CARTESIAN_POINT('',(1.443382362977,1.723474049531));
#730 = CARTESIAN_POINT('',(1.442803757106,1.765354950669));
#731 = CARTESIAN_POINT('',(1.442223880046,1.807238054589));
#732 = CARTESIAN_POINT('',(1.441644634756,1.849125387762));
#733 = CARTESIAN_POINT('',(1.441068026322,1.891018949942));
#734 = CARTESIAN_POINT('',(1.440253257644,1.950718849187));
#735 = CARTESIAN_POINT('',(1.440011208279,1.968518479757));
#736 = CARTESIAN_POINT('',(1.439770174711,1.986319756001));
#737 = CARTESIAN_POINT('',(1.439530320083,2.004122822616));
#738 = CARTESIAN_POINT('',(1.439291809829,2.021927818878));
#739 = CARTESIAN_POINT('',(1.43870654301,2.065902344504));
#740 = CARTESIAN_POINT('',(1.438361538479,2.092074279922));
#741 = CARTESIAN_POINT('',(1.438020331836,2.118251105915));
#742 = CARTESIAN_POINT('',(1.437683461909,2.144433204017));
#743 = CARTESIAN_POINT('',(1.4373514726,2.170620916275));
#744 = CARTESIAN_POINT('',(1.436516232011,2.237616266738));
#745 = CARTESIAN_POINT('',(1.436020719661,2.278432695971));
#746 = CARTESIAN_POINT('',(1.435540449059,2.319264259214));
#747 = CARTESIAN_POINT('',(1.435077490048,2.36011214847));
#748 = CARTESIAN_POINT('',(1.434633872847,2.400977212592));
#749 = CARTESIAN_POINT('',(1.43380087667,2.481613135457));
#750 = CARTESIAN_POINT('',(1.433410332827,2.521383714115));
#751 = CARTESIAN_POINT('',(1.433041716615,2.561169919146));
#752 = CARTESIAN_POINT('',(1.432696733938,2.600971802894));
#753 = CARTESIAN_POINT('',(1.432376961785,2.640789063338));
#754 = CARTESIAN_POINT('',(1.431906629511,2.704693656659));
#755 = CARTESIAN_POINT('',(1.431739171797,2.728772450894));
#756 = CARTESIAN_POINT('',(1.431581748755,2.752856113346));
#757 = CARTESIAN_POINT('',(1.431434645479,2.776944361258));
#758 = CARTESIAN_POINT('',(1.431298120002,2.801036870627));
#759 = CARTESIAN_POINT('',(1.431090470906,2.840837443006));
#760 = CARTESIAN_POINT('',(1.431013129083,2.856543270081));
#761 = CARTESIAN_POINT('',(1.430940441416,2.872250656604));
#762 = CARTESIAN_POINT('',(1.430872465699,2.887959495885));
#763 = CARTESIAN_POINT('',(1.430809253936,2.903669675364));
#764 = CARTESIAN_POINT('',(1.43061465426,2.956021558493));
#765 = CARTESIAN_POINT('',(1.430504614117,2.992668805629));
#766 = CARTESIAN_POINT('',(1.430421323378,3.029321229261));
#767 = CARTESIAN_POINT('',(1.430365179823,3.065977168092));
#768 = CARTESIAN_POINT('',(1.430336387549,3.102634888282));
#769 = CARTESIAN_POINT('',(1.430332883048,3.192435262744));
#770 = CARTESIAN_POINT('',(1.430388309836,3.245579754696));
#771 = CARTESIAN_POINT('',(1.430501263321,3.298717159684));
#772 = CARTESIAN_POINT('',(1.430670863192,3.35184426511));
#773 = CARTESIAN_POINT('',(1.430895400591,3.404958204311));
#774 = CARTESIAN_POINT('',(1.431298116712,3.482147847256));
#775 = CARTESIAN_POINT('',(1.431434641891,3.506240342499));
#776 = CARTESIAN_POINT('',(1.43158174486,3.530328576297));
#777 = CARTESIAN_POINT('',(1.431739167588,3.554412224644));
#778 = CARTESIAN_POINT('',(1.431906624982,3.578491004785));
#779 = CARTESIAN_POINT('',(1.432376956357,3.642395556439));
#780 = CARTESIAN_POINT('',(1.432696727917,3.682212789329));
#781 = CARTESIAN_POINT('',(1.433041709983,3.722014645555));
#782 = CARTESIAN_POINT('',(1.433410325571,3.761800823091));
#783 = CARTESIAN_POINT('',(1.433800868784,3.80157137428));
#784 = CARTESIAN_POINT('',(1.434633863701,3.882207244159));
#785 = CARTESIAN_POINT('',(1.435077480276,3.923072282762));
#786 = CARTESIAN_POINT('',(1.435540438666,3.963920146516));
#787 = CARTESIAN_POINT('',(1.436020708654,4.004751684268));
#788 = CARTESIAN_POINT('',(1.436516220404,4.045568088016));
#789 = CARTESIAN_POINT('',(1.437351460096,4.112563401642));
#790 = CARTESIAN_POINT('',(1.4376834491,4.138751102544));
#791 = CARTESIAN_POINT('',(1.438020318734,4.164933189286));
#792 = CARTESIAN_POINT('',(1.438361525092,4.191110003915));
#793 = CARTESIAN_POINT('',(1.43870652935,4.217281927963));
#794 = CARTESIAN_POINT('',(1.439291795768,4.261256437446));
#795 = CARTESIAN_POINT('',(1.439530305888,4.279061428937));
#796 = CARTESIAN_POINT('',(1.439770160389,4.296864490778));
#797 = CARTESIAN_POINT('',(1.440011193836,4.314665762243));
#798 = CARTESIAN_POINT('',(1.440253243085,4.332465388029));
#799 = CARTESIAN_POINT('',(1.441068011533,4.392165281216));
#800 = CARTESIAN_POINT('',(1.441644619882,4.434058842096));
#801 = CARTESIAN_POINT('',(1.44222386512,4.475946173932));
#802 = CARTESIAN_POINT('',(1.442803742163,4.517829276481));
#803 = CARTESIAN_POINT('',(1.44338234805,4.559710176211));
#804 = CARTESIAN_POINT('',(1.44477789506,4.661262067279));
#805 = CARTESIAN_POINT('',(1.44559170824,4.720935044692));
#806 = CARTESIAN_POINT('',(1.446394080561,4.780611691504));
#807 = CARTESIAN_POINT('',(1.447180339131,4.84029980266));
#808 = CARTESIAN_POINT('',(1.44794631751,4.900006758667));
#809 = CARTESIAN_POINT('',(1.449039330426,4.987993981803));
#810 = CARTESIAN_POINT('',(1.449385027924,5.016260068405));
#811 = CARTESIAN_POINT('',(1.449724955079,5.044531224333));
#812 = CARTESIAN_POINT('',(1.450058742473,5.07280782207));
#813 = CARTESIAN_POINT('',(1.450386044078,5.101090184869));
#814 = CARTESIAN_POINT('',(1.4512399142,5.176457223138));
#815 = CARTESIAN_POINT('',(1.451754441376,5.223553323754));
#816 = CARTESIAN_POINT('',(1.452248613139,5.270666671933));
#817 = CARTESIAN_POINT('',(1.452721119639,5.317798878003));
#818 = CARTESIAN_POINT('',(1.453170809489,5.364951139089));
#819 = CARTESIAN_POINT('',(1.454021647764,5.459198968706));
#820 = CARTESIAN_POINT('',(1.454422903491,5.506295862097));
#821 = CARTESIAN_POINT('',(1.4547993961,5.553411012425));
#822 = CARTESIAN_POINT('',(1.455150263292,5.600544786143));
#823 = CARTESIAN_POINT('',(1.455474772017,5.647697177461));
#824 = CARTESIAN_POINT('',(1.456389894427,5.792781545322));
#825 = CARTESIAN_POINT('',(1.456891401173,5.890800919191));
#826 = CARTESIAN_POINT('',(1.457270635597,5.988844656548));
#827 = CARTESIAN_POINT('',(1.457524824707,6.08692958045));
#828 = CARTESIAN_POINT('',(1.45765184903,6.185072562224));
#829 = CARTESIAN_POINT('',(1.45765184903,6.28318530718));
#830 = ( GEOMETRIC_REPRESENTATION_CONTEXT(2) 
PARAMETRIC_REPRESENTATION_CONTEXT() REPRESENTATION_CONTEXT('2D SPACE',''
  ) );
#831 = ADVANCED_FACE('',(#832),#696,.T.);
#832 = FACE_BOUND('',#833,.T.);
#833 = EDGE_LOOP('',(#834,#921,#943,#944,#945,#1025,#1054,#1083));
#834 = ORIENTED_EDGE('',*,*,#835,.F.);
#835 = EDGE_CURVE('',#836,#838,#840,.T.);
#836 = VERTEX_POINT('',#837);
#837 = CARTESIAN_POINT('',(61.927376821564,3.,-1.469576158977E-15));
#838 = VERTEX_POINT('',#839);
#839 = CARTESIAN_POINT('',(58.,3.,5.628840989738));
#840 = SURFACE_CURVE('',#841,(#864,#890),.PCURVE_S1.);
#841 = B_SPLINE_CURVE_WITH_KNOTS('',6,(#842,#843,#844,#845,#846,#847,
    #848,#849,#850,#851,#852,#853,#854,#855,#856,#857,#858,#859,#860,
    #861,#862,#863),.UNSPECIFIED.,.F.,.F.,(7,5,5,5,7),(0.,0.347734047917
    ,0.518650692281,0.685913316889,1.),.UNSPECIFIED.);
#842 = CARTESIAN_POINT('',(61.927376821564,3.,0.));
#843 = CARTESIAN_POINT('',(61.927376821564,3.,0.588347129142));
#844 = CARTESIAN_POINT('',(61.858064601146,3.,1.176864147625));
#845 = CARTESIAN_POINT('',(61.719370245426,3.,1.754958928856));
#846 = CARTESIAN_POINT('',(61.513511553346,3.,2.312676934232));
#847 = CARTESIAN_POINT('',(61.244209288468,3.,2.840529872203));
#848 = CARTESIAN_POINT('',(60.756800397921,3.,3.570257352407));
#849 = CARTESIAN_POINT('',(60.582265616091,3.,3.801445332998));
#850 = CARTESIAN_POINT('',(60.39449829984,3.,4.02233438701));
#851 = CARTESIAN_POINT('',(60.194266792116,3.,4.231991145872));
#852 = CARTESIAN_POINT('',(59.982425450989,3.,4.429561338639));
#853 = CARTESIAN_POINT('',(59.542158381373,3.,4.795030656442));
#854 = CARTESIAN_POINT('',(59.31417739751,3.,4.963479362825));
#855 = CARTESIAN_POINT('',(59.076850811711,3.,5.118891855358));
#856 = CARTESIAN_POINT('',(58.831115087478,3.,5.260634512108));
#857 = CARTESIAN_POINT('',(58.577961526133,3.,5.388164971054));
#858 = CARTESIAN_POINT('',(57.831094727396,3.,5.71297521435));
#859 = CARTESIAN_POINT('',(57.321181120893,3.,5.873258619766));
#860 = CARTESIAN_POINT('',(56.795744539483,3.,5.978803954236));
#861 = CARTESIAN_POINT('',(56.262077774287,3.,6.028016365295));
#862 = CARTESIAN_POINT('',(55.727622924669,3.,6.020370303047));
#863 = CARTESIAN_POINT('',(55.2,3.,5.956819840443));
#864 = PCURVE('',#696,#865);
#865 = DEFINITIONAL_REPRESENTATION('',(#866),#889);
#866 = B_SPLINE_CURVE_WITH_KNOTS('',6,(#867,#868,#869,#870,#871,#872,
    #873,#874,#875,#876,#877,#878,#879,#880,#881,#882,#883,#884,#885,
    #886,#887,#888),.UNSPECIFIED.,.F.,.F.,(7,5,5,5,7),(0.,0.347734047917
    ,0.518650692281,0.685913316889,1.),.UNSPECIFIED.);
#867 = CARTESIAN_POINT('',(4.840599823677E-02,0.));
#868 = CARTESIAN_POINT('',(4.840599823677E-02,9.805785485692E-02));
#869 = CARTESIAN_POINT('',(4.846009184481E-02,0.19614345312));
#870 = CARTESIAN_POINT('',(4.856833485584E-02,0.294192535129));
#871 = CARTESIAN_POINT('',(4.872989996488E-02,0.392234123566));
#872 = CARTESIAN_POINT('',(4.894369791756E-02,0.490297272967));
#873 = CARTESIAN_POINT('',(4.933677676205E-02,0.636498699048));
#874 = CARTESIAN_POINT('',(4.94783510081E-02,0.684675693011));
#875 = CARTESIAN_POINT('',(4.963168951112E-02,0.732848382248));
#876 = CARTESIAN_POINT('',(4.979647264864E-02,0.781017514767));
#877 = CARTESIAN_POINT('',(4.997231899895E-02,0.829183912051));
#878 = CARTESIAN_POINT('',(5.034123240569E-02,0.924478142605));
#879 = CARTESIAN_POINT('',(5.053385644745E-02,0.971607612221));
#880 = CARTESIAN_POINT('',(5.073620924873E-02,1.018732756353));
#881 = CARTESIAN_POINT('',(5.094780491093E-02,1.065854462827));
#882 = CARTESIAN_POINT('',(5.116808589697E-02,1.112973695873));
#883 = CARTESIAN_POINT('',(5.182514578061E-02,1.248562893715));
#884 = CARTESIAN_POINT('',(5.228232111107E-02,1.337041585773));
#885 = CARTESIAN_POINT('',(5.276353844493E-02,1.42549250247));
#886 = CARTESIAN_POINT('',(5.326365645713E-02,1.513937032362));
#887 = CARTESIAN_POINT('',(5.377646424597E-02,1.602396758009));
#888 = CARTESIAN_POINT('',(5.429441190831E-02,1.69084083462));
#889 = ( GEOMETRIC_REPRESENTATION_CONTEXT(2) 
PARAMETRIC_REPRESENTATION_CONTEXT() REPRESENTATION_CONTEXT('2D SPACE',''
  ) );
#890 = PCURVE('',#891,#896);
#891 = PLANE('',#892);
#892 = AXIS2_PLACEMENT_3D('',#893,#894,#895);
#893 = CARTESIAN_POINT('',(58.,3.,-4.));
#894 = DIRECTION('',(-0.,1.,0.));
#895 = DIRECTION('',(0.,0.,1.));
#896 = DEFINITIONAL_REPRESENTATION('',(#897),#920);
#897 = B_SPLINE_CURVE_WITH_KNOTS('',6,(#898,#899,#900,#901,#902,#903,
    #904,#905,#906,#907,#908,#909,#910,#911,#912,#913,#914,#915,#916,
    #917,#918,#919),.UNSPECIFIED.,.F.,.F.,(7,5,5,5,7),(0.,0.347734047917
    ,0.518650692281,0.685913316889,1.),.UNSPECIFIED.);
#898 = CARTESIAN_POINT('',(4.,3.927376821564));
#899 = CARTESIAN_POINT('',(4.588347129142,3.927376821564));
#900 = CARTESIAN_POINT('',(5.176864147625,3.858064601146));
#901 = CARTESIAN_POINT('',(5.754958928856,3.719370245426));
#902 = CARTESIAN_POINT('',(6.312676934232,3.513511553346));
#903 = CARTESIAN_POINT('',(6.840529872203,3.244209288468));
#904 = CARTESIAN_POINT('',(7.570257352407,2.756800397921));
#905 = CARTESIAN_POINT('',(7.801445332998,2.582265616091));
#906 = CARTESIAN_POINT('',(8.02233438701,2.39449829984));
#907 = CARTESIAN_POINT('',(8.231991145872,2.194266792116));
#908 = CARTESIAN_POINT('',(8.429561338639,1.982425450989));
#909 = CARTESIAN_POINT('',(8.795030656442,1.542158381373));
#910 = CARTESIAN_POINT('',(8.963479362825,1.31417739751));
#911 = CARTESIAN_POINT('',(9.118891855358,1.076850811711));
#912 = CARTESIAN_POINT('',(9.260634512108,0.831115087478));
#913 = CARTESIAN_POINT('',(9.388164971054,0.577961526133));
#914 = CARTESIAN_POINT('',(9.71297521435,-0.168905272604));
#915 = CARTESIAN_POINT('',(9.873258619766,-0.678818879107));
#916 = CARTESIAN_POINT('',(9.978803954236,-1.204255460517));
#917 = CARTESIAN_POINT('',(10.028016365295,-1.737922225713));
#918 = CARTESIAN_POINT('',(10.020370303047,-2.272377075331));
#919 = CARTESIAN_POINT('',(9.956819840443,-2.8));
#920 = ( GEOMETRIC_REPRESENTATION_CONTEXT(2) 
PARAMETRIC_REPRESENTATION_CONTEXT() REPRESENTATION_CONTEXT('2D SPACE',''
  ) );
#921 = ORIENTED_EDGE('',*,*,#922,.T.);
#922 = EDGE_CURVE('',#836,#433,#923,.T.);
#923 = SEAM_CURVE('',#924,(#929,#936),.PCURVE_S1.);
#924 = CIRCLE('',#925,62.);
#925 = AXIS2_PLACEMENT_3D('',#926,#927,#928);
#926 = CARTESIAN_POINT('',(0.,0.,-1.469576158977E-15));
#927 = DIRECTION('',(0.,0.,1.));
#928 = DIRECTION('',(1.,0.,-0.));
#929 = PCURVE('',#696,#930);
#930 = DEFINITIONAL_REPRESENTATION('',(#931),#935);
#931 = LINE('',#932,#933);
#932 = CARTESIAN_POINT('',(0.,0.));
#933 = VECTOR('',#934,1.);
#934 = DIRECTION('',(1.,0.));
#935 = ( GEOMETRIC_REPRESENTATION_CONTEXT(2) 
PARAMETRIC_REPRESENTATION_CONTEXT() REPRESENTATION_CONTEXT('2D SPACE',''
  ) );
#936 = PCURVE('',#696,#937);
#937 = DEFINITIONAL_REPRESENTATION('',(#938),#942);
#938 = LINE('',#939,#940);
#939 = CARTESIAN_POINT('',(0.,6.28318530718));
#940 = VECTOR('',#941,1.);
#941 = DIRECTION('',(1.,0.));
#942 = ( GEOMETRIC_REPRESENTATION_CONTEXT(2) 
PARAMETRIC_REPRESENTATION_CONTEXT() REPRESENTATION_CONTEXT('2D SPACE',''
  ) );
#943 = ORIENTED_EDGE('',*,*,#432,.T.);
#944 = ORIENTED_EDGE('',*,*,#922,.F.);
#945 = ORIENTED_EDGE('',*,*,#946,.F.);
#946 = EDGE_CURVE('',#947,#836,#949,.T.);
#947 = VERTEX_POINT('',#948);
#948 = CARTESIAN_POINT('',(60.397675675145,3.,-4.));
#949 = SURFACE_CURVE('',#950,(#973,#999),.PCURVE_S1.);
#950 = B_SPLINE_CURVE_WITH_KNOTS('',6,(#951,#952,#953,#954,#955,#956,
    #957,#958,#959,#960,#961,#962,#963,#964,#965,#966,#967,#968,#969,
    #970,#971,#972),.UNSPECIFIED.,.F.,.F.,(7,5,5,5,7),(0.,0.314086377583
    ,0.481349015575,0.652265671888,1.),.UNSPECIFIED.);
#951 = CARTESIAN_POINT('',(55.2,3.,-5.956819840443));
#952 = CARTESIAN_POINT('',(55.72762241935,3.,-6.020370242183));
#953 = CARTESIAN_POINT('',(56.262076750281,3.,-6.028016350617));
#954 = CARTESIAN_POINT('',(56.795743005732,3.,-5.978804095688));
#955 = CARTESIAN_POINT('',(57.321179107612,3.,-5.873259024218));
#956 = CARTESIAN_POINT('',(57.831092285293,3.,-5.71297598195));
#957 = CARTESIAN_POINT('',(58.577958806999,3.,-5.388166310409));
#958 = CARTESIAN_POINT('',(58.831112456611,3.,-5.260635966606));
#959 = CARTESIAN_POINT('',(59.076848274838,3.,-5.118893418596));
#960 = CARTESIAN_POINT('',(59.31417495981,3.,-4.963481028061));
#961 = CARTESIAN_POINT('',(59.542156047449,3.,-4.795032416651));
#962 = CARTESIAN_POINT('',(59.982423332733,3.,-4.42956327809));
#963 = CARTESIAN_POINT('',(60.194264786151,3.,-4.231993169534));
#964 = CARTESIAN_POINT('',(60.39449640996,3.,-4.022336487322));
#965 = CARTESIAN_POINT('',(60.582263845468,3.,-3.80144750221));
#966 = CARTESIAN_POINT('',(60.7567987491,3.,-3.570259582644));
#967 = CARTESIAN_POINT('',(61.244208255516,3.,-2.840531903531));
#968 = CARTESIAN_POINT('',(61.513510890222,3.,-2.312678698619));
#969 = CARTESIAN_POINT('',(61.719369925014,3.,-1.754960286049));
#970 = CARTESIAN_POINT('',(61.858064495651,3.,-1.176865075079));
#971 = CARTESIAN_POINT('',(61.927376821564,3.,-0.588347562671));
#972 = CARTESIAN_POINT('',(61.927376821564,3.,0.));
#973 = PCURVE('',#696,#974);
#974 = DEFINITIONAL_REPRESENTATION('',(#975),#998);
#975 = B_SPLINE_CURVE_WITH_KNOTS('',6,(#976,#977,#978,#979,#980,#981,
    #982,#983,#984,#985,#986,#987,#988,#989,#990,#991,#992,#993,#994,
    #995,#996,#997),.UNSPECIFIED.,.F.,.F.,(7,5,5,5,7),(0.,0.314086377583
    ,0.481349015575,0.652265671888,1.),.UNSPECIFIED.);
#976 = CARTESIAN_POINT('',(5.429441190831E-02,4.59234447256));
#977 = CARTESIAN_POINT('',(5.377646474202E-02,4.680788464465));
#978 = CARTESIAN_POINT('',(5.326365743967E-02,4.769248105331));
#979 = CARTESIAN_POINT('',(5.276353988225E-02,4.857692550519));
#980 = CARTESIAN_POINT('',(5.228232295491E-02,4.946143382496));
#981 = CARTESIAN_POINT('',(5.182514797014E-02,5.034621989719));
#982 = CARTESIAN_POINT('',(5.116808826727E-02,5.170211107224));
#983 = CARTESIAN_POINT('',(5.094780718412E-02,5.217330344719));
#984 = CARTESIAN_POINT('',(5.073621142235E-02,5.264452055641));
#985 = CARTESIAN_POINT('',(5.053385851959E-02,5.311577204221));
#986 = CARTESIAN_POINT('',(5.034123437492E-02,5.358706678285));
#987 = CARTESIAN_POINT('',(4.997232076004E-02,5.454000917347));
#988 = CARTESIAN_POINT('',(4.979647430425E-02,5.502167318692));
#989 = CARTESIAN_POINT('',(4.963169106049E-02,5.550336455271));
#990 = CARTESIAN_POINT('',(4.947835245086E-02,5.598509148571));
#991 = CARTESIAN_POINT('',(4.933677809824E-02,5.646686146598));
#992 = CARTESIAN_POINT('',(4.894369873743E-02,5.79288765715));
#993 = CARTESIAN_POINT('',(4.872990048591E-02,5.890950872426));
#994 = CARTESIAN_POINT('',(4.856833510543E-02,5.988992542567));
#995 = CARTESIAN_POINT('',(4.846009192728E-02,6.087041699327));
#996 = CARTESIAN_POINT('',(4.840599823677E-02,6.185127380068));
#997 = CARTESIAN_POINT('',(4.840599823677E-02,6.28318530718));
#998 = ( GEOMETRIC_REPRESENTATION_CONTEXT(2) 
PARAMETRIC_REPRESENTATION_CONTEXT() REPRESENTATION_CONTEXT('2D SPACE',''
  ) );
#999 = PCURVE('',#891,#1000);
#1000 = DEFINITIONAL_REPRESENTATION('',(#1001),#1024);
#1001 = B_SPLINE_CURVE_WITH_KNOTS('',6,(#1002,#1003,#1004,#1005,#1006,
    #1007,#1008,#1009,#1010,#1011,#1012,#1013,#1014,#1015,#1016,#1017,
    #1018,#1019,#1020,#1021,#1022,#1023),.UNSPECIFIED.,.F.,.F.,(7,5,5,5,
    7),(0.,0.314086377583,0.481349015575,0.652265671888,1.),
  .UNSPECIFIED.);
#1002 = CARTESIAN_POINT('',(-1.956819840443,-2.8));
#1003 = CARTESIAN_POINT('',(-2.020370242183,-2.27237758065));
#1004 = CARTESIAN_POINT('',(-2.028016350617,-1.737923249719));
#1005 = CARTESIAN_POINT('',(-1.978804095688,-1.204256994268));
#1006 = CARTESIAN_POINT('',(-1.873259024218,-0.678820892388));
#1007 = CARTESIAN_POINT('',(-1.71297598195,-0.168907714707));
#1008 = CARTESIAN_POINT('',(-1.388166310409,0.577958806999));
#1009 = CARTESIAN_POINT('',(-1.260635966606,0.831112456611));
#1010 = CARTESIAN_POINT('',(-1.118893418596,1.076848274838));
#1011 = CARTESIAN_POINT('',(-0.963481028061,1.31417495981));
#1012 = CARTESIAN_POINT('',(-0.795032416651,1.542156047449));
#1013 = CARTESIAN_POINT('',(-0.42956327809,1.982423332733));
#1014 = CARTESIAN_POINT('',(-0.231993169534,2.194264786151));
#1015 = CARTESIAN_POINT('',(-2.233648732169E-02,2.39449640996));
#1016 = CARTESIAN_POINT('',(0.19855249779,2.582263845468));
#1017 = CARTESIAN_POINT('',(0.429740417356,2.7567987491));
#1018 = CARTESIAN_POINT('',(1.159468096469,3.244208255516));
#1019 = CARTESIAN_POINT('',(1.687321301381,3.513510890222));
#1020 = CARTESIAN_POINT('',(2.245039713951,3.719369925014));
#1021 = CARTESIAN_POINT('',(2.823134924921,3.858064495651));
#1022 = CARTESIAN_POINT('',(3.411652437329,3.927376821564));
#1023 = CARTESIAN_POINT('',(4.,3.927376821564));
#1024 = ( GEOMETRIC_REPRESENTATION_CONTEXT(2) 
PARAMETRIC_REPRESENTATION_CONTEXT() REPRESENTATION_CONTEXT('2D SPACE',''
  ) );
#1025 = ORIENTED_EDGE('',*,*,#1026,.F.);
#1026 = EDGE_CURVE('',#1027,#947,#1029,.T.);
#1027 = VERTEX_POINT('',#1028);
#1028 = CARTESIAN_POINT('',(60.472135955,-1.481140154698E-14,-4.));
#1029 = SURFACE_CURVE('',#1030,(#1035,#1042),.PCURVE_S1.);
#1030 = CIRCLE('',#1031,60.472135955);
#1031 = AXIS2_PLACEMENT_3D('',#1032,#1033,#1034);
#1032 = CARTESIAN_POINT('',(0.,0.,-4.));
#1033 = DIRECTION('',(0.,0.,1.));
#1034 = DIRECTION('',(1.,0.,-0.));
#1035 = PCURVE('',#696,#1036);
#1036 = DEFINITIONAL_REPRESENTATION('',(#1037),#1041);
#1037 = LINE('',#1038,#1039);
#1038 = CARTESIAN_POINT('',(0.,5.553457650953));
#1039 = VECTOR('',#1040,1.);
#1040 = DIRECTION('',(1.,0.));
#1041 = ( GEOMETRIC_REPRESENTATION_CONTEXT(2) 
PARAMETRIC_REPRESENTATION_CONTEXT() REPRESENTATION_CONTEXT('2D SPACE',''
  ) );
#1042 = PCURVE('',#1043,#1048);
#1043 = PLANE('',#1044);
#1044 = AXIS2_PLACEMENT_3D('',#1045,#1046,#1047);
#1045 = CARTESIAN_POINT('',(58.,-3.,-4.));
#1046 = DIRECTION('',(0.,0.,1.));
#1047 = DIRECTION('',(1.,0.,-0.));
#1048 = DEFINITIONAL_REPRESENTATION('',(#1049),#1053);
#1049 = CIRCLE('',#1050,60.472135955);
#1050 = AXIS2_PLACEMENT_2D('',#1051,#1052);
#1051 = CARTESIAN_POINT('',(-58.,3.));
#1052 = DIRECTION('',(1.,0.));
#1053 = ( GEOMETRIC_REPRESENTATION_CONTEXT(2) 
PARAMETRIC_REPRESENTATION_CONTEXT() REPRESENTATION_CONTEXT('2D SPACE',''
  ) );
#1054 = ORIENTED_EDGE('',*,*,#1055,.F.);
#1055 = EDGE_CURVE('',#1056,#1027,#1058,.T.);
#1056 = VERTEX_POINT('',#1057);
#1057 = CARTESIAN_POINT('',(58.,-1.420590287011E-14,5.656854249492));
#1058 = SURFACE_CURVE('',#1059,(#1064,#1071),.PCURVE_S1.);
#1059 = CIRCLE('',#1060,6.);
#1060 = AXIS2_PLACEMENT_3D('',#1061,#1062,#1063);
#1061 = CARTESIAN_POINT('',(56.,-1.371604415045E-14,0.));
#1062 = DIRECTION('',(-2.449293598295E-16,-1.,0.));
#1063 = DIRECTION('',(1.,-2.449293598295E-16,0.));
#1064 = PCURVE('',#696,#1065);
#1065 = DEFINITIONAL_REPRESENTATION('',(#1066),#1070);
#1066 = LINE('',#1067,#1068);
#1067 = CARTESIAN_POINT('',(0.,-0.));
#1068 = VECTOR('',#1069,1.);
#1069 = DIRECTION('',(0.,1.));
#1070 = ( GEOMETRIC_REPRESENTATION_CONTEXT(2) 
PARAMETRIC_REPRESENTATION_CONTEXT() REPRESENTATION_CONTEXT('2D SPACE',''
  ) );
#1071 = PCURVE('',#1072,#1077);
#1072 = TOROIDAL_SURFACE('',#1073,56.,6.);
#1073 = AXIS2_PLACEMENT_3D('',#1074,#1075,#1076);
#1074 = CARTESIAN_POINT('',(0.,0.,0.));
#1075 = DIRECTION('',(0.,0.,1.));
#1076 = DIRECTION('',(1.,0.,-0.));
#1077 = DEFINITIONAL_REPRESENTATION('',(#1078),#1082);
#1078 = LINE('',#1079,#1080);
#1079 = CARTESIAN_POINT('',(6.28318530718,-0.));
#1080 = VECTOR('',#1081,1.);
#1081 = DIRECTION('',(0.,1.));
#1082 = ( GEOMETRIC_REPRESENTATION_CONTEXT(2) 
PARAMETRIC_REPRESENTATION_CONTEXT() REPRESENTATION_CONTEXT('2D SPACE',''
  ) );
#1083 = ORIENTED_EDGE('',*,*,#1084,.F.);
#1084 = EDGE_CURVE('',#838,#1056,#1085,.T.);
#1085 = SURFACE_CURVE('',#1086,(#1093,#1103),.PCURVE_S1.);
#1086 = B_SPLINE_CURVE_WITH_KNOTS('',5,(#1087,#1088,#1089,#1090,#1091,
    #1092),.UNSPECIFIED.,.F.,.F.,(6,6),(0.,1.),
  .PIECEWISE_BEZIER_KNOTS.);
#1087 = CARTESIAN_POINT('',(58.,3.6,5.616144117481));
#1088 = CARTESIAN_POINT('',(58.,2.880161360236,5.632910970215));
#1089 = CARTESIAN_POINT('',(58.,2.160194003787,5.645001116399));
#1090 = CARTESIAN_POINT('',(58.,1.440151746843,5.652903516428));
#1091 = CARTESIAN_POINT('',(58.,0.72007677082,5.656854249492));
#1092 = CARTESIAN_POINT('',(58.,0.,5.656854249492));
#1093 = PCURVE('',#696,#1094);
#1094 = DEFINITIONAL_REPRESENTATION('',(#1095),#1102);
#1095 = B_SPLINE_CURVE_WITH_KNOTS('',5,(#1096,#1097,#1098,#1099,#1100,
    #1101),.UNSPECIFIED.,.F.,.F.,(6,6),(0.,1.),
  .PIECEWISE_BEZIER_KNOTS.);
#1096 = CARTESIAN_POINT('',(6.198944119452E-02,1.211157570846));
#1097 = CARTESIAN_POINT('',(4.962606078542E-02,1.219097862484));
#1098 = CARTESIAN_POINT('',(3.723675101182E-02,1.225032972047));
#1099 = CARTESIAN_POINT('',(2.483020248798E-02,1.22898401368));
#1100 = CARTESIAN_POINT('',(1.241511673828E-02,1.230959417341));
#1101 = CARTESIAN_POINT('',(0.,1.230959417341));
#1102 = ( GEOMETRIC_REPRESENTATION_CONTEXT(2) 
PARAMETRIC_REPRESENTATION_CONTEXT() REPRESENTATION_CONTEXT('2D SPACE',''
  ) );
#1103 = PCURVE('',#1104,#1109);
#1104 = PLANE('',#1105);
#1105 = AXIS2_PLACEMENT_3D('',#1106,#1107,#1108);
#1106 = CARTESIAN_POINT('',(58.,-3.,-4.));
#1107 = DIRECTION('',(1.,0.,-0.));
#1108 = DIRECTION('',(0.,0.,1.));
#1109 = DEFINITIONAL_REPRESENTATION('',(#1110),#1117);
#1110 = B_SPLINE_CURVE_WITH_KNOTS('',5,(#1111,#1112,#1113,#1114,#1115,
    #1116),.UNSPECIFIED.,.F.,.F.,(6,6),(0.,1.),
  .PIECEWISE_BEZIER_KNOTS.);
#1111 = CARTESIAN_POINT('',(9.616144117481,-6.6));
#1112 = CARTESIAN_POINT('',(9.632910970215,-5.880161360236));
#1113 = CARTESIAN_POINT('',(9.645001116399,-5.160194003787));
#1114 = CARTESIAN_POINT('',(9.652903516428,-4.440151746843));
#1115 = CARTESIAN_POINT('',(9.656854249492,-3.72007677082));
#1116 = CARTESIAN_POINT('',(9.656854249492,-3.));
#1117 = ( GEOMETRIC_REPRESENTATION_CONTEXT(2) 
PARAMETRIC_REPRESENTATION_CONTEXT() REPRESENTATION_CONTEXT('2D SPACE',''
  ) );
#1118 = ADVANCED_FACE('',(#1119,#1223,#1258,#1293),#891,.T.);
#1119 = FACE_BOUND('',#1120,.T.);
#1120 = EDGE_LOOP('',(#1121,#1144,#1145,#1146,#1169,#1197));
#1121 = ORIENTED_EDGE('',*,*,#1122,.F.);
#1122 = EDGE_CURVE('',#947,#1123,#1125,.T.);
#1123 = VERTEX_POINT('',#1124);
#1124 = CARTESIAN_POINT('',(86.,3.,-4.));
#1125 = SURFACE_CURVE('',#1126,(#1130,#1137),.PCURVE_S1.);
#1126 = LINE('',#1127,#1128);
#1127 = CARTESIAN_POINT('',(58.,3.,-4.));
#1128 = VECTOR('',#1129,1.);
#1129 = DIRECTION('',(1.,0.,-0.));
#1130 = PCURVE('',#891,#1131);
#1131 = DEFINITIONAL_REPRESENTATION('',(#1132),#1136);
#1132 = LINE('',#1133,#1134);
#1133 = CARTESIAN_POINT('',(0.,0.));
#1134 = VECTOR('',#1135,1.);
#1135 = DIRECTION('',(0.,1.));
#1136 = ( GEOMETRIC_REPRESENTATION_CONTEXT(2) 
PARAMETRIC_REPRESENTATION_CONTEXT() REPRESENTATION_CONTEXT('2D SPACE',''
  ) );
#1137 = PCURVE('',#1043,#1138);
#1138 = DEFINITIONAL_REPRESENTATION('',(#1139),#1143);
#1139 = LINE('',#1140,#1141);
#1140 = CARTESIAN_POINT('',(0.,6.));
#1141 = VECTOR('',#1142,1.);
#1142 = DIRECTION('',(1.,0.));
#1143 = ( GEOMETRIC_REPRESENTATION_CONTEXT(2) 
PARAMETRIC_REPRESENTATION_CONTEXT() REPRESENTATION_CONTEXT('2D SPACE',''
  ) );
#1144 = ORIENTED_EDGE('',*,*,#946,.T.);
#1145 = ORIENTED_EDGE('',*,*,#835,.T.);
#1146 = ORIENTED_EDGE('',*,*,#1147,.T.);
#1147 = EDGE_CURVE('',#838,#1148,#1150,.T.);
#1148 = VERTEX_POINT('',#1149);
#1149 = CARTESIAN_POINT('',(58.,3.,80.));
#1150 = SURFACE_CURVE('',#1151,(#1155,#1162),.PCURVE_S1.);
#1151 = LINE('',#1152,#1153);
#1152 = CARTESIAN_POINT('',(58.,3.,-4.));
#1153 = VECTOR('',#1154,1.);
#1154 = DIRECTION('',(0.,0.,1.));
#1155 = PCURVE('',#891,#1156);
#1156 = DEFINITIONAL_REPRESENTATION('',(#1157),#1161);
#1157 = LINE('',#1158,#1159);
#1158 = CARTESIAN_POINT('',(0.,0.));
#1159 = VECTOR('',#1160,1.);
#1160 = DIRECTION('',(1.,0.));
#1161 = ( GEOMETRIC_REPRESENTATION_CONTEXT(2) 
PARAMETRIC_REPRESENTATION_CONTEXT() REPRESENTATION_CONTEXT('2D SPACE',''
  ) );
#1162 = PCURVE('',#1104,#1163);
#1163 = DEFINITIONAL_REPRESENTATION('',(#1164),#1168);
#1164 = LINE('',#1165,#1166);
#1165 = CARTESIAN_POINT('',(0.,-6.));
#1166 = VECTOR('',#1167,1.);
#1167 = DIRECTION('',(1.,0.));
#1168 = ( GEOMETRIC_REPRESENTATION_CONTEXT(2) 
PARAMETRIC_REPRESENTATION_CONTEXT() REPRESENTATION_CONTEXT('2D SPACE',''
  ) );
#1169 = ORIENTED_EDGE('',*,*,#1170,.T.);
#1170 = EDGE_CURVE('',#1148,#1171,#1173,.T.);
#1171 = VERTEX_POINT('',#1172);
#1172 = CARTESIAN_POINT('',(86.,3.,80.));
#1173 = SURFACE_CURVE('',#1174,(#1178,#1185),.PCURVE_S1.);
#1174 = LINE('',#1175,#1176);
#1175 = CARTESIAN_POINT('',(58.,3.,80.));
#1176 = VECTOR('',#1177,1.);
#1177 = DIRECTION('',(1.,0.,-0.));
#1178 = PCURVE('',#891,#1179);
#1179 = DEFINITIONAL_REPRESENTATION('',(#1180),#1184);
#1180 = LINE('',#1181,#1182);
#1181 = CARTESIAN_POINT('',(84.,0.));
#1182 = VECTOR('',#1183,1.);
#1183 = DIRECTION('',(0.,1.));
#1184 = ( GEOMETRIC_REPRESENTATION_CONTEXT(2) 
PARAMETRIC_REPRESENTATION_CONTEXT() REPRESENTATION_CONTEXT('2D SPACE',''
  ) );
#1185 = PCURVE('',#1186,#1191);
#1186 = PLANE('',#1187);
#1187 = AXIS2_PLACEMENT_3D('',#1188,#1189,#1190);
#1188 = CARTESIAN_POINT('',(58.,-3.,80.));
#1189 = DIRECTION('',(0.,0.,1.));
#1190 = DIRECTION('',(1.,0.,-0.));
#1191 = DEFINITIONAL_REPRESENTATION('',(#1192),#1196);
#1192 = LINE('',#1193,#1194);
#1193 = CARTESIAN_POINT('',(0.,6.));
#1194 = VECTOR('',#1195,1.);
#1195 = DIRECTION('',(1.,0.));
#1196 = ( GEOMETRIC_REPRESENTATION_CONTEXT(2) 
PARAMETRIC_REPRESENTATION_CONTEXT() REPRESENTATION_CONTEXT('2D SPACE',''
  ) );
#1197 = ORIENTED_EDGE('',*,*,#1198,.F.);
#1198 = EDGE_CURVE('',#1123,#1171,#1199,.T.);
#1199 = SURFACE_CURVE('',#1200,(#1204,#1211),.PCURVE_S1.);
#1200 = LINE('',#1201,#1202);
#1201 = CARTESIAN_POINT('',(86.,3.,-4.));
#1202 = VECTOR('',#1203,1.);
#1203 = DIRECTION('',(0.,0.,1.));
#1204 = PCURVE('',#891,#1205);
#1205 = DEFINITIONAL_REPRESENTATION('',(#1206),#1210);
#1206 = LINE('',#1207,#1208);
#1207 = CARTESIAN_POINT('',(0.,28.));
#1208 = VECTOR('',#1209,1.);
#1209 = DIRECTION('',(1.,0.));
#1210 = ( GEOMETRIC_REPRESENTATION_CONTEXT(2) 
PARAMETRIC_REPRESENTATION_CONTEXT() REPRESENTATION_CONTEXT('2D SPACE',''
  ) );
#1211 = PCURVE('',#1212,#1217);
#1212 = PLANE('',#1213);
#1213 = AXIS2_PLACEMENT_3D('',#1214,#1215,#1216);
#1214 = CARTESIAN_POINT('',(86.,-3.,-4.));
#1215 = DIRECTION('',(1.,0.,-0.));
#1216 = DIRECTION('',(0.,0.,1.));
#1217 = DEFINITIONAL_REPRESENTATION('',(#1218),#1222);
#1218 = LINE('',#1219,#1220);
#1219 = CARTESIAN_POINT('',(0.,-6.));
#1220 = VECTOR('',#1221,1.);
#1221 = DIRECTION('',(1.,0.));
#1222 = ( GEOMETRIC_REPRESENTATION_CONTEXT(2) 
PARAMETRIC_REPRESENTATION_CONTEXT() REPRESENTATION_CONTEXT('2D SPACE',''
  ) );
#1223 = FACE_BOUND('',#1224,.T.);
#1224 = EDGE_LOOP('',(#1225));
#1225 = ORIENTED_EDGE('',*,*,#1226,.T.);
#1226 = EDGE_CURVE('',#1227,#1227,#1229,.T.);
#1227 = VERTEX_POINT('',#1228);
#1228 = CARTESIAN_POINT('',(77.25,3.,20.));
#1229 = SURFACE_CURVE('',#1230,(#1235,#1246),.PCURVE_S1.);
#1230 = CIRCLE('',#1231,5.25);
#1231 = AXIS2_PLACEMENT_3D('',#1232,#1233,#1234);
#1232 = CARTESIAN_POINT('',(72.,3.,20.));
#1233 = DIRECTION('',(0.,-1.,2.22044604925E-16));
#1234 = DIRECTION('',(1.,0.,0.));
#1235 = PCURVE('',#891,#1236);
#1236 = DEFINITIONAL_REPRESENTATION('',(#1237),#1245);
#1237 = ( BOUNDED_CURVE() B_SPLINE_CURVE(2,(#1238,#1239,#1240,#1241,
#1242,#1243,#1244),.UNSPECIFIED.,.T.,.F.) B_SPLINE_CURVE_WITH_KNOTS((1,2
    ,2,2,2,1),(-2.094395102393,0.,2.094395102393,4.188790204786,
6.28318530718,8.377580409573),.UNSPECIFIED.) CURVE() 
GEOMETRIC_REPRESENTATION_ITEM() RATIONAL_B_SPLINE_CURVE((1.,0.5,1.,0.5,
1.,0.5,1.)) REPRESENTATION_ITEM('') );
#1238 = CARTESIAN_POINT('',(24.,19.25));
#1239 = CARTESIAN_POINT('',(33.093266739737,19.25));
#1240 = CARTESIAN_POINT('',(28.546633369868,11.375));
#1241 = CARTESIAN_POINT('',(24.,3.5));
#1242 = CARTESIAN_POINT('',(19.453366630132,11.375));
#1243 = CARTESIAN_POINT('',(14.906733260263,19.25));
#1244 = CARTESIAN_POINT('',(24.,19.25));
#1245 = ( GEOMETRIC_REPRESENTATION_CONTEXT(2) 
PARAMETRIC_REPRESENTATION_CONTEXT() REPRESENTATION_CONTEXT('2D SPACE',''
  ) );
#1246 = PCURVE('',#1247,#1252);
#1247 = CYLINDRICAL_SURFACE('',#1248,5.25);
#1248 = AXIS2_PLACEMENT_3D('',#1249,#1250,#1251);
#1249 = CARTESIAN_POINT('',(72.,10.,20.));
#1250 = DIRECTION('',(0.,-1.,2.22044604925E-16));
#1251 = DIRECTION('',(1.,0.,0.));
#1252 = DEFINITIONAL_REPRESENTATION('',(#1253),#1257);
#1253 = LINE('',#1254,#1255);
#1254 = CARTESIAN_POINT('',(0.,7.));
#1255 = VECTOR('',#1256,1.);
#1256 = DIRECTION('',(1.,0.));
#1257 = ( GEOMETRIC_REPRESENTATION_CONTEXT(2) 
PARAMETRIC_REPRESENTATION_CONTEXT() REPRESENTATION_CONTEXT('2D SPACE',''
  ) );
#1258 = FACE_BOUND('',#1259,.T.);
#1259 = EDGE_LOOP('',(#1260));
#1260 = ORIENTED_EDGE('',*,*,#1261,.T.);
#1261 = EDGE_CURVE('',#1262,#1262,#1264,.T.);
#1262 = VERTEX_POINT('',#1263);
#1263 = CARTESIAN_POINT('',(75.25,3.,46.));
#1264 = SURFACE_CURVE('',#1265,(#1270,#1281),.PCURVE_S1.);
#1265 = CIRCLE('',#1266,3.25);
#1266 = AXIS2_PLACEMENT_3D('',#1267,#1268,#1269);
#1267 = CARTESIAN_POINT('',(72.,3.,46.));
#1268 = DIRECTION('',(0.,-1.,2.22044604925E-16));
#1269 = DIRECTION('',(1.,0.,0.));
#1270 = PCURVE('',#891,#1271);
#1271 = DEFINITIONAL_REPRESENTATION('',(#1272),#1280);
#1272 = ( BOUNDED_CURVE() B_SPLINE_CURVE(2,(#1273,#1274,#1275,#1276,
#1277,#1278,#1279),.UNSPECIFIED.,.T.,.F.) B_SPLINE_CURVE_WITH_KNOTS((1,2
    ,2,2,2,1),(-2.094395102393,0.,2.094395102393,4.188790204786,
6.28318530718,8.377580409573),.UNSPECIFIED.) CURVE() 
GEOMETRIC_REPRESENTATION_ITEM() RATIONAL_B_SPLINE_CURVE((1.,0.5,1.,0.5,
1.,0.5,1.)) REPRESENTATION_ITEM('') );
#1273 = CARTESIAN_POINT('',(50.,17.25));
#1274 = CARTESIAN_POINT('',(55.629165124599,17.25));
#1275 = CARTESIAN_POINT('',(52.814582562299,12.375));
#1276 = CARTESIAN_POINT('',(50.,7.5));
#1277 = CARTESIAN_POINT('',(47.185417437701,12.375));
#1278 = CARTESIAN_POINT('',(44.370834875401,17.25));
#1279 = CARTESIAN_POINT('',(50.,17.25));
#1280 = ( GEOMETRIC_REPRESENTATION_CONTEXT(2) 
PARAMETRIC_REPRESENTATION_CONTEXT() REPRESENTATION_CONTEXT('2D SPACE',''
  ) );
#1281 = PCURVE('',#1282,#1287);
#1282 = CYLINDRICAL_SURFACE('',#1283,3.25);
#1283 = AXIS2_PLACEMENT_3D('',#1284,#1285,#1286);
#1284 = CARTESIAN_POINT('',(72.,10.,46.));
#1285 = DIRECTION('',(0.,-1.,2.22044604925E-16));
#1286 = DIRECTION('',(1.,0.,0.));
#1287 = DEFINITIONAL_REPRESENTATION('',(#1288),#1292);
#1288 = LINE('',#1289,#1290);
#1289 = CARTESIAN_POINT('',(0.,7.));
#1290 = VECTOR('',#1291,1.);
#1291 = DIRECTION('',(1.,0.));
#1292 = ( GEOMETRIC_REPRESENTATION_CONTEXT(2) 
PARAMETRIC_REPRESENTATION_CONTEXT() REPRESENTATION_CONTEXT('2D SPACE',''
  ) );
#1293 = FACE_BOUND('',#1294,.T.);
#1294 = EDGE_LOOP('',(#1295));
#1295 = ORIENTED_EDGE('',*,*,#1296,.T.);
#1296 = EDGE_CURVE('',#1297,#1297,#1299,.T.);
#1297 = VERTEX_POINT('',#1298);
#1298 = CARTESIAN_POINT('',(73.05,3.,70.));
#1299 = SURFACE_CURVE('',#1300,(#1305,#1316),.PCURVE_S1.);
#1300 = CIRCLE('',#1301,1.05);
#1301 = AXIS2_PLACEMENT_3D('',#1302,#1303,#1304);
#1302 = CARTESIAN_POINT('',(72.,3.,70.));
#1303 = DIRECTION('',(0.,-1.,2.22044604925E-16));
#1304 = DIRECTION('',(1.,0.,0.));
#1305 = PCURVE('',#891,#1306);
#1306 = DEFINITIONAL_REPRESENTATION('',(#1307),#1315);
#1307 = ( BOUNDED_CURVE() B_SPLINE_CURVE(2,(#1308,#1309,#1310,#1311,
#1312,#1313,#1314),.UNSPECIFIED.,.T.,.F.) B_SPLINE_CURVE_WITH_KNOTS((1,2
    ,2,2,2,1),(-2.094395102393,0.,2.094395102393,4.188790204786,
6.28318530718,8.377580409573),.UNSPECIFIED.) CURVE() 
GEOMETRIC_REPRESENTATION_ITEM() RATIONAL_B_SPLINE_CURVE((1.,0.5,1.,0.5,
1.,0.5,1.)) REPRESENTATION_ITEM('') );
#1308 = CARTESIAN_POINT('',(74.,15.05));
#1309 = CARTESIAN_POINT('',(75.818653347947,15.05));
#1310 = CARTESIAN_POINT('',(74.909326673974,13.475));
#1311 = CARTESIAN_POINT('',(74.,11.9));
#1312 = CARTESIAN_POINT('',(73.090673326026,13.475));
#1313 = CARTESIAN_POINT('',(72.181346652053,15.05));
#1314 = CARTESIAN_POINT('',(74.,15.05));
#1315 = ( GEOMETRIC_REPRESENTATION_CONTEXT(2) 
PARAMETRIC_REPRESENTATION_CONTEXT() REPRESENTATION_CONTEXT('2D SPACE',''
  ) );
#1316 = PCURVE('',#1317,#1322);
#1317 = CYLINDRICAL_SURFACE('',#1318,1.05);
#1318 = AXIS2_PLACEMENT_3D('',#1319,#1320,#1321);
#1319 = CARTESIAN_POINT('',(72.,10.,70.));
#1320 = DIRECTION('',(0.,-1.,2.22044604925E-16));
#1321 = DIRECTION('',(1.,0.,0.));
#1322 = DEFINITIONAL_REPRESENTATION('',(#1323),#1327);
#1323 = LINE('',#1324,#1325);
#1324 = CARTESIAN_POINT('',(0.,7.));
#1325 = VECTOR('',#1326,1.);
#1326 = DIRECTION('',(1.,0.));
#1327 = ( GEOMETRIC_REPRESENTATION_CONTEXT(2) 
PARAMETRIC_REPRESENTATION_CONTEXT() REPRESENTATION_CONTEXT('2D SPACE',''
  ) );
#1328 = ADVANCED_FACE('',(#1329),#1104,.F.);
#1329 = FACE_BOUND('',#1330,.F.);
#1330 = EDGE_LOOP('',(#1331,#1361,#1391,#1392,#1393));
#1331 = ORIENTED_EDGE('',*,*,#1332,.F.);
#1332 = EDGE_CURVE('',#1333,#1335,#1337,.T.);
#1333 = VERTEX_POINT('',#1334);
#1334 = CARTESIAN_POINT('',(58.,-3.,5.628840989738));
#1335 = VERTEX_POINT('',#1336);
#1336 = CARTESIAN_POINT('',(58.,-3.,80.));
#1337 = SURFACE_CURVE('',#1338,(#1342,#1349),.PCURVE_S1.);
#1338 = LINE('',#1339,#1340);
#1339 = CARTESIAN_POINT('',(58.,-3.,-4.));
#1340 = VECTOR('',#1341,1.);
#1341 = DIRECTION('',(0.,0.,1.));
#1342 = PCURVE('',#1104,#1343);
#1343 = DEFINITIONAL_REPRESENTATION('',(#1344),#1348);
#1344 = LINE('',#1345,#1346);
#1345 = CARTESIAN_POINT('',(0.,0.));
#1346 = VECTOR('',#1347,1.);
#1347 = DIRECTION('',(1.,0.));
#1348 = ( GEOMETRIC_REPRESENTATION_CONTEXT(2) 
PARAMETRIC_REPRESENTATION_CONTEXT() REPRESENTATION_CONTEXT('2D SPACE',''
  ) );
#1349 = PCURVE('',#1350,#1355);
#1350 = PLANE('',#1351);
#1351 = AXIS2_PLACEMENT_3D('',#1352,#1353,#1354);
#1352 = CARTESIAN_POINT('',(58.,-3.,-4.));
#1353 = DIRECTION('',(-0.,1.,0.));
#1354 = DIRECTION('',(0.,0.,1.));
#1355 = DEFINITIONAL_REPRESENTATION('',(#1356),#1360);
#1356 = LINE('',#1357,#1358);
#1357 = CARTESIAN_POINT('',(0.,0.));
#1358 = VECTOR('',#1359,1.);
#1359 = DIRECTION('',(1.,0.));
#1360 = ( GEOMETRIC_REPRESENTATION_CONTEXT(2) 
PARAMETRIC_REPRESENTATION_CONTEXT() REPRESENTATION_CONTEXT('2D SPACE',''
  ) );
#1361 = ORIENTED_EDGE('',*,*,#1362,.T.);
#1362 = EDGE_CURVE('',#1333,#1056,#1363,.T.);
#1363 = SURFACE_CURVE('',#1364,(#1371,#1381),.PCURVE_S1.);
#1364 = B_SPLINE_CURVE_WITH_KNOTS('',5,(#1365,#1366,#1367,#1368,#1369,
    #1370),.UNSPECIFIED.,.F.,.F.,(6,6),(0.,1.),
  .PIECEWISE_BEZIER_KNOTS.);
#1365 = CARTESIAN_POINT('',(58.,-3.6,5.616144117481));
#1366 = CARTESIAN_POINT('',(58.,-2.880161360236,5.632910970215));
#1367 = CARTESIAN_POINT('',(58.,-2.160194003787,5.645001116399));
#1368 = CARTESIAN_POINT('',(58.,-1.440151746843,5.652903516428));
#1369 = CARTESIAN_POINT('',(58.,-0.72007677082,5.656854249492));
#1370 = CARTESIAN_POINT('',(58.,0.,5.656854249492));
#1371 = PCURVE('',#1104,#1372);
#1372 = DEFINITIONAL_REPRESENTATION('',(#1373),#1380);
#1373 = B_SPLINE_CURVE_WITH_KNOTS('',5,(#1374,#1375,#1376,#1377,#1378,
    #1379),.UNSPECIFIED.,.F.,.F.,(6,6),(0.,1.),
  .PIECEWISE_BEZIER_KNOTS.);
#1374 = CARTESIAN_POINT('',(9.616144117481,0.6));
#1375 = CARTESIAN_POINT('',(9.632910970215,-0.119838639764));
#1376 = CARTESIAN_POINT('',(9.645001116399,-0.839805996213));
#1377 = CARTESIAN_POINT('',(9.652903516428,-1.559848253157));
#1378 = CARTESIAN_POINT('',(9.656854249492,-2.27992322918));
#1379 = CARTESIAN_POINT('',(9.656854249492,-3.));
#1380 = ( GEOMETRIC_REPRESENTATION_CONTEXT(2) 
PARAMETRIC_REPRESENTATION_CONTEXT() REPRESENTATION_CONTEXT('2D SPACE',''
  ) );
#1381 = PCURVE('',#1072,#1382);
#1382 = DEFINITIONAL_REPRESENTATION('',(#1383),#1390);
#1383 = B_SPLINE_CURVE_WITH_KNOTS('',5,(#1384,#1385,#1386,#1387,#1388,
    #1389),.UNSPECIFIED.,.F.,.F.,(6,6),(0.,1.),
  .PIECEWISE_BEZIER_KNOTS.);
#1384 = CARTESIAN_POINT('',(6.221195865985,1.211157570846));
#1385 = CARTESIAN_POINT('',(6.233559246394,1.219097862484));
#1386 = CARTESIAN_POINT('',(6.245948556168,1.225032972047));
#1387 = CARTESIAN_POINT('',(6.258355104692,1.22898401368));
#1388 = CARTESIAN_POINT('',(6.270770190441,1.230959417341));
#1389 = CARTESIAN_POINT('',(6.28318530718,1.230959417341));
#1390 = ( GEOMETRIC_REPRESENTATION_CONTEXT(2) 
PARAMETRIC_REPRESENTATION_CONTEXT() REPRESENTATION_CONTEXT('2D SPACE',''
  ) );
#1391 = ORIENTED_EDGE('',*,*,#1084,.F.);
#1392 = ORIENTED_EDGE('',*,*,#1147,.T.);
#1393 = ORIENTED_EDGE('',*,*,#1394,.F.);
#1394 = EDGE_CURVE('',#1335,#1148,#1395,.T.);
#1395 = SURFACE_CURVE('',#1396,(#1400,#1407),.PCURVE_S1.);
#1396 = LINE('',#1397,#1398);
#1397 = CARTESIAN_POINT('',(58.,-3.,80.));
#1398 = VECTOR('',#1399,1.);
#1399 = DIRECTION('',(-0.,1.,0.));
#1400 = PCURVE('',#1104,#1401);
#1401 = DEFINITIONAL_REPRESENTATION('',(#1402),#1406);
#1402 = LINE('',#1403,#1404);
#1403 = CARTESIAN_POINT('',(84.,0.));
#1404 = VECTOR('',#1405,1.);
#1405 = DIRECTION('',(0.,-1.));
#1406 = ( GEOMETRIC_REPRESENTATION_CONTEXT(2) 
PARAMETRIC_REPRESENTATION_CONTEXT() REPRESENTATION_CONTEXT('2D SPACE',''
  ) );
#1407 = PCURVE('',#1186,#1408);
#1408 = DEFINITIONAL_REPRESENTATION('',(#1409),#1413);
#1409 = LINE('',#1410,#1411);
#1410 = CARTESIAN_POINT('',(0.,0.));
#1411 = VECTOR('',#1412,1.);
#1412 = DIRECTION('',(0.,1.));
#1413 = ( GEOMETRIC_REPRESENTATION_CONTEXT(2) 
PARAMETRIC_REPRESENTATION_CONTEXT() REPRESENTATION_CONTEXT('2D SPACE',''
  ) );
#1414 = ADVANCED_FACE('',(#1415),#1072,.T.);
#1415 = FACE_BOUND('',#1416,.T.);
#1416 = EDGE_LOOP('',(#1417,#1418,#1419,#1443,#1523,#1547,#1945,#1946));
#1417 = ORIENTED_EDGE('',*,*,#1362,.T.);
#1418 = ORIENTED_EDGE('',*,*,#1055,.T.);
#1419 = ORIENTED_EDGE('',*,*,#1420,.F.);
#1420 = EDGE_CURVE('',#1421,#1027,#1423,.T.);
#1421 = VERTEX_POINT('',#1422);
#1422 = CARTESIAN_POINT('',(60.397675675145,-3.,-4.));
#1423 = SURFACE_CURVE('',#1424,(#1429,#1436),.PCURVE_S1.);
#1424 = CIRCLE('',#1425,60.472135955);
#1425 = AXIS2_PLACEMENT_3D('',#1426,#1427,#1428);
#1426 = CARTESIAN_POINT('',(0.,0.,-4.));
#1427 = DIRECTION('',(0.,0.,1.));
#1428 = DIRECTION('',(1.,0.,-0.));
#1429 = PCURVE('',#1072,#1430);
#1430 = DEFINITIONAL_REPRESENTATION('',(#1431),#1435);
#1431 = LINE('',#1432,#1433);
#1432 = CARTESIAN_POINT('',(0.,5.553457650953));
#1433 = VECTOR('',#1434,1.);
#1434 = DIRECTION('',(1.,0.));
#1435 = ( GEOMETRIC_REPRESENTATION_CONTEXT(2) 
PARAMETRIC_REPRESENTATION_CONTEXT() REPRESENTATION_CONTEXT('2D SPACE',''
  ) );
#1436 = PCURVE('',#1043,#1437);
#1437 = DEFINITIONAL_REPRESENTATION('',(#1438),#1442);
#1438 = CIRCLE('',#1439,60.472135955);
#1439 = AXIS2_PLACEMENT_2D('',#1440,#1441);
#1440 = CARTESIAN_POINT('',(-58.,3.));
#1441 = DIRECTION('',(1.,0.));
#1442 = ( GEOMETRIC_REPRESENTATION_CONTEXT(2) 
PARAMETRIC_REPRESENTATION_CONTEXT() REPRESENTATION_CONTEXT('2D SPACE',''
  ) );
#1443 = ORIENTED_EDGE('',*,*,#1444,.T.);
#1444 = EDGE_CURVE('',#1421,#1445,#1447,.T.);
#1445 = VERTEX_POINT('',#1446);
#1446 = CARTESIAN_POINT('',(61.927376821564,-3.,-1.469576158977E-15));
#1447 = SURFACE_CURVE('',#1448,(#1471,#1497),.PCURVE_S1.);
#1448 = B_SPLINE_CURVE_WITH_KNOTS('',6,(#1449,#1450,#1451,#1452,#1453,
    #1454,#1455,#1456,#1457,#1458,#1459,#1460,#1461,#1462,#1463,#1464,
    #1465,#1466,#1467,#1468,#1469,#1470),.UNSPECIFIED.,.F.,.F.,(7,5,5,5,
    7),(0.,0.314086377247,0.48134901524,0.652265671553,1.),
  .UNSPECIFIED.);
#1449 = CARTESIAN_POINT('',(55.2,-3.,-5.956819840443));
#1450 = CARTESIAN_POINT('',(55.727622418786,-3.,-6.020370242115));
#1451 = CARTESIAN_POINT('',(56.262076749138,-3.,-6.0280163506));
#1452 = CARTESIAN_POINT('',(56.795743004021,-3.,-5.978804095846));
#1453 = CARTESIAN_POINT('',(57.321179105366,-3.,-5.87325902467));
#1454 = CARTESIAN_POINT('',(57.831092282568,-3.,-5.712975982807));
#1455 = CARTESIAN_POINT('',(58.577958803938,-3.,-5.388166311915));
#1456 = CARTESIAN_POINT('',(58.831112453622,-3.,-5.260635968255));
#1457 = CARTESIAN_POINT('',(59.07684827193,-3.,-5.118893420385));
#1458 = CARTESIAN_POINT('',(59.31417495699,-3.,-4.963481029984));
#1459 = CARTESIAN_POINT('',(59.542156044725,-3.,-4.795032418703));
#1460 = CARTESIAN_POINT('',(59.982423330217,-3.,-4.429563280392));
#1461 = CARTESIAN_POINT('',(60.194264783747,-3.,-4.231993171955));
#1462 = CARTESIAN_POINT('',(60.394496407675,-3.,-4.022336489857));
#1463 = CARTESIAN_POINT('',(60.582263843308,-3.,-3.801447504852));
#1464 = CARTESIAN_POINT('',(60.756798747072,-3.,-3.570259585385));
#1465 = CARTESIAN_POINT('',(61.244208254218,-3.,-2.840531906076));
#1466 = CARTESIAN_POINT('',(61.513510889428,-3.,-2.31267870077));
#1467 = CARTESIAN_POINT('',(61.719369924612,-3.,-1.754960287723));
#1468 = CARTESIAN_POINT('',(61.858064495518,-3.,-1.176865076214));
#1469 = CARTESIAN_POINT('',(61.927376821564,-3.,-0.588347563238));
#1470 = CARTESIAN_POINT('',(61.927376821564,-3.,0.));
#1471 = PCURVE('',#1072,#1472);
#1472 = DEFINITIONAL_REPRESENTATION('',(#1473),#1496);
#1473 = B_SPLINE_CURVE_WITH_KNOTS('',6,(#1474,#1475,#1476,#1477,#1478,
    #1479,#1480,#1481,#1482,#1483,#1484,#1485,#1486,#1487,#1488,#1489,
    #1490,#1491,#1492,#1493,#1494,#1495),.UNSPECIFIED.,.F.,.F.,(7,5,5,5,
    7),(0.,0.314086377247,0.48134901524,0.652265671553,1.),
  .UNSPECIFIED.);
#1474 = CARTESIAN_POINT('',(6.228890895271,4.59234447256));
#1475 = CARTESIAN_POINT('',(6.229408842437,4.680788464371));
#1476 = CARTESIAN_POINT('',(6.229921649739,4.769248105142));
#1477 = CARTESIAN_POINT('',(6.230421767296,4.857692550236));
#1478 = CARTESIAN_POINT('',(6.230902984223,4.946143382118));
#1479 = CARTESIAN_POINT('',(6.231360159207,5.034621989247));
#1480 = CARTESIAN_POINT('',(6.23201721891,5.170211106657));
#1481 = CARTESIAN_POINT('',(6.232237499993,5.217330344152));
#1482 = CARTESIAN_POINT('',(6.232449095755,5.264452055074));
#1483 = CARTESIAN_POINT('',(6.232651448658,5.311577203654));
#1484 = CARTESIAN_POINT('',(6.232844072802,5.358706677718));
#1485 = CARTESIAN_POINT('',(6.233212986417,5.45400091678));
#1486 = CARTESIAN_POINT('',(6.233388832873,5.502167318124));
#1487 = CARTESIAN_POINT('',(6.233553616117,5.550336454704));
#1488 = CARTESIAN_POINT('',(6.233706954727,5.598509148003));
#1489 = CARTESIAN_POINT('',(6.23384852908,5.646686146031));
#1490 = CARTESIAN_POINT('',(6.234241608441,5.792887656677));
#1491 = CARTESIAN_POINT('',(6.234455406693,5.890950872048));
#1492 = CARTESIAN_POINT('',(6.234616972074,5.988992542283));
#1493 = CARTESIAN_POINT('',(6.234725215252,6.087041699138));
#1494 = CARTESIAN_POINT('',(6.234779308943,6.185127379973));
#1495 = CARTESIAN_POINT('',(6.234779308943,6.28318530718));
#1496 = ( GEOMETRIC_REPRESENTATION_CONTEXT(2) 
PARAMETRIC_REPRESENTATION_CONTEXT() REPRESENTATION_CONTEXT('2D SPACE',''
  ) );
#1497 = PCURVE('',#1350,#1498);
#1498 = DEFINITIONAL_REPRESENTATION('',(#1499),#1522);
#1499 = B_SPLINE_CURVE_WITH_KNOTS('',6,(#1500,#1501,#1502,#1503,#1504,
    #1505,#1506,#1507,#1508,#1509,#1510,#1511,#1512,#1513,#1514,#1515,
    #1516,#1517,#1518,#1519,#1520,#1521),.UNSPECIFIED.,.F.,.F.,(7,5,5,5,
    7),(0.,0.314086377247,0.48134901524,0.652265671553,1.),
  .UNSPECIFIED.);
#1500 = CARTESIAN_POINT('',(-1.956819840443,-2.8));
#1501 = CARTESIAN_POINT('',(-2.020370242115,-2.272377581214));
#1502 = CARTESIAN_POINT('',(-2.0280163506,-1.737923250862));
#1503 = CARTESIAN_POINT('',(-1.978804095846,-1.204256995979));
#1504 = CARTESIAN_POINT('',(-1.87325902467,-0.678820894634));
#1505 = CARTESIAN_POINT('',(-1.712975982807,-0.168907717432));
#1506 = CARTESIAN_POINT('',(-1.388166311915,0.577958803938));
#1507 = CARTESIAN_POINT('',(-1.260635968255,0.831112453622));
#1508 = CARTESIAN_POINT('',(-1.118893420385,1.07684827193));
#1509 = CARTESIAN_POINT('',(-0.963481029984,1.31417495699));
#1510 = CARTESIAN_POINT('',(-0.795032418703,1.542156044725));
#1511 = CARTESIAN_POINT('',(-0.429563280392,1.982423330217));
#1512 = CARTESIAN_POINT('',(-0.231993171955,2.194264783747));
#1513 = CARTESIAN_POINT('',(-2.233648985712E-02,2.394496407675));
#1514 = CARTESIAN_POINT('',(0.198552495148,2.582263843308));
#1515 = CARTESIAN_POINT('',(0.429740414615,2.756798747072));
#1516 = CARTESIAN_POINT('',(1.159468093924,3.244208254218));
#1517 = CARTESIAN_POINT('',(1.68732129923,3.513510889428));
#1518 = CARTESIAN_POINT('',(2.245039712277,3.719369924612));
#1519 = CARTESIAN_POINT('',(2.823134923786,3.858064495518));
#1520 = CARTESIAN_POINT('',(3.411652436762,3.927376821564));
#1521 = CARTESIAN_POINT('',(4.,3.927376821564));
#1522 = ( GEOMETRIC_REPRESENTATION_CONTEXT(2) 
PARAMETRIC_REPRESENTATION_CONTEXT() REPRESENTATION_CONTEXT('2D SPACE',''
  ) );
#1523 = ORIENTED_EDGE('',*,*,#1524,.F.);
#1524 = EDGE_CURVE('',#1525,#1445,#1527,.T.);
#1525 = VERTEX_POINT('',#1526);
#1526 = CARTESIAN_POINT('',(7.,-61.60357132504,-1.469576158977E-15));
#1527 = SEAM_CURVE('',#1528,(#1533,#1540),.PCURVE_S1.);
#1528 = CIRCLE('',#1529,62.);
#1529 = AXIS2_PLACEMENT_3D('',#1530,#1531,#1532);
#1530 = CARTESIAN_POINT('',(0.,0.,-1.469576158977E-15));
#1531 = DIRECTION('',(0.,0.,1.));
#1532 = DIRECTION('',(1.,0.,-0.));
#1533 = PCURVE('',#1072,#1534);
#1534 = DEFINITIONAL_REPRESENTATION('',(#1535),#1539);
#1535 = LINE('',#1536,#1537);
#1536 = CARTESIAN_POINT('',(0.,6.28318530718));
#1537 = VECTOR('',#1538,1.);
#1538 = DIRECTION('',(1.,0.));
#1539 = ( GEOMETRIC_REPRESENTATION_CONTEXT(2) 
PARAMETRIC_REPRESENTATION_CONTEXT() REPRESENTATION_CONTEXT('2D SPACE',''
  ) );
#1540 = PCURVE('',#1072,#1541);
#1541 = DEFINITIONAL_REPRESENTATION('',(#1542),#1546);
#1542 = LINE('',#1543,#1544);
#1543 = CARTESIAN_POINT('',(0.,0.));
#1544 = VECTOR('',#1545,1.);
#1545 = DIRECTION('',(1.,0.));
#1546 = ( GEOMETRIC_REPRESENTATION_CONTEXT(2) 
PARAMETRIC_REPRESENTATION_CONTEXT() REPRESENTATION_CONTEXT('2D SPACE',''
  ) );
#1547 = ORIENTED_EDGE('',*,*,#1548,.F.);
#1548 = EDGE_CURVE('',#1525,#1525,#1549,.T.);
#1549 = SURFACE_CURVE('',#1550,(#1678,#1809),.PCURVE_S1.);
#1550 = B_SPLINE_CURVE_WITH_KNOTS('',6,(#1551,#1552,#1553,#1554,#1555,
    #1556,#1557,#1558,#1559,#1560,#1561,#1562,#1563,#1564,#1565,#1566,
    #1567,#1568,#1569,#1570,#1571,#1572,#1573,#1574,#1575,#1576,#1577,
    #1578,#1579,#1580,#1581,#1582,#1583,#1584,#1585,#1586,#1587,#1588,
    #1589,#1590,#1591,#1592,#1593,#1594,#1595,#1596,#1597,#1598,#1599,
    #1600,#1601,#1602,#1603,#1604,#1605,#1606,#1607,#1608,#1609,#1610,
    #1611,#1612,#1613,#1614,#1615,#1616,#1617,#1618,#1619,#1620,#1621,
    #1622,#1623,#1624,#1625,#1626,#1627,#1628,#1629,#1630,#1631,#1632,
    #1633,#1634,#1635,#1636,#1637,#1638,#1639,#1640,#1641,#1642,#1643,
    #1644,#1645,#1646,#1647,#1648,#1649,#1650,#1651,#1652,#1653,#1654,
    #1655,#1656,#1657,#1658,#1659,#1660,#1661,#1662,#1663,#1664,#1665,
    #1666,#1667,#1668,#1669,#1670,#1671,#1672,#1673,#1674,#1675,#1676,
    #1677),.UNSPECIFIED.,.T.,.F.,(7,5,5,5,5,5,5,5,5,5,5,5,5,5,5,5,5,5,5,
    5,5,5,5,5,5,7),(0.,9.332890421194E-02,0.138287390475,0.18333553907,
    0.210403871551,0.267608236656,0.307757670609,0.324811488255,
    0.349872065189,0.388908835594,0.426869131107,0.449812222431,
    0.46476474854,0.499635461441,0.550187551664,0.573130636112,
    0.611090916168,0.650127673242,0.67518824641,0.692242064342,
    0.73239150856,0.789595907736,0.816664261224,0.861712446595,
    0.90667096695,1.),.UNSPECIFIED.);
#1551 = CARTESIAN_POINT('',(7.,-61.60357132504,0.));
#1552 = CARTESIAN_POINT('',(7.,-61.60357132504,0.58867588097));
#1553 = CARTESIAN_POINT('',(7.,-61.53381672578,1.177536778433));
#1554 = CARTESIAN_POINT('',(7.,-61.39423171539,1.755827722758));
#1555 = CARTESIAN_POINT('',(7.,-61.18714772668,2.313507670861));
#1556 = CARTESIAN_POINT('',(7.,-60.91642678178,2.84105883102));
#1557 = CARTESIAN_POINT('',(7.,-60.43011435214,3.565210181983));
#1558 = CARTESIAN_POINT('',(7.,-60.25864175183,3.791669289343));
#1559 = CARTESIAN_POINT('',(7.,-60.07445963315,4.008214550112));
#1560 = CARTESIAN_POINT('',(7.,-59.87830583304,4.213979014699));
#1561 = CARTESIAN_POINT('',(7.,-59.67099485611,4.408172752175));
#1562 = CARTESIAN_POINT('',(7.,-59.23540161871,4.772354123892));
#1563 = CARTESIAN_POINT('',(7.,-59.0070719077,4.942298121437));
#1564 = CARTESIAN_POINT('',(7.,-58.76931975311,5.099197500857));
#1565 = CARTESIAN_POINT('',(7.,-58.52309168805,5.242430361257));
#1566 = CARTESIAN_POINT('',(7.,-58.26938471426,5.371467712867));
#1567 = CARTESIAN_POINT('',(7.,-57.85293167384,5.554614347731));
#1568 = CARTESIAN_POINT('',(7.,-57.69429485747,5.618074334621));
#1569 = CARTESIAN_POINT('',(7.,-57.53355914827,5.67615746224));
#1570 = CARTESIAN_POINT('',(7.,-57.37095392952,5.728782324785));
#1571 = CARTESIAN_POINT('',(7.,-57.2067122934,5.775880362452));
#1572 = CARTESIAN_POINT('',(7.,-56.69101613156,5.905131881497));
#1573 = CARTESIAN_POINT('',(7.,-56.33469793819,5.967938304006));
#1574 = CARTESIAN_POINT('',(7.,-55.97436877435,6.005281133706));
#1575 = CARTESIAN_POINT('',(7.,-55.61229665917,6.016905879475));
#1576 = CARTESIAN_POINT('',(7.,-55.2507598868,6.002796919679));
#1577 = CARTESIAN_POINT('',(7.,-54.64028064859,5.935425119161));
#1578 = CARTESIAN_POINT('',(7.,-54.3898976484,5.895088798333));
#1579 = CARTESIAN_POINT('',(7.,-54.1416846226,5.842287693589));
#1580 = CARTESIAN_POINT('',(7.,-53.89641501855,5.777169599086));
#1581 = CARTESIAN_POINT('',(7.,-53.65484895447,5.699943200028));
#1582 = CARTESIAN_POINT('',(7.,-53.31701627006,5.573046893211));
#1583 = CARTESIAN_POINT('',(7.,-53.21710188805,5.53307967589));
#1584 = CARTESIAN_POINT('',(7.,-53.11804705063,5.490997016175));
#1585 = CARTESIAN_POINT('',(7.,-53.01990800217,5.446821420848));
#1586 = CARTESIAN_POINT('',(7.,-52.92274025416,5.400577307988));
#1587 = CARTESIAN_POINT('',(7.,-52.68531844842,5.281334310564));
#1588 = CARTESIAN_POINT('',(7.,-52.54625380181,5.20596755837));
#1589 = CARTESIAN_POINT('',(7.,-52.40957872668,5.126274385889));
#1590 = CARTESIAN_POINT('',(7.,-52.27546281223,5.042347025451));
#1591 = CARTESIAN_POINT('',(7.,-52.14407115562,4.95428630623));
#1592 = CARTESIAN_POINT('',(7.,-51.81538979246,4.718761723584));
#1593 = CARTESIAN_POINT('',(7.,-51.6222131415,4.565556605054));
#1594 = CARTESIAN_POINT('',(7.,-51.43664318219,4.403001916843));
#1595 = CARTESIAN_POINT('',(7.,-51.2592537242,4.231558687058));
#1596 = CARTESIAN_POINT('',(7.,-51.09058196374,4.051734460318));
#1597 = CARTESIAN_POINT('',(7.,-50.77606882537,3.681608971451));
#1598 = CARTESIAN_POINT('',(7.,-50.62972372375,3.491730530019));
#1599 = CARTESIAN_POINT('',(7.,-50.49255031372,3.294960237193));
#1600 = CARTESIAN_POINT('',(7.,-50.36496521968,3.091842773517));
#1601 = CARTESIAN_POINT('',(7.,-50.24734107846,2.882957034588));
#1602 = CARTESIAN_POINT('',(7.,-50.07513092735,2.539551546117));
#1603 = CARTESIAN_POINT('',(7.,-50.01401477809,2.408302613177));
#1604 = CARTESIAN_POINT('',(7.,-49.9567282168,2.275305087168));
#1605 = CARTESIAN_POINT('',(7.,-49.9033362536,2.140697410426));
#1606 = CARTESIAN_POINT('',(7.,-49.85389695652,2.004621404333));
#1607 = CARTESIAN_POINT('',(7.,-49.77885011599,1.777676177884));
#1608 = CARTESIAN_POINT('',(7.,-49.7509393139,1.687568011263));
#1609 = CARTESIAN_POINT('',(7.,-49.72474316223,1.596937915581));
#1610 = CARTESIAN_POINT('',(7.,-49.70027443014,1.505826479919));
#1611 = CARTESIAN_POINT('',(7.,-49.67754453903,1.414274736321));
#1612 = CARTESIAN_POINT('',(7.,-49.60763392979,1.107886670615));
#1613 = CARTESIAN_POINT('',(7.,-49.56821565094,0.891278284002));
#1614 = CARTESIAN_POINT('',(7.,-49.53843717034,0.673028012898));
#1615 = CARTESIAN_POINT('',(7.,-49.51838468205,0.453670496021));
#1616 = CARTESIAN_POINT('',(7.,-49.50810212976,0.233745997857));
#1617 = CARTESIAN_POINT('',(7.,-49.50685052144,-0.30505482384));
#1618 = CARTESIAN_POINT('',(7.,-49.5266458524,-0.623967757254));
#1619 = CARTESIAN_POINT('',(7.,-49.56698369523,-0.941263726264));
#1620 = CARTESIAN_POINT('',(7.,-49.62767248282,-1.255302926199));
#1621 = CARTESIAN_POINT('',(7.,-49.70834940032,-1.56447806147));
#1622 = CARTESIAN_POINT('',(7.,-49.85389576589,-2.004618070885));
#1623 = CARTESIAN_POINT('',(7.,-49.90333495264,-2.140694026111));
#1624 = CARTESIAN_POINT('',(7.,-49.95672680178,-2.275301656074));
#1625 = CARTESIAN_POINT('',(7.,-50.01401324546,-2.408299139603));
#1626 = CARTESIAN_POINT('',(7.,-50.07512927376,-2.539548034561));
#1627 = CARTESIAN_POINT('',(7.,-50.24733908397,-2.882953411631));
#1628 = CARTESIAN_POINT('',(7.,-50.3649629976,-3.091839086383));
#1629 = CARTESIAN_POINT('',(7.,-50.49254785438,-3.29495650085));
#1630 = CARTESIAN_POINT('',(7.,-50.62972101867,-3.491726760354));
#1631 = CARTESIAN_POINT('',(7.,-50.77606586735,-3.681605185141));
#1632 = CARTESIAN_POINT('',(7.,-51.09057849129,-4.051730687773));
#1633 = CARTESIAN_POINT('',(7.,-51.25924999114,-4.231554944885));
#1634 = CARTESIAN_POINT('',(7.,-51.43663918492,-4.402998222972));
#1635 = CARTESIAN_POINT('',(7.,-51.62220887786,-4.565552977892));
#1636 = CARTESIAN_POINT('',(7.,-51.81538526178,-4.718758181867));
#1637 = CARTESIAN_POINT('',(7.,-52.14406621239,-4.954282953506));
#1638 = CARTESIAN_POINT('',(7.,-52.27545772411,-5.042343763604));
#1639 = CARTESIAN_POINT('',(7.,-52.40957349542,-5.126271221171));
#1640 = CARTESIAN_POINT('',(7.,-52.54624842947,-5.205964497005));
#1641 = CARTESIAN_POINT('',(7.,-52.68531293737,-5.281331358726));
#1642 = CARTESIAN_POINT('',(7.,-52.92273453058,-5.400574558551));
#1643 = CARTESIAN_POINT('',(7.,-53.01990220367,-5.446818760321));
#1644 = CARTESIAN_POINT('',(7.,-53.11804117886,-5.490994446671));
#1645 = CARTESIAN_POINT('',(7.,-53.21709594473,-5.533077199484));
#1646 = CARTESIAN_POINT('',(7.,-53.31701025698,-5.573044511942));
#1647 = CARTESIAN_POINT('',(7.,-53.65484277024,-5.699941165841));
#1648 = CARTESIAN_POINT('',(7.,-53.89640874346,-5.777167820256));
#1649 = CARTESIAN_POINT('',(7.,-54.14167826937,-5.84228617479));
#1650 = CARTESIAN_POINT('',(7.,-54.38989123004,-5.895087543484));
#1651 = CARTESIAN_POINT('',(7.,-54.64027417831,-5.935424131406));
#1652 = CARTESIAN_POINT('',(7.,-55.25075344505,-6.002796598732));
#1653 = CARTESIAN_POINT('',(7.,-55.61229031357,-6.016905943357));
#1654 = CARTESIAN_POINT('',(7.,-55.97436255216,-6.005281567307));
#1655 = CARTESIAN_POINT('',(7.,-56.3346918646,-5.967939089983));
#1656 = CARTESIAN_POINT('',(7.,-56.69101022949,-5.905133000541));
#1657 = CARTESIAN_POINT('',(7.,-57.20670670394,-5.775881933815));
#1658 = CARTESIAN_POINT('',(7.,-57.37094846482,-5.728784029644));
#1659 = CARTESIAN_POINT('',(7.,-57.53355381202,-5.676159293749));
#1660 = CARTESIAN_POINT('',(7.,-57.69428965293,-5.618076285819));
#1661 = CARTESIAN_POINT('',(7.,-57.8529266039,-5.554616411565));
#1662 = CARTESIAN_POINT('',(7.,-58.26938002003,-5.371470053224));
#1663 = CARTESIAN_POINT('',(7.,-58.52308723878,-5.242432851728));
#1664 = CARTESIAN_POINT('',(7.,-58.76931555316,-5.099200120323));
#1665 = CARTESIAN_POINT('',(7.,-59.00706795941,-4.94230084877));
#1666 = CARTESIAN_POINT('',(7.,-59.23539792251,-4.772356938173));
#1667 = CARTESIAN_POINT('',(7.,-59.67099164788,-4.408175709854));
#1668 = CARTESIAN_POINT('',(7.,-59.87830286191,-4.213982030329));
#1669 = CARTESIAN_POINT('',(7.,-60.07445689707,-4.008217605045));
#1670 = CARTESIAN_POINT('',(7.,-60.25863924705,-3.791672365443));
#1671 = CARTESIAN_POINT('',(7.,-60.43011207332,-3.565213261816));
#1672 = CARTESIAN_POINT('',(7.,-60.91642538113,-2.84106156739));
#1673 = CARTESIAN_POINT('',(7.,-61.18714683709,-2.313510033656));
#1674 = CARTESIAN_POINT('',(7.,-61.39423128015,-1.755829546039));
#1675 = CARTESIAN_POINT('',(7.,-61.53381658273,-1.177538023683));
#1676 = CARTESIAN_POINT('',(7.,-61.60357132504,-0.588676469585));
#1677 = CARTESIAN_POINT('',(7.,-61.60357132504,0.));
#1678 = PCURVE('',#1072,#1679);
#1679 = DEFINITIONAL_REPRESENTATION('',(#1680),#1808);
#1680 = B_SPLINE_CURVE_WITH_KNOTS('',6,(#1681,#1682,#1683,#1684,#1685,
    #1686,#1687,#1688,#1689,#1690,#1691,#1692,#1693,#1694,#1695,#1696,
    #1697,#1698,#1699,#1700,#1701,#1702,#1703,#1704,#1705,#1706,#1707,
    #1708,#1709,#1710,#1711,#1712,#1713,#1714,#1715,#1716,#1717,#1718,
    #1719,#1720,#1721,#1722,#1723,#1724,#1725,#1726,#1727,#1728,#1729,
    #1730,#1731,#1732,#1733,#1734,#1735,#1736,#1737,#1738,#1739,#1740,
    #1741,#1742,#1743,#1744,#1745,#1746,#1747,#1748,#1749,#1750,#1751,
    #1752,#1753,#1754,#1755,#1756,#1757,#1758,#1759,#1760,#1761,#1762,
    #1763,#1764,#1765,#1766,#1767,#1768,#1769,#1770,#1771,#1772,#1773,
    #1774,#1775,#1776,#1777,#1778,#1779,#1780,#1781,#1782,#1783,#1784,
    #1785,#1786,#1787,#1788,#1789,#1790,#1791,#1792,#1793,#1794,#1795,
    #1796,#1797,#1798,#1799,#1800,#1801,#1802,#1803,#1804,#1805,#1806,
    #1807),.UNSPECIFIED.,.F.,.F.,(7,5,5,5,5,5,5,5,5,5,5,5,5,5,5,5,5,5,5,
    5,5,5,5,5,5,7),(0.,9.332890421194E-02,0.138287390475,0.18333553907,
    0.210403871551,0.267608236656,0.307757670609,0.324811488255,
    0.349872065189,0.388908835594,0.426869131107,0.449812222431,
    0.46476474854,0.499635461441,0.550187551664,0.573130636112,
    0.611090916168,0.650127673242,0.67518824641,0.692242064342,
    0.73239150856,0.789595907736,0.816664261224,0.861712446595,
    0.90667096695,1.),.UNSPECIFIED.);
#1681 = CARTESIAN_POINT('',(4.825533458149,0.));
#1682 = CARTESIAN_POINT('',(4.825533458149,9.811264682836E-02));
#1683 = CARTESIAN_POINT('',(4.825660482211,0.196255518984));
#1684 = CARTESIAN_POINT('',(4.825914670791,0.294340342024));
#1685 = CARTESIAN_POINT('',(4.826293904376,0.392383971438));
#1686 = CARTESIAN_POINT('',(4.826795410158,0.490403253638));
#1687 = CARTESIAN_POINT('',(4.827710530853,0.635487493186));
#1688 = CARTESIAN_POINT('',(4.828035039126,0.682639862628));
#1689 = CARTESIAN_POINT('',(4.828385905848,0.729773614497));
#1690 = CARTESIAN_POINT('',(4.82876239797,0.776888743));
#1691 = CARTESIAN_POINT('',(4.829163653196,0.823985614586));
#1692 = CARTESIAN_POINT('',(4.830014490421,0.918233397848));
#1693 = CARTESIAN_POINT('',(4.830464179718,0.965385634384));
#1694 = CARTESIAN_POINT('',(4.830936685654,1.012517815922));
#1695 = CARTESIAN_POINT('',(4.831430856844,1.059631139581));
#1696 = CARTESIAN_POINT('',(4.831945383442,1.106727215684));
#1697 = CARTESIAN_POINT('',(4.832799252651,1.182094215858));
#1698 = CARTESIAN_POINT('',(4.833126553921,1.210376565071));
#1699 = CARTESIAN_POINT('',(4.833460340982,1.238653149221));
#1700 = CARTESIAN_POINT('',(4.833800267805,1.266924291559));
#1701 = CARTESIAN_POINT('',(4.834145964975,1.295190364568));
#1702 = CARTESIAN_POINT('',(4.835238977012,1.383177556143));
#1703 = CARTESIAN_POINT('',(4.836004954864,1.442884494155));
#1704 = CARTESIAN_POINT('',(4.836791212939,1.502572587276));
#1705 = CARTESIAN_POINT('',(4.837593584807,1.562249215998));
#1706 = CARTESIAN_POINT('',(4.838407397584,1.621922175253));
#1707 = CARTESIAN_POINT('',(4.839802944202,1.723474049537));
#1708 = CARTESIAN_POINT('',(4.840381550074,1.765354950674));
#1709 = CARTESIAN_POINT('',(4.840961427134,1.807238054594));
#1710 = CARTESIAN_POINT('',(4.841540672423,1.849125387767));
#1711 = CARTESIAN_POINT('',(4.842117280857,1.891018949947));
#1712 = CARTESIAN_POINT('',(4.842932049536,1.950718849192));
#1713 = CARTESIAN_POINT('',(4.843174098901,1.968518479762));
#1714 = CARTESIAN_POINT('',(4.843415132469,1.986319756006));
#1715 = CARTESIAN_POINT('',(4.843654987097,2.004122822621));
#1716 = CARTESIAN_POINT('',(4.84389349735,2.021927818883));
#1717 = CARTESIAN_POINT('',(4.844478764169,2.065902344509));
#1718 = CARTESIAN_POINT('',(4.8448237687,2.092074279928));
#1719 = CARTESIAN_POINT('',(4.845164975343,2.11825110592));
#1720 = CARTESIAN_POINT('',(4.845501845271,2.144433204022));
#1721 = CARTESIAN_POINT('',(4.845833834579,2.17062091628));
#1722 = CARTESIAN_POINT('',(4.846669075168,2.237616266743));
#1723 = CARTESIAN_POINT('',(4.847164587519,2.278432695977));
#1724 = CARTESIAN_POINT('',(4.847644858121,2.319264259219));
#1725 = CARTESIAN_POINT('',(4.848107817132,2.360112148475));
#1726 = CARTESIAN_POINT('',(4.848551434333,2.400977212597));
#1727 = CARTESIAN_POINT('',(4.849384430509,2.481613135462));
#1728 = CARTESIAN_POINT('',(4.849774974353,2.52138371412));
#1729 = CARTESIAN_POINT('',(4.850143590565,2.561169919151));
#1730 = CARTESIAN_POINT('',(4.850488573241,2.600971802899));
#1731 = CARTESIAN_POINT('',(4.850808345395,2.640789063343));
#1732 = CARTESIAN_POINT('',(4.851278677668,2.704693656664));
#1733 = CARTESIAN_POINT('',(4.851446135383,2.728772450899));
#1734 = CARTESIAN_POINT('',(4.851603558425,2.752856113351));
#1735 = CARTESIAN_POINT('',(4.851750661701,2.776944361264));
#1736 = CARTESIAN_POINT('',(4.851887187178,2.801036870632));
#1737 = CARTESIAN_POINT('',(4.852094836274,2.840837443011));
#1738 = CARTESIAN_POINT('',(4.852172178096,2.856543270086));
#1739 = CARTESIAN_POINT('',(4.852244865764,2.872250656609));
#1740 = CARTESIAN_POINT('',(4.852312841481,2.88795949589));
#1741 = CARTESIAN_POINT('',(4.852376053244,2.903669675369));
#1742 = CARTESIAN_POINT('',(4.85257065292,2.956021558499));
#1743 = CARTESIAN_POINT('',(4.852680693062,2.992668805634));
#1744 = CARTESIAN_POINT('',(4.852763983802,3.029321229266));
#1745 = CARTESIAN_POINT('',(4.852820127356,3.065977168097));
#1746 = CARTESIAN_POINT('',(4.85284891963,3.102634888287));
#1747 = CARTESIAN_POINT('',(4.852852424131,3.192435262773));
#1748 = CARTESIAN_POINT('',(4.852796997344,3.245579754749));
#1749 = CARTESIAN_POINT('',(4.852684043858,3.298717159761));
#1750 = CARTESIAN_POINT('',(4.852514443987,3.351844265212));
#1751 = CARTESIAN_POINT('',(4.852289906588,3.404958204437));
#1752 = CARTESIAN_POINT('',(4.851887190467,3.482147847406));
#1753 = CARTESIAN_POINT('',(4.851750665288,3.506240342649));
#1754 = CARTESIAN_POINT('',(4.851603562319,3.530328576447));
#1755 = CARTESIAN_POINT('',(4.851446139591,3.554412224794));
#1756 = CARTESIAN_POINT('',(4.851278682197,3.578491004935));
#1757 = CARTESIAN_POINT('',(4.850808350822,3.642395556588));
#1758 = CARTESIAN_POINT('',(4.850488579262,3.682212789478));
#1759 = CARTESIAN_POINT('',(4.850143597195,3.722014645704));
#1760 = CARTESIAN_POINT('',(4.849774981607,3.761800823241));
#1761 = CARTESIAN_POINT('',(4.849384438395,3.801571374429));
#1762 = CARTESIAN_POINT('',(4.848551443477,3.882207244308));
#1763 = CARTESIAN_POINT('',(4.848107826902,3.923072282912));
#1764 = CARTESIAN_POINT('',(4.847644868512,3.963920146666));
#1765 = CARTESIAN_POINT('',(4.847164598523,4.004751684418));
#1766 = CARTESIAN_POINT('',(4.846669086774,4.045568088166));
#1767 = CARTESIAN_POINT('',(4.845833847082,4.112563401791));
#1768 = CARTESIAN_POINT('',(4.845501858077,4.138751102694));
#1769 = CARTESIAN_POINT('',(4.845164988444,4.164933189436));
#1770 = CARTESIAN_POINT('',(4.844823782085,4.191110004065));
#1771 = CARTESIAN_POINT('',(4.844478777828,4.217281928113));
#1772 = CARTESIAN_POINT('',(4.84389351141,4.261256437596));
#1773 = CARTESIAN_POINT('',(4.843655001289,4.279061429087));
#1774 = CARTESIAN_POINT('',(4.843415146788,4.296864490928));
#1775 = CARTESIAN_POINT('',(4.843174113342,4.314665762393));
#1776 = CARTESIAN_POINT('',(4.842932064092,4.332465388179));
#1777 = CARTESIAN_POINT('',(4.842117295644,4.392165281366));
#1778 = CARTESIAN_POINT('',(4.841540687296,4.434058842245));
#1779 = CARTESIAN_POINT('',(4.840961442057,4.475946174082));
#1780 = CARTESIAN_POINT('',(4.840381565014,4.517829276631));
#1781 = CARTESIAN_POINT('',(4.839802959128,4.559710176361));
#1782 = CARTESIAN_POINT('',(4.838407412118,4.661262067429));
#1783 = CARTESIAN_POINT('',(4.837593598938,4.720935044841));
#1784 = CARTESIAN_POINT('',(4.836791226616,4.780611691653));
#1785 = CARTESIAN_POINT('',(4.836004968047,4.84029980281));
#1786 = CARTESIAN_POINT('',(4.835238989668,4.900006758817));
#1787 = CARTESIAN_POINT('',(4.834145976752,4.987993981953));
#1788 = CARTESIAN_POINT('',(4.833800279254,5.016260068555));
#1789 = CARTESIAN_POINT('',(4.833460352099,5.044531224483));
#1790 = CARTESIAN_POINT('',(4.833126564705,5.07280782222));
#1791 = CARTESIAN_POINT('',(4.8327992631,5.101090185018));
#1792 = CARTESIAN_POINT('',(4.831945392978,5.176457223288));
#1793 = CARTESIAN_POINT('',(4.831430865802,5.223553323904));
#1794 = CARTESIAN_POINT('',(4.830936694039,5.270666672082));
#1795 = CARTESIAN_POINT('',(4.830464187539,5.317798878152));
#1796 = CARTESIAN_POINT('',(4.830014497689,5.364951139239));
#1797 = CARTESIAN_POINT('',(4.829163659414,5.459198968856));
#1798 = CARTESIAN_POINT('',(4.828762403687,5.506295862247));
#1799 = CARTESIAN_POINT('',(4.828385911079,5.553411012574));
#1800 = CARTESIAN_POINT('',(4.828035043886,5.600544786293));
#1801 = CARTESIAN_POINT('',(4.827710535161,5.647697177611));
#1802 = CARTESIAN_POINT('',(4.826795412752,5.792781545447));
#1803 = CARTESIAN_POINT('',(4.826293906007,5.890800919291));
#1804 = CARTESIAN_POINT('',(4.825914671583,5.988844656623));
#1805 = CARTESIAN_POINT('',(4.825660482472,6.0869295805));
#1806 = CARTESIAN_POINT('',(4.825533458149,6.185072562249));
#1807 = CARTESIAN_POINT('',(4.825533458149,6.28318530718));
#1808 = ( GEOMETRIC_REPRESENTATION_CONTEXT(2) 
PARAMETRIC_REPRESENTATION_CONTEXT() REPRESENTATION_CONTEXT('2D SPACE',''
  ) );
#1809 = PCURVE('',#1810,#1815);
#1810 = PLANE('',#1811);
#1811 = AXIS2_PLACEMENT_3D('',#1812,#1813,#1814);
#1812 = CARTESIAN_POINT('',(7.,-86.,-12.5));
#1813 = DIRECTION('',(1.,0.,-0.));
#1814 = DIRECTION('',(0.,0.,1.));
#1815 = DEFINITIONAL_REPRESENTATION('',(#1816),#1944);
#1816 = B_SPLINE_CURVE_WITH_KNOTS('',6,(#1817,#1818,#1819,#1820,#1821,
    #1822,#1823,#1824,#1825,#1826,#1827,#1828,#1829,#1830,#1831,#1832,
    #1833,#1834,#1835,#1836,#1837,#1838,#1839,#1840,#1841,#1842,#1843,
    #1844,#1845,#1846,#1847,#1848,#1849,#1850,#1851,#1852,#1853,#1854,
    #1855,#1856,#1857,#1858,#1859,#1860,#1861,#1862,#1863,#1864,#1865,
    #1866,#1867,#1868,#1869,#1870,#1871,#1872,#1873,#1874,#1875,#1876,
    #1877,#1878,#1879,#1880,#1881,#1882,#1883,#1884,#1885,#1886,#1887,
    #1888,#1889,#1890,#1891,#1892,#1893,#1894,#1895,#1896,#1897,#1898,
    #1899,#1900,#1901,#1902,#1903,#1904,#1905,#1906,#1907,#1908,#1909,
    #1910,#1911,#1912,#1913,#1914,#1915,#1916,#1917,#1918,#1919,#1920,
    #1921,#1922,#1923,#1924,#1925,#1926,#1927,#1928,#1929,#1930,#1931,
    #1932,#1933,#1934,#1935,#1936,#1937,#1938,#1939,#1940,#1941,#1942,
    #1943),.UNSPECIFIED.,.T.,.F.,(7,5,5,5,5,5,5,5,5,5,5,5,5,5,5,5,5,5,5,
    5,5,5,5,5,5,7),(0.,9.332890421194E-02,0.138287390475,0.18333553907,
    0.210403871551,0.267608236656,0.307757670609,0.324811488255,
    0.349872065189,0.388908835594,0.426869131107,0.449812222431,
    0.46476474854,0.499635461441,0.550187551664,0.573130636112,
    0.611090916168,0.650127673242,0.67518824641,0.692242064342,
    0.73239150856,0.789595907736,0.816664261224,0.861712446595,
    0.90667096695,1.),.UNSPECIFIED.);
#1817 = CARTESIAN_POINT('',(12.5,-24.39642867495));
#1818 = CARTESIAN_POINT('',(13.08867588097,-24.39642867495));
#1819 = CARTESIAN_POINT('',(13.677536778433,-24.46618327422));
#1820 = CARTESIAN_POINT('',(14.255827722758,-24.6057682846));
#1821 = CARTESIAN_POINT('',(14.813507670861,-24.81285227331));
#1822 = CARTESIAN_POINT('',(15.34105883102,-25.08357321822));
#1823 = CARTESIAN_POINT('',(16.065210181983,-25.56988564785));
#1824 = CARTESIAN_POINT('',(16.291669289343,-25.74135824816));
#1825 = CARTESIAN_POINT('',(16.508214550112,-25.92554036684));
#1826 = CARTESIAN_POINT('',(16.713979014699,-26.12169416695));
#1827 = CARTESIAN_POINT('',(16.908172752175,-26.32900514388));
#1828 = CARTESIAN_POINT('',(17.272354123892,-26.76459838128));
#1829 = CARTESIAN_POINT('',(17.442298121437,-26.99292809229));
#1830 = CARTESIAN_POINT('',(17.599197500857,-27.23068024688));
#1831 = CARTESIAN_POINT('',(17.742430361257,-27.47690831195));
#1832 = CARTESIAN_POINT('',(17.871467712867,-27.73061528573));
#1833 = CARTESIAN_POINT('',(18.054614347731,-28.14706832616));
#1834 = CARTESIAN_POINT('',(18.118074334621,-28.30570514252));
#1835 = CARTESIAN_POINT('',(18.17615746224,-28.46644085172));
#1836 = CARTESIAN_POINT('',(18.228782324785,-28.62904607047));
#1837 = CARTESIAN_POINT('',(18.275880362452,-28.79328770659));
#1838 = CARTESIAN_POINT('',(18.405131881497,-29.30898386843));
#1839 = CARTESIAN_POINT('',(18.467938304006,-29.6653020618));
#1840 = CARTESIAN_POINT('',(18.505281133706,-30.02563122564));
#1841 = CARTESIAN_POINT('',(18.516905879475,-30.38770334082));
#1842 = CARTESIAN_POINT('',(18.502796919679,-30.74924011319));
#1843 = CARTESIAN_POINT('',(18.435425119161,-31.3597193514));
#1844 = CARTESIAN_POINT('',(18.395088798333,-31.61010235159));
#1845 = CARTESIAN_POINT('',(18.342287693589,-31.85831537739));
#1846 = CARTESIAN_POINT('',(18.277169599086,-32.10358498144));
#1847 = CARTESIAN_POINT('',(18.199943200028,-32.34515104552));
#1848 = CARTESIAN_POINT('',(18.073046893211,-32.68298372993));
#1849 = CARTESIAN_POINT('',(18.03307967589,-32.78289811194));
#1850 = CARTESIAN_POINT('',(17.990997016175,-32.88195294936));
#1851 = CARTESIAN_POINT('',(17.946821420848,-32.98009199782));
#1852 = CARTESIAN_POINT('',(17.900577307988,-33.07725974583));
#1853 = CARTESIAN_POINT('',(17.781334310564,-33.31468155158));
#1854 = CARTESIAN_POINT('',(17.70596755837,-33.45374619818));
#1855 = CARTESIAN_POINT('',(17.626274385889,-33.59042127331));
#1856 = CARTESIAN_POINT('',(17.542347025451,-33.72453718776));
#1857 = CARTESIAN_POINT('',(17.45428630623,-33.85592884437));
#1858 = CARTESIAN_POINT('',(17.218761723584,-34.18461020753));
#1859 = CARTESIAN_POINT('',(17.065556605054,-34.37778685849));
#1860 = CARTESIAN_POINT('',(16.903001916843,-34.5633568178));
#1861 = CARTESIAN_POINT('',(16.731558687058,-34.74074627579));
#1862 = CARTESIAN_POINT('',(16.551734460318,-34.90941803625));
#1863 = CARTESIAN_POINT('',(16.181608971451,-35.22393117462));
#1864 = CARTESIAN_POINT('',(15.991730530019,-35.37027627624));
#1865 = CARTESIAN_POINT('',(15.794960237193,-35.50744968627));
#1866 = CARTESIAN_POINT('',(15.591842773517,-35.63503478032));
#1867 = CARTESIAN_POINT('',(15.382957034588,-35.75265892153));
#1868 = CARTESIAN_POINT('',(15.039551546117,-35.92486907264));
#1869 = CARTESIAN_POINT('',(14.908302613177,-35.9859852219));
#1870 = CARTESIAN_POINT('',(14.775305087168,-36.04327178319));
#1871 = CARTESIAN_POINT('',(14.640697410426,-36.09666374639));
#1872 = CARTESIAN_POINT('',(14.504621404333,-36.14610304347));
#1873 = CARTESIAN_POINT('',(14.277676177884,-36.221149884));
#1874 = CARTESIAN_POINT('',(14.187568011263,-36.24906068609));
#1875 = CARTESIAN_POINT('',(14.096937915581,-36.27525683776));
#1876 = CARTESIAN_POINT('',(14.005826479919,-36.29972556985));
#1877 = CARTESIAN_POINT('',(13.914274736321,-36.32245546096));
#1878 = CARTESIAN_POINT('',(13.607886670615,-36.3923660702));
#1879 = CARTESIAN_POINT('',(13.391278284002,-36.43178434906));
#1880 = CARTESIAN_POINT('',(13.173028012898,-36.46156282965));
#1881 = CARTESIAN_POINT('',(12.953670496021,-36.48161531794));
#1882 = CARTESIAN_POINT('',(12.733745997857,-36.49189787023));
#1883 = CARTESIAN_POINT('',(12.19494517616,-36.49314947855));
#1884 = CARTESIAN_POINT('',(11.876032242746,-36.47335414759));
#1885 = CARTESIAN_POINT('',(11.558736273736,-36.43301630476));
#1886 = CARTESIAN_POINT('',(11.244697073801,-36.37232751717));
#1887 = CARTESIAN_POINT('',(10.93552193853,-36.29165059967));
#1888 = CARTESIAN_POINT('',(10.495381929115,-36.1461042341));
#1889 = CARTESIAN_POINT('',(10.359305973889,-36.09666504735));
#1890 = CARTESIAN_POINT('',(10.224698343926,-36.04327319822));
#1891 = CARTESIAN_POINT('',(10.091700860397,-35.98598675453));
#1892 = CARTESIAN_POINT('',(9.960451965439,-35.92487072623));
#1893 = CARTESIAN_POINT('',(9.617046588369,-35.75266091602));
#1894 = CARTESIAN_POINT('',(9.408160913617,-35.63503700239));
#1895 = CARTESIAN_POINT('',(9.20504349915,-35.50745214561));
#1896 = CARTESIAN_POINT('',(9.008273239646,-35.37027898132));
#1897 = CARTESIAN_POINT('',(8.818394814859,-35.22393413264));
#1898 = CARTESIAN_POINT('',(8.448269312227,-34.9094215087));
#1899 = CARTESIAN_POINT('',(8.268445055115,-34.74075000885));
#1900 = CARTESIAN_POINT('',(8.097001777028,-34.56336081507));
#1901 = CARTESIAN_POINT('',(7.934447022108,-34.37779112213));
#1902 = CARTESIAN_POINT('',(7.781241818133,-34.18461473821));
#1903 = CARTESIAN_POINT('',(7.545717046494,-33.8559337876));
#1904 = CARTESIAN_POINT('',(7.457656236396,-33.72454227588));
#1905 = CARTESIAN_POINT('',(7.373728778829,-33.59042650457));
#1906 = CARTESIAN_POINT('',(7.294035502995,-33.45375157052));
#1907 = CARTESIAN_POINT('',(7.218668641274,-33.31468706262));
#1908 = CARTESIAN_POINT('',(7.099425441449,-33.07726546941));
#1909 = CARTESIAN_POINT('',(7.053181239679,-32.98009779632));
#1910 = CARTESIAN_POINT('',(7.009005553329,-32.88195882113));
#1911 = CARTESIAN_POINT('',(6.966922800516,-32.78290405526));
#1912 = CARTESIAN_POINT('',(6.926955488058,-32.68298974301));
#1913 = CARTESIAN_POINT('',(6.800058834159,-32.34515722975));
#1914 = CARTESIAN_POINT('',(6.722832179744,-32.10359125653));
#1915 = CARTESIAN_POINT('',(6.65771382521,-31.85832173062));
#1916 = CARTESIAN_POINT('',(6.604912456516,-31.61010876995));
#1917 = CARTESIAN_POINT('',(6.564575868594,-31.35972582168));
#1918 = CARTESIAN_POINT('',(6.497203401268,-30.74924655495));
#1919 = CARTESIAN_POINT('',(6.483094056643,-30.38770968642));
#1920 = CARTESIAN_POINT('',(6.494718432693,-30.02563744783));
#1921 = CARTESIAN_POINT('',(6.532060910017,-29.66530813539));
#1922 = CARTESIAN_POINT('',(6.594866999459,-29.3089897705));
#1923 = CARTESIAN_POINT('',(6.724118066185,-28.79329329605));
#1924 = CARTESIAN_POINT('',(6.771215970356,-28.62905153517));
#1925 = CARTESIAN_POINT('',(6.823840706251,-28.46644618797));
#1926 = CARTESIAN_POINT('',(6.881923714181,-28.30571034706));
#1927 = CARTESIAN_POINT('',(6.945383588435,-28.14707339609));
#1928 = CARTESIAN_POINT('',(7.128529946776,-27.73061997997));
#1929 = CARTESIAN_POINT('',(7.257567148272,-27.47691276121));
#1930 = CARTESIAN_POINT('',(7.400799879677,-27.23068444684));
#1931 = CARTESIAN_POINT('',(7.55769915123,-26.99293204058));
#1932 = CARTESIAN_POINT('',(7.727643061827,-26.76460207749));
#1933 = CARTESIAN_POINT('',(8.091824290146,-26.32900835211));
#1934 = CARTESIAN_POINT('',(8.286017969671,-26.12169713808));
#1935 = CARTESIAN_POINT('',(8.491782394955,-25.92554310292));
#1936 = CARTESIAN_POINT('',(8.708327634557,-25.74136075294));
#1937 = CARTESIAN_POINT('',(8.934786738184,-25.56988792667));
#1938 = CARTESIAN_POINT('',(9.65893843261,-25.08357461886));
#1939 = CARTESIAN_POINT('',(10.186489966344,-24.8128531629));
#1940 = CARTESIAN_POINT('',(10.744170453961,-24.60576871984));
#1941 = CARTESIAN_POINT('',(11.322461976317,-24.46618341726));
#1942 = CARTESIAN_POINT('',(11.911323530415,-24.39642867495));
#1943 = CARTESIAN_POINT('',(12.5,-24.39642867495));
#1944 = ( GEOMETRIC_REPRESENTATION_CONTEXT(2) 
PARAMETRIC_REPRESENTATION_CONTEXT() REPRESENTATION_CONTEXT('2D SPACE',''
  ) );
#1945 = ORIENTED_EDGE('',*,*,#1524,.T.);
#1946 = ORIENTED_EDGE('',*,*,#1947,.T.);
#1947 = EDGE_CURVE('',#1445,#1333,#1948,.T.);
#1948 = SURFACE_CURVE('',#1949,(#1972,#1998),.PCURVE_S1.);
#1949 = B_SPLINE_CURVE_WITH_KNOTS('',6,(#1950,#1951,#1952,#1953,#1954,
    #1955,#1956,#1957,#1958,#1959,#1960,#1961,#1962,#1963,#1964,#1965,
    #1966,#1967,#1968,#1969,#1970,#1971),.UNSPECIFIED.,.F.,.F.,(7,5,5,5,
    7),(0.,0.347734047889,0.518650692254,0.685913316862,1.),
  .UNSPECIFIED.);
#1950 = CARTESIAN_POINT('',(61.927376821564,-3.,0.));
#1951 = CARTESIAN_POINT('',(61.927376821564,-3.,0.588347129095));
#1952 = CARTESIAN_POINT('',(61.858064601157,-3.,1.176864147532));
#1953 = CARTESIAN_POINT('',(61.719370245459,-3.,1.754958928718));
#1954 = CARTESIAN_POINT('',(61.51351155341,-3.,2.312676934056));
#1955 = CARTESIAN_POINT('',(61.244209288574,-3.,2.840529871994));
#1956 = CARTESIAN_POINT('',(60.756800398088,-3.,3.570257352183));
#1957 = CARTESIAN_POINT('',(60.582265616268,-3.,3.801445332782));
#1958 = CARTESIAN_POINT('',(60.394498300028,-3.,4.022334386802));
#1959 = CARTESIAN_POINT('',(60.194266792313,-3.,4.231991145673));
#1960 = CARTESIAN_POINT('',(59.982425451195,-3.,4.42956133845));
#1961 = CARTESIAN_POINT('',(59.542158381597,-3.,4.795030656274));
#1962 = CARTESIAN_POINT('',(59.314177397741,-3.,4.963479362667));
#1963 = CARTESIAN_POINT('',(59.076850811949,-3.,5.118891855211));
#1964 = CARTESIAN_POINT('',(58.831115087723,-3.,5.260634511972));
#1965 = CARTESIAN_POINT('',(58.577961526384,-3.,5.388164970931));
#1966 = CARTESIAN_POINT('',(57.83109472762,-3.,5.71297521428));
#1967 = CARTESIAN_POINT('',(57.321181121077,-3.,5.873258619729));
#1968 = CARTESIAN_POINT('',(56.795744539624,-3.,5.978803954222));
#1969 = CARTESIAN_POINT('',(56.26207777438,-3.,6.028016365297));
#1970 = CARTESIAN_POINT('',(55.727622924716,-3.,6.020370303052));
#1971 = CARTESIAN_POINT('',(55.2,-3.,5.956819840443));
#1972 = PCURVE('',#1072,#1973);
#1973 = DEFINITIONAL_REPRESENTATION('',(#1974),#1997);
#1974 = B_SPLINE_CURVE_WITH_KNOTS('',6,(#1975,#1976,#1977,#1978,#1979,
    #1980,#1981,#1982,#1983,#1984,#1985,#1986,#1987,#1988,#1989,#1990,
    #1991,#1992,#1993,#1994,#1995,#1996),.UNSPECIFIED.,.F.,.F.,(7,5,5,5,
    7),(0.,0.347734047889,0.518650692254,0.685913316862,1.),
  .UNSPECIFIED.);
#1975 = CARTESIAN_POINT('',(6.234779308943,0.));
#1976 = CARTESIAN_POINT('',(6.234779308943,9.805785484915E-02));
#1977 = CARTESIAN_POINT('',(6.234725215335,0.196143453105));
#1978 = CARTESIAN_POINT('',(6.234616972324,0.294192535106));
#1979 = CARTESIAN_POINT('',(6.234455407215,0.392234123535));
#1980 = CARTESIAN_POINT('',(6.234241609262,0.490297272928));
#1981 = CARTESIAN_POINT('',(6.233848530418,0.636498699002));
#1982 = CARTESIAN_POINT('',(6.233706956172,0.684675692964));
#1983 = CARTESIAN_POINT('',(6.233553617669,0.732848382201));
#1984 = CARTESIAN_POINT('',(6.233388834531,0.78101751472));
#1985 = CARTESIAN_POINT('',(6.233212988181,0.829183912004));
#1986 = CARTESIAN_POINT('',(6.232844074774,0.924478142559));
#1987 = CARTESIAN_POINT('',(6.232651450732,0.971607612174));
#1988 = CARTESIAN_POINT('',(6.232449097931,1.018732756306));
#1989 = CARTESIAN_POINT('',(6.232237502269,1.065854462781));
#1990 = CARTESIAN_POINT('',(6.232017221283,1.112973695827));
#1991 = CARTESIAN_POINT('',(6.231360161399,1.248562893676));
#1992 = CARTESIAN_POINT('',(6.230902986069,1.337041585742));
#1993 = CARTESIAN_POINT('',(6.230421768735,1.425492502447));
#1994 = CARTESIAN_POINT('',(6.229921650723,1.513937032346));
#1995 = CARTESIAN_POINT('',(6.229408842934,1.602396758001));
#1996 = CARTESIAN_POINT('',(6.228890895271,1.69084083462));
#1997 = ( GEOMETRIC_REPRESENTATION_CONTEXT(2) 
PARAMETRIC_REPRESENTATION_CONTEXT() REPRESENTATION_CONTEXT('2D SPACE',''
  ) );
#1998 = PCURVE('',#1350,#1999);
#1999 = DEFINITIONAL_REPRESENTATION('',(#2000),#2023);
#2000 = B_SPLINE_CURVE_WITH_KNOTS('',6,(#2001,#2002,#2003,#2004,#2005,
    #2006,#2007,#2008,#2009,#2010,#2011,#2012,#2013,#2014,#2015,#2016,
    #2017,#2018,#2019,#2020,#2021,#2022),.UNSPECIFIED.,.F.,.F.,(7,5,5,5,
    7),(0.,0.347734047889,0.518650692254,0.685913316862,1.),
  .UNSPECIFIED.);
#2001 = CARTESIAN_POINT('',(4.,3.927376821564));
#2002 = CARTESIAN_POINT('',(4.588347129095,3.927376821564));
#2003 = CARTESIAN_POINT('',(5.176864147532,3.858064601157));
#2004 = CARTESIAN_POINT('',(5.754958928718,3.719370245459));
#2005 = CARTESIAN_POINT('',(6.312676934056,3.51351155341));
#2006 = CARTESIAN_POINT('',(6.840529871994,3.244209288574));
#2007 = CARTESIAN_POINT('',(7.570257352183,2.756800398088));
#2008 = CARTESIAN_POINT('',(7.801445332782,2.582265616268));
#2009 = CARTESIAN_POINT('',(8.022334386802,2.394498300028));
#2010 = CARTESIAN_POINT('',(8.231991145673,2.194266792313));
#2011 = CARTESIAN_POINT('',(8.42956133845,1.982425451195));
#2012 = CARTESIAN_POINT('',(8.795030656274,1.542158381597));
#2013 = CARTESIAN_POINT('',(8.963479362667,1.314177397741));
#2014 = CARTESIAN_POINT('',(9.118891855211,1.076850811949));
#2015 = CARTESIAN_POINT('',(9.260634511972,0.831115087723));
#2016 = CARTESIAN_POINT('',(9.388164970931,0.577961526384));
#2017 = CARTESIAN_POINT('',(9.71297521428,-0.16890527238));
#2018 = CARTESIAN_POINT('',(9.873258619729,-0.678818878923));
#2019 = CARTESIAN_POINT('',(9.978803954222,-1.204255460376));
#2020 = CARTESIAN_POINT('',(10.028016365297,-1.73792222562));
#2021 = CARTESIAN_POINT('',(10.020370303052,-2.272377075284));
#2022 = CARTESIAN_POINT('',(9.956819840443,-2.8));
#2023 = ( GEOMETRIC_REPRESENTATION_CONTEXT(2) 
PARAMETRIC_REPRESENTATION_CONTEXT() REPRESENTATION_CONTEXT('2D SPACE',''
  ) );
#2024 = ADVANCED_FACE('',(#2025),#1043,.F.);
#2025 = FACE_BOUND('',#2026,.F.);
#2026 = EDGE_LOOP('',(#2027,#2028,#2029,#2030,#2053));
#2027 = ORIENTED_EDGE('',*,*,#1122,.F.);
#2028 = ORIENTED_EDGE('',*,*,#1026,.F.);
#2029 = ORIENTED_EDGE('',*,*,#1420,.F.);
#2030 = ORIENTED_EDGE('',*,*,#2031,.T.);
#2031 = EDGE_CURVE('',#1421,#2032,#2034,.T.);
#2032 = VERTEX_POINT('',#2033);
#2033 = CARTESIAN_POINT('',(86.,-3.,-4.));
#2034 = SURFACE_CURVE('',#2035,(#2039,#2046),.PCURVE_S1.);
#2035 = LINE('',#2036,#2037);
#2036 = CARTESIAN_POINT('',(58.,-3.,-4.));
#2037 = VECTOR('',#2038,1.);
#2038 = DIRECTION('',(1.,0.,-0.));
#2039 = PCURVE('',#1043,#2040);
#2040 = DEFINITIONAL_REPRESENTATION('',(#2041),#2045);
#2041 = LINE('',#2042,#2043);
#2042 = CARTESIAN_POINT('',(0.,0.));
#2043 = VECTOR('',#2044,1.);
#2044 = DIRECTION('',(1.,0.));
#2045 = ( GEOMETRIC_REPRESENTATION_CONTEXT(2) 
PARAMETRIC_REPRESENTATION_CONTEXT() REPRESENTATION_CONTEXT('2D SPACE',''
  ) );
#2046 = PCURVE('',#1350,#2047);
#2047 = DEFINITIONAL_REPRESENTATION('',(#2048),#2052);
#2048 = LINE('',#2049,#2050);
#2049 = CARTESIAN_POINT('',(0.,0.));
#2050 = VECTOR('',#2051,1.);
#2051 = DIRECTION('',(0.,1.));
#2052 = ( GEOMETRIC_REPRESENTATION_CONTEXT(2) 
PARAMETRIC_REPRESENTATION_CONTEXT() REPRESENTATION_CONTEXT('2D SPACE',''
  ) );
#2053 = ORIENTED_EDGE('',*,*,#2054,.T.);
#2054 = EDGE_CURVE('',#2032,#1123,#2055,.T.);
#2055 = SURFACE_CURVE('',#2056,(#2060,#2067),.PCURVE_S1.);
#2056 = LINE('',#2057,#2058);
#2057 = CARTESIAN_POINT('',(86.,-3.,-4.));
#2058 = VECTOR('',#2059,1.);
#2059 = DIRECTION('',(-0.,1.,0.));
#2060 = PCURVE('',#1043,#2061);
#2061 = DEFINITIONAL_REPRESENTATION('',(#2062),#2066);
#2062 = LINE('',#2063,#2064);
#2063 = CARTESIAN_POINT('',(28.,0.));
#2064 = VECTOR('',#2065,1.);
#2065 = DIRECTION('',(0.,1.));
#2066 = ( GEOMETRIC_REPRESENTATION_CONTEXT(2) 
PARAMETRIC_REPRESENTATION_CONTEXT() REPRESENTATION_CONTEXT('2D SPACE',''
  ) );
#2067 = PCURVE('',#1212,#2068);
#2068 = DEFINITIONAL_REPRESENTATION('',(#2069),#2073);
#2069 = LINE('',#2070,#2071);
#2070 = CARTESIAN_POINT('',(0.,0.));
#2071 = VECTOR('',#2072,1.);
#2072 = DIRECTION('',(0.,-1.));
#2073 = ( GEOMETRIC_REPRESENTATION_CONTEXT(2) 
PARAMETRIC_REPRESENTATION_CONTEXT() REPRESENTATION_CONTEXT('2D SPACE',''
  ) );
#2074 = ADVANCED_FACE('',(#2075),#1212,.T.);
#2075 = FACE_BOUND('',#2076,.T.);
#2076 = EDGE_LOOP('',(#2077,#2100,#2101,#2102));
#2077 = ORIENTED_EDGE('',*,*,#2078,.F.);
#2078 = EDGE_CURVE('',#2032,#2079,#2081,.T.);
#2079 = VERTEX_POINT('',#2080);
#2080 = CARTESIAN_POINT('',(86.,-3.,80.));
#2081 = SURFACE_CURVE('',#2082,(#2086,#2093),.PCURVE_S1.);
#2082 = LINE('',#2083,#2084);
#2083 = CARTESIAN_POINT('',(86.,-3.,-4.));
#2084 = VECTOR('',#2085,1.);
#2085 = DIRECTION('',(0.,0.,1.));
#2086 = PCURVE('',#1212,#2087);
#2087 = DEFINITIONAL_REPRESENTATION('',(#2088),#2092);
#2088 = LINE('',#2089,#2090);
#2089 = CARTESIAN_POINT('',(0.,0.));
#2090 = VECTOR('',#2091,1.);
#2091 = DIRECTION('',(1.,0.));
#2092 = ( GEOMETRIC_REPRESENTATION_CONTEXT(2) 
PARAMETRIC_REPRESENTATION_CONTEXT() REPRESENTATION_CONTEXT('2D SPACE',''
  ) );
#2093 = PCURVE('',#1350,#2094);
#2094 = DEFINITIONAL_REPRESENTATION('',(#2095),#2099);
#2095 = LINE('',#2096,#2097);
#2096 = CARTESIAN_POINT('',(0.,28.));
#2097 = VECTOR('',#2098,1.);
#2098 = DIRECTION('',(1.,0.));
#2099 = ( GEOMETRIC_REPRESENTATION_CONTEXT(2) 
PARAMETRIC_REPRESENTATION_CONTEXT() REPRESENTATION_CONTEXT('2D SPACE',''
  ) );
#2100 = ORIENTED_EDGE('',*,*,#2054,.T.);
#2101 = ORIENTED_EDGE('',*,*,#1198,.T.);
#2102 = ORIENTED_EDGE('',*,*,#2103,.F.);
#2103 = EDGE_CURVE('',#2079,#1171,#2104,.T.);
#2104 = SURFACE_CURVE('',#2105,(#2109,#2116),.PCURVE_S1.);
#2105 = LINE('',#2106,#2107);
#2106 = CARTESIAN_POINT('',(86.,-3.,80.));
#2107 = VECTOR('',#2108,1.);
#2108 = DIRECTION('',(-0.,1.,0.));
#2109 = PCURVE('',#1212,#2110);
#2110 = DEFINITIONAL_REPRESENTATION('',(#2111),#2115);
#2111 = LINE('',#2112,#2113);
#2112 = CARTESIAN_POINT('',(84.,0.));
#2113 = VECTOR('',#2114,1.);
#2114 = DIRECTION('',(0.,-1.));
#2115 = ( GEOMETRIC_REPRESENTATION_CONTEXT(2) 
PARAMETRIC_REPRESENTATION_CONTEXT() REPRESENTATION_CONTEXT('2D SPACE',''
  ) );
#2116 = PCURVE('',#1186,#2117);
#2117 = DEFINITIONAL_REPRESENTATION('',(#2118),#2122);
#2118 = LINE('',#2119,#2120);
#2119 = CARTESIAN_POINT('',(28.,0.));
#2120 = VECTOR('',#2121,1.);
#2121 = DIRECTION('',(0.,1.));
#2122 = ( GEOMETRIC_REPRESENTATION_CONTEXT(2) 
PARAMETRIC_REPRESENTATION_CONTEXT() REPRESENTATION_CONTEXT('2D SPACE',''
  ) );
#2123 = ADVANCED_FACE('',(#2124),#1186,.T.);
#2124 = FACE_BOUND('',#2125,.T.);
#2125 = EDGE_LOOP('',(#2126,#2127,#2148,#2149));
#2126 = ORIENTED_EDGE('',*,*,#1394,.F.);
#2127 = ORIENTED_EDGE('',*,*,#2128,.T.);
#2128 = EDGE_CURVE('',#1335,#2079,#2129,.T.);
#2129 = SURFACE_CURVE('',#2130,(#2134,#2141),.PCURVE_S1.);
#2130 = LINE('',#2131,#2132);
#2131 = CARTESIAN_POINT('',(58.,-3.,80.));
#2132 = VECTOR('',#2133,1.);
#2133 = DIRECTION('',(1.,0.,-0.));
#2134 = PCURVE('',#1186,#2135);
#2135 = DEFINITIONAL_REPRESENTATION('',(#2136),#2140);
#2136 = LINE('',#2137,#2138);
#2137 = CARTESIAN_POINT('',(0.,0.));
#2138 = VECTOR('',#2139,1.);
#2139 = DIRECTION('',(1.,0.));
#2140 = ( GEOMETRIC_REPRESENTATION_CONTEXT(2) 
PARAMETRIC_REPRESENTATION_CONTEXT() REPRESENTATION_CONTEXT('2D SPACE',''
  ) );
#2141 = PCURVE('',#1350,#2142);
#2142 = DEFINITIONAL_REPRESENTATION('',(#2143),#2147);
#2143 = LINE('',#2144,#2145);
#2144 = CARTESIAN_POINT('',(84.,0.));
#2145 = VECTOR('',#2146,1.);
#2146 = DIRECTION('',(0.,1.));
#2147 = ( GEOMETRIC_REPRESENTATION_CONTEXT(2) 
PARAMETRIC_REPRESENTATION_CONTEXT() REPRESENTATION_CONTEXT('2D SPACE',''
  ) );
#2148 = ORIENTED_EDGE('',*,*,#2103,.T.);
#2149 = ORIENTED_EDGE('',*,*,#1170,.F.);
#2150 = ADVANCED_FACE('',(#2151),#1247,.F.);
#2151 = FACE_BOUND('',#2152,.F.);
#2152 = EDGE_LOOP('',(#2153,#2181,#2202,#2203));
#2153 = ORIENTED_EDGE('',*,*,#2154,.F.);
#2154 = EDGE_CURVE('',#2155,#2155,#2157,.T.);
#2155 = VERTEX_POINT('',#2156);
#2156 = CARTESIAN_POINT('',(77.25,-3.,20.));
#2157 = SURFACE_CURVE('',#2158,(#2163,#2170),.PCURVE_S1.);
#2158 = CIRCLE('',#2159,5.25);
#2159 = AXIS2_PLACEMENT_3D('',#2160,#2161,#2162);
#2160 = CARTESIAN_POINT('',(72.,-3.,20.));
#2161 = DIRECTION('',(0.,-1.,2.22044604925E-16));
#2162 = DIRECTION('',(1.,0.,0.));
#2163 = PCURVE('',#1247,#2164);
#2164 = DEFINITIONAL_REPRESENTATION('',(#2165),#2169);
#2165 = LINE('',#2166,#2167);
#2166 = CARTESIAN_POINT('',(0.,13.));
#2167 = VECTOR('',#2168,1.);
#2168 = DIRECTION('',(1.,0.));
#2169 = ( GEOMETRIC_REPRESENTATION_CONTEXT(2) 
PARAMETRIC_REPRESENTATION_CONTEXT() REPRESENTATION_CONTEXT('2D SPACE',''
  ) );
#2170 = PCURVE('',#1350,#2171);
#2171 = DEFINITIONAL_REPRESENTATION('',(#2172),#2180);
#2172 = ( BOUNDED_CURVE() B_SPLINE_CURVE(2,(#2173,#2174,#2175,#2176,
#2177,#2178,#2179),.UNSPECIFIED.,.T.,.F.) B_SPLINE_CURVE_WITH_KNOTS((1,2
    ,2,2,2,1),(-2.094395102393,0.,2.094395102393,4.188790204786,
6.28318530718,8.377580409573),.UNSPECIFIED.) CURVE() 
GEOMETRIC_REPRESENTATION_ITEM() RATIONAL_B_SPLINE_CURVE((1.,0.5,1.,0.5,
1.,0.5,1.)) REPRESENTATION_ITEM('') );
#2173 = CARTESIAN_POINT('',(24.,19.25));
#2174 = CARTESIAN_POINT('',(33.093266739737,19.25));
#2175 = CARTESIAN_POINT('',(28.546633369868,11.375));
#2176 = CARTESIAN_POINT('',(24.,3.5));
#2177 = CARTESIAN_POINT('',(19.453366630132,11.375));
#2178 = CARTESIAN_POINT('',(14.906733260263,19.25));
#2179 = CARTESIAN_POINT('',(24.,19.25));
#2180 = ( GEOMETRIC_REPRESENTATION_CONTEXT(2) 
PARAMETRIC_REPRESENTATION_CONTEXT() REPRESENTATION_CONTEXT('2D SPACE',''
  ) );
#2181 = ORIENTED_EDGE('',*,*,#2182,.F.);
#2182 = EDGE_CURVE('',#1227,#2155,#2183,.T.);
#2183 = SEAM_CURVE('',#2184,(#2188,#2195),.PCURVE_S1.);
#2184 = LINE('',#2185,#2186);
#2185 = CARTESIAN_POINT('',(77.25,10.,20.));
#2186 = VECTOR('',#2187,1.);
#2187 = DIRECTION('',(0.,-1.,2.22044604925E-16));
#2188 = PCURVE('',#1247,#2189);
#2189 = DEFINITIONAL_REPRESENTATION('',(#2190),#2194);
#2190 = LINE('',#2191,#2192);
#2191 = CARTESIAN_POINT('',(6.28318530718,-0.));
#2192 = VECTOR('',#2193,1.);
#2193 = DIRECTION('',(0.,1.));
#2194 = ( GEOMETRIC_REPRESENTATION_CONTEXT(2) 
PARAMETRIC_REPRESENTATION_CONTEXT() REPRESENTATION_CONTEXT('2D SPACE',''
  ) );
#2195 = PCURVE('',#1247,#2196);
#2196 = DEFINITIONAL_REPRESENTATION('',(#2197),#2201);
#2197 = LINE('',#2198,#2199);
#2198 = CARTESIAN_POINT('',(0.,-0.));
#2199 = VECTOR('',#2200,1.);
#2200 = DIRECTION('',(0.,1.));
#2201 = ( GEOMETRIC_REPRESENTATION_CONTEXT(2) 
PARAMETRIC_REPRESENTATION_CONTEXT() REPRESENTATION_CONTEXT('2D SPACE',''
  ) );
#2202 = ORIENTED_EDGE('',*,*,#1226,.T.);
#2203 = ORIENTED_EDGE('',*,*,#2182,.T.);
#2204 = ADVANCED_FACE('',(#2205),#1282,.F.);
#2205 = FACE_BOUND('',#2206,.F.);
#2206 = EDGE_LOOP('',(#2207,#2235,#2256,#2257));
#2207 = ORIENTED_EDGE('',*,*,#2208,.F.);
#2208 = EDGE_CURVE('',#2209,#2209,#2211,.T.);
#2209 = VERTEX_POINT('',#2210);
#2210 = CARTESIAN_POINT('',(75.25,-3.,46.));
#2211 = SURFACE_CURVE('',#2212,(#2217,#2224),.PCURVE_S1.);
#2212 = CIRCLE('',#2213,3.25);
#2213 = AXIS2_PLACEMENT_3D('',#2214,#2215,#2216);
#2214 = CARTESIAN_POINT('',(72.,-3.,46.));
#2215 = DIRECTION('',(0.,-1.,2.22044604925E-16));
#2216 = DIRECTION('',(1.,0.,0.));
#2217 = PCURVE('',#1282,#2218);
#2218 = DEFINITIONAL_REPRESENTATION('',(#2219),#2223);
#2219 = LINE('',#2220,#2221);
#2220 = CARTESIAN_POINT('',(0.,13.));
#2221 = VECTOR('',#2222,1.);
#2222 = DIRECTION('',(1.,0.));
#2223 = ( GEOMETRIC_REPRESENTATION_CONTEXT(2) 
PARAMETRIC_REPRESENTATION_CONTEXT() REPRESENTATION_CONTEXT('2D SPACE',''
  ) );
#2224 = PCURVE('',#1350,#2225);
#2225 = DEFINITIONAL_REPRESENTATION('',(#2226),#2234);
#2226 = ( BOUNDED_CURVE() B_SPLINE_CURVE(2,(#2227,#2228,#2229,#2230,
#2231,#2232,#2233),.UNSPECIFIED.,.T.,.F.) B_SPLINE_CURVE_WITH_KNOTS((1,2
    ,2,2,2,1),(-2.094395102393,0.,2.094395102393,4.188790204786,
6.28318530718,8.377580409573),.UNSPECIFIED.) CURVE() 
GEOMETRIC_REPRESENTATION_ITEM() RATIONAL_B_SPLINE_CURVE((1.,0.5,1.,0.5,
1.,0.5,1.)) REPRESENTATION_ITEM('') );
#2227 = CARTESIAN_POINT('',(50.,17.25));
#2228 = CARTESIAN_POINT('',(55.629165124599,17.25));
#2229 = CARTESIAN_POINT('',(52.814582562299,12.375));
#2230 = CARTESIAN_POINT('',(50.,7.5));
#2231 = CARTESIAN_POINT('',(47.185417437701,12.375));
#2232 = CARTESIAN_POINT('',(44.370834875401,17.25));
#2233 = CARTESIAN_POINT('',(50.,17.25));
#2234 = ( GEOMETRIC_REPRESENTATION_CONTEXT(2) 
PARAMETRIC_REPRESENTATION_CONTEXT() REPRESENTATION_CONTEXT('2D SPACE',''
  ) );
#2235 = ORIENTED_EDGE('',*,*,#2236,.F.);
#2236 = EDGE_CURVE('',#1262,#2209,#2237,.T.);
#2237 = SEAM_CURVE('',#2238,(#2242,#2249),.PCURVE_S1.);
#2238 = LINE('',#2239,#2240);
#2239 = CARTESIAN_POINT('',(75.25,10.,46.));
#2240 = VECTOR('',#2241,1.);
#2241 = DIRECTION('',(0.,-1.,2.22044604925E-16));
#2242 = PCURVE('',#1282,#2243);
#2243 = DEFINITIONAL_REPRESENTATION('',(#2244),#2248);
#2244 = LINE('',#2245,#2246);
#2245 = CARTESIAN_POINT('',(6.28318530718,-0.));
#2246 = VECTOR('',#2247,1.);
#2247 = DIRECTION('',(0.,1.));
#2248 = ( GEOMETRIC_REPRESENTATION_CONTEXT(2) 
PARAMETRIC_REPRESENTATION_CONTEXT() REPRESENTATION_CONTEXT('2D SPACE',''
  ) );
#2249 = PCURVE('',#1282,#2250);
#2250 = DEFINITIONAL_REPRESENTATION('',(#2251),#2255);
#2251 = LINE('',#2252,#2253);
#2252 = CARTESIAN_POINT('',(0.,-0.));
#2253 = VECTOR('',#2254,1.);
#2254 = DIRECTION('',(0.,1.));
#2255 = ( GEOMETRIC_REPRESENTATION_CONTEXT(2) 
PARAMETRIC_REPRESENTATION_CONTEXT() REPRESENTATION_CONTEXT('2D SPACE',''
  ) );
#2256 = ORIENTED_EDGE('',*,*,#1261,.T.);
#2257 = ORIENTED_EDGE('',*,*,#2236,.T.);
#2258 = ADVANCED_FACE('',(#2259),#1317,.F.);
#2259 = FACE_BOUND('',#2260,.F.);
#2260 = EDGE_LOOP('',(#2261,#2289,#2310,#2311));
#2261 = ORIENTED_EDGE('',*,*,#2262,.F.);
#2262 = EDGE_CURVE('',#2263,#2263,#2265,.T.);
#2263 = VERTEX_POINT('',#2264);
#2264 = CARTESIAN_POINT('',(73.05,-3.,70.));
#2265 = SURFACE_CURVE('',#2266,(#2271,#2278),.PCURVE_S1.);
#2266 = CIRCLE('',#2267,1.05);
#2267 = AXIS2_PLACEMENT_3D('',#2268,#2269,#2270);
#2268 = CARTESIAN_POINT('',(72.,-3.,70.));
#2269 = DIRECTION('',(0.,-1.,2.22044604925E-16));
#2270 = DIRECTION('',(1.,0.,0.));
#2271 = PCURVE('',#1317,#2272);
#2272 = DEFINITIONAL_REPRESENTATION('',(#2273),#2277);
#2273 = LINE('',#2274,#2275);
#2274 = CARTESIAN_POINT('',(0.,13.));
#2275 = VECTOR('',#2276,1.);
#2276 = DIRECTION('',(1.,0.));
#2277 = ( GEOMETRIC_REPRESENTATION_CONTEXT(2) 
PARAMETRIC_REPRESENTATION_CONTEXT() REPRESENTATION_CONTEXT('2D SPACE',''
  ) );
#2278 = PCURVE('',#1350,#2279);
#2279 = DEFINITIONAL_REPRESENTATION('',(#2280),#2288);
#2280 = ( BOUNDED_CURVE() B_SPLINE_CURVE(2,(#2281,#2282,#2283,#2284,
#2285,#2286,#2287),.UNSPECIFIED.,.T.,.F.) B_SPLINE_CURVE_WITH_KNOTS((1,2
    ,2,2,2,1),(-2.094395102393,0.,2.094395102393,4.188790204786,
6.28318530718,8.377580409573),.UNSPECIFIED.) CURVE() 
GEOMETRIC_REPRESENTATION_ITEM() RATIONAL_B_SPLINE_CURVE((1.,0.5,1.,0.5,
1.,0.5,1.)) REPRESENTATION_ITEM('') );
#2281 = CARTESIAN_POINT('',(74.,15.05));
#2282 = CARTESIAN_POINT('',(75.818653347947,15.05));
#2283 = CARTESIAN_POINT('',(74.909326673974,13.475));
#2284 = CARTESIAN_POINT('',(74.,11.9));
#2285 = CARTESIAN_POINT('',(73.090673326026,13.475));
#2286 = CARTESIAN_POINT('',(72.181346652053,15.05));
#2287 = CARTESIAN_POINT('',(74.,15.05));
#2288 = ( GEOMETRIC_REPRESENTATION_CONTEXT(2) 
PARAMETRIC_REPRESENTATION_CONTEXT() REPRESENTATION_CONTEXT('2D SPACE',''
  ) );
#2289 = ORIENTED_EDGE('',*,*,#2290,.F.);
#2290 = EDGE_CURVE('',#1297,#2263,#2291,.T.);
#2291 = SEAM_CURVE('',#2292,(#2296,#2303),.PCURVE_S1.);
#2292 = LINE('',#2293,#2294);
#2293 = CARTESIAN_POINT('',(73.05,10.,70.));
#2294 = VECTOR('',#2295,1.);
#2295 = DIRECTION('',(0.,-1.,2.22044604925E-16));
#2296 = PCURVE('',#1317,#2297);
#2297 = DEFINITIONAL_REPRESENTATION('',(#2298),#2302);
#2298 = LINE('',#2299,#2300);
#2299 = CARTESIAN_POINT('',(6.28318530718,-0.));
#2300 = VECTOR('',#2301,1.);
#2301 = DIRECTION('',(0.,1.));
#2302 = ( GEOMETRIC_REPRESENTATION_CONTEXT(2) 
PARAMETRIC_REPRESENTATION_CONTEXT() REPRESENTATION_CONTEXT('2D SPACE',''
  ) );
#2303 = PCURVE('',#1317,#2304);
#2304 = DEFINITIONAL_REPRESENTATION('',(#2305),#2309);
#2305 = LINE('',#2306,#2307);
#2306 = CARTESIAN_POINT('',(0.,-0.));
#2307 = VECTOR('',#2308,1.);
#2308 = DIRECTION('',(0.,1.));
#2309 = ( GEOMETRIC_REPRESENTATION_CONTEXT(2) 
PARAMETRIC_REPRESENTATION_CONTEXT() REPRESENTATION_CONTEXT('2D SPACE',''
  ) );
#2310 = ORIENTED_EDGE('',*,*,#1296,.T.);
#2311 = ORIENTED_EDGE('',*,*,#2290,.T.);
#2312 = ADVANCED_FACE('',(#2313,#2321,#2324,#2327),#1350,.F.);
#2313 = FACE_BOUND('',#2314,.F.);
#2314 = EDGE_LOOP('',(#2315,#2316,#2317,#2318,#2319,#2320));
#2315 = ORIENTED_EDGE('',*,*,#2031,.F.);
#2316 = ORIENTED_EDGE('',*,*,#1444,.T.);
#2317 = ORIENTED_EDGE('',*,*,#1947,.T.);
#2318 = ORIENTED_EDGE('',*,*,#1332,.T.);
#2319 = ORIENTED_EDGE('',*,*,#2128,.T.);
#2320 = ORIENTED_EDGE('',*,*,#2078,.F.);
#2321 = FACE_BOUND('',#2322,.F.);
#2322 = EDGE_LOOP('',(#2323));
#2323 = ORIENTED_EDGE('',*,*,#2154,.T.);
#2324 = FACE_BOUND('',#2325,.F.);
#2325 = EDGE_LOOP('',(#2326));
#2326 = ORIENTED_EDGE('',*,*,#2208,.T.);
#2327 = FACE_BOUND('',#2328,.F.);
#2328 = EDGE_LOOP('',(#2329));
#2329 = ORIENTED_EDGE('',*,*,#2262,.T.);
#2330 = ADVANCED_FACE('',(#2331,#2445,#2448),#1810,.T.);
#2331 = FACE_BOUND('',#2332,.T.);
#2332 = EDGE_LOOP('',(#2333,#2363,#2391,#2419));
#2333 = ORIENTED_EDGE('',*,*,#2334,.F.);
#2334 = EDGE_CURVE('',#2335,#2337,#2339,.T.);
#2335 = VERTEX_POINT('',#2336);
#2336 = CARTESIAN_POINT('',(7.,-86.,-12.5));
#2337 = VERTEX_POINT('',#2338);
#2338 = CARTESIAN_POINT('',(7.,-86.,12.5));
#2339 = SURFACE_CURVE('',#2340,(#2344,#2351),.PCURVE_S1.);
#2340 = LINE('',#2341,#2342);
#2341 = CARTESIAN_POINT('',(7.,-86.,-12.5));
#2342 = VECTOR('',#2343,1.);
#2343 = DIRECTION('',(0.,0.,1.));
#2344 = PCURVE('',#1810,#2345);
#2345 = DEFINITIONAL_REPRESENTATION('',(#2346),#2350);
#2346 = LINE('',#2347,#2348);
#2347 = CARTESIAN_POINT('',(0.,0.));
#2348 = VECTOR('',#2349,1.);
#2349 = DIRECTION('',(1.,0.));
#2350 = ( GEOMETRIC_REPRESENTATION_CONTEXT(2) 
PARAMETRIC_REPRESENTATION_CONTEXT() REPRESENTATION_CONTEXT('2D SPACE',''
  ) );
#2351 = PCURVE('',#2352,#2357);
#2352 = PLANE('',#2353);
#2353 = AXIS2_PLACEMENT_3D('',#2354,#2355,#2356);
#2354 = CARTESIAN_POINT('',(1.,-86.,-12.5));
#2355 = DIRECTION('',(-0.,1.,0.));
#2356 = DIRECTION('',(0.,0.,1.));
#2357 = DEFINITIONAL_REPRESENTATION('',(#2358),#2362);
#2358 = LINE('',#2359,#2360);
#2359 = CARTESIAN_POINT('',(0.,6.));
#2360 = VECTOR('',#2361,1.);
#2361 = DIRECTION('',(1.,0.));
#2362 = ( GEOMETRIC_REPRESENTATION_CONTEXT(2) 
PARAMETRIC_REPRESENTATION_CONTEXT() REPRESENTATION_CONTEXT('2D SPACE',''
  ) );
#2363 = ORIENTED_EDGE('',*,*,#2364,.T.);
#2364 = EDGE_CURVE('',#2335,#2365,#2367,.T.);
#2365 = VERTEX_POINT('',#2366);
#2366 = CARTESIAN_POINT('',(7.,-44.,-12.5));
#2367 = SURFACE_CURVE('',#2368,(#2372,#2379),.PCURVE_S1.);
#2368 = LINE('',#2369,#2370);
#2369 = CARTESIAN_POINT('',(7.,-86.,-12.5));
#2370 = VECTOR('',#2371,1.);
#2371 = DIRECTION('',(-0.,1.,0.));
#2372 = PCURVE('',#1810,#2373);
#2373 = DEFINITIONAL_REPRESENTATION('',(#2374),#2378);
#2374 = LINE('',#2375,#2376);
#2375 = CARTESIAN_POINT('',(0.,0.));
#2376 = VECTOR('',#2377,1.);
#2377 = DIRECTION('',(0.,-1.));
#2378 = ( GEOMETRIC_REPRESENTATION_CONTEXT(2) 
PARAMETRIC_REPRESENTATION_CONTEXT() REPRESENTATION_CONTEXT('2D SPACE',''
  ) );
#2379 = PCURVE('',#2380,#2385);
#2380 = PLANE('',#2381);
#2381 = AXIS2_PLACEMENT_3D('',#2382,#2383,#2384);
#2382 = CARTESIAN_POINT('',(1.,-86.,-12.5));
#2383 = DIRECTION('',(0.,0.,1.));
#2384 = DIRECTION('',(1.,0.,-0.));
#2385 = DEFINITIONAL_REPRESENTATION('',(#2386),#2390);
#2386 = LINE('',#2387,#2388);
#2387 = CARTESIAN_POINT('',(6.,0.));
#2388 = VECTOR('',#2389,1.);
#2389 = DIRECTION('',(0.,1.));
#2390 = ( GEOMETRIC_REPRESENTATION_CONTEXT(2) 
PARAMETRIC_REPRESENTATION_CONTEXT() REPRESENTATION_CONTEXT('2D SPACE',''
  ) );
#2391 = ORIENTED_EDGE('',*,*,#2392,.T.);
#2392 = EDGE_CURVE('',#2365,#2393,#2395,.T.);
#2393 = VERTEX_POINT('',#2394);
#2394 = CARTESIAN_POINT('',(7.,-44.,12.5));
#2395 = SURFACE_CURVE('',#2396,(#2400,#2407),.PCURVE_S1.);
#2396 = LINE('',#2397,#2398);
#2397 = CARTESIAN_POINT('',(7.,-44.,-12.5));
#2398 = VECTOR('',#2399,1.);
#2399 = DIRECTION('',(0.,0.,1.));
#2400 = PCURVE('',#1810,#2401);
#2401 = DEFINITIONAL_REPRESENTATION('',(#2402),#2406);
#2402 = LINE('',#2403,#2404);
#2403 = CARTESIAN_POINT('',(0.,-42.));
#2404 = VECTOR('',#2405,1.);
#2405 = DIRECTION('',(1.,0.));
#2406 = ( GEOMETRIC_REPRESENTATION_CONTEXT(2) 
PARAMETRIC_REPRESENTATION_CONTEXT() REPRESENTATION_CONTEXT('2D SPACE',''
  ) );
#2407 = PCURVE('',#2408,#2413);
#2408 = PLANE('',#2409);
#2409 = AXIS2_PLACEMENT_3D('',#2410,#2411,#2412);
#2410 = CARTESIAN_POINT('',(1.,-44.,-12.5));
#2411 = DIRECTION('',(-0.,1.,0.));
#2412 = DIRECTION('',(0.,0.,1.));
#2413 = DEFINITIONAL_REPRESENTATION('',(#2414),#2418);
#2414 = LINE('',#2415,#2416);
#2415 = CARTESIAN_POINT('',(0.,6.));
#2416 = VECTOR('',#2417,1.);
#2417 = DIRECTION('',(1.,0.));
#2418 = ( GEOMETRIC_REPRESENTATION_CONTEXT(2) 
PARAMETRIC_REPRESENTATION_CONTEXT() REPRESENTATION_CONTEXT('2D SPACE',''
  ) );
#2419 = ORIENTED_EDGE('',*,*,#2420,.F.);
#2420 = EDGE_CURVE('',#2337,#2393,#2421,.T.);
#2421 = SURFACE_CURVE('',#2422,(#2426,#2433),.PCURVE_S1.);
#2422 = LINE('',#2423,#2424);
#2423 = CARTESIAN_POINT('',(7.,-86.,12.5));
#2424 = VECTOR('',#2425,1.);
#2425 = DIRECTION('',(-0.,1.,0.));
#2426 = PCURVE('',#1810,#2427);
#2427 = DEFINITIONAL_REPRESENTATION('',(#2428),#2432);
#2428 = LINE('',#2429,#2430);
#2429 = CARTESIAN_POINT('',(25.,0.));
#2430 = VECTOR('',#2431,1.);
#2431 = DIRECTION('',(0.,-1.));
#2432 = ( GEOMETRIC_REPRESENTATION_CONTEXT(2) 
PARAMETRIC_REPRESENTATION_CONTEXT() REPRESENTATION_CONTEXT('2D SPACE',''
  ) );
#2433 = PCURVE('',#2434,#2439);
#2434 = PLANE('',#2435);
#2435 = AXIS2_PLACEMENT_3D('',#2436,#2437,#2438);
#2436 = CARTESIAN_POINT('',(1.,-86.,12.5));
#2437 = DIRECTION('',(0.,0.,1.));
#2438 = DIRECTION('',(1.,0.,-0.));
#2439 = DEFINITIONAL_REPRESENTATION('',(#2440),#2444);
#2440 = LINE('',#2441,#2442);
#2441 = CARTESIAN_POINT('',(6.,0.));
#2442 = VECTOR('',#2443,1.);
#2443 = DIRECTION('',(0.,1.));
#2444 = ( GEOMETRIC_REPRESENTATION_CONTEXT(2) 
PARAMETRIC_REPRESENTATION_CONTEXT() REPRESENTATION_CONTEXT('2D SPACE',''
  ) );
#2445 = FACE_BOUND('',#2446,.T.);
#2446 = EDGE_LOOP('',(#2447));
#2447 = ORIENTED_EDGE('',*,*,#1548,.T.);
#2448 = FACE_BOUND('',#2449,.T.);
#2449 = EDGE_LOOP('',(#2450));
#2450 = ORIENTED_EDGE('',*,*,#2451,.F.);
#2451 = EDGE_CURVE('',#2452,#2452,#2454,.T.);
#2452 = VERTEX_POINT('',#2453);
#2453 = CARTESIAN_POINT('',(7.,-74.,-4.25));
#2454 = SURFACE_CURVE('',#2455,(#2460,#2467),.PCURVE_S1.);
#2455 = CIRCLE('',#2456,4.25);
#2456 = AXIS2_PLACEMENT_3D('',#2457,#2458,#2459);
#2457 = CARTESIAN_POINT('',(7.,-74.,1.554312234475E-15));
#2458 = DIRECTION('',(1.,0.,2.22044604925E-16));
#2459 = DIRECTION('',(2.22044604925E-16,0.,-1.));
#2460 = PCURVE('',#1810,#2461);
#2461 = DEFINITIONAL_REPRESENTATION('',(#2462),#2466);
#2462 = CIRCLE('',#2463,4.25);
#2463 = AXIS2_PLACEMENT_2D('',#2464,#2465);
#2464 = CARTESIAN_POINT('',(12.5,-12.));
#2465 = DIRECTION('',(-1.,0.));
#2466 = ( GEOMETRIC_REPRESENTATION_CONTEXT(2) 
PARAMETRIC_REPRESENTATION_CONTEXT() REPRESENTATION_CONTEXT('2D SPACE',''
  ) );
#2467 = PCURVE('',#2468,#2473);
#2468 = CYLINDRICAL_SURFACE('',#2469,4.25);
#2469 = AXIS2_PLACEMENT_3D('',#2470,#2471,#2472);
#2470 = CARTESIAN_POINT('',(-50.,-74.,-1.110223024625E-14));
#2471 = DIRECTION('',(1.,0.,2.22044604925E-16));
#2472 = DIRECTION('',(2.22044604925E-16,0.,-1.));
#2473 = DEFINITIONAL_REPRESENTATION('',(#2474),#2478);
#2474 = LINE('',#2475,#2476);
#2475 = CARTESIAN_POINT('',(0.,57.));
#2476 = VECTOR('',#2477,1.);
#2477 = DIRECTION('',(1.,0.));
#2478 = ( GEOMETRIC_REPRESENTATION_CONTEXT(2) 
PARAMETRIC_REPRESENTATION_CONTEXT() REPRESENTATION_CONTEXT('2D SPACE',''
  ) );
#2479 = ADVANCED_FACE('',(#2480),#2352,.F.);
#2480 = FACE_BOUND('',#2481,.F.);
#2481 = EDGE_LOOP('',(#2482,#2505,#2533,#2554));
#2482 = ORIENTED_EDGE('',*,*,#2483,.F.);
#2483 = EDGE_CURVE('',#2484,#2335,#2486,.T.);
#2484 = VERTEX_POINT('',#2485);
#2485 = CARTESIAN_POINT('',(1.,-86.,-12.5));
#2486 = SURFACE_CURVE('',#2487,(#2491,#2498),.PCURVE_S1.);
#2487 = LINE('',#2488,#2489);
#2488 = CARTESIAN_POINT('',(1.,-86.,-12.5));
#2489 = VECTOR('',#2490,1.);
#2490 = DIRECTION('',(1.,0.,-0.));
#2491 = PCURVE('',#2352,#2492);
#2492 = DEFINITIONAL_REPRESENTATION('',(#2493),#2497);
#2493 = LINE('',#2494,#2495);
#2494 = CARTESIAN_POINT('',(0.,0.));
#2495 = VECTOR('',#2496,1.);
#2496 = DIRECTION('',(0.,1.));
#2497 = ( GEOMETRIC_REPRESENTATION_CONTEXT(2) 
PARAMETRIC_REPRESENTATION_CONTEXT() REPRESENTATION_CONTEXT('2D SPACE',''
  ) );
#2498 = PCURVE('',#2380,#2499);
#2499 = DEFINITIONAL_REPRESENTATION('',(#2500),#2504);
#2500 = LINE('',#2501,#2502);
#2501 = CARTESIAN_POINT('',(0.,0.));
#2502 = VECTOR('',#2503,1.);
#2503 = DIRECTION('',(1.,0.));
#2504 = ( GEOMETRIC_REPRESENTATION_CONTEXT(2) 
PARAMETRIC_REPRESENTATION_CONTEXT() REPRESENTATION_CONTEXT('2D SPACE',''
  ) );
#2505 = ORIENTED_EDGE('',*,*,#2506,.T.);
#2506 = EDGE_CURVE('',#2484,#2507,#2509,.T.);
#2507 = VERTEX_POINT('',#2508);
#2508 = CARTESIAN_POINT('',(1.,-86.,12.5));
#2509 = SURFACE_CURVE('',#2510,(#2514,#2521),.PCURVE_S1.);
#2510 = LINE('',#2511,#2512);
#2511 = CARTESIAN_POINT('',(1.,-86.,-12.5));
#2512 = VECTOR('',#2513,1.);
#2513 = DIRECTION('',(0.,0.,1.));
#2514 = PCURVE('',#2352,#2515);
#2515 = DEFINITIONAL_REPRESENTATION('',(#2516),#2520);
#2516 = LINE('',#2517,#2518);
#2517 = CARTESIAN_POINT('',(0.,0.));
#2518 = VECTOR('',#2519,1.);
#2519 = DIRECTION('',(1.,0.));
#2520 = ( GEOMETRIC_REPRESENTATION_CONTEXT(2) 
PARAMETRIC_REPRESENTATION_CONTEXT() REPRESENTATION_CONTEXT('2D SPACE',''
  ) );
#2521 = PCURVE('',#2522,#2527);
#2522 = PLANE('',#2523);
#2523 = AXIS2_PLACEMENT_3D('',#2524,#2525,#2526);
#2524 = CARTESIAN_POINT('',(1.,-86.,-12.5));
#2525 = DIRECTION('',(1.,0.,-0.));
#2526 = DIRECTION('',(0.,0.,1.));
#2527 = DEFINITIONAL_REPRESENTATION('',(#2528),#2532);
#2528 = LINE('',#2529,#2530);
#2529 = CARTESIAN_POINT('',(0.,0.));
#2530 = VECTOR('',#2531,1.);
#2531 = DIRECTION('',(1.,0.));
#2532 = ( GEOMETRIC_REPRESENTATION_CONTEXT(2) 
PARAMETRIC_REPRESENTATION_CONTEXT() REPRESENTATION_CONTEXT('2D SPACE',''
  ) );
#2533 = ORIENTED_EDGE('',*,*,#2534,.T.);
#2534 = EDGE_CURVE('',#2507,#2337,#2535,.T.);
#2535 = SURFACE_CURVE('',#2536,(#2540,#2547),.PCURVE_S1.);
#2536 = LINE('',#2537,#2538);
#2537 = CARTESIAN_POINT('',(1.,-86.,12.5));
#2538 = VECTOR('',#2539,1.);
#2539 = DIRECTION('',(1.,0.,-0.));
#2540 = PCURVE('',#2352,#2541);
#2541 = DEFINITIONAL_REPRESENTATION('',(#2542),#2546);
#2542 = LINE('',#2543,#2544);
#2543 = CARTESIAN_POINT('',(25.,0.));
#2544 = VECTOR('',#2545,1.);
#2545 = DIRECTION('',(0.,1.));
#2546 = ( GEOMETRIC_REPRESENTATION_CONTEXT(2) 
PARAMETRIC_REPRESENTATION_CONTEXT() REPRESENTATION_CONTEXT('2D SPACE',''
  ) );
#2547 = PCURVE('',#2434,#2548);
#2548 = DEFINITIONAL_REPRESENTATION('',(#2549),#2553);
#2549 = LINE('',#2550,#2551);
#2550 = CARTESIAN_POINT('',(0.,0.));
#2551 = VECTOR('',#2552,1.);
#2552 = DIRECTION('',(1.,0.));
#2553 = ( GEOMETRIC_REPRESENTATION_CONTEXT(2) 
PARAMETRIC_REPRESENTATION_CONTEXT() REPRESENTATION_CONTEXT('2D SPACE',''
  ) );
#2554 = ORIENTED_EDGE('',*,*,#2334,.F.);
#2555 = ADVANCED_FACE('',(#2556),#2434,.T.);
#2556 = FACE_BOUND('',#2557,.T.);
#2557 = EDGE_LOOP('',(#2558,#2581,#2582,#2583));
#2558 = ORIENTED_EDGE('',*,*,#2559,.F.);
#2559 = EDGE_CURVE('',#2507,#2560,#2562,.T.);
#2560 = VERTEX_POINT('',#2561);
#2561 = CARTESIAN_POINT('',(1.,-44.,12.5));
#2562 = SURFACE_CURVE('',#2563,(#2567,#2574),.PCURVE_S1.);
#2563 = LINE('',#2564,#2565);
#2564 = CARTESIAN_POINT('',(1.,-86.,12.5));
#2565 = VECTOR('',#2566,1.);
#2566 = DIRECTION('',(-0.,1.,0.));
#2567 = PCURVE('',#2434,#2568);
#2568 = DEFINITIONAL_REPRESENTATION('',(#2569),#2573);
#2569 = LINE('',#2570,#2571);
#2570 = CARTESIAN_POINT('',(0.,0.));
#2571 = VECTOR('',#2572,1.);
#2572 = DIRECTION('',(0.,1.));
#2573 = ( GEOMETRIC_REPRESENTATION_CONTEXT(2) 
PARAMETRIC_REPRESENTATION_CONTEXT() REPRESENTATION_CONTEXT('2D SPACE',''
  ) );
#2574 = PCURVE('',#2522,#2575);
#2575 = DEFINITIONAL_REPRESENTATION('',(#2576),#2580);
#2576 = LINE('',#2577,#2578);
#2577 = CARTESIAN_POINT('',(25.,0.));
#2578 = VECTOR('',#2579,1.);
#2579 = DIRECTION('',(0.,-1.));
#2580 = ( GEOMETRIC_REPRESENTATION_CONTEXT(2) 
PARAMETRIC_REPRESENTATION_CONTEXT() REPRESENTATION_CONTEXT('2D SPACE',''
  ) );
#2581 = ORIENTED_EDGE('',*,*,#2534,.T.);
#2582 = ORIENTED_EDGE('',*,*,#2420,.T.);
#2583 = ORIENTED_EDGE('',*,*,#2584,.F.);
#2584 = EDGE_CURVE('',#2560,#2393,#2585,.T.);
#2585 = SURFACE_CURVE('',#2586,(#2590,#2597),.PCURVE_S1.);
#2586 = LINE('',#2587,#2588);
#2587 = CARTESIAN_POINT('',(1.,-44.,12.5));
#2588 = VECTOR('',#2589,1.);
#2589 = DIRECTION('',(1.,0.,-0.));
#2590 = PCURVE('',#2434,#2591);
#2591 = DEFINITIONAL_REPRESENTATION('',(#2592),#2596);
#2592 = LINE('',#2593,#2594);
#2593 = CARTESIAN_POINT('',(0.,42.));
#2594 = VECTOR('',#2595,1.);
#2595 = DIRECTION('',(1.,0.));
#2596 = ( GEOMETRIC_REPRESENTATION_CONTEXT(2) 
PARAMETRIC_REPRESENTATION_CONTEXT() REPRESENTATION_CONTEXT('2D SPACE',''
  ) );
#2597 = PCURVE('',#2408,#2598);
#2598 = DEFINITIONAL_REPRESENTATION('',(#2599),#2603);
#2599 = LINE('',#2600,#2601);
#2600 = CARTESIAN_POINT('',(25.,0.));
#2601 = VECTOR('',#2602,1.);
#2602 = DIRECTION('',(0.,1.));
#2603 = ( GEOMETRIC_REPRESENTATION_CONTEXT(2) 
PARAMETRIC_REPRESENTATION_CONTEXT() REPRESENTATION_CONTEXT('2D SPACE',''
  ) );
#2604 = ADVANCED_FACE('',(#2605),#2380,.F.);
#2605 = FACE_BOUND('',#2606,.F.);
#2606 = EDGE_LOOP('',(#2607,#2630,#2631,#2632));
#2607 = ORIENTED_EDGE('',*,*,#2608,.F.);
#2608 = EDGE_CURVE('',#2484,#2609,#2611,.T.);
#2609 = VERTEX_POINT('',#2610);
#2610 = CARTESIAN_POINT('',(1.,-44.,-12.5));
#2611 = SURFACE_CURVE('',#2612,(#2616,#2623),.PCURVE_S1.);
#2612 = LINE('',#2613,#2614);
#2613 = CARTESIAN_POINT('',(1.,-86.,-12.5));
#2614 = VECTOR('',#2615,1.);
#2615 = DIRECTION('',(-0.,1.,0.));
#2616 = PCURVE('',#2380,#2617);
#2617 = DEFINITIONAL_REPRESENTATION('',(#2618),#2622);
#2618 = LINE('',#2619,#2620);
#2619 = CARTESIAN_POINT('',(0.,0.));
#2620 = VECTOR('',#2621,1.);
#2621 = DIRECTION('',(0.,1.));
#2622 = ( GEOMETRIC_REPRESENTATION_CONTEXT(2) 
PARAMETRIC_REPRESENTATION_CONTEXT() REPRESENTATION_CONTEXT('2D SPACE',''
  ) );
#2623 = PCURVE('',#2522,#2624);
#2624 = DEFINITIONAL_REPRESENTATION('',(#2625),#2629);
#2625 = LINE('',#2626,#2627);
#2626 = CARTESIAN_POINT('',(0.,0.));
#2627 = VECTOR('',#2628,1.);
#2628 = DIRECTION('',(0.,-1.));
#2629 = ( GEOMETRIC_REPRESENTATION_CONTEXT(2) 
PARAMETRIC_REPRESENTATION_CONTEXT() REPRESENTATION_CONTEXT('2D SPACE',''
  ) );
#2630 = ORIENTED_EDGE('',*,*,#2483,.T.);
#2631 = ORIENTED_EDGE('',*,*,#2364,.T.);
#2632 = ORIENTED_EDGE('',*,*,#2633,.F.);
#2633 = EDGE_CURVE('',#2609,#2365,#2634,.T.);
#2634 = SURFACE_CURVE('',#2635,(#2639,#2646),.PCURVE_S1.);
#2635 = LINE('',#2636,#2637);
#2636 = CARTESIAN_POINT('',(1.,-44.,-12.5));
#2637 = VECTOR('',#2638,1.);
#2638 = DIRECTION('',(1.,0.,-0.));
#2639 = PCURVE('',#2380,#2640);
#2640 = DEFINITIONAL_REPRESENTATION('',(#2641),#2645);
#2641 = LINE('',#2642,#2643);
#2642 = CARTESIAN_POINT('',(0.,42.));
#2643 = VECTOR('',#2644,1.);
#2644 = DIRECTION('',(1.,0.));
#2645 = ( GEOMETRIC_REPRESENTATION_CONTEXT(2) 
PARAMETRIC_REPRESENTATION_CONTEXT() REPRESENTATION_CONTEXT('2D SPACE',''
  ) );
#2646 = PCURVE('',#2408,#2647);
#2647 = DEFINITIONAL_REPRESENTATION('',(#2648),#2652);
#2648 = LINE('',#2649,#2650);
#2649 = CARTESIAN_POINT('',(0.,0.));
#2650 = VECTOR('',#2651,1.);
#2651 = DIRECTION('',(0.,1.));
#2652 = ( GEOMETRIC_REPRESENTATION_CONTEXT(2) 
PARAMETRIC_REPRESENTATION_CONTEXT() REPRESENTATION_CONTEXT('2D SPACE',''
  ) );
#2653 = ADVANCED_FACE('',(#2654),#2408,.T.);
#2654 = FACE_BOUND('',#2655,.T.);
#2655 = EDGE_LOOP('',(#2656,#2657,#2678,#2679));
#2656 = ORIENTED_EDGE('',*,*,#2633,.F.);
#2657 = ORIENTED_EDGE('',*,*,#2658,.T.);
#2658 = EDGE_CURVE('',#2609,#2560,#2659,.T.);
#2659 = SURFACE_CURVE('',#2660,(#2664,#2671),.PCURVE_S1.);
#2660 = LINE('',#2661,#2662);
#2661 = CARTESIAN_POINT('',(1.,-44.,-12.5));
#2662 = VECTOR('',#2663,1.);
#2663 = DIRECTION('',(0.,0.,1.));
#2664 = PCURVE('',#2408,#2665);
#2665 = DEFINITIONAL_REPRESENTATION('',(#2666),#2670);
#2666 = LINE('',#2667,#2668);
#2667 = CARTESIAN_POINT('',(0.,0.));
#2668 = VECTOR('',#2669,1.);
#2669 = DIRECTION('',(1.,0.));
#2670 = ( GEOMETRIC_REPRESENTATION_CONTEXT(2) 
PARAMETRIC_REPRESENTATION_CONTEXT() REPRESENTATION_CONTEXT('2D SPACE',''
  ) );
#2671 = PCURVE('',#2522,#2672);
#2672 = DEFINITIONAL_REPRESENTATION('',(#2673),#2677);
#2673 = LINE('',#2674,#2675);
#2674 = CARTESIAN_POINT('',(0.,-42.));
#2675 = VECTOR('',#2676,1.);
#2676 = DIRECTION('',(1.,0.));
#2677 = ( GEOMETRIC_REPRESENTATION_CONTEXT(2) 
PARAMETRIC_REPRESENTATION_CONTEXT() REPRESENTATION_CONTEXT('2D SPACE',''
  ) );
#2678 = ORIENTED_EDGE('',*,*,#2584,.T.);
#2679 = ORIENTED_EDGE('',*,*,#2392,.F.);
#2680 = ADVANCED_FACE('',(#2681),#2468,.F.);
#2681 = FACE_BOUND('',#2682,.F.);
#2682 = EDGE_LOOP('',(#2683,#2684,#2707,#2729));
#2683 = ORIENTED_EDGE('',*,*,#2451,.F.);
#2684 = ORIENTED_EDGE('',*,*,#2685,.F.);
#2685 = EDGE_CURVE('',#2686,#2452,#2688,.T.);
#2686 = VERTEX_POINT('',#2687);
#2687 = CARTESIAN_POINT('',(1.,-74.,-4.25));
#2688 = SEAM_CURVE('',#2689,(#2693,#2700),.PCURVE_S1.);
#2689 = LINE('',#2690,#2691);
#2690 = CARTESIAN_POINT('',(-50.,-74.,-4.25));
#2691 = VECTOR('',#2692,1.);
#2692 = DIRECTION('',(1.,0.,2.22044604925E-16));
#2693 = PCURVE('',#2468,#2694);
#2694 = DEFINITIONAL_REPRESENTATION('',(#2695),#2699);
#2695 = LINE('',#2696,#2697);
#2696 = CARTESIAN_POINT('',(6.28318530718,-0.));
#2697 = VECTOR('',#2698,1.);
#2698 = DIRECTION('',(0.,1.));
#2699 = ( GEOMETRIC_REPRESENTATION_CONTEXT(2) 
PARAMETRIC_REPRESENTATION_CONTEXT() REPRESENTATION_CONTEXT('2D SPACE',''
  ) );
#2700 = PCURVE('',#2468,#2701);
#2701 = DEFINITIONAL_REPRESENTATION('',(#2702),#2706);
#2702 = LINE('',#2703,#2704);
#2703 = CARTESIAN_POINT('',(0.,-0.));
#2704 = VECTOR('',#2705,1.);
#2705 = DIRECTION('',(0.,1.));
#2706 = ( GEOMETRIC_REPRESENTATION_CONTEXT(2) 
PARAMETRIC_REPRESENTATION_CONTEXT() REPRESENTATION_CONTEXT('2D SPACE',''
  ) );
#2707 = ORIENTED_EDGE('',*,*,#2708,.T.);
#2708 = EDGE_CURVE('',#2686,#2686,#2709,.T.);
#2709 = SURFACE_CURVE('',#2710,(#2715,#2722),.PCURVE_S1.);
#2710 = CIRCLE('',#2711,4.25);
#2711 = AXIS2_PLACEMENT_3D('',#2712,#2713,#2714);
#2712 = CARTESIAN_POINT('',(1.,-74.,2.22044604925E-16));
#2713 = DIRECTION('',(1.,0.,2.22044604925E-16));
#2714 = DIRECTION('',(2.22044604925E-16,0.,-1.));
#2715 = PCURVE('',#2468,#2716);
#2716 = DEFINITIONAL_REPRESENTATION('',(#2717),#2721);
#2717 = LINE('',#2718,#2719);
#2718 = CARTESIAN_POINT('',(0.,51.));
#2719 = VECTOR('',#2720,1.);
#2720 = DIRECTION('',(1.,0.));
#2721 = ( GEOMETRIC_REPRESENTATION_CONTEXT(2) 
PARAMETRIC_REPRESENTATION_CONTEXT() REPRESENTATION_CONTEXT('2D SPACE',''
  ) );
#2722 = PCURVE('',#2522,#2723);
#2723 = DEFINITIONAL_REPRESENTATION('',(#2724),#2728);
#2724 = CIRCLE('',#2725,4.25);
#2725 = AXIS2_PLACEMENT_2D('',#2726,#2727);
#2726 = CARTESIAN_POINT('',(12.5,-12.));
#2727 = DIRECTION('',(-1.,0.));
#2728 = ( GEOMETRIC_REPRESENTATION_CONTEXT(2) 
PARAMETRIC_REPRESENTATION_CONTEXT() REPRESENTATION_CONTEXT('2D SPACE',''
  ) );
#2729 = ORIENTED_EDGE('',*,*,#2685,.T.);
#2730 = ADVANCED_FACE('',(#2731,#2737),#2522,.F.);
#2731 = FACE_BOUND('',#2732,.F.);
#2732 = EDGE_LOOP('',(#2733,#2734,#2735,#2736));
#2733 = ORIENTED_EDGE('',*,*,#2506,.F.);
#2734 = ORIENTED_EDGE('',*,*,#2608,.T.);
#2735 = ORIENTED_EDGE('',*,*,#2658,.T.);
#2736 = ORIENTED_EDGE('',*,*,#2559,.F.);
#2737 = FACE_BOUND('',#2738,.F.);
#2738 = EDGE_LOOP('',(#2739));
#2739 = ORIENTED_EDGE('',*,*,#2708,.F.);
#2740 = MANIFOLD_SOLID_BREP('',#2741);
#2741 = CLOSED_SHELL('',(#2742,#2893,#2969,#3018,#3067,#3094,#3144,#3556
    ,#3983,#4132,#4208,#4257,#4306,#4333,#4383));
#2742 = ADVANCED_FACE('',(#2743,#2862),#2757,.T.);
#2743 = FACE_BOUND('',#2744,.T.);
#2744 = EDGE_LOOP('',(#2745,#2780,#2808,#2836));
#2745 = ORIENTED_EDGE('',*,*,#2746,.F.);
#2746 = EDGE_CURVE('',#2747,#2749,#2751,.T.);
#2747 = VERTEX_POINT('',#2748);
#2748 = CARTESIAN_POINT('',(-1.,44.,-12.5));
#2749 = VERTEX_POINT('',#2750);
#2750 = CARTESIAN_POINT('',(-1.,44.,12.5));
#2751 = SURFACE_CURVE('',#2752,(#2756,#2768),.PCURVE_S1.);
#2752 = LINE('',#2753,#2754);
#2753 = CARTESIAN_POINT('',(-1.,44.,-12.5));
#2754 = VECTOR('',#2755,1.);
#2755 = DIRECTION('',(0.,0.,1.));
#2756 = PCURVE('',#2757,#2762);
#2757 = PLANE('',#2758);
#2758 = AXIS2_PLACEMENT_3D('',#2759,#2760,#2761);
#2759 = CARTESIAN_POINT('',(-1.,-112.,-112.));
#2760 = DIRECTION('',(1.,0.,-0.));
#2761 = DIRECTION('',(0.,0.,1.));
#2762 = DEFINITIONAL_REPRESENTATION('',(#2763),#2767);
#2763 = LINE('',#2764,#2765);
#2764 = CARTESIAN_POINT('',(99.5,-156.));
#2765 = VECTOR('',#2766,1.);
#2766 = DIRECTION('',(1.,0.));
#2767 = ( GEOMETRIC_REPRESENTATION_CONTEXT(2) 
PARAMETRIC_REPRESENTATION_CONTEXT() REPRESENTATION_CONTEXT('2D SPACE',''
  ) );
#2768 = PCURVE('',#2769,#2774);
#2769 = PLANE('',#2770);
#2770 = AXIS2_PLACEMENT_3D('',#2771,#2772,#2773);
#2771 = CARTESIAN_POINT('',(-7.,44.,-12.5));
#2772 = DIRECTION('',(-0.,1.,0.));
#2773 = DIRECTION('',(0.,0.,1.));
#2774 = DEFINITIONAL_REPRESENTATION('',(#2775),#2779);
#2775 = LINE('',#2776,#2777);
#2776 = CARTESIAN_POINT('',(0.,6.));
#2777 = VECTOR('',#2778,1.);
#2778 = DIRECTION('',(1.,0.));
#2779 = ( GEOMETRIC_REPRESENTATION_CONTEXT(2) 
PARAMETRIC_REPRESENTATION_CONTEXT() REPRESENTATION_CONTEXT('2D SPACE',''
  ) );
#2780 = ORIENTED_EDGE('',*,*,#2781,.T.);
#2781 = EDGE_CURVE('',#2747,#2782,#2784,.T.);
#2782 = VERTEX_POINT('',#2783);
#2783 = CARTESIAN_POINT('',(-1.,86.,-12.5));
#2784 = SURFACE_CURVE('',#2785,(#2789,#2796),.PCURVE_S1.);
#2785 = LINE('',#2786,#2787);
#2786 = CARTESIAN_POINT('',(-1.,44.,-12.5));
#2787 = VECTOR('',#2788,1.);
#2788 = DIRECTION('',(-0.,1.,0.));
#2789 = PCURVE('',#2757,#2790);
#2790 = DEFINITIONAL_REPRESENTATION('',(#2791),#2795);
#2791 = LINE('',#2792,#2793);
#2792 = CARTESIAN_POINT('',(99.5,-156.));
#2793 = VECTOR('',#2794,1.);
#2794 = DIRECTION('',(0.,-1.));
#2795 = ( GEOMETRIC_REPRESENTATION_CONTEXT(2) 
PARAMETRIC_REPRESENTATION_CONTEXT() REPRESENTATION_CONTEXT('2D SPACE',''
  ) );
#2796 = PCURVE('',#2797,#2802);
#2797 = PLANE('',#2798);
#2798 = AXIS2_PLACEMENT_3D('',#2799,#2800,#2801);
#2799 = CARTESIAN_POINT('',(-7.,44.,-12.5));
#2800 = DIRECTION('',(0.,0.,1.));
#2801 = DIRECTION('',(1.,0.,-0.));
#2802 = DEFINITIONAL_REPRESENTATION('',(#2803),#2807);
#2803 = LINE('',#2804,#2805);
#2804 = CARTESIAN_POINT('',(6.,0.));
#2805 = VECTOR('',#2806,1.);
#2806 = DIRECTION('',(0.,1.));
#2807 = ( GEOMETRIC_REPRESENTATION_CONTEXT(2) 
PARAMETRIC_REPRESENTATION_CONTEXT() REPRESENTATION_CONTEXT('2D SPACE',''
  ) );
#2808 = ORIENTED_EDGE('',*,*,#2809,.T.);
#2809 = EDGE_CURVE('',#2782,#2810,#2812,.T.);
#2810 = VERTEX_POINT('',#2811);
#2811 = CARTESIAN_POINT('',(-1.,86.,12.5));
#2812 = SURFACE_CURVE('',#2813,(#2817,#2824),.PCURVE_S1.);
#2813 = LINE('',#2814,#2815);
#2814 = CARTESIAN_POINT('',(-1.,86.,-12.5));
#2815 = VECTOR('',#2816,1.);
#2816 = DIRECTION('',(0.,0.,1.));
#2817 = PCURVE('',#2757,#2818);
#2818 = DEFINITIONAL_REPRESENTATION('',(#2819),#2823);
#2819 = LINE('',#2820,#2821);
#2820 = CARTESIAN_POINT('',(99.5,-198.));
#2821 = VECTOR('',#2822,1.);
#2822 = DIRECTION('',(1.,0.));
#2823 = ( GEOMETRIC_REPRESENTATION_CONTEXT(2) 
PARAMETRIC_REPRESENTATION_CONTEXT() REPRESENTATION_CONTEXT('2D SPACE',''
  ) );
#2824 = PCURVE('',#2825,#2830);
#2825 = PLANE('',#2826);
#2826 = AXIS2_PLACEMENT_3D('',#2827,#2828,#2829);
#2827 = CARTESIAN_POINT('',(-7.,86.,-12.5));
#2828 = DIRECTION('',(-0.,1.,0.));
#2829 = DIRECTION('',(0.,0.,1.));
#2830 = DEFINITIONAL_REPRESENTATION('',(#2831),#2835);
#2831 = LINE('',#2832,#2833);
#2832 = CARTESIAN_POINT('',(0.,6.));
#2833 = VECTOR('',#2834,1.);
#2834 = DIRECTION('',(1.,0.));
#2835 = ( GEOMETRIC_REPRESENTATION_CONTEXT(2) 
PARAMETRIC_REPRESENTATION_CONTEXT() REPRESENTATION_CONTEXT('2D SPACE',''
  ) );
#2836 = ORIENTED_EDGE('',*,*,#2837,.F.);
#2837 = EDGE_CURVE('',#2749,#2810,#2838,.T.);
#2838 = SURFACE_CURVE('',#2839,(#2843,#2850),.PCURVE_S1.);
#2839 = LINE('',#2840,#2841);
#2840 = CARTESIAN_POINT('',(-1.,44.,12.5));
#2841 = VECTOR('',#2842,1.);
#2842 = DIRECTION('',(-0.,1.,0.));
#2843 = PCURVE('',#2757,#2844);
#2844 = DEFINITIONAL_REPRESENTATION('',(#2845),#2849);
#2845 = LINE('',#2846,#2847);
#2846 = CARTESIAN_POINT('',(124.5,-156.));
#2847 = VECTOR('',#2848,1.);
#2848 = DIRECTION('',(0.,-1.));
#2849 = ( GEOMETRIC_REPRESENTATION_CONTEXT(2) 
PARAMETRIC_REPRESENTATION_CONTEXT() REPRESENTATION_CONTEXT('2D SPACE',''
  ) );
#2850 = PCURVE('',#2851,#2856);
#2851 = PLANE('',#2852);
#2852 = AXIS2_PLACEMENT_3D('',#2853,#2854,#2855);
#2853 = CARTESIAN_POINT('',(-7.,44.,12.5));
#2854 = DIRECTION('',(0.,0.,1.));
#2855 = DIRECTION('',(1.,0.,-0.));
#2856 = DEFINITIONAL_REPRESENTATION('',(#2857),#2861);
#2857 = LINE('',#2858,#2859);
#2858 = CARTESIAN_POINT('',(6.,0.));
#2859 = VECTOR('',#2860,1.);
#2860 = DIRECTION('',(0.,1.));
#2861 = ( GEOMETRIC_REPRESENTATION_CONTEXT(2) 
PARAMETRIC_REPRESENTATION_CONTEXT() REPRESENTATION_CONTEXT('2D SPACE',''
  ) );
#2862 = FACE_BOUND('',#2863,.T.);
#2863 = EDGE_LOOP('',(#2864));
#2864 = ORIENTED_EDGE('',*,*,#2865,.F.);
#2865 = EDGE_CURVE('',#2866,#2866,#2868,.T.);
#2866 = VERTEX_POINT('',#2867);
#2867 = CARTESIAN_POINT('',(-1.,74.,-4.25));
#2868 = SURFACE_CURVE('',#2869,(#2874,#2881),.PCURVE_S1.);
#2869 = CIRCLE('',#2870,4.25);
#2870 = AXIS2_PLACEMENT_3D('',#2871,#2872,#2873);
#2871 = CARTESIAN_POINT('',(-1.,74.,-2.22044604925E-16));
#2872 = DIRECTION('',(1.,0.,2.22044604925E-16));
#2873 = DIRECTION('',(2.22044604925E-16,0.,-1.));
#2874 = PCURVE('',#2757,#2875);
#2875 = DEFINITIONAL_REPRESENTATION('',(#2876),#2880);
#2876 = CIRCLE('',#2877,4.25);
#2877 = AXIS2_PLACEMENT_2D('',#2878,#2879);
#2878 = CARTESIAN_POINT('',(112.,-186.));
#2879 = DIRECTION('',(-1.,0.));
#2880 = ( GEOMETRIC_REPRESENTATION_CONTEXT(2) 
PARAMETRIC_REPRESENTATION_CONTEXT() REPRESENTATION_CONTEXT('2D SPACE',''
  ) );
#2881 = PCURVE('',#2882,#2887);
#2882 = CYLINDRICAL_SURFACE('',#2883,4.25);
#2883 = AXIS2_PLACEMENT_3D('',#2884,#2885,#2886);
#2884 = CARTESIAN_POINT('',(-50.,74.,-1.110223024625E-14));
#2885 = DIRECTION('',(1.,0.,2.22044604925E-16));
#2886 = DIRECTION('',(2.22044604925E-16,0.,-1.));
#2887 = DEFINITIONAL_REPRESENTATION('',(#2888),#2892);
#2888 = LINE('',#2889,#2890);
#2889 = CARTESIAN_POINT('',(0.,49.));
#2890 = VECTOR('',#2891,1.);
#2891 = DIRECTION('',(1.,0.));
#2892 = ( GEOMETRIC_REPRESENTATION_CONTEXT(2) 
PARAMETRIC_REPRESENTATION_CONTEXT() REPRESENTATION_CONTEXT('2D SPACE',''
  ) );
#2893 = ADVANCED_FACE('',(#2894),#2769,.F.);
#2894 = FACE_BOUND('',#2895,.F.);
#2895 = EDGE_LOOP('',(#2896,#2919,#2947,#2968));
#2896 = ORIENTED_EDGE('',*,*,#2897,.F.);
#2897 = EDGE_CURVE('',#2898,#2747,#2900,.T.);
#2898 = VERTEX_POINT('',#2899);
#2899 = CARTESIAN_POINT('',(-7.,44.,-12.5));
#2900 = SURFACE_CURVE('',#2901,(#2905,#2912),.PCURVE_S1.);
#2901 = LINE('',#2902,#2903);
#2902 = CARTESIAN_POINT('',(-7.,44.,-12.5));
#2903 = VECTOR('',#2904,1.);
#2904 = DIRECTION('',(1.,0.,-0.));
#2905 = PCURVE('',#2769,#2906);
#2906 = DEFINITIONAL_REPRESENTATION('',(#2907),#2911);
#2907 = LINE('',#2908,#2909);
#2908 = CARTESIAN_POINT('',(0.,0.));
#2909 = VECTOR('',#2910,1.);
#2910 = DIRECTION('',(0.,1.));
#2911 = ( GEOMETRIC_REPRESENTATION_CONTEXT(2) 
PARAMETRIC_REPRESENTATION_CONTEXT() REPRESENTATION_CONTEXT('2D SPACE',''
  ) );
#2912 = PCURVE('',#2797,#2913);
#2913 = DEFINITIONAL_REPRESENTATION('',(#2914),#2918);
#2914 = LINE('',#2915,#2916);
#2915 = CARTESIAN_POINT('',(0.,0.));
#2916 = VECTOR('',#2917,1.);
#2917 = DIRECTION('',(1.,0.));
#2918 = ( GEOMETRIC_REPRESENTATION_CONTEXT(2) 
PARAMETRIC_REPRESENTATION_CONTEXT() REPRESENTATION_CONTEXT('2D SPACE',''
  ) );
#2919 = ORIENTED_EDGE('',*,*,#2920,.T.);
#2920 = EDGE_CURVE('',#2898,#2921,#2923,.T.);
#2921 = VERTEX_POINT('',#2922);
#2922 = CARTESIAN_POINT('',(-7.,44.,12.5));
#2923 = SURFACE_CURVE('',#2924,(#2928,#2935),.PCURVE_S1.);
#2924 = LINE('',#2925,#2926);
#2925 = CARTESIAN_POINT('',(-7.,44.,-12.5));
#2926 = VECTOR('',#2927,1.);
#2927 = DIRECTION('',(0.,0.,1.));
#2928 = PCURVE('',#2769,#2929);
#2929 = DEFINITIONAL_REPRESENTATION('',(#2930),#2934);
#2930 = LINE('',#2931,#2932);
#2931 = CARTESIAN_POINT('',(0.,0.));
#2932 = VECTOR('',#2933,1.);
#2933 = DIRECTION('',(1.,0.));
#2934 = ( GEOMETRIC_REPRESENTATION_CONTEXT(2) 
PARAMETRIC_REPRESENTATION_CONTEXT() REPRESENTATION_CONTEXT('2D SPACE',''
  ) );
#2935 = PCURVE('',#2936,#2941);
#2936 = PLANE('',#2937);
#2937 = AXIS2_PLACEMENT_3D('',#2938,#2939,#2940);
#2938 = CARTESIAN_POINT('',(-7.,44.,-12.5));
#2939 = DIRECTION('',(1.,0.,-0.));
#2940 = DIRECTION('',(0.,0.,1.));
#2941 = DEFINITIONAL_REPRESENTATION('',(#2942),#2946);
#2942 = LINE('',#2943,#2944);
#2943 = CARTESIAN_POINT('',(0.,0.));
#2944 = VECTOR('',#2945,1.);
#2945 = DIRECTION('',(1.,0.));
#2946 = ( GEOMETRIC_REPRESENTATION_CONTEXT(2) 
PARAMETRIC_REPRESENTATION_CONTEXT() REPRESENTATION_CONTEXT('2D SPACE',''
  ) );
#2947 = ORIENTED_EDGE('',*,*,#2948,.T.);
#2948 = EDGE_CURVE('',#2921,#2749,#2949,.T.);
#2949 = SURFACE_CURVE('',#2950,(#2954,#2961),.PCURVE_S1.);
#2950 = LINE('',#2951,#2952);
#2951 = CARTESIAN_POINT('',(-7.,44.,12.5));
#2952 = VECTOR('',#2953,1.);
#2953 = DIRECTION('',(1.,0.,-0.));
#2954 = PCURVE('',#2769,#2955);
#2955 = DEFINITIONAL_REPRESENTATION('',(#2956),#2960);
#2956 = LINE('',#2957,#2958);
#2957 = CARTESIAN_POINT('',(25.,0.));
#2958 = VECTOR('',#2959,1.);
#2959 = DIRECTION('',(0.,1.));
#2960 = ( GEOMETRIC_REPRESENTATION_CONTEXT(2) 
PARAMETRIC_REPRESENTATION_CONTEXT() REPRESENTATION_CONTEXT('2D SPACE',''
  ) );
#2961 = PCURVE('',#2851,#2962);
#2962 = DEFINITIONAL_REPRESENTATION('',(#2963),#2967);
#2963 = LINE('',#2964,#2965);
#2964 = CARTESIAN_POINT('',(0.,0.));
#2965 = VECTOR('',#2966,1.);
#2966 = DIRECTION('',(1.,0.));
#2967 = ( GEOMETRIC_REPRESENTATION_CONTEXT(2) 
PARAMETRIC_REPRESENTATION_CONTEXT() REPRESENTATION_CONTEXT('2D SPACE',''
  ) );
#2968 = ORIENTED_EDGE('',*,*,#2746,.F.);
#2969 = ADVANCED_FACE('',(#2970),#2797,.F.);
#2970 = FACE_BOUND('',#2971,.F.);
#2971 = EDGE_LOOP('',(#2972,#2995,#2996,#2997));
#2972 = ORIENTED_EDGE('',*,*,#2973,.F.);
#2973 = EDGE_CURVE('',#2898,#2974,#2976,.T.);
#2974 = VERTEX_POINT('',#2975);
#2975 = CARTESIAN_POINT('',(-7.,86.,-12.5));
#2976 = SURFACE_CURVE('',#2977,(#2981,#2988),.PCURVE_S1.);
#2977 = LINE('',#2978,#2979);
#2978 = CARTESIAN_POINT('',(-7.,44.,-12.5));
#2979 = VECTOR('',#2980,1.);
#2980 = DIRECTION('',(-0.,1.,0.));
#2981 = PCURVE('',#2797,#2982);
#2982 = DEFINITIONAL_REPRESENTATION('',(#2983),#2987);
#2983 = LINE('',#2984,#2985);
#2984 = CARTESIAN_POINT('',(0.,0.));
#2985 = VECTOR('',#2986,1.);
#2986 = DIRECTION('',(0.,1.));
#2987 = ( GEOMETRIC_REPRESENTATION_CONTEXT(2) 
PARAMETRIC_REPRESENTATION_CONTEXT() REPRESENTATION_CONTEXT('2D SPACE',''
  ) );
#2988 = PCURVE('',#2936,#2989);
#2989 = DEFINITIONAL_REPRESENTATION('',(#2990),#2994);
#2990 = LINE('',#2991,#2992);
#2991 = CARTESIAN_POINT('',(0.,0.));
#2992 = VECTOR('',#2993,1.);
#2993 = DIRECTION('',(0.,-1.));
#2994 = ( GEOMETRIC_REPRESENTATION_CONTEXT(2) 
PARAMETRIC_REPRESENTATION_CONTEXT() REPRESENTATION_CONTEXT('2D SPACE',''
  ) );
#2995 = ORIENTED_EDGE('',*,*,#2897,.T.);
#2996 = ORIENTED_EDGE('',*,*,#2781,.T.);
#2997 = ORIENTED_EDGE('',*,*,#2998,.F.);
#2998 = EDGE_CURVE('',#2974,#2782,#2999,.T.);
#2999 = SURFACE_CURVE('',#3000,(#3004,#3011),.PCURVE_S1.);
#3000 = LINE('',#3001,#3002);
#3001 = CARTESIAN_POINT('',(-7.,86.,-12.5));
#3002 = VECTOR('',#3003,1.);
#3003 = DIRECTION('',(1.,0.,-0.));
#3004 = PCURVE('',#2797,#3005);
#3005 = DEFINITIONAL_REPRESENTATION('',(#3006),#3010);
#3006 = LINE('',#3007,#3008);
#3007 = CARTESIAN_POINT('',(0.,42.));
#3008 = VECTOR('',#3009,1.);
#3009 = DIRECTION('',(1.,0.));
#3010 = ( GEOMETRIC_REPRESENTATION_CONTEXT(2) 
PARAMETRIC_REPRESENTATION_CONTEXT() REPRESENTATION_CONTEXT('2D SPACE',''
  ) );
#3011 = PCURVE('',#2825,#3012);
#3012 = DEFINITIONAL_REPRESENTATION('',(#3013),#3017);
#3013 = LINE('',#3014,#3015);
#3014 = CARTESIAN_POINT('',(0.,0.));
#3015 = VECTOR('',#3016,1.);
#3016 = DIRECTION('',(0.,1.));
#3017 = ( GEOMETRIC_REPRESENTATION_CONTEXT(2) 
PARAMETRIC_REPRESENTATION_CONTEXT() REPRESENTATION_CONTEXT('2D SPACE',''
  ) );
#3018 = ADVANCED_FACE('',(#3019),#2825,.T.);
#3019 = FACE_BOUND('',#3020,.T.);
#3020 = EDGE_LOOP('',(#3021,#3022,#3045,#3066));
#3021 = ORIENTED_EDGE('',*,*,#2998,.F.);
#3022 = ORIENTED_EDGE('',*,*,#3023,.T.);
#3023 = EDGE_CURVE('',#2974,#3024,#3026,.T.);
#3024 = VERTEX_POINT('',#3025);
#3025 = CARTESIAN_POINT('',(-7.,86.,12.5));
#3026 = SURFACE_CURVE('',#3027,(#3031,#3038),.PCURVE_S1.);
#3027 = LINE('',#3028,#3029);
#3028 = CARTESIAN_POINT('',(-7.,86.,-12.5));
#3029 = VECTOR('',#3030,1.);
#3030 = DIRECTION('',(0.,0.,1.));
#3031 = PCURVE('',#2825,#3032);
#3032 = DEFINITIONAL_REPRESENTATION('',(#3033),#3037);
#3033 = LINE('',#3034,#3035);
#3034 = CARTESIAN_POINT('',(0.,0.));
#3035 = VECTOR('',#3036,1.);
#3036 = DIRECTION('',(1.,0.));
#3037 = ( GEOMETRIC_REPRESENTATION_CONTEXT(2) 
PARAMETRIC_REPRESENTATION_CONTEXT() REPRESENTATION_CONTEXT('2D SPACE',''
  ) );
#3038 = PCURVE('',#2936,#3039);
#3039 = DEFINITIONAL_REPRESENTATION('',(#3040),#3044);
#3040 = LINE('',#3041,#3042);
#3041 = CARTESIAN_POINT('',(0.,-42.));
#3042 = VECTOR('',#3043,1.);
#3043 = DIRECTION('',(1.,0.));
#3044 = ( GEOMETRIC_REPRESENTATION_CONTEXT(2) 
PARAMETRIC_REPRESENTATION_CONTEXT() REPRESENTATION_CONTEXT('2D SPACE',''
  ) );
#3045 = ORIENTED_EDGE('',*,*,#3046,.T.);
#3046 = EDGE_CURVE('',#3024,#2810,#3047,.T.);
#3047 = SURFACE_CURVE('',#3048,(#3052,#3059),.PCURVE_S1.);
#3048 = LINE('',#3049,#3050);
#3049 = CARTESIAN_POINT('',(-7.,86.,12.5));
#3050 = VECTOR('',#3051,1.);
#3051 = DIRECTION('',(1.,0.,-0.));
#3052 = PCURVE('',#2825,#3053);
#3053 = DEFINITIONAL_REPRESENTATION('',(#3054),#3058);
#3054 = LINE('',#3055,#3056);
#3055 = CARTESIAN_POINT('',(25.,0.));
#3056 = VECTOR('',#3057,1.);
#3057 = DIRECTION('',(0.,1.));
#3058 = ( GEOMETRIC_REPRESENTATION_CONTEXT(2) 
PARAMETRIC_REPRESENTATION_CONTEXT() REPRESENTATION_CONTEXT('2D SPACE',''
  ) );
#3059 = PCURVE('',#2851,#3060);
#3060 = DEFINITIONAL_REPRESENTATION('',(#3061),#3065);
#3061 = LINE('',#3062,#3063);
#3062 = CARTESIAN_POINT('',(0.,42.));
#3063 = VECTOR('',#3064,1.);
#3064 = DIRECTION('',(1.,0.));
#3065 = ( GEOMETRIC_REPRESENTATION_CONTEXT(2) 
PARAMETRIC_REPRESENTATION_CONTEXT() REPRESENTATION_CONTEXT('2D SPACE',''
  ) );
#3066 = ORIENTED_EDGE('',*,*,#2809,.F.);
#3067 = ADVANCED_FACE('',(#3068),#2851,.T.);
#3068 = FACE_BOUND('',#3069,.T.);
#3069 = EDGE_LOOP('',(#3070,#3091,#3092,#3093));
#3070 = ORIENTED_EDGE('',*,*,#3071,.F.);
#3071 = EDGE_CURVE('',#2921,#3024,#3072,.T.);
#3072 = SURFACE_CURVE('',#3073,(#3077,#3084),.PCURVE_S1.);
#3073 = LINE('',#3074,#3075);
#3074 = CARTESIAN_POINT('',(-7.,44.,12.5));
#3075 = VECTOR('',#3076,1.);
#3076 = DIRECTION('',(-0.,1.,0.));
#3077 = PCURVE('',#2851,#3078);
#3078 = DEFINITIONAL_REPRESENTATION('',(#3079),#3083);
#3079 = LINE('',#3080,#3081);
#3080 = CARTESIAN_POINT('',(0.,0.));
#3081 = VECTOR('',#3082,1.);
#3082 = DIRECTION('',(0.,1.));
#3083 = ( GEOMETRIC_REPRESENTATION_CONTEXT(2) 
PARAMETRIC_REPRESENTATION_CONTEXT() REPRESENTATION_CONTEXT('2D SPACE',''
  ) );
#3084 = PCURVE('',#2936,#3085);
#3085 = DEFINITIONAL_REPRESENTATION('',(#3086),#3090);
#3086 = LINE('',#3087,#3088);
#3087 = CARTESIAN_POINT('',(25.,0.));
#3088 = VECTOR('',#3089,1.);
#3089 = DIRECTION('',(0.,-1.));
#3090 = ( GEOMETRIC_REPRESENTATION_CONTEXT(2) 
PARAMETRIC_REPRESENTATION_CONTEXT() REPRESENTATION_CONTEXT('2D SPACE',''
  ) );
#3091 = ORIENTED_EDGE('',*,*,#2948,.T.);
#3092 = ORIENTED_EDGE('',*,*,#2837,.T.);
#3093 = ORIENTED_EDGE('',*,*,#3046,.F.);
#3094 = ADVANCED_FACE('',(#3095),#2882,.F.);
#3095 = FACE_BOUND('',#3096,.F.);
#3096 = EDGE_LOOP('',(#3097,#3098,#3121,#3143));
#3097 = ORIENTED_EDGE('',*,*,#2865,.F.);
#3098 = ORIENTED_EDGE('',*,*,#3099,.F.);
#3099 = EDGE_CURVE('',#3100,#2866,#3102,.T.);
#3100 = VERTEX_POINT('',#3101);
#3101 = CARTESIAN_POINT('',(-7.,74.,-4.25));
#3102 = SEAM_CURVE('',#3103,(#3107,#3114),.PCURVE_S1.);
#3103 = LINE('',#3104,#3105);
#3104 = CARTESIAN_POINT('',(-50.,74.,-4.25));
#3105 = VECTOR('',#3106,1.);
#3106 = DIRECTION('',(1.,0.,2.22044604925E-16));
#3107 = PCURVE('',#2882,#3108);
#3108 = DEFINITIONAL_REPRESENTATION('',(#3109),#3113);
#3109 = LINE('',#3110,#3111);
#3110 = CARTESIAN_POINT('',(6.28318530718,-0.));
#3111 = VECTOR('',#3112,1.);
#3112 = DIRECTION('',(0.,1.));
#3113 = ( GEOMETRIC_REPRESENTATION_CONTEXT(2) 
PARAMETRIC_REPRESENTATION_CONTEXT() REPRESENTATION_CONTEXT('2D SPACE',''
  ) );
#3114 = PCURVE('',#2882,#3115);
#3115 = DEFINITIONAL_REPRESENTATION('',(#3116),#3120);
#3116 = LINE('',#3117,#3118);
#3117 = CARTESIAN_POINT('',(0.,-0.));
#3118 = VECTOR('',#3119,1.);
#3119 = DIRECTION('',(0.,1.));
#3120 = ( GEOMETRIC_REPRESENTATION_CONTEXT(2) 
PARAMETRIC_REPRESENTATION_CONTEXT() REPRESENTATION_CONTEXT('2D SPACE',''
  ) );
#3121 = ORIENTED_EDGE('',*,*,#3122,.T.);
#3122 = EDGE_CURVE('',#3100,#3100,#3123,.T.);
#3123 = SURFACE_CURVE('',#3124,(#3129,#3136),.PCURVE_S1.);
#3124 = CIRCLE('',#3125,4.25);
#3125 = AXIS2_PLACEMENT_3D('',#3126,#3127,#3128);
#3126 = CARTESIAN_POINT('',(-7.,74.,-1.554312234475E-15));
#3127 = DIRECTION('',(1.,0.,2.22044604925E-16));
#3128 = DIRECTION('',(2.22044604925E-16,0.,-1.));
#3129 = PCURVE('',#2882,#3130);
#3130 = DEFINITIONAL_REPRESENTATION('',(#3131),#3135);
#3131 = LINE('',#3132,#3133);
#3132 = CARTESIAN_POINT('',(0.,43.));
#3133 = VECTOR('',#3134,1.);
#3134 = DIRECTION('',(1.,0.));
#3135 = ( GEOMETRIC_REPRESENTATION_CONTEXT(2) 
PARAMETRIC_REPRESENTATION_CONTEXT() REPRESENTATION_CONTEXT('2D SPACE',''
  ) );
#3136 = PCURVE('',#2936,#3137);
#3137 = DEFINITIONAL_REPRESENTATION('',(#3138),#3142);
#3138 = CIRCLE('',#3139,4.25);
#3139 = AXIS2_PLACEMENT_2D('',#3140,#3141);
#3140 = CARTESIAN_POINT('',(12.5,-30.));
#3141 = DIRECTION('',(-1.,0.));
#3142 = ( GEOMETRIC_REPRESENTATION_CONTEXT(2) 
PARAMETRIC_REPRESENTATION_CONTEXT() REPRESENTATION_CONTEXT('2D SPACE',''
  ) );
#3143 = ORIENTED_EDGE('',*,*,#3099,.T.);
#3144 = ADVANCED_FACE('',(#3145,#3151,#3154),#2936,.F.);
#3145 = FACE_BOUND('',#3146,.F.);
#3146 = EDGE_LOOP('',(#3147,#3148,#3149,#3150));
#3147 = ORIENTED_EDGE('',*,*,#2920,.F.);
#3148 = ORIENTED_EDGE('',*,*,#2973,.T.);
#3149 = ORIENTED_EDGE('',*,*,#3023,.T.);
#3150 = ORIENTED_EDGE('',*,*,#3071,.F.);
#3151 = FACE_BOUND('',#3152,.F.);
#3152 = EDGE_LOOP('',(#3153));
#3153 = ORIENTED_EDGE('',*,*,#3122,.F.);
#3154 = FACE_BOUND('',#3155,.F.);
#3155 = EDGE_LOOP('',(#3156));
#3156 = ORIENTED_EDGE('',*,*,#3157,.F.);
#3157 = EDGE_CURVE('',#3158,#3158,#3160,.T.);
#3158 = VERTEX_POINT('',#3159);
#3159 = CARTESIAN_POINT('',(-7.,61.603571325046,-1.469576158977E-15));
#3160 = SURFACE_CURVE('',#3161,(#3289,#3420),.PCURVE_S1.);
#3161 = B_SPLINE_CURVE_WITH_KNOTS('',6,(#3162,#3163,#3164,#3165,#3166,
    #3167,#3168,#3169,#3170,#3171,#3172,#3173,#3174,#3175,#3176,#3177,
    #3178,#3179,#3180,#3181,#3182,#3183,#3184,#3185,#3186,#3187,#3188,
    #3189,#3190,#3191,#3192,#3193,#3194,#3195,#3196,#3197,#3198,#3199,
    #3200,#3201,#3202,#3203,#3204,#3205,#3206,#3207,#3208,#3209,#3210,
    #3211,#3212,#3213,#3214,#3215,#3216,#3217,#3218,#3219,#3220,#3221,
    #3222,#3223,#3224,#3225,#3226,#3227,#3228,#3229,#3230,#3231,#3232,
    #3233,#3234,#3235,#3236,#3237,#3238,#3239,#3240,#3241,#3242,#3243,
    #3244,#3245,#3246,#3247,#3248,#3249,#3250,#3251,#3252,#3253,#3254,
    #3255,#3256,#3257,#3258,#3259,#3260,#3261,#3262,#3263,#3264,#3265,
    #3266,#3267,#3268,#3269,#3270,#3271,#3272,#3273,#3274,#3275,#3276,
    #3277,#3278,#3279,#3280,#3281,#3282,#3283,#3284,#3285,#3286,#3287,
    #3288),.UNSPECIFIED.,.T.,.F.,(7,5,5,5,5,5,5,5,5,5,5,5,5,5,5,5,5,5,5,
    5,5,5,5,5,5,7),(0.,9.332890420983E-02,0.138287390473,0.183335539067,
    0.210403871549,0.267608236654,0.307757670607,0.324811488253,
    0.349872065187,0.388908835592,0.426869131105,0.449812222429,
    0.464764748538,0.499635461439,0.550187551626,0.573130636074,
    0.61109091613,0.650127673204,0.675188246372,0.692242064304,
    0.732391508522,0.789595907698,0.816664261186,0.861712446557,
    0.906670966912,1.),.UNSPECIFIED.);
#3162 = CARTESIAN_POINT('',(-7.,61.603571325046,0.));
#3163 = CARTESIAN_POINT('',(-7.,61.603571325046,0.588675880957));
#3164 = CARTESIAN_POINT('',(-7.,61.533816725783,1.177536778407));
#3165 = CARTESIAN_POINT('',(-7.,61.394231715404,1.75582772272));
#3166 = CARTESIAN_POINT('',(-7.,61.187147726705,2.313507670811));
#3167 = CARTESIAN_POINT('',(-7.,60.91642678181,2.841058830962));
#3168 = CARTESIAN_POINT('',(-7.,60.430114352187,3.56521018192));
#3169 = CARTESIAN_POINT('',(-7.,60.258641751881,3.791669289282));
#3170 = CARTESIAN_POINT('',(-7.,60.074459633206,4.008214550053));
#3171 = CARTESIAN_POINT('',(-7.,59.878305833098,4.213979014643));
#3172 = CARTESIAN_POINT('',(-7.,59.670994856176,4.408172752122));
#3173 = CARTESIAN_POINT('',(-7.,59.235401618777,4.772354123844));
#3174 = CARTESIAN_POINT('',(-7.,59.007071907766,4.942298121392));
#3175 = CARTESIAN_POINT('',(-7.,58.769319753182,5.099197500815));
#3176 = CARTESIAN_POINT('',(-7.,58.523091688119,5.242430361219));
#3177 = CARTESIAN_POINT('',(-7.,58.269384714339,5.371467712832));
#3178 = CARTESIAN_POINT('',(-7.,57.852931673913,5.554614347701));
#3179 = CARTESIAN_POINT('',(-7.,57.694294857545,5.618074334594));
#3180 = CARTESIAN_POINT('',(-7.,57.533559148351,5.676157462215));
#3181 = CARTESIAN_POINT('',(-7.,57.370953929599,5.728782324761));
#3182 = CARTESIAN_POINT('',(-7.,57.206712293483,5.775880362431));
#3183 = CARTESIAN_POINT('',(-7.,56.691016131642,5.905131881483));
#3184 = CARTESIAN_POINT('',(-7.,56.334697938271,5.967938303996));
#3185 = CARTESIAN_POINT('',(-7.,55.97436877443,6.0052811337));
#3186 = CARTESIAN_POINT('',(-7.,55.612296659258,6.016905879475));
#3187 = CARTESIAN_POINT('',(-7.,55.250759886888,6.002796919683));
#3188 = CARTESIAN_POINT('',(-7.,54.640280648671,5.935425119172));
#3189 = CARTESIAN_POINT('',(-7.,54.389897648483,5.895088798349));
#3190 = CARTESIAN_POINT('',(-7.,54.14168462268,5.842287693607));
#3191 = CARTESIAN_POINT('',(-7.,53.896415018632,5.777169599108));
#3192 = CARTESIAN_POINT('',(-7.,53.654848954553,5.699943200053));
#3193 = CARTESIAN_POINT('',(-7.,53.317016270135,5.573046893241));
#3194 = CARTESIAN_POINT('',(-7.,53.217101888126,5.53307967592));
#3195 = CARTESIAN_POINT('',(-7.,53.118047050708,5.490997016207));
#3196 = CARTESIAN_POINT('',(-7.,53.019908002246,5.446821420881));
#3197 = CARTESIAN_POINT('',(-7.,52.92274025424,5.400577308022));
#3198 = CARTESIAN_POINT('',(-7.,52.685318448489,5.281334310601));
#3199 = CARTESIAN_POINT('',(-7.,52.546253801883,5.205967558409));
#3200 = CARTESIAN_POINT('',(-7.,52.409578726754,5.12627438593));
#3201 = CARTESIAN_POINT('',(-7.,52.275462812305,5.042347025494));
#3202 = CARTESIAN_POINT('',(-7.,52.144071155695,4.954286306274));
#3203 = CARTESIAN_POINT('',(-7.,51.815389792526,4.718761723632));
#3204 = CARTESIAN_POINT('',(-7.,51.622213141561,4.565556605105));
#3205 = CARTESIAN_POINT('',(-7.,51.43664318225,4.403001916896));
#3206 = CARTESIAN_POINT('',(-7.,51.25925372426,4.231558687114));
#3207 = CARTESIAN_POINT('',(-7.,51.090581963797,4.051734460376));
#3208 = CARTESIAN_POINT('',(-7.,50.776068825421,3.681608971513));
#3209 = CARTESIAN_POINT('',(-7.,50.629723723804,3.491730530083));
#3210 = CARTESIAN_POINT('',(-7.,50.492550313766,3.294960237258));
#3211 = CARTESIAN_POINT('',(-7.,50.36496521972,3.091842773584));
#3212 = CARTESIAN_POINT('',(-7.,50.2473410785,2.882957034657));
#3213 = CARTESIAN_POINT('',(-7.,50.07513092739,2.539551546188));
#3214 = CARTESIAN_POINT('',(-7.,50.014014778131,2.408302613248));
#3215 = CARTESIAN_POINT('',(-7.,49.956728216836,2.27530508724));
#3216 = CARTESIAN_POINT('',(-7.,49.903336253631,2.140697410499));
#3217 = CARTESIAN_POINT('',(-7.,49.853896956549,2.004621404407));
#3218 = CARTESIAN_POINT('',(-7.,49.778850116015,1.777676177958));
#3219 = CARTESIAN_POINT('',(-7.,49.750939313929,1.687568011338));
#3220 = CARTESIAN_POINT('',(-7.,49.724743162253,1.596937915656));
#3221 = CARTESIAN_POINT('',(-7.,49.700274430166,1.505826479995));
#3222 = CARTESIAN_POINT('',(-7.,49.677544539049,1.414274736397));
#3223 = CARTESIAN_POINT('',(-7.,49.607633929808,1.107886670692));
#3224 = CARTESIAN_POINT('',(-7.,49.568215650952,0.891278284079));
#3225 = CARTESIAN_POINT('',(-7.,49.538437170351,0.673028012976));
#3226 = CARTESIAN_POINT('',(-7.,49.518384682061,0.453670496099));
#3227 = CARTESIAN_POINT('',(-7.,49.508102129764,0.233745997935));
#3228 = CARTESIAN_POINT('',(-7.,49.50685052144,-0.305054823537));
#3229 = CARTESIAN_POINT('',(-7.,49.526645852373,-0.623967756726));
#3230 = CARTESIAN_POINT('',(-7.,49.566983695135,-0.941263725513));
#3231 = CARTESIAN_POINT('',(-7.,49.627672482635,-1.255302925235));
#3232 = CARTESIAN_POINT('',(-7.,49.708349400023,-1.564478060301));
#3233 = CARTESIAN_POINT('',(-7.,49.85389576541,-2.004618069538));
#3234 = CARTESIAN_POINT('',(-7.,49.903334952128,-2.140694024775));
#3235 = CARTESIAN_POINT('',(-7.,49.956726801232,-2.275301654751));
#3236 = CARTESIAN_POINT('',(-7.,50.014013244882,-2.408299138293));
#3237 = CARTESIAN_POINT('',(-7.,50.075129273157,-2.539548033266));
#3238 = CARTESIAN_POINT('',(-7.,50.247339083281,-2.882953410377));
#3239 = CARTESIAN_POINT('',(-7.,50.364962996859,-3.091839085156));
#3240 = CARTESIAN_POINT('',(-7.,50.492547853593,-3.294956499653));
#3241 = CARTESIAN_POINT('',(-7.,50.62972101784,-3.49172675919));
#3242 = CARTESIAN_POINT('',(-7.,50.776065866465,-3.681605184011));
#3243 = CARTESIAN_POINT('',(-7.,51.090578490325,-4.051730686718));
#3244 = CARTESIAN_POINT('',(-7.,51.259249990127,-4.23155494387));
#3245 = CARTESIAN_POINT('',(-7.,51.436639183868,-4.402998221999));
#3246 = CARTESIAN_POINT('',(-7.,51.622208876772,-4.565552976962));
#3247 = CARTESIAN_POINT('',(-7.,51.815385260647,-4.718758180983));
#3248 = CARTESIAN_POINT('',(-7.,52.144066211205,-4.954282952699));
#3249 = CARTESIAN_POINT('',(-7.,52.275457722902,-5.042343762829));
#3250 = CARTESIAN_POINT('',(-7.,52.409573494191,-5.126271220427));
#3251 = CARTESIAN_POINT('',(-7.,52.546248428224,-5.205964496293));
#3252 = CARTESIAN_POINT('',(-7.,52.685312936102,-5.281331358047));
#3253 = CARTESIAN_POINT('',(-7.,52.922734529291,-5.400574557928));
#3254 = CARTESIAN_POINT('',(-7.,53.019902202366,-5.44681875972));
#3255 = CARTESIAN_POINT('',(-7.,53.11804117755,-5.490994446094));
#3256 = CARTESIAN_POINT('',(-7.,53.21709594341,-5.53307719893));
#3257 = CARTESIAN_POINT('',(-7.,53.317010255646,-5.573044511412));
#3258 = CARTESIAN_POINT('',(-7.,53.654842768875,-5.69994116539));
#3259 = CARTESIAN_POINT('',(-7.,53.896408742077,-5.777167819863));
#3260 = CARTESIAN_POINT('',(-7.,54.141678267973,-5.842286174455));
#3261 = CARTESIAN_POINT('',(-7.,54.389891228625,-5.895087543208));
#3262 = CARTESIAN_POINT('',(-7.,54.640274176888,-5.935424131189));
#3263 = CARTESIAN_POINT('',(-7.,55.25075344361,-6.002796598659));
#3264 = CARTESIAN_POINT('',(-7.,55.612290312128,-6.016905943369));
#3265 = CARTESIAN_POINT('',(-7.,55.974362550721,-6.005281567405));
#3266 = CARTESIAN_POINT('',(-7.,56.334691863175,-5.967939090166));
#3267 = CARTESIAN_POINT('',(-7.,56.691010228076,-5.905133000808));
#3268 = CARTESIAN_POINT('',(-7.,57.206706702559,-5.775881934204));
#3269 = CARTESIAN_POINT('',(-7.,57.370948463454,-5.728784030071));
#3270 = CARTESIAN_POINT('',(-7.,57.53355381066,-5.676159294216));
#3271 = CARTESIAN_POINT('',(-7.,57.694289651589,-5.618076286323));
#3272 = CARTESIAN_POINT('',(-7.,57.852926602572,-5.554616412107));
#3273 = CARTESIAN_POINT('',(-7.,58.269380018742,-5.371470053864));
#3274 = CARTESIAN_POINT('',(-7.,58.523087237525,-5.242432852428));
#3275 = CARTESIAN_POINT('',(-7.,58.769315551937,-5.099200121082));
#3276 = CARTESIAN_POINT('',(-7.,59.007067958234,-4.942300849584));
#3277 = CARTESIAN_POINT('',(-7.,59.235397921366,-4.772356939042));
#3278 = CARTESIAN_POINT('',(-7.,59.670991646826,-4.408175710826));
#3279 = CARTESIAN_POINT('',(-7.,59.878302860907,-4.213982031349));
#3280 = CARTESIAN_POINT('',(-7.,60.074456896115,-4.008217606112));
#3281 = CARTESIAN_POINT('',(-7.,60.258639246148,-3.791672366554));
#3282 = CARTESIAN_POINT('',(-7.,60.430112072474,-3.565213262968));
#3283 = CARTESIAN_POINT('',(-7.,60.91642538059,-2.841061568458));
#3284 = CARTESIAN_POINT('',(-7.,61.187146836761,-2.313510034561));
#3285 = CARTESIAN_POINT('',(-7.,61.394231279984,-1.755829546741));
#3286 = CARTESIAN_POINT('',(-7.,61.533816582679,-1.177538024162));
#3287 = CARTESIAN_POINT('',(-7.,61.603571325046,-0.588676469824));
#3288 = CARTESIAN_POINT('',(-7.,61.603571325046,0.));
#3289 = PCURVE('',#2936,#3290);
#3290 = DEFINITIONAL_REPRESENTATION('',(#3291),#3419);
#3291 = B_SPLINE_CURVE_WITH_KNOTS('',6,(#3292,#3293,#3294,#3295,#3296,
    #3297,#3298,#3299,#3300,#3301,#3302,#3303,#3304,#3305,#3306,#3307,
    #3308,#3309,#3310,#3311,#3312,#3313,#3314,#3315,#3316,#3317,#3318,
    #3319,#3320,#3321,#3322,#3323,#3324,#3325,#3326,#3327,#3328,#3329,
    #3330,#3331,#3332,#3333,#3334,#3335,#3336,#3337,#3338,#3339,#3340,
    #3341,#3342,#3343,#3344,#3345,#3346,#3347,#3348,#3349,#3350,#3351,
    #3352,#3353,#3354,#3355,#3356,#3357,#3358,#3359,#3360,#3361,#3362,
    #3363,#3364,#3365,#3366,#3367,#3368,#3369,#3370,#3371,#3372,#3373,
    #3374,#3375,#3376,#3377,#3378,#3379,#3380,#3381,#3382,#3383,#3384,
    #3385,#3386,#3387,#3388,#3389,#3390,#3391,#3392,#3393,#3394,#3395,
    #3396,#3397,#3398,#3399,#3400,#3401,#3402,#3403,#3404,#3405,#3406,
    #3407,#3408,#3409,#3410,#3411,#3412,#3413,#3414,#3415,#3416,#3417,
    #3418),.UNSPECIFIED.,.T.,.F.,(7,5,5,5,5,5,5,5,5,5,5,5,5,5,5,5,5,5,5,
    5,5,5,5,5,5,7),(0.,9.332890420983E-02,0.138287390473,0.183335539067,
    0.210403871549,0.267608236654,0.307757670607,0.324811488253,
    0.349872065187,0.388908835592,0.426869131105,0.449812222429,
    0.464764748538,0.499635461439,0.550187551626,0.573130636074,
    0.61109091613,0.650127673204,0.675188246372,0.692242064304,
    0.732391508522,0.789595907698,0.816664261186,0.861712446557,
    0.906670966912,1.),.UNSPECIFIED.);
#3292 = CARTESIAN_POINT('',(12.5,-17.60357132504));
#3293 = CARTESIAN_POINT('',(13.088675880957,-17.60357132504));
#3294 = CARTESIAN_POINT('',(13.677536778407,-17.53381672578));
#3295 = CARTESIAN_POINT('',(14.25582772272,-17.3942317154));
#3296 = CARTESIAN_POINT('',(14.813507670811,-17.1871477267));
#3297 = CARTESIAN_POINT('',(15.341058830962,-16.91642678181));
#3298 = CARTESIAN_POINT('',(16.06521018192,-16.43011435218));
#3299 = CARTESIAN_POINT('',(16.291669289282,-16.25864175188));
#3300 = CARTESIAN_POINT('',(16.508214550053,-16.0744596332));
#3301 = CARTESIAN_POINT('',(16.713979014643,-15.87830583309));
#3302 = CARTESIAN_POINT('',(16.908172752122,-15.67099485617));
#3303 = CARTESIAN_POINT('',(17.272354123844,-15.23540161877));
#3304 = CARTESIAN_POINT('',(17.442298121392,-15.00707190776));
#3305 = CARTESIAN_POINT('',(17.599197500815,-14.76931975318));
#3306 = CARTESIAN_POINT('',(17.742430361219,-14.52309168811));
#3307 = CARTESIAN_POINT('',(17.871467712832,-14.26938471433));
#3308 = CARTESIAN_POINT('',(18.054614347701,-13.85293167391));
#3309 = CARTESIAN_POINT('',(18.118074334594,-13.69429485754));
#3310 = CARTESIAN_POINT('',(18.176157462215,-13.53355914835));
#3311 = CARTESIAN_POINT('',(18.228782324761,-13.37095392959));
#3312 = CARTESIAN_POINT('',(18.275880362431,-13.20671229348));
#3313 = CARTESIAN_POINT('',(18.405131881483,-12.69101613164));
#3314 = CARTESIAN_POINT('',(18.467938303996,-12.33469793827));
#3315 = CARTESIAN_POINT('',(18.5052811337,-11.97436877443));
#3316 = CARTESIAN_POINT('',(18.516905879475,-11.61229665925));
#3317 = CARTESIAN_POINT('',(18.502796919683,-11.25075988688));
#3318 = CARTESIAN_POINT('',(18.435425119172,-10.64028064867));
#3319 = CARTESIAN_POINT('',(18.395088798349,-10.38989764848));
#3320 = CARTESIAN_POINT('',(18.342287693607,-10.14168462268));
#3321 = CARTESIAN_POINT('',(18.277169599108,-9.896415018632));
#3322 = CARTESIAN_POINT('',(18.199943200053,-9.654848954553));
#3323 = CARTESIAN_POINT('',(18.073046893241,-9.317016270135));
#3324 = CARTESIAN_POINT('',(18.03307967592,-9.217101888126));
#3325 = CARTESIAN_POINT('',(17.990997016207,-9.118047050708));
#3326 = CARTESIAN_POINT('',(17.946821420881,-9.019908002246));
#3327 = CARTESIAN_POINT('',(17.900577308022,-8.92274025424));
#3328 = CARTESIAN_POINT('',(17.781334310601,-8.685318448489));
#3329 = CARTESIAN_POINT('',(17.705967558409,-8.546253801883));
#3330 = CARTESIAN_POINT('',(17.62627438593,-8.409578726754));
#3331 = CARTESIAN_POINT('',(17.542347025494,-8.275462812305));
#3332 = CARTESIAN_POINT('',(17.454286306274,-8.144071155695));
#3333 = CARTESIAN_POINT('',(17.218761723632,-7.815389792526));
#3334 = CARTESIAN_POINT('',(17.065556605105,-7.622213141561));
#3335 = CARTESIAN_POINT('',(16.903001916896,-7.43664318225));
#3336 = CARTESIAN_POINT('',(16.731558687114,-7.25925372426));
#3337 = CARTESIAN_POINT('',(16.551734460376,-7.090581963797));
#3338 = CARTESIAN_POINT('',(16.181608971513,-6.776068825421));
#3339 = CARTESIAN_POINT('',(15.991730530083,-6.629723723804));
#3340 = CARTESIAN_POINT('',(15.794960237258,-6.492550313766));
#3341 = CARTESIAN_POINT('',(15.591842773584,-6.36496521972));
#3342 = CARTESIAN_POINT('',(15.382957034657,-6.2473410785));
#3343 = CARTESIAN_POINT('',(15.039551546188,-6.07513092739));
#3344 = CARTESIAN_POINT('',(14.908302613248,-6.014014778131));
#3345 = CARTESIAN_POINT('',(14.77530508724,-5.956728216836));
#3346 = CARTESIAN_POINT('',(14.640697410499,-5.903336253631));
#3347 = CARTESIAN_POINT('',(14.504621404407,-5.853896956549));
#3348 = CARTESIAN_POINT('',(14.277676177958,-5.778850116015));
#3349 = CARTESIAN_POINT('',(14.187568011338,-5.750939313929));
#3350 = CARTESIAN_POINT('',(14.096937915656,-5.724743162253));
#3351 = CARTESIAN_POINT('',(14.005826479995,-5.700274430166));
#3352 = CARTESIAN_POINT('',(13.914274736397,-5.677544539049));
#3353 = CARTESIAN_POINT('',(13.607886670692,-5.607633929808));
#3354 = CARTESIAN_POINT('',(13.391278284079,-5.568215650952));
#3355 = CARTESIAN_POINT('',(13.173028012976,-5.538437170351));
#3356 = CARTESIAN_POINT('',(12.953670496099,-5.518384682061));
#3357 = CARTESIAN_POINT('',(12.733745997935,-5.508102129764));
#3358 = CARTESIAN_POINT('',(12.194945176463,-5.506850521439));
#3359 = CARTESIAN_POINT('',(11.876032243274,-5.526645852373));
#3360 = CARTESIAN_POINT('',(11.558736274487,-5.566983695135));
#3361 = CARTESIAN_POINT('',(11.244697074765,-5.627672482635));
#3362 = CARTESIAN_POINT('',(10.935521939699,-5.708349400023));
#3363 = CARTESIAN_POINT('',(10.495381930462,-5.85389576541));
#3364 = CARTESIAN_POINT('',(10.359305975225,-5.903334952128));
#3365 = CARTESIAN_POINT('',(10.224698345249,-5.956726801232));
#3366 = CARTESIAN_POINT('',(10.091700861707,-6.014013244882));
#3367 = CARTESIAN_POINT('',(9.960451966734,-6.075129273157));
#3368 = CARTESIAN_POINT('',(9.617046589623,-6.247339083281));
#3369 = CARTESIAN_POINT('',(9.408160914844,-6.364962996859));
#3370 = CARTESIAN_POINT('',(9.205043500347,-6.492547853593));
#3371 = CARTESIAN_POINT('',(9.00827324081,-6.62972101784));
#3372 = CARTESIAN_POINT('',(8.818394815989,-6.776065866465));
#3373 = CARTESIAN_POINT('',(8.448269313282,-7.090578490325));
#3374 = CARTESIAN_POINT('',(8.26844505613,-7.259249990127));
#3375 = CARTESIAN_POINT('',(8.097001778001,-7.436639183868));
#3376 = CARTESIAN_POINT('',(7.934447023038,-7.622208876772));
#3377 = CARTESIAN_POINT('',(7.781241819017,-7.815385260647));
#3378 = CARTESIAN_POINT('',(7.545717047301,-8.144066211205));
#3379 = CARTESIAN_POINT('',(7.457656237171,-8.275457722902));
#3380 = CARTESIAN_POINT('',(7.373728779573,-8.409573494191));
#3381 = CARTESIAN_POINT('',(7.294035503707,-8.546248428224));
#3382 = CARTESIAN_POINT('',(7.218668641953,-8.685312936102));
#3383 = CARTESIAN_POINT('',(7.099425442072,-8.922734529291));
#3384 = CARTESIAN_POINT('',(7.05318124028,-9.019902202366));
#3385 = CARTESIAN_POINT('',(7.009005553906,-9.11804117755));
#3386 = CARTESIAN_POINT('',(6.96692280107,-9.21709594341));
#3387 = CARTESIAN_POINT('',(6.926955488588,-9.317010255646));
#3388 = CARTESIAN_POINT('',(6.80005883461,-9.654842768875));
#3389 = CARTESIAN_POINT('',(6.722832180137,-9.896408742077));
#3390 = CARTESIAN_POINT('',(6.657713825545,-10.14167826797));
#3391 = CARTESIAN_POINT('',(6.604912456792,-10.38989122862));
#3392 = CARTESIAN_POINT('',(6.564575868811,-10.64027417688));
#3393 = CARTESIAN_POINT('',(6.497203401341,-11.25075344361));
#3394 = CARTESIAN_POINT('',(6.483094056631,-11.61229031212));
#3395 = CARTESIAN_POINT('',(6.494718432595,-11.97436255072));
#3396 = CARTESIAN_POINT('',(6.532060909834,-12.33469186317));
#3397 = CARTESIAN_POINT('',(6.594866999192,-12.69101022807));
#3398 = CARTESIAN_POINT('',(6.724118065796,-13.20670670255));
#3399 = CARTESIAN_POINT('',(6.771215969929,-13.37094846345));
#3400 = CARTESIAN_POINT('',(6.823840705784,-13.53355381066));
#3401 = CARTESIAN_POINT('',(6.881923713677,-13.69428965158));
#3402 = CARTESIAN_POINT('',(6.945383587893,-13.85292660257));
#3403 = CARTESIAN_POINT('',(7.128529946136,-14.26938001874));
#3404 = CARTESIAN_POINT('',(7.257567147572,-14.52308723752));
#3405 = CARTESIAN_POINT('',(7.400799878918,-14.76931555193));
#3406 = CARTESIAN_POINT('',(7.557699150416,-15.00706795823));
#3407 = CARTESIAN_POINT('',(7.727643060958,-15.23539792136));
#3408 = CARTESIAN_POINT('',(8.091824289174,-15.67099164682));
#3409 = CARTESIAN_POINT('',(8.286017968651,-15.8783028609));
#3410 = CARTESIAN_POINT('',(8.491782393888,-16.07445689611));
#3411 = CARTESIAN_POINT('',(8.708327633446,-16.25863924614));
#3412 = CARTESIAN_POINT('',(8.934786737032,-16.43011207247));
#3413 = CARTESIAN_POINT('',(9.658938431542,-16.91642538059));
#3414 = CARTESIAN_POINT('',(10.186489965439,-17.18714683676));
#3415 = CARTESIAN_POINT('',(10.744170453259,-17.39423127998));
#3416 = CARTESIAN_POINT('',(11.322461975838,-17.53381658267));
#3417 = CARTESIAN_POINT('',(11.911323530176,-17.60357132504));
#3418 = CARTESIAN_POINT('',(12.5,-17.60357132504));
#3419 = ( GEOMETRIC_REPRESENTATION_CONTEXT(2) 
PARAMETRIC_REPRESENTATION_CONTEXT() REPRESENTATION_CONTEXT('2D SPACE',''
  ) );
#3420 = PCURVE('',#3421,#3426);
#3421 = TOROIDAL_SURFACE('',#3422,56.,6.);
#3422 = AXIS2_PLACEMENT_3D('',#3423,#3424,#3425);
#3423 = CARTESIAN_POINT('',(0.,0.,0.));
#3424 = DIRECTION('',(0.,0.,1.));
#3425 = DIRECTION('',(1.,0.,-0.));
#3426 = DEFINITIONAL_REPRESENTATION('',(#3427),#3555);
#3427 = B_SPLINE_CURVE_WITH_KNOTS('',6,(#3428,#3429,#3430,#3431,#3432,
    #3433,#3434,#3435,#3436,#3437,#3438,#3439,#3440,#3441,#3442,#3443,
    #3444,#3445,#3446,#3447,#3448,#3449,#3450,#3451,#3452,#3453,#3454,
    #3455,#3456,#3457,#3458,#3459,#3460,#3461,#3462,#3463,#3464,#3465,
    #3466,#3467,#3468,#3469,#3470,#3471,#3472,#3473,#3474,#3475,#3476,
    #3477,#3478,#3479,#3480,#3481,#3482,#3483,#3484,#3485,#3486,#3487,
    #3488,#3489,#3490,#3491,#3492,#3493,#3494,#3495,#3496,#3497,#3498,
    #3499,#3500,#3501,#3502,#3503,#3504,#3505,#3506,#3507,#3508,#3509,
    #3510,#3511,#3512,#3513,#3514,#3515,#3516,#3517,#3518,#3519,#3520,
    #3521,#3522,#3523,#3524,#3525,#3526,#3527,#3528,#3529,#3530,#3531,
    #3532,#3533,#3534,#3535,#3536,#3537,#3538,#3539,#3540,#3541,#3542,
    #3543,#3544,#3545,#3546,#3547,#3548,#3549,#3550,#3551,#3552,#3553,
    #3554),.UNSPECIFIED.,.F.,.F.,(7,5,5,5,5,5,5,5,5,5,5,5,5,5,5,5,5,5,5,
    5,5,5,5,5,5,7),(0.,9.332890420983E-02,0.138287390473,0.183335539067,
    0.210403871549,0.267608236654,0.307757670607,0.324811488253,
    0.349872065187,0.388908835592,0.426869131105,0.449812222429,
    0.464764748538,0.499635461439,0.550187551626,0.573130636074,
    0.61109091613,0.650127673204,0.675188246372,0.692242064304,
    0.732391508522,0.789595907698,0.816664261186,0.861712446557,
    0.906670966912,1.),.UNSPECIFIED.);
#3428 = CARTESIAN_POINT('',(1.68394080456,0.));
#3429 = CARTESIAN_POINT('',(1.68394080456,9.811264682617E-02));
#3430 = CARTESIAN_POINT('',(1.684067828622,0.19625551898));
#3431 = CARTESIAN_POINT('',(1.684322017201,0.294340342018));
#3432 = CARTESIAN_POINT('',(1.684701250786,0.392383971429));
#3433 = CARTESIAN_POINT('',(1.685202756568,0.490403253627));
#3434 = CARTESIAN_POINT('',(1.686117877263,0.635487493173));
#3435 = CARTESIAN_POINT('',(1.686442385536,0.682639862615));
#3436 = CARTESIAN_POINT('',(1.686793252258,0.729773614484));
#3437 = CARTESIAN_POINT('',(1.68716974438,0.776888742987));
#3438 = CARTESIAN_POINT('',(1.687570999606,0.823985614573));
#3439 = CARTESIAN_POINT('',(1.688421836831,0.918233397835));
#3440 = CARTESIAN_POINT('',(1.688871526128,0.965385634371));
#3441 = CARTESIAN_POINT('',(1.689344032065,1.012517815909));
#3442 = CARTESIAN_POINT('',(1.689838203254,1.059631139568));
#3443 = CARTESIAN_POINT('',(1.690352729852,1.106727215671));
#3444 = CARTESIAN_POINT('',(1.691206599061,1.182094215845));
#3445 = CARTESIAN_POINT('',(1.691533900331,1.210376565057));
#3446 = CARTESIAN_POINT('',(1.691867687392,1.238653149208));
#3447 = CARTESIAN_POINT('',(1.692207614215,1.266924291546));
#3448 = CARTESIAN_POINT('',(1.692553311385,1.295190364555));
#3449 = CARTESIAN_POINT('',(1.693646323422,1.38317755613));
#3450 = CARTESIAN_POINT('',(1.694412301274,1.442884494142));
#3451 = CARTESIAN_POINT('',(1.695198559349,1.502572587263));
#3452 = CARTESIAN_POINT('',(1.696000931217,1.562249215985));
#3453 = CARTESIAN_POINT('',(1.696814743994,1.62192217524));
#3454 = CARTESIAN_POINT('',(1.698210290612,1.723474049524));
#3455 = CARTESIAN_POINT('',(1.698788896484,1.765354950661));
#3456 = CARTESIAN_POINT('',(1.699368773544,1.807238054581));
#3457 = CARTESIAN_POINT('',(1.699948018833,1.849125387754));
#3458 = CARTESIAN_POINT('',(1.700524627267,1.891018949934));
#3459 = CARTESIAN_POINT('',(1.701339395946,1.950718849179));
#3460 = CARTESIAN_POINT('',(1.701581445311,1.968518479749));
#3461 = CARTESIAN_POINT('',(1.701822478879,1.986319755993));
#3462 = CARTESIAN_POINT('',(1.702062333507,2.004122822608));
#3463 = CARTESIAN_POINT('',(1.70230084376,2.02192781887));
#3464 = CARTESIAN_POINT('',(1.702886110579,2.065902344496));
#3465 = CARTESIAN_POINT('',(1.70323111511,2.092074279914));
#3466 = CARTESIAN_POINT('',(1.703572321753,2.118251105907));
#3467 = CARTESIAN_POINT('',(1.703909191681,2.144433204009));
#3468 = CARTESIAN_POINT('',(1.704241180989,2.170620916267));
#3469 = CARTESIAN_POINT('',(1.705076421578,2.23761626673));
#3470 = CARTESIAN_POINT('',(1.705571933929,2.278432695964));
#3471 = CARTESIAN_POINT('',(1.706052204531,2.319264259206));
#3472 = CARTESIAN_POINT('',(1.706515163542,2.360112148462));
#3473 = CARTESIAN_POINT('',(1.706958780743,2.400977212584));
#3474 = CARTESIAN_POINT('',(1.707791776919,2.481613135449));
#3475 = CARTESIAN_POINT('',(1.708182320763,2.521383714107));
#3476 = CARTESIAN_POINT('',(1.708550936975,2.561169919138));
#3477 = CARTESIAN_POINT('',(1.708895919651,2.600971802886));
#3478 = CARTESIAN_POINT('',(1.709215691805,2.64078906333));
#3479 = CARTESIAN_POINT('',(1.709686024078,2.704693656651));
#3480 = CARTESIAN_POINT('',(1.709853481793,2.728772450886));
#3481 = CARTESIAN_POINT('',(1.710010904835,2.752856113338));
#3482 = CARTESIAN_POINT('',(1.710158008111,2.776944361251));
#3483 = CARTESIAN_POINT('',(1.710294533588,2.801036870619));
#3484 = CARTESIAN_POINT('',(1.710502182684,2.840837442998));
#3485 = CARTESIAN_POINT('',(1.710579524507,2.856543270073));
#3486 = CARTESIAN_POINT('',(1.710652212174,2.872250656596));
#3487 = CARTESIAN_POINT('',(1.710720187891,2.887959495877));
#3488 = CARTESIAN_POINT('',(1.710783399654,2.903669675356));
#3489 = CARTESIAN_POINT('',(1.71097799933,2.956021558485));
#3490 = CARTESIAN_POINT('',(1.711088039473,2.992668805621));
#3491 = CARTESIAN_POINT('',(1.711171330212,3.029321229253));
#3492 = CARTESIAN_POINT('',(1.711227473767,3.065977168084));
#3493 = CARTESIAN_POINT('',(1.711256266041,3.102634888274));
#3494 = CARTESIAN_POINT('',(1.711259770542,3.192435262722));
#3495 = CARTESIAN_POINT('',(1.711204343754,3.245579754661));
#3496 = CARTESIAN_POINT('',(1.711091390269,3.298717159635));
#3497 = CARTESIAN_POINT('',(1.710921790398,3.351844265049));
#3498 = CARTESIAN_POINT('',(1.710697253,3.404958204236));
#3499 = CARTESIAN_POINT('',(1.710294536878,3.482147847168));
#3500 = CARTESIAN_POINT('',(1.7101580117,3.506240342411));
#3501 = CARTESIAN_POINT('',(1.71001090873,3.530328576209));
#3502 = CARTESIAN_POINT('',(1.709853486003,3.554412224556));
#3503 = CARTESIAN_POINT('',(1.709686028609,3.578491004696));
#3504 = CARTESIAN_POINT('',(1.709215697234,3.64239555635));
#3505 = CARTESIAN_POINT('',(1.708895925674,3.68221278924));
#3506 = CARTESIAN_POINT('',(1.708550943608,3.722014645466));
#3507 = CARTESIAN_POINT('',(1.708182328019,3.761800823003));
#3508 = CARTESIAN_POINT('',(1.707791784807,3.801571374191));
#3509 = CARTESIAN_POINT('',(1.70695878989,3.88220724407));
#3510 = CARTESIAN_POINT('',(1.706515173315,3.923072282674));
#3511 = CARTESIAN_POINT('',(1.706052214925,3.963920146428));
#3512 = CARTESIAN_POINT('',(1.705571944937,4.00475168418));
#3513 = CARTESIAN_POINT('',(1.705076433187,4.045568087928));
#3514 = CARTESIAN_POINT('',(1.704241193495,4.112563401553));
#3515 = CARTESIAN_POINT('',(1.703909204491,4.138751102456));
#3516 = CARTESIAN_POINT('',(1.703572334857,4.164933189198));
#3517 = CARTESIAN_POINT('',(1.703231128499,4.191110003827));
#3518 = CARTESIAN_POINT('',(1.702886124241,4.217281927875));
#3519 = CARTESIAN_POINT('',(1.702300857823,4.261256437358));
#3520 = CARTESIAN_POINT('',(1.702062347703,4.279061428849));
#3521 = CARTESIAN_POINT('',(1.701822493202,4.29686449069));
#3522 = CARTESIAN_POINT('',(1.701581459755,4.314665762155));
#3523 = CARTESIAN_POINT('',(1.701339410506,4.332465387941));
#3524 = CARTESIAN_POINT('',(1.700524642058,4.392165281128));
#3525 = CARTESIAN_POINT('',(1.699948033709,4.434058842007));
#3526 = CARTESIAN_POINT('',(1.699368788471,4.475946173844));
#3527 = CARTESIAN_POINT('',(1.698788911428,4.517829276393));
#3528 = CARTESIAN_POINT('',(1.698210305541,4.559710176123));
#3529 = CARTESIAN_POINT('',(1.696814758531,4.661262067191));
#3530 = CARTESIAN_POINT('',(1.696000945351,4.720935044603));
#3531 = CARTESIAN_POINT('',(1.69519857303,4.780611691416));
#3532 = CARTESIAN_POINT('',(1.69441231446,4.840299802572));
#3533 = CARTESIAN_POINT('',(1.693646336081,4.900006758579));
#3534 = CARTESIAN_POINT('',(1.692553323165,4.987993981714));
#3535 = CARTESIAN_POINT('',(1.692207625667,5.016260068317));
#3536 = CARTESIAN_POINT('',(1.691867698512,5.044531224244));
#3537 = CARTESIAN_POINT('',(1.691533911118,5.072807821982));
#3538 = CARTESIAN_POINT('',(1.691206609513,5.10109018478));
#3539 = CARTESIAN_POINT('',(1.690352739391,5.17645722305));
#3540 = CARTESIAN_POINT('',(1.689838212214,5.223553323666));
#3541 = CARTESIAN_POINT('',(1.689344040452,5.270666671844));
#3542 = CARTESIAN_POINT('',(1.688871533952,5.317798877914));
#3543 = CARTESIAN_POINT('',(1.688421844102,5.364951139001));
#3544 = CARTESIAN_POINT('',(1.687571005826,5.459198968617));
#3545 = CARTESIAN_POINT('',(1.687169750099,5.506295862009));
#3546 = CARTESIAN_POINT('',(1.686793257491,5.553411012336));
#3547 = CARTESIAN_POINT('',(1.686442390298,5.600544786055));
#3548 = CARTESIAN_POINT('',(1.686117881573,5.647697177373));
#3549 = CARTESIAN_POINT('',(1.685202759164,5.792781545249));
#3550 = CARTESIAN_POINT('',(1.684701252417,5.890800919132));
#3551 = CARTESIAN_POINT('',(1.684322017993,5.988844656504));
#3552 = CARTESIAN_POINT('',(1.684067828883,6.086929580421));
#3553 = CARTESIAN_POINT('',(1.68394080456,6.185072562209));
#3554 = CARTESIAN_POINT('',(1.68394080456,6.28318530718));
#3555 = ( GEOMETRIC_REPRESENTATION_CONTEXT(2) 
PARAMETRIC_REPRESENTATION_CONTEXT() REPRESENTATION_CONTEXT('2D SPACE',''
  ) );
#3556 = ADVANCED_FACE('',(#3557),#3421,.T.);
#3557 = FACE_BOUND('',#3558,.T.);
#3558 = EDGE_LOOP('',(#3559,#3583,#3584,#3585));
#3559 = ORIENTED_EDGE('',*,*,#3560,.F.);
#3560 = EDGE_CURVE('',#3158,#3561,#3563,.T.);
#3561 = VERTEX_POINT('',#3562);
#3562 = CARTESIAN_POINT('',(-7.,-61.60357132504,-1.469576158977E-15));
#3563 = SEAM_CURVE('',#3564,(#3569,#3576),.PCURVE_S1.);
#3564 = CIRCLE('',#3565,62.);
#3565 = AXIS2_PLACEMENT_3D('',#3566,#3567,#3568);
#3566 = CARTESIAN_POINT('',(0.,0.,-1.469576158977E-15));
#3567 = DIRECTION('',(0.,0.,1.));
#3568 = DIRECTION('',(1.,0.,-0.));
#3569 = PCURVE('',#3421,#3570);
#3570 = DEFINITIONAL_REPRESENTATION('',(#3571),#3575);
#3571 = LINE('',#3572,#3573);
#3572 = CARTESIAN_POINT('',(0.,6.28318530718));
#3573 = VECTOR('',#3574,1.);
#3574 = DIRECTION('',(1.,0.));
#3575 = ( GEOMETRIC_REPRESENTATION_CONTEXT(2) 
PARAMETRIC_REPRESENTATION_CONTEXT() REPRESENTATION_CONTEXT('2D SPACE',''
  ) );
#3576 = PCURVE('',#3421,#3577);
#3577 = DEFINITIONAL_REPRESENTATION('',(#3578),#3582);
#3578 = LINE('',#3579,#3580);
#3579 = CARTESIAN_POINT('',(0.,0.));
#3580 = VECTOR('',#3581,1.);
#3581 = DIRECTION('',(1.,0.));
#3582 = ( GEOMETRIC_REPRESENTATION_CONTEXT(2) 
PARAMETRIC_REPRESENTATION_CONTEXT() REPRESENTATION_CONTEXT('2D SPACE',''
  ) );
#3583 = ORIENTED_EDGE('',*,*,#3157,.F.);
#3584 = ORIENTED_EDGE('',*,*,#3560,.T.);
#3585 = ORIENTED_EDGE('',*,*,#3586,.T.);
#3586 = EDGE_CURVE('',#3561,#3561,#3587,.T.);
#3587 = SURFACE_CURVE('',#3588,(#3716,#3847),.PCURVE_S1.);
#3588 = B_SPLINE_CURVE_WITH_KNOTS('',6,(#3589,#3590,#3591,#3592,#3593,
    #3594,#3595,#3596,#3597,#3598,#3599,#3600,#3601,#3602,#3603,#3604,
    #3605,#3606,#3607,#3608,#3609,#3610,#3611,#3612,#3613,#3614,#3615,
    #3616,#3617,#3618,#3619,#3620,#3621,#3622,#3623,#3624,#3625,#3626,
    #3627,#3628,#3629,#3630,#3631,#3632,#3633,#3634,#3635,#3636,#3637,
    #3638,#3639,#3640,#3641,#3642,#3643,#3644,#3645,#3646,#3647,#3648,
    #3649,#3650,#3651,#3652,#3653,#3654,#3655,#3656,#3657,#3658,#3659,
    #3660,#3661,#3662,#3663,#3664,#3665,#3666,#3667,#3668,#3669,#3670,
    #3671,#3672,#3673,#3674,#3675,#3676,#3677,#3678,#3679,#3680,#3681,
    #3682,#3683,#3684,#3685,#3686,#3687,#3688,#3689,#3690,#3691,#3692,
    #3693,#3694,#3695,#3696,#3697,#3698,#3699,#3700,#3701,#3702,#3703,
    #3704,#3705,#3706,#3707,#3708,#3709,#3710,#3711,#3712,#3713,#3714,
    #3715),.UNSPECIFIED.,.T.,.F.,(7,5,5,5,5,5,5,5,5,5,5,5,5,5,5,5,5,5,5,
    5,5,5,5,5,5,7),(0.,9.332890421201E-02,0.138287390476,0.18333553907,
    0.210403871551,0.267608236656,0.30775767061,0.324811488255,
    0.34987206519,0.388908835594,0.426869131108,0.449812222432,
    0.46476474854,0.499635461441,0.550187551654,0.573130636102,
    0.611090916158,0.650127673232,0.675188246399,0.692242064332,
    0.73239150855,0.789595907726,0.816664261213,0.861712446585,
    0.906670966939,1.),.UNSPECIFIED.);
#3589 = CARTESIAN_POINT('',(-7.,-61.60357132504,0.));
#3590 = CARTESIAN_POINT('',(-7.,-61.60357132504,0.58867588097));
#3591 = CARTESIAN_POINT('',(-7.,-61.53381672578,1.177536778432));
#3592 = CARTESIAN_POINT('',(-7.,-61.39423171539,1.755827722759));
#3593 = CARTESIAN_POINT('',(-7.,-61.18714772668,2.31350767086));
#3594 = CARTESIAN_POINT('',(-7.,-60.91642678178,2.841058831021));
#3595 = CARTESIAN_POINT('',(-7.,-60.43011435214,3.565210181983));
#3596 = CARTESIAN_POINT('',(-7.,-60.25864175183,3.791669289343));
#3597 = CARTESIAN_POINT('',(-7.,-60.07445963315,4.008214550112));
#3598 = CARTESIAN_POINT('',(-7.,-59.87830583304,4.213979014699));
#3599 = CARTESIAN_POINT('',(-7.,-59.67099485611,4.408172752175));
#3600 = CARTESIAN_POINT('',(-7.,-59.23540161871,4.772354123892));
#3601 = CARTESIAN_POINT('',(-7.,-59.0070719077,4.942298121437));
#3602 = CARTESIAN_POINT('',(-7.,-58.76931975311,5.099197500857));
#3603 = CARTESIAN_POINT('',(-7.,-58.52309168805,5.242430361257));
#3604 = CARTESIAN_POINT('',(-7.,-58.26938471426,5.371467712867));
#3605 = CARTESIAN_POINT('',(-7.,-57.85293167384,5.554614347731));
#3606 = CARTESIAN_POINT('',(-7.,-57.69429485747,5.618074334621));
#3607 = CARTESIAN_POINT('',(-7.,-57.53355914827,5.67615746224));
#3608 = CARTESIAN_POINT('',(-7.,-57.37095392952,5.728782324785));
#3609 = CARTESIAN_POINT('',(-7.,-57.2067122934,5.775880362452));
#3610 = CARTESIAN_POINT('',(-7.,-56.69101613156,5.905131881497));
#3611 = CARTESIAN_POINT('',(-7.,-56.33469793819,5.967938304005));
#3612 = CARTESIAN_POINT('',(-7.,-55.97436877435,6.005281133706));
#3613 = CARTESIAN_POINT('',(-7.,-55.61229665917,6.016905879475));
#3614 = CARTESIAN_POINT('',(-7.,-55.2507598868,6.002796919679));
#3615 = CARTESIAN_POINT('',(-7.,-54.64028064859,5.935425119161));
#3616 = CARTESIAN_POINT('',(-7.,-54.3898976484,5.895088798333));
#3617 = CARTESIAN_POINT('',(-7.,-54.1416846226,5.842287693589));
#3618 = CARTESIAN_POINT('',(-7.,-53.89641501855,5.777169599086));
#3619 = CARTESIAN_POINT('',(-7.,-53.65484895447,5.699943200028));
#3620 = CARTESIAN_POINT('',(-7.,-53.31701627006,5.573046893212));
#3621 = CARTESIAN_POINT('',(-7.,-53.21710188805,5.53307967589));
#3622 = CARTESIAN_POINT('',(-7.,-53.11804705063,5.490997016175));
#3623 = CARTESIAN_POINT('',(-7.,-53.01990800217,5.446821420848));
#3624 = CARTESIAN_POINT('',(-7.,-52.92274025416,5.400577307988));
#3625 = CARTESIAN_POINT('',(-7.,-52.68531844842,5.281334310564));
#3626 = CARTESIAN_POINT('',(-7.,-52.54625380181,5.20596755837));
#3627 = CARTESIAN_POINT('',(-7.,-52.40957872668,5.126274385889));
#3628 = CARTESIAN_POINT('',(-7.,-52.27546281223,5.042347025451));
#3629 = CARTESIAN_POINT('',(-7.,-52.14407115562,4.95428630623));
#3630 = CARTESIAN_POINT('',(-7.,-51.81538979246,4.718761723584));
#3631 = CARTESIAN_POINT('',(-7.,-51.6222131415,4.565556605054));
#3632 = CARTESIAN_POINT('',(-7.,-51.43664318219,4.403001916843));
#3633 = CARTESIAN_POINT('',(-7.,-51.2592537242,4.231558687058));
#3634 = CARTESIAN_POINT('',(-7.,-51.09058196374,4.051734460318));
#3635 = CARTESIAN_POINT('',(-7.,-50.77606882537,3.681608971451));
#3636 = CARTESIAN_POINT('',(-7.,-50.62972372375,3.491730530019));
#3637 = CARTESIAN_POINT('',(-7.,-50.49255031372,3.294960237193));
#3638 = CARTESIAN_POINT('',(-7.,-50.36496521968,3.091842773517));
#3639 = CARTESIAN_POINT('',(-7.,-50.24734107846,2.882957034588));
#3640 = CARTESIAN_POINT('',(-7.,-50.07513092735,2.539551546117));
#3641 = CARTESIAN_POINT('',(-7.,-50.01401477809,2.408302613177));
#3642 = CARTESIAN_POINT('',(-7.,-49.9567282168,2.275305087168));
#3643 = CARTESIAN_POINT('',(-7.,-49.9033362536,2.140697410426));
#3644 = CARTESIAN_POINT('',(-7.,-49.85389695652,2.004621404333));
#3645 = CARTESIAN_POINT('',(-7.,-49.77885011599,1.777676177884));
#3646 = CARTESIAN_POINT('',(-7.,-49.7509393139,1.687568011263));
#3647 = CARTESIAN_POINT('',(-7.,-49.72474316223,1.596937915581));
#3648 = CARTESIAN_POINT('',(-7.,-49.70027443014,1.505826479919));
#3649 = CARTESIAN_POINT('',(-7.,-49.67754453903,1.414274736321));
#3650 = CARTESIAN_POINT('',(-7.,-49.60763392979,1.107886670615));
#3651 = CARTESIAN_POINT('',(-7.,-49.56821565094,0.891278284002));
#3652 = CARTESIAN_POINT('',(-7.,-49.53843717034,0.673028012898));
#3653 = CARTESIAN_POINT('',(-7.,-49.51838468205,0.453670496021));
#3654 = CARTESIAN_POINT('',(-7.,-49.50810212976,0.233745997857));
#3655 = CARTESIAN_POINT('',(-7.,-49.50685052144,-0.305054823773));
#3656 = CARTESIAN_POINT('',(-7.,-49.5266458524,-0.623967757121));
#3657 = CARTESIAN_POINT('',(-7.,-49.5669836952,-0.941263726062));
#3658 = CARTESIAN_POINT('',(-7.,-49.62767248277,-1.255302925936));
#3659 = CARTESIAN_POINT('',(-7.,-49.70834940024,-1.564478061144));
#3660 = CARTESIAN_POINT('',(-7.,-49.85389576575,-2.004618070506));
#3661 = CARTESIAN_POINT('',(-7.,-49.90333495249,-2.140694025735));
#3662 = CARTESIAN_POINT('',(-7.,-49.95672680162,-2.275301655701));
#3663 = CARTESIAN_POINT('',(-7.,-50.01401324529,-2.408299139234));
#3664 = CARTESIAN_POINT('',(-7.,-50.07512927359,-2.539548034197));
#3665 = CARTESIAN_POINT('',(-7.,-50.24733908377,-2.882953411278));
#3666 = CARTESIAN_POINT('',(-7.,-50.36496299739,-3.091839086037));
#3667 = CARTESIAN_POINT('',(-7.,-50.49254785416,-3.294956500513));
#3668 = CARTESIAN_POINT('',(-7.,-50.62972101844,-3.491726760026));
#3669 = CARTESIAN_POINT('',(-7.,-50.7760658671,-3.681605184823));
#3670 = CARTESIAN_POINT('',(-7.,-51.09057849102,-4.051730687476));
#3671 = CARTESIAN_POINT('',(-7.,-51.25924999085,-4.231554944599));
#3672 = CARTESIAN_POINT('',(-7.,-51.43663918462,-4.402998222698));
#3673 = CARTESIAN_POINT('',(-7.,-51.62220887756,-4.56555297763));
#3674 = CARTESIAN_POINT('',(-7.,-51.81538526146,-4.718758181618));
#3675 = CARTESIAN_POINT('',(-7.,-52.14406621206,-4.954282953279));
#3676 = CARTESIAN_POINT('',(-7.,-52.27545772377,-5.042343763386));
#3677 = CARTESIAN_POINT('',(-7.,-52.40957349507,-5.126271220962));
#3678 = CARTESIAN_POINT('',(-7.,-52.54624842912,-5.205964496805));
#3679 = CARTESIAN_POINT('',(-7.,-52.68531293701,-5.281331358535));
#3680 = CARTESIAN_POINT('',(-7.,-52.92273453022,-5.400574558375));
#3681 = CARTESIAN_POINT('',(-7.,-53.0199022033,-5.446818760152));
#3682 = CARTESIAN_POINT('',(-7.,-53.11804117849,-5.490994446508));
#3683 = CARTESIAN_POINT('',(-7.,-53.21709594436,-5.533077199328));
#3684 = CARTESIAN_POINT('',(-7.,-53.3170102566,-5.573044511793));
#3685 = CARTESIAN_POINT('',(-7.,-53.65484276985,-5.699941165714));
#3686 = CARTESIAN_POINT('',(-7.,-53.89640874307,-5.777167820145));
#3687 = CARTESIAN_POINT('',(-7.,-54.14167826898,-5.842286174696));
#3688 = CARTESIAN_POINT('',(-7.,-54.38989122964,-5.895087543407));
#3689 = CARTESIAN_POINT('',(-7.,-54.64027417791,-5.935424131345));
#3690 = CARTESIAN_POINT('',(-7.,-55.25075344464,-6.002796598711));
#3691 = CARTESIAN_POINT('',(-7.,-55.61229031316,-6.01690594336));
#3692 = CARTESIAN_POINT('',(-7.,-55.97436255175,-6.005281567335));
#3693 = CARTESIAN_POINT('',(-7.,-56.3346918642,-5.967939090034));
#3694 = CARTESIAN_POINT('',(-7.,-56.69101022909,-5.905133000616));
#3695 = CARTESIAN_POINT('',(-7.,-57.20670670355,-5.775881933924));
#3696 = CARTESIAN_POINT('',(-7.,-57.37094846444,-5.728784029764));
#3697 = CARTESIAN_POINT('',(-7.,-57.53355381163,-5.676159293881));
#3698 = CARTESIAN_POINT('',(-7.,-57.69428965255,-5.618076285961));
#3699 = CARTESIAN_POINT('',(-7.,-57.85292660352,-5.554616411718));
#3700 = CARTESIAN_POINT('',(-7.,-58.26938001966,-5.371470053404));
#3701 = CARTESIAN_POINT('',(-7.,-58.52308723842,-5.242432851925));
#3702 = CARTESIAN_POINT('',(-7.,-58.76931555281,-5.099200120537));
#3703 = CARTESIAN_POINT('',(-7.,-59.00706795908,-4.942300848999));
#3704 = CARTESIAN_POINT('',(-7.,-59.23539792218,-4.772356938418));
#3705 = CARTESIAN_POINT('',(-7.,-59.67099164758,-4.408175710128));
#3706 = CARTESIAN_POINT('',(-7.,-59.87830286163,-4.213982030616));
#3707 = CARTESIAN_POINT('',(-7.,-60.0744568968,-4.008217605345));
#3708 = CARTESIAN_POINT('',(-7.,-60.2586392468,-3.791672365756));
#3709 = CARTESIAN_POINT('',(-7.,-60.43011207308,-3.565213262141));
#3710 = CARTESIAN_POINT('',(-7.,-60.91642538098,-2.84106156769));
#3711 = CARTESIAN_POINT('',(-7.,-61.187146837,-2.313510033912));
#3712 = CARTESIAN_POINT('',(-7.,-61.3942312801,-1.755829546235));
#3713 = CARTESIAN_POINT('',(-7.,-61.53381658272,-1.177538023819));
#3714 = CARTESIAN_POINT('',(-7.,-61.60357132504,-0.588676469652));
#3715 = CARTESIAN_POINT('',(-7.,-61.60357132504,0.));
#3716 = PCURVE('',#3421,#3717);
#3717 = DEFINITIONAL_REPRESENTATION('',(#3718),#3846);
#3718 = B_SPLINE_CURVE_WITH_KNOTS('',6,(#3719,#3720,#3721,#3722,#3723,
    #3724,#3725,#3726,#3727,#3728,#3729,#3730,#3731,#3732,#3733,#3734,
    #3735,#3736,#3737,#3738,#3739,#3740,#3741,#3742,#3743,#3744,#3745,
    #3746,#3747,#3748,#3749,#3750,#3751,#3752,#3753,#3754,#3755,#3756,
    #3757,#3758,#3759,#3760,#3761,#3762,#3763,#3764,#3765,#3766,#3767,
    #3768,#3769,#3770,#3771,#3772,#3773,#3774,#3775,#3776,#3777,#3778,
    #3779,#3780,#3781,#3782,#3783,#3784,#3785,#3786,#3787,#3788,#3789,
    #3790,#3791,#3792,#3793,#3794,#3795,#3796,#3797,#3798,#3799,#3800,
    #3801,#3802,#3803,#3804,#3805,#3806,#3807,#3808,#3809,#3810,#3811,
    #3812,#3813,#3814,#3815,#3816,#3817,#3818,#3819,#3820,#3821,#3822,
    #3823,#3824,#3825,#3826,#3827,#3828,#3829,#3830,#3831,#3832,#3833,
    #3834,#3835,#3836,#3837,#3838,#3839,#3840,#3841,#3842,#3843,#3844,
    #3845),.UNSPECIFIED.,.F.,.F.,(7,5,5,5,5,5,5,5,5,5,5,5,5,5,5,5,5,5,5,
    5,5,5,5,5,5,7),(0.,9.332890421201E-02,0.138287390476,0.18333553907,
    0.210403871551,0.267608236656,0.30775767061,0.324811488255,
    0.34987206519,0.388908835594,0.426869131108,0.449812222432,
    0.46476474854,0.499635461441,0.550187551654,0.573130636102,
    0.611090916158,0.650127673232,0.675188246399,0.692242064332,
    0.73239150855,0.789595907726,0.816664261213,0.861712446585,
    0.906670966939,1.),.UNSPECIFIED.);
#3719 = CARTESIAN_POINT('',(4.59924450262,0.));
#3720 = CARTESIAN_POINT('',(4.59924450262,9.81126468284E-02));
#3721 = CARTESIAN_POINT('',(4.599117478558,0.196255518984));
#3722 = CARTESIAN_POINT('',(4.598863289978,0.294340342024));
#3723 = CARTESIAN_POINT('',(4.598484056393,0.392383971438));
#3724 = CARTESIAN_POINT('',(4.597982550611,0.490403253638));
#3725 = CARTESIAN_POINT('',(4.597067429916,0.635487493186));
#3726 = CARTESIAN_POINT('',(4.596742921643,0.682639862628));
#3727 = CARTESIAN_POINT('',(4.596392054921,0.729773614497));
#3728 = CARTESIAN_POINT('',(4.5960155628,0.776888743));
#3729 = CARTESIAN_POINT('',(4.595614307573,0.823985614586));
#3730 = CARTESIAN_POINT('',(4.594763470349,0.918233397848));
#3731 = CARTESIAN_POINT('',(4.594313781051,0.965385634384));
#3732 = CARTESIAN_POINT('',(4.593841275115,1.012517815922));
#3733 = CARTESIAN_POINT('',(4.593347103925,1.059631139581));
#3734 = CARTESIAN_POINT('',(4.592832577327,1.106727215684));
#3735 = CARTESIAN_POINT('',(4.591978708118,1.182094215858));
#3736 = CARTESIAN_POINT('',(4.591651406848,1.210376565071));
#3737 = CARTESIAN_POINT('',(4.591317619787,1.238653149221));
#3738 = CARTESIAN_POINT('',(4.590977692964,1.266924291559));
#3739 = CARTESIAN_POINT('',(4.590631995795,1.295190364568));
#3740 = CARTESIAN_POINT('',(4.589538983757,1.383177556143));
#3741 = CARTESIAN_POINT('',(4.588773005906,1.442884494155));
#3742 = CARTESIAN_POINT('',(4.587986747831,1.502572587276));
#3743 = CARTESIAN_POINT('',(4.587184375962,1.562249215998));
#3744 = CARTESIAN_POINT('',(4.586370563186,1.621922175253));
#3745 = CARTESIAN_POINT('',(4.584975016567,1.723474049537));
#3746 = CARTESIAN_POINT('',(4.584396410696,1.765354950674));
#3747 = CARTESIAN_POINT('',(4.583816533636,1.807238054594));
#3748 = CARTESIAN_POINT('',(4.583237288346,1.849125387767));
#3749 = CARTESIAN_POINT('',(4.582660679912,1.891018949947));
#3750 = CARTESIAN_POINT('',(4.581845911234,1.950718849192));
#3751 = CARTESIAN_POINT('',(4.581603861869,1.968518479762));
#3752 = CARTESIAN_POINT('',(4.581362828301,1.986319756006));
#3753 = CARTESIAN_POINT('',(4.581122973672,2.004122822621));
#3754 = CARTESIAN_POINT('',(4.580884463419,2.021927818883));
#3755 = CARTESIAN_POINT('',(4.5802991966,2.065902344509));
#3756 = CARTESIAN_POINT('',(4.579954192069,2.092074279928));
#3757 = CARTESIAN_POINT('',(4.579612985426,2.11825110592));
#3758 = CARTESIAN_POINT('',(4.579276115498,2.144433204022));
#3759 = CARTESIAN_POINT('',(4.57894412619,2.17062091628));
#3760 = CARTESIAN_POINT('',(4.578108885601,2.237616266743));
#3761 = CARTESIAN_POINT('',(4.577613373251,2.278432695977));
#3762 = CARTESIAN_POINT('',(4.577133102649,2.319264259219));
#3763 = CARTESIAN_POINT('',(4.576670143637,2.360112148475));
#3764 = CARTESIAN_POINT('',(4.576226526437,2.400977212597));
#3765 = CARTESIAN_POINT('',(4.57539353026,2.481613135462));
#3766 = CARTESIAN_POINT('',(4.575002986417,2.52138371412));
#3767 = CARTESIAN_POINT('',(4.574634370205,2.561169919151));
#3768 = CARTESIAN_POINT('',(4.574289387528,2.600971802899));
#3769 = CARTESIAN_POINT('',(4.573969615375,2.640789063343));
#3770 = CARTESIAN_POINT('',(4.573499283101,2.704693656664));
#3771 = CARTESIAN_POINT('',(4.573331825386,2.728772450899));
#3772 = CARTESIAN_POINT('',(4.573174402345,2.752856113351));
#3773 = CARTESIAN_POINT('',(4.573027299069,2.776944361264));
#3774 = CARTESIAN_POINT('',(4.572890773592,2.801036870632));
#3775 = CARTESIAN_POINT('',(4.572683124495,2.840837443011));
#3776 = CARTESIAN_POINT('',(4.572605782673,2.856543270086));
#3777 = CARTESIAN_POINT('',(4.572533095006,2.872250656609));
#3778 = CARTESIAN_POINT('',(4.572465119289,2.88795949589));
#3779 = CARTESIAN_POINT('',(4.572401907526,2.903669675369));
#3780 = CARTESIAN_POINT('',(4.57220730785,2.956021558499));
#3781 = CARTESIAN_POINT('',(4.572097267707,2.992668805634));
#3782 = CARTESIAN_POINT('',(4.572013976968,3.029321229266));
#3783 = CARTESIAN_POINT('',(4.571957833413,3.065977168097));
#3784 = CARTESIAN_POINT('',(4.571929041139,3.102634888287));
#3785 = CARTESIAN_POINT('',(4.571925536638,3.192435262762));
#3786 = CARTESIAN_POINT('',(4.571980963426,3.245579754727));
#3787 = CARTESIAN_POINT('',(4.572093916911,3.298717159727));
#3788 = CARTESIAN_POINT('',(4.572263516782,3.351844265167));
#3789 = CARTESIAN_POINT('',(4.572488054181,3.404958204381));
#3790 = CARTESIAN_POINT('',(4.572890770302,3.482147847339));
#3791 = CARTESIAN_POINT('',(4.573027295481,3.506240342582));
#3792 = CARTESIAN_POINT('',(4.57317439845,3.53032857638));
#3793 = CARTESIAN_POINT('',(4.573331821178,3.554412224727));
#3794 = CARTESIAN_POINT('',(4.573499278572,3.578491004868));
#3795 = CARTESIAN_POINT('',(4.573969609947,3.642395556521));
#3796 = CARTESIAN_POINT('',(4.574289381507,3.682212789411));
#3797 = CARTESIAN_POINT('',(4.574634363573,3.722014645637));
#3798 = CARTESIAN_POINT('',(4.575002979162,3.761800823174));
#3799 = CARTESIAN_POINT('',(4.575393522374,3.801571374362));
#3800 = CARTESIAN_POINT('',(4.576226517291,3.882207244241));
#3801 = CARTESIAN_POINT('',(4.576670133867,3.923072282845));
#3802 = CARTESIAN_POINT('',(4.577133092257,3.963920146599));
#3803 = CARTESIAN_POINT('',(4.577613362245,4.004751684351));
#3804 = CARTESIAN_POINT('',(4.578108873995,4.045568088099));
#3805 = CARTESIAN_POINT('',(4.578944113687,4.112563401724));
#3806 = CARTESIAN_POINT('',(4.579276102691,4.138751102627));
#3807 = CARTESIAN_POINT('',(4.579612972325,4.164933189369));
#3808 = CARTESIAN_POINT('',(4.579954178683,4.191110003998));
#3809 = CARTESIAN_POINT('',(4.580299182941,4.217281928046));
#3810 = CARTESIAN_POINT('',(4.580884449359,4.261256437529));
#3811 = CARTESIAN_POINT('',(4.581122959479,4.27906142902));
#3812 = CARTESIAN_POINT('',(4.58136281398,4.296864490861));
#3813 = CARTESIAN_POINT('',(4.581603847427,4.314665762326));
#3814 = CARTESIAN_POINT('',(4.581845896676,4.332465388112));
#3815 = CARTESIAN_POINT('',(4.582660665124,4.392165281299));
#3816 = CARTESIAN_POINT('',(4.583237273473,4.434058842178));
#3817 = CARTESIAN_POINT('',(4.583816518711,4.475946174015));
#3818 = CARTESIAN_POINT('',(4.584396395754,4.517829276564));
#3819 = CARTESIAN_POINT('',(4.584975001641,4.559710176294));
#3820 = CARTESIAN_POINT('',(4.58637054865,4.661262067362));
#3821 = CARTESIAN_POINT('',(4.58718436183,4.720935044774));
#3822 = CARTESIAN_POINT('',(4.587986734152,4.780611691586));
#3823 = CARTESIAN_POINT('',(4.588772992722,4.840299802743));
#3824 = CARTESIAN_POINT('',(4.589538971101,4.90000675875));
#3825 = CARTESIAN_POINT('',(4.590631984016,4.987993981886));
#3826 = CARTESIAN_POINT('',(4.590977681515,5.016260068488));
#3827 = CARTESIAN_POINT('',(4.59131760867,5.044531224416));
#3828 = CARTESIAN_POINT('',(4.591651396064,5.072807822153));
#3829 = CARTESIAN_POINT('',(4.591978697668,5.101090184951));
#3830 = CARTESIAN_POINT('',(4.592832567791,5.176457223221));
#3831 = CARTESIAN_POINT('',(4.593347094967,5.223553323837));
#3832 = CARTESIAN_POINT('',(4.593841266729,5.270666672015));
#3833 = CARTESIAN_POINT('',(4.594313773229,5.317798878085));
#3834 = CARTESIAN_POINT('',(4.59476346308,5.364951139172));
#3835 = CARTESIAN_POINT('',(4.595614301355,5.459198968789));
#3836 = CARTESIAN_POINT('',(4.596015557082,5.50629586218));
#3837 = CARTESIAN_POINT('',(4.59639204969,5.553411012507));
#3838 = CARTESIAN_POINT('',(4.596742916883,5.600544786226));
#3839 = CARTESIAN_POINT('',(4.597067425608,5.647697177544));
#3840 = CARTESIAN_POINT('',(4.597982548017,5.792781545391));
#3841 = CARTESIAN_POINT('',(4.598484054763,5.890800919246));
#3842 = CARTESIAN_POINT('',(4.598863289187,5.98884465659));
#3843 = CARTESIAN_POINT('',(4.599117478297,6.086929580478));
#3844 = CARTESIAN_POINT('',(4.59924450262,6.185072562238));
#3845 = CARTESIAN_POINT('',(4.59924450262,6.28318530718));
#3846 = ( GEOMETRIC_REPRESENTATION_CONTEXT(2) 
PARAMETRIC_REPRESENTATION_CONTEXT() REPRESENTATION_CONTEXT('2D SPACE',''
  ) );
#3847 = PCURVE('',#3848,#3853);
#3848 = PLANE('',#3849);
#3849 = AXIS2_PLACEMENT_3D('',#3850,#3851,#3852);
#3850 = CARTESIAN_POINT('',(-7.,-86.,-12.5));
#3851 = DIRECTION('',(1.,0.,-0.));
#3852 = DIRECTION('',(0.,0.,1.));
#3853 = DEFINITIONAL_REPRESENTATION('',(#3854),#3982);
#3854 = B_SPLINE_CURVE_WITH_KNOTS('',6,(#3855,#3856,#3857,#3858,#3859,
    #3860,#3861,#3862,#3863,#3864,#3865,#3866,#3867,#3868,#3869,#3870,
    #3871,#3872,#3873,#3874,#3875,#3876,#3877,#3878,#3879,#3880,#3881,
    #3882,#3883,#3884,#3885,#3886,#3887,#3888,#3889,#3890,#3891,#3892,
    #3893,#3894,#3895,#3896,#3897,#3898,#3899,#3900,#3901,#3902,#3903,
    #3904,#3905,#3906,#3907,#3908,#3909,#3910,#3911,#3912,#3913,#3914,
    #3915,#3916,#3917,#3918,#3919,#3920,#3921,#3922,#3923,#3924,#3925,
    #3926,#3927,#3928,#3929,#3930,#3931,#3932,#3933,#3934,#3935,#3936,
    #3937,#3938,#3939,#3940,#3941,#3942,#3943,#3944,#3945,#3946,#3947,
    #3948,#3949,#3950,#3951,#3952,#3953,#3954,#3955,#3956,#3957,#3958,
    #3959,#3960,#3961,#3962,#3963,#3964,#3965,#3966,#3967,#3968,#3969,
    #3970,#3971,#3972,#3973,#3974,#3975,#3976,#3977,#3978,#3979,#3980,
    #3981),.UNSPECIFIED.,.T.,.F.,(7,5,5,5,5,5,5,5,5,5,5,5,5,5,5,5,5,5,5,
    5,5,5,5,5,5,7),(0.,9.332890421201E-02,0.138287390476,0.18333553907,
    0.210403871551,0.267608236656,0.30775767061,0.324811488255,
    0.34987206519,0.388908835594,0.426869131108,0.449812222432,
    0.46476474854,0.499635461441,0.550187551654,0.573130636102,
    0.611090916158,0.650127673232,0.675188246399,0.692242064332,
    0.73239150855,0.789595907726,0.816664261213,0.861712446585,
    0.906670966939,1.),.UNSPECIFIED.);
#3855 = CARTESIAN_POINT('',(12.5,-24.39642867495));
#3856 = CARTESIAN_POINT('',(13.08867588097,-24.39642867495));
#3857 = CARTESIAN_POINT('',(13.677536778432,-24.46618327422));
#3858 = CARTESIAN_POINT('',(14.255827722759,-24.6057682846));
#3859 = CARTESIAN_POINT('',(14.81350767086,-24.81285227331));
#3860 = CARTESIAN_POINT('',(15.341058831021,-25.08357321822));
#3861 = CARTESIAN_POINT('',(16.065210181983,-25.56988564785));
#3862 = CARTESIAN_POINT('',(16.291669289343,-25.74135824816));
#3863 = CARTESIAN_POINT('',(16.508214550112,-25.92554036684));
#3864 = CARTESIAN_POINT('',(16.713979014699,-26.12169416695));
#3865 = CARTESIAN_POINT('',(16.908172752175,-26.32900514388));
#3866 = CARTESIAN_POINT('',(17.272354123892,-26.76459838128));
#3867 = CARTESIAN_POINT('',(17.442298121437,-26.99292809229));
#3868 = CARTESIAN_POINT('',(17.599197500857,-27.23068024688));
#3869 = CARTESIAN_POINT('',(17.742430361257,-27.47690831195));
#3870 = CARTESIAN_POINT('',(17.871467712867,-27.73061528573));
#3871 = CARTESIAN_POINT('',(18.054614347731,-28.14706832616));
#3872 = CARTESIAN_POINT('',(18.118074334621,-28.30570514252));
#3873 = CARTESIAN_POINT('',(18.17615746224,-28.46644085172));
#3874 = CARTESIAN_POINT('',(18.228782324785,-28.62904607047));
#3875 = CARTESIAN_POINT('',(18.275880362452,-28.79328770659));
#3876 = CARTESIAN_POINT('',(18.405131881497,-29.30898386843));
#3877 = CARTESIAN_POINT('',(18.467938304005,-29.6653020618));
#3878 = CARTESIAN_POINT('',(18.505281133706,-30.02563122564));
#3879 = CARTESIAN_POINT('',(18.516905879475,-30.38770334082));
#3880 = CARTESIAN_POINT('',(18.502796919679,-30.74924011319));
#3881 = CARTESIAN_POINT('',(18.435425119161,-31.3597193514));
#3882 = CARTESIAN_POINT('',(18.395088798333,-31.61010235159));
#3883 = CARTESIAN_POINT('',(18.342287693589,-31.85831537739));
#3884 = CARTESIAN_POINT('',(18.277169599086,-32.10358498144));
#3885 = CARTESIAN_POINT('',(18.199943200028,-32.34515104552));
#3886 = CARTESIAN_POINT('',(18.073046893212,-32.68298372993));
#3887 = CARTESIAN_POINT('',(18.03307967589,-32.78289811194));
#3888 = CARTESIAN_POINT('',(17.990997016175,-32.88195294936));
#3889 = CARTESIAN_POINT('',(17.946821420848,-32.98009199782));
#3890 = CARTESIAN_POINT('',(17.900577307988,-33.07725974583));
#3891 = CARTESIAN_POINT('',(17.781334310564,-33.31468155158));
#3892 = CARTESIAN_POINT('',(17.70596755837,-33.45374619818));
#3893 = CARTESIAN_POINT('',(17.626274385889,-33.59042127331));
#3894 = CARTESIAN_POINT('',(17.542347025451,-33.72453718776));
#3895 = CARTESIAN_POINT('',(17.45428630623,-33.85592884437));
#3896 = CARTESIAN_POINT('',(17.218761723584,-34.18461020753));
#3897 = CARTESIAN_POINT('',(17.065556605054,-34.37778685849));
#3898 = CARTESIAN_POINT('',(16.903001916843,-34.5633568178));
#3899 = CARTESIAN_POINT('',(16.731558687058,-34.74074627579));
#3900 = CARTESIAN_POINT('',(16.551734460318,-34.90941803625));
#3901 = CARTESIAN_POINT('',(16.181608971451,-35.22393117462));
#3902 = CARTESIAN_POINT('',(15.991730530019,-35.37027627624));
#3903 = CARTESIAN_POINT('',(15.794960237193,-35.50744968627));
#3904 = CARTESIAN_POINT('',(15.591842773517,-35.63503478032));
#3905 = CARTESIAN_POINT('',(15.382957034588,-35.75265892153));
#3906 = CARTESIAN_POINT('',(15.039551546117,-35.92486907264));
#3907 = CARTESIAN_POINT('',(14.908302613177,-35.9859852219));
#3908 = CARTESIAN_POINT('',(14.775305087168,-36.04327178319));
#3909 = CARTESIAN_POINT('',(14.640697410426,-36.09666374639));
#3910 = CARTESIAN_POINT('',(14.504621404333,-36.14610304347));
#3911 = CARTESIAN_POINT('',(14.277676177884,-36.221149884));
#3912 = CARTESIAN_POINT('',(14.187568011263,-36.24906068609));
#3913 = CARTESIAN_POINT('',(14.096937915581,-36.27525683776));
#3914 = CARTESIAN_POINT('',(14.005826479919,-36.29972556985));
#3915 = CARTESIAN_POINT('',(13.914274736321,-36.32245546096));
#3916 = CARTESIAN_POINT('',(13.607886670615,-36.3923660702));
#3917 = CARTESIAN_POINT('',(13.391278284002,-36.43178434906));
#3918 = CARTESIAN_POINT('',(13.173028012898,-36.46156282965));
#3919 = CARTESIAN_POINT('',(12.953670496021,-36.48161531794));
#3920 = CARTESIAN_POINT('',(12.733745997857,-36.49189787023));
#3921 = CARTESIAN_POINT('',(12.194945176227,-36.49314947855));
#3922 = CARTESIAN_POINT('',(11.876032242879,-36.47335414759));
#3923 = CARTESIAN_POINT('',(11.558736273938,-36.43301630479));
#3924 = CARTESIAN_POINT('',(11.244697074064,-36.37232751722));
#3925 = CARTESIAN_POINT('',(10.935521938856,-36.29165059975));
#3926 = CARTESIAN_POINT('',(10.495381929494,-36.14610423424));
#3927 = CARTESIAN_POINT('',(10.359305974265,-36.0966650475));
#3928 = CARTESIAN_POINT('',(10.224698344299,-36.04327319837));
#3929 = CARTESIAN_POINT('',(10.091700860766,-35.9859867547));
#3930 = CARTESIAN_POINT('',(9.960451965803,-35.9248707264));
#3931 = CARTESIAN_POINT('',(9.617046588722,-35.75266091622));
#3932 = CARTESIAN_POINT('',(9.408160913963,-35.6350370026));
#3933 = CARTESIAN_POINT('',(9.205043499487,-35.50745214583));
#3934 = CARTESIAN_POINT('',(9.008273239974,-35.37027898155));
#3935 = CARTESIAN_POINT('',(8.818394815177,-35.22393413289));
#3936 = CARTESIAN_POINT('',(8.448269312524,-34.90942150897));
#3937 = CARTESIAN_POINT('',(8.268445055401,-34.74075000914));
#3938 = CARTESIAN_POINT('',(8.097001777302,-34.56336081537));
#3939 = CARTESIAN_POINT('',(7.93444702237,-34.37779112244));
#3940 = CARTESIAN_POINT('',(7.781241818382,-34.18461473853));
#3941 = CARTESIAN_POINT('',(7.545717046721,-33.85593378793));
#3942 = CARTESIAN_POINT('',(7.457656236614,-33.72454227622));
#3943 = CARTESIAN_POINT('',(7.373728779038,-33.59042650492));
#3944 = CARTESIAN_POINT('',(7.294035503195,-33.45375157087));
#3945 = CARTESIAN_POINT('',(7.218668641465,-33.31468706298));
#3946 = CARTESIAN_POINT('',(7.099425441625,-33.07726546977));
#3947 = CARTESIAN_POINT('',(7.053181239848,-32.98009779669));
#3948 = CARTESIAN_POINT('',(7.009005553492,-32.8819588215));
#3949 = CARTESIAN_POINT('',(6.966922800672,-32.78290405563));
#3950 = CARTESIAN_POINT('',(6.926955488207,-32.68298974339));
#3951 = CARTESIAN_POINT('',(6.800058834286,-32.34515723014));
#3952 = CARTESIAN_POINT('',(6.722832179855,-32.10359125692));
#3953 = CARTESIAN_POINT('',(6.657713825304,-31.85832173101));
#3954 = CARTESIAN_POINT('',(6.604912456593,-31.61010877035));
#3955 = CARTESIAN_POINT('',(6.564575868655,-31.35972582208));
#3956 = CARTESIAN_POINT('',(6.497203401289,-30.74924655535));
#3957 = CARTESIAN_POINT('',(6.48309405664,-30.38770968683));
#3958 = CARTESIAN_POINT('',(6.494718432665,-30.02563744824));
#3959 = CARTESIAN_POINT('',(6.532060909966,-29.66530813579));
#3960 = CARTESIAN_POINT('',(6.594866999384,-29.3089897709));
#3961 = CARTESIAN_POINT('',(6.724118066076,-28.79329329644));
#3962 = CARTESIAN_POINT('',(6.771215970236,-28.62905153555));
#3963 = CARTESIAN_POINT('',(6.823840706119,-28.46644618836));
#3964 = CARTESIAN_POINT('',(6.881923714039,-28.30571034744));
#3965 = CARTESIAN_POINT('',(6.945383588282,-28.14707339647));
#3966 = CARTESIAN_POINT('',(7.128529946596,-27.73061998033));
#3967 = CARTESIAN_POINT('',(7.257567148075,-27.47691276157));
#3968 = CARTESIAN_POINT('',(7.400799879463,-27.23068444718));
#3969 = CARTESIAN_POINT('',(7.557699151001,-26.99293204091));
#3970 = CARTESIAN_POINT('',(7.727643061582,-26.76460207781));
#3971 = CARTESIAN_POINT('',(8.091824289872,-26.32900835241));
#3972 = CARTESIAN_POINT('',(8.286017969384,-26.12169713836));
#3973 = CARTESIAN_POINT('',(8.491782394655,-25.92554310319));
#3974 = CARTESIAN_POINT('',(8.708327634244,-25.74136075319));
#3975 = CARTESIAN_POINT('',(8.934786737859,-25.56988792691));
#3976 = CARTESIAN_POINT('',(9.65893843231,-25.08357461901));
#3977 = CARTESIAN_POINT('',(10.186489966088,-24.81285316299));
#3978 = CARTESIAN_POINT('',(10.744170453765,-24.60576871989));
#3979 = CARTESIAN_POINT('',(11.322461976181,-24.46618341728));
#3980 = CARTESIAN_POINT('',(11.911323530348,-24.39642867495));
#3981 = CARTESIAN_POINT('',(12.5,-24.39642867495));
#3982 = ( GEOMETRIC_REPRESENTATION_CONTEXT(2) 
PARAMETRIC_REPRESENTATION_CONTEXT() REPRESENTATION_CONTEXT('2D SPACE',''
  ) );
#3983 = ADVANCED_FACE('',(#3984,#4098,#4101),#3848,.F.);
#3984 = FACE_BOUND('',#3985,.F.);
#3985 = EDGE_LOOP('',(#3986,#4016,#4044,#4072));
#3986 = ORIENTED_EDGE('',*,*,#3987,.F.);
#3987 = EDGE_CURVE('',#3988,#3990,#3992,.T.);
#3988 = VERTEX_POINT('',#3989);
#3989 = CARTESIAN_POINT('',(-7.,-86.,-12.5));
#3990 = VERTEX_POINT('',#3991);
#3991 = CARTESIAN_POINT('',(-7.,-86.,12.5));
#3992 = SURFACE_CURVE('',#3993,(#3997,#4004),.PCURVE_S1.);
#3993 = LINE('',#3994,#3995);
#3994 = CARTESIAN_POINT('',(-7.,-86.,-12.5));
#3995 = VECTOR('',#3996,1.);
#3996 = DIRECTION('',(0.,0.,1.));
#3997 = PCURVE('',#3848,#3998);
#3998 = DEFINITIONAL_REPRESENTATION('',(#3999),#4003);
#3999 = LINE('',#4000,#4001);
#4000 = CARTESIAN_POINT('',(0.,0.));
#4001 = VECTOR('',#4002,1.);
#4002 = DIRECTION('',(1.,0.));
#4003 = ( GEOMETRIC_REPRESENTATION_CONTEXT(2) 
PARAMETRIC_REPRESENTATION_CONTEXT() REPRESENTATION_CONTEXT('2D SPACE',''
  ) );
#4004 = PCURVE('',#4005,#4010);
#4005 = PLANE('',#4006);
#4006 = AXIS2_PLACEMENT_3D('',#4007,#4008,#4009);
#4007 = CARTESIAN_POINT('',(-7.,-86.,-12.5));
#4008 = DIRECTION('',(-0.,1.,0.));
#4009 = DIRECTION('',(0.,0.,1.));
#4010 = DEFINITIONAL_REPRESENTATION('',(#4011),#4015);
#4011 = LINE('',#4012,#4013);
#4012 = CARTESIAN_POINT('',(0.,0.));
#4013 = VECTOR('',#4014,1.);
#4014 = DIRECTION('',(1.,0.));
#4015 = ( GEOMETRIC_REPRESENTATION_CONTEXT(2) 
PARAMETRIC_REPRESENTATION_CONTEXT() REPRESENTATION_CONTEXT('2D SPACE',''
  ) );
#4016 = ORIENTED_EDGE('',*,*,#4017,.T.);
#4017 = EDGE_CURVE('',#3988,#4018,#4020,.T.);
#4018 = VERTEX_POINT('',#4019);
#4019 = CARTESIAN_POINT('',(-7.,-44.,-12.5));
#4020 = SURFACE_CURVE('',#4021,(#4025,#4032),.PCURVE_S1.);
#4021 = LINE('',#4022,#4023);
#4022 = CARTESIAN_POINT('',(-7.,-86.,-12.5));
#4023 = VECTOR('',#4024,1.);
#4024 = DIRECTION('',(-0.,1.,0.));
#4025 = PCURVE('',#3848,#4026);
#4026 = DEFINITIONAL_REPRESENTATION('',(#4027),#4031);
#4027 = LINE('',#4028,#4029);
#4028 = CARTESIAN_POINT('',(0.,0.));
#4029 = VECTOR('',#4030,1.);
#4030 = DIRECTION('',(0.,-1.));
#4031 = ( GEOMETRIC_REPRESENTATION_CONTEXT(2) 
PARAMETRIC_REPRESENTATION_CONTEXT() REPRESENTATION_CONTEXT('2D SPACE',''
  ) );
#4032 = PCURVE('',#4033,#4038);
#4033 = PLANE('',#4034);
#4034 = AXIS2_PLACEMENT_3D('',#4035,#4036,#4037);
#4035 = CARTESIAN_POINT('',(-7.,-86.,-12.5));
#4036 = DIRECTION('',(0.,0.,1.));
#4037 = DIRECTION('',(1.,0.,-0.));
#4038 = DEFINITIONAL_REPRESENTATION('',(#4039),#4043);
#4039 = LINE('',#4040,#4041);
#4040 = CARTESIAN_POINT('',(0.,0.));
#4041 = VECTOR('',#4042,1.);
#4042 = DIRECTION('',(0.,1.));
#4043 = ( GEOMETRIC_REPRESENTATION_CONTEXT(2) 
PARAMETRIC_REPRESENTATION_CONTEXT() REPRESENTATION_CONTEXT('2D SPACE',''
  ) );
#4044 = ORIENTED_EDGE('',*,*,#4045,.T.);
#4045 = EDGE_CURVE('',#4018,#4046,#4048,.T.);
#4046 = VERTEX_POINT('',#4047);
#4047 = CARTESIAN_POINT('',(-7.,-44.,12.5));
#4048 = SURFACE_CURVE('',#4049,(#4053,#4060),.PCURVE_S1.);
#4049 = LINE('',#4050,#4051);
#4050 = CARTESIAN_POINT('',(-7.,-44.,-12.5));
#4051 = VECTOR('',#4052,1.);
#4052 = DIRECTION('',(0.,0.,1.));
#4053 = PCURVE('',#3848,#4054);
#4054 = DEFINITIONAL_REPRESENTATION('',(#4055),#4059);
#4055 = LINE('',#4056,#4057);
#4056 = CARTESIAN_POINT('',(0.,-42.));
#4057 = VECTOR('',#4058,1.);
#4058 = DIRECTION('',(1.,0.));
#4059 = ( GEOMETRIC_REPRESENTATION_CONTEXT(2) 
PARAMETRIC_REPRESENTATION_CONTEXT() REPRESENTATION_CONTEXT('2D SPACE',''
  ) );
#4060 = PCURVE('',#4061,#4066);
#4061 = PLANE('',#4062);
#4062 = AXIS2_PLACEMENT_3D('',#4063,#4064,#4065);
#4063 = CARTESIAN_POINT('',(-7.,-44.,-12.5));
#4064 = DIRECTION('',(-0.,1.,0.));
#4065 = DIRECTION('',(0.,0.,1.));
#4066 = DEFINITIONAL_REPRESENTATION('',(#4067),#4071);
#4067 = LINE('',#4068,#4069);
#4068 = CARTESIAN_POINT('',(0.,0.));
#4069 = VECTOR('',#4070,1.);
#4070 = DIRECTION('',(1.,0.));
#4071 = ( GEOMETRIC_REPRESENTATION_CONTEXT(2) 
PARAMETRIC_REPRESENTATION_CONTEXT() REPRESENTATION_CONTEXT('2D SPACE',''
  ) );
#4072 = ORIENTED_EDGE('',*,*,#4073,.F.);
#4073 = EDGE_CURVE('',#3990,#4046,#4074,.T.);
#4074 = SURFACE_CURVE('',#4075,(#4079,#4086),.PCURVE_S1.);
#4075 = LINE('',#4076,#4077);
#4076 = CARTESIAN_POINT('',(-7.,-86.,12.5));
#4077 = VECTOR('',#4078,1.);
#4078 = DIRECTION('',(-0.,1.,0.));
#4079 = PCURVE('',#3848,#4080);
#4080 = DEFINITIONAL_REPRESENTATION('',(#4081),#4085);
#4081 = LINE('',#4082,#4083);
#4082 = CARTESIAN_POINT('',(25.,0.));
#4083 = VECTOR('',#4084,1.);
#4084 = DIRECTION('',(0.,-1.));
#4085 = ( GEOMETRIC_REPRESENTATION_CONTEXT(2) 
PARAMETRIC_REPRESENTATION_CONTEXT() REPRESENTATION_CONTEXT('2D SPACE',''
  ) );
#4086 = PCURVE('',#4087,#4092);
#4087 = PLANE('',#4088);
#4088 = AXIS2_PLACEMENT_3D('',#4089,#4090,#4091);
#4089 = CARTESIAN_POINT('',(-7.,-86.,12.5));
#4090 = DIRECTION('',(0.,0.,1.));
#4091 = DIRECTION('',(1.,0.,-0.));
#4092 = DEFINITIONAL_REPRESENTATION('',(#4093),#4097);
#4093 = LINE('',#4094,#4095);
#4094 = CARTESIAN_POINT('',(0.,0.));
#4095 = VECTOR('',#4096,1.);
#4096 = DIRECTION('',(0.,1.));
#4097 = ( GEOMETRIC_REPRESENTATION_CONTEXT(2) 
PARAMETRIC_REPRESENTATION_CONTEXT() REPRESENTATION_CONTEXT('2D SPACE',''
  ) );
#4098 = FACE_BOUND('',#4099,.F.);
#4099 = EDGE_LOOP('',(#4100));
#4100 = ORIENTED_EDGE('',*,*,#3586,.T.);
#4101 = FACE_BOUND('',#4102,.F.);
#4102 = EDGE_LOOP('',(#4103));
#4103 = ORIENTED_EDGE('',*,*,#4104,.F.);
#4104 = EDGE_CURVE('',#4105,#4105,#4107,.T.);
#4105 = VERTEX_POINT('',#4106);
#4106 = CARTESIAN_POINT('',(-7.,-74.,-4.25));
#4107 = SURFACE_CURVE('',#4108,(#4113,#4120),.PCURVE_S1.);
#4108 = CIRCLE('',#4109,4.25);
#4109 = AXIS2_PLACEMENT_3D('',#4110,#4111,#4112);
#4110 = CARTESIAN_POINT('',(-7.,-74.,-1.554312234475E-15));
#4111 = DIRECTION('',(1.,0.,2.22044604925E-16));
#4112 = DIRECTION('',(2.22044604925E-16,0.,-1.));
#4113 = PCURVE('',#3848,#4114);
#4114 = DEFINITIONAL_REPRESENTATION('',(#4115),#4119);
#4115 = CIRCLE('',#4116,4.25);
#4116 = AXIS2_PLACEMENT_2D('',#4117,#4118);
#4117 = CARTESIAN_POINT('',(12.5,-12.));
#4118 = DIRECTION('',(-1.,0.));
#4119 = ( GEOMETRIC_REPRESENTATION_CONTEXT(2) 
PARAMETRIC_REPRESENTATION_CONTEXT() REPRESENTATION_CONTEXT('2D SPACE',''
  ) );
#4120 = PCURVE('',#4121,#4126);
#4121 = CYLINDRICAL_SURFACE('',#4122,4.25);
#4122 = AXIS2_PLACEMENT_3D('',#4123,#4124,#4125);
#4123 = CARTESIAN_POINT('',(-50.,-74.,-1.110223024625E-14));
#4124 = DIRECTION('',(1.,0.,2.22044604925E-16));
#4125 = DIRECTION('',(2.22044604925E-16,0.,-1.));
#4126 = DEFINITIONAL_REPRESENTATION('',(#4127),#4131);
#4127 = LINE('',#4128,#4129);
#4128 = CARTESIAN_POINT('',(0.,43.));
#4129 = VECTOR('',#4130,1.);
#4130 = DIRECTION('',(1.,0.));
#4131 = ( GEOMETRIC_REPRESENTATION_CONTEXT(2) 
PARAMETRIC_REPRESENTATION_CONTEXT() REPRESENTATION_CONTEXT('2D SPACE',''
  ) );
#4132 = ADVANCED_FACE('',(#4133),#4005,.F.);
#4133 = FACE_BOUND('',#4134,.F.);
#4134 = EDGE_LOOP('',(#4135,#4158,#4159,#4182));
#4135 = ORIENTED_EDGE('',*,*,#4136,.F.);
#4136 = EDGE_CURVE('',#3988,#4137,#4139,.T.);
#4137 = VERTEX_POINT('',#4138);
#4138 = CARTESIAN_POINT('',(-1.,-86.,-12.5));
#4139 = SURFACE_CURVE('',#4140,(#4144,#4151),.PCURVE_S1.);
#4140 = LINE('',#4141,#4142);
#4141 = CARTESIAN_POINT('',(-7.,-86.,-12.5));
#4142 = VECTOR('',#4143,1.);
#4143 = DIRECTION('',(1.,0.,-0.));
#4144 = PCURVE('',#4005,#4145);
#4145 = DEFINITIONAL_REPRESENTATION('',(#4146),#4150);
#4146 = LINE('',#4147,#4148);
#4147 = CARTESIAN_POINT('',(0.,0.));
#4148 = VECTOR('',#4149,1.);
#4149 = DIRECTION('',(0.,1.));
#4150 = ( GEOMETRIC_REPRESENTATION_CONTEXT(2) 
PARAMETRIC_REPRESENTATION_CONTEXT() REPRESENTATION_CONTEXT('2D SPACE',''
  ) );
#4151 = PCURVE('',#4033,#4152);
#4152 = DEFINITIONAL_REPRESENTATION('',(#4153),#4157);
#4153 = LINE('',#4154,#4155);
#4154 = CARTESIAN_POINT('',(0.,0.));
#4155 = VECTOR('',#4156,1.);
#4156 = DIRECTION('',(1.,0.));
#4157 = ( GEOMETRIC_REPRESENTATION_CONTEXT(2) 
PARAMETRIC_REPRESENTATION_CONTEXT() REPRESENTATION_CONTEXT('2D SPACE',''
  ) );
#4158 = ORIENTED_EDGE('',*,*,#3987,.T.);
#4159 = ORIENTED_EDGE('',*,*,#4160,.T.);
#4160 = EDGE_CURVE('',#3990,#4161,#4163,.T.);
#4161 = VERTEX_POINT('',#4162);
#4162 = CARTESIAN_POINT('',(-1.,-86.,12.5));
#4163 = SURFACE_CURVE('',#4164,(#4168,#4175),.PCURVE_S1.);
#4164 = LINE('',#4165,#4166);
#4165 = CARTESIAN_POINT('',(-7.,-86.,12.5));
#4166 = VECTOR('',#4167,1.);
#4167 = DIRECTION('',(1.,0.,-0.));
#4168 = PCURVE('',#4005,#4169);
#4169 = DEFINITIONAL_REPRESENTATION('',(#4170),#4174);
#4170 = LINE('',#4171,#4172);
#4171 = CARTESIAN_POINT('',(25.,0.));
#4172 = VECTOR('',#4173,1.);
#4173 = DIRECTION('',(0.,1.));
#4174 = ( GEOMETRIC_REPRESENTATION_CONTEXT(2) 
PARAMETRIC_REPRESENTATION_CONTEXT() REPRESENTATION_CONTEXT('2D SPACE',''
  ) );
#4175 = PCURVE('',#4087,#4176);
#4176 = DEFINITIONAL_REPRESENTATION('',(#4177),#4181);
#4177 = LINE('',#4178,#4179);
#4178 = CARTESIAN_POINT('',(0.,0.));
#4179 = VECTOR('',#4180,1.);
#4180 = DIRECTION('',(1.,0.));
#4181 = ( GEOMETRIC_REPRESENTATION_CONTEXT(2) 
PARAMETRIC_REPRESENTATION_CONTEXT() REPRESENTATION_CONTEXT('2D SPACE',''
  ) );
#4182 = ORIENTED_EDGE('',*,*,#4183,.F.);
#4183 = EDGE_CURVE('',#4137,#4161,#4184,.T.);
#4184 = SURFACE_CURVE('',#4185,(#4189,#4196),.PCURVE_S1.);
#4185 = LINE('',#4186,#4187);
#4186 = CARTESIAN_POINT('',(-1.,-86.,-12.5));
#4187 = VECTOR('',#4188,1.);
#4188 = DIRECTION('',(0.,0.,1.));
#4189 = PCURVE('',#4005,#4190);
#4190 = DEFINITIONAL_REPRESENTATION('',(#4191),#4195);
#4191 = LINE('',#4192,#4193);
#4192 = CARTESIAN_POINT('',(0.,6.));
#4193 = VECTOR('',#4194,1.);
#4194 = DIRECTION('',(1.,0.));
#4195 = ( GEOMETRIC_REPRESENTATION_CONTEXT(2) 
PARAMETRIC_REPRESENTATION_CONTEXT() REPRESENTATION_CONTEXT('2D SPACE',''
  ) );
#4196 = PCURVE('',#4197,#4202);
#4197 = PLANE('',#4198);
#4198 = AXIS2_PLACEMENT_3D('',#4199,#4200,#4201);
#4199 = CARTESIAN_POINT('',(-1.,-86.,-12.5));
#4200 = DIRECTION('',(1.,0.,-0.));
#4201 = DIRECTION('',(0.,0.,1.));
#4202 = DEFINITIONAL_REPRESENTATION('',(#4203),#4207);
#4203 = LINE('',#4204,#4205);
#4204 = CARTESIAN_POINT('',(0.,0.));
#4205 = VECTOR('',#4206,1.);
#4206 = DIRECTION('',(1.,0.));
#4207 = ( GEOMETRIC_REPRESENTATION_CONTEXT(2) 
PARAMETRIC_REPRESENTATION_CONTEXT() REPRESENTATION_CONTEXT('2D SPACE',''
  ) );
#4208 = ADVANCED_FACE('',(#4209),#4087,.T.);
#4209 = FACE_BOUND('',#4210,.T.);
#4210 = EDGE_LOOP('',(#4211,#4212,#4213,#4236));
#4211 = ORIENTED_EDGE('',*,*,#4073,.F.);
#4212 = ORIENTED_EDGE('',*,*,#4160,.T.);
#4213 = ORIENTED_EDGE('',*,*,#4214,.T.);
#4214 = EDGE_CURVE('',#4161,#4215,#4217,.T.);
#4215 = VERTEX_POINT('',#4216);
#4216 = CARTESIAN_POINT('',(-1.,-44.,12.5));
#4217 = SURFACE_CURVE('',#4218,(#4222,#4229),.PCURVE_S1.);
#4218 = LINE('',#4219,#4220);
#4219 = CARTESIAN_POINT('',(-1.,-86.,12.5));
#4220 = VECTOR('',#4221,1.);
#4221 = DIRECTION('',(-0.,1.,0.));
#4222 = PCURVE('',#4087,#4223);
#4223 = DEFINITIONAL_REPRESENTATION('',(#4224),#4228);
#4224 = LINE('',#4225,#4226);
#4225 = CARTESIAN_POINT('',(6.,0.));
#4226 = VECTOR('',#4227,1.);
#4227 = DIRECTION('',(0.,1.));
#4228 = ( GEOMETRIC_REPRESENTATION_CONTEXT(2) 
PARAMETRIC_REPRESENTATION_CONTEXT() REPRESENTATION_CONTEXT('2D SPACE',''
  ) );
#4229 = PCURVE('',#4197,#4230);
#4230 = DEFINITIONAL_REPRESENTATION('',(#4231),#4235);
#4231 = LINE('',#4232,#4233);
#4232 = CARTESIAN_POINT('',(25.,0.));
#4233 = VECTOR('',#4234,1.);
#4234 = DIRECTION('',(0.,-1.));
#4235 = ( GEOMETRIC_REPRESENTATION_CONTEXT(2) 
PARAMETRIC_REPRESENTATION_CONTEXT() REPRESENTATION_CONTEXT('2D SPACE',''
  ) );
#4236 = ORIENTED_EDGE('',*,*,#4237,.F.);
#4237 = EDGE_CURVE('',#4046,#4215,#4238,.T.);
#4238 = SURFACE_CURVE('',#4239,(#4243,#4250),.PCURVE_S1.);
#4239 = LINE('',#4240,#4241);
#4240 = CARTESIAN_POINT('',(-7.,-44.,12.5));
#4241 = VECTOR('',#4242,1.);
#4242 = DIRECTION('',(1.,0.,-0.));
#4243 = PCURVE('',#4087,#4244);
#4244 = DEFINITIONAL_REPRESENTATION('',(#4245),#4249);
#4245 = LINE('',#4246,#4247);
#4246 = CARTESIAN_POINT('',(0.,42.));
#4247 = VECTOR('',#4248,1.);
#4248 = DIRECTION('',(1.,0.));
#4249 = ( GEOMETRIC_REPRESENTATION_CONTEXT(2) 
PARAMETRIC_REPRESENTATION_CONTEXT() REPRESENTATION_CONTEXT('2D SPACE',''
  ) );
#4250 = PCURVE('',#4061,#4251);
#4251 = DEFINITIONAL_REPRESENTATION('',(#4252),#4256);
#4252 = LINE('',#4253,#4254);
#4253 = CARTESIAN_POINT('',(25.,0.));
#4254 = VECTOR('',#4255,1.);
#4255 = DIRECTION('',(0.,1.));
#4256 = ( GEOMETRIC_REPRESENTATION_CONTEXT(2) 
PARAMETRIC_REPRESENTATION_CONTEXT() REPRESENTATION_CONTEXT('2D SPACE',''
  ) );
#4257 = ADVANCED_FACE('',(#4258),#4033,.F.);
#4258 = FACE_BOUND('',#4259,.F.);
#4259 = EDGE_LOOP('',(#4260,#4261,#4262,#4285));
#4260 = ORIENTED_EDGE('',*,*,#4017,.F.);
#4261 = ORIENTED_EDGE('',*,*,#4136,.T.);
#4262 = ORIENTED_EDGE('',*,*,#4263,.T.);
#4263 = EDGE_CURVE('',#4137,#4264,#4266,.T.);
#4264 = VERTEX_POINT('',#4265);
#4265 = CARTESIAN_POINT('',(-1.,-44.,-12.5));
#4266 = SURFACE_CURVE('',#4267,(#4271,#4278),.PCURVE_S1.);
#4267 = LINE('',#4268,#4269);
#4268 = CARTESIAN_POINT('',(-1.,-86.,-12.5));
#4269 = VECTOR('',#4270,1.);
#4270 = DIRECTION('',(-0.,1.,0.));
#4271 = PCURVE('',#4033,#4272);
#4272 = DEFINITIONAL_REPRESENTATION('',(#4273),#4277);
#4273 = LINE('',#4274,#4275);
#4274 = CARTESIAN_POINT('',(6.,0.));
#4275 = VECTOR('',#4276,1.);
#4276 = DIRECTION('',(0.,1.));
#4277 = ( GEOMETRIC_REPRESENTATION_CONTEXT(2) 
PARAMETRIC_REPRESENTATION_CONTEXT() REPRESENTATION_CONTEXT('2D SPACE',''
  ) );
#4278 = PCURVE('',#4197,#4279);
#4279 = DEFINITIONAL_REPRESENTATION('',(#4280),#4284);
#4280 = LINE('',#4281,#4282);
#4281 = CARTESIAN_POINT('',(0.,0.));
#4282 = VECTOR('',#4283,1.);
#4283 = DIRECTION('',(0.,-1.));
#4284 = ( GEOMETRIC_REPRESENTATION_CONTEXT(2) 
PARAMETRIC_REPRESENTATION_CONTEXT() REPRESENTATION_CONTEXT('2D SPACE',''
  ) );
#4285 = ORIENTED_EDGE('',*,*,#4286,.F.);
#4286 = EDGE_CURVE('',#4018,#4264,#4287,.T.);
#4287 = SURFACE_CURVE('',#4288,(#4292,#4299),.PCURVE_S1.);
#4288 = LINE('',#4289,#4290);
#4289 = CARTESIAN_POINT('',(-7.,-44.,-12.5));
#4290 = VECTOR('',#4291,1.);
#4291 = DIRECTION('',(1.,0.,-0.));
#4292 = PCURVE('',#4033,#4293);
#4293 = DEFINITIONAL_REPRESENTATION('',(#4294),#4298);
#4294 = LINE('',#4295,#4296);
#4295 = CARTESIAN_POINT('',(0.,42.));
#4296 = VECTOR('',#4297,1.);
#4297 = DIRECTION('',(1.,0.));
#4298 = ( GEOMETRIC_REPRESENTATION_CONTEXT(2) 
PARAMETRIC_REPRESENTATION_CONTEXT() REPRESENTATION_CONTEXT('2D SPACE',''
  ) );
#4299 = PCURVE('',#4061,#4300);
#4300 = DEFINITIONAL_REPRESENTATION('',(#4301),#4305);
#4301 = LINE('',#4302,#4303);
#4302 = CARTESIAN_POINT('',(0.,0.));
#4303 = VECTOR('',#4304,1.);
#4304 = DIRECTION('',(0.,1.));
#4305 = ( GEOMETRIC_REPRESENTATION_CONTEXT(2) 
PARAMETRIC_REPRESENTATION_CONTEXT() REPRESENTATION_CONTEXT('2D SPACE',''
  ) );
#4306 = ADVANCED_FACE('',(#4307),#4061,.T.);
#4307 = FACE_BOUND('',#4308,.T.);
#4308 = EDGE_LOOP('',(#4309,#4310,#4311,#4312));
#4309 = ORIENTED_EDGE('',*,*,#4286,.F.);
#4310 = ORIENTED_EDGE('',*,*,#4045,.T.);
#4311 = ORIENTED_EDGE('',*,*,#4237,.T.);
#4312 = ORIENTED_EDGE('',*,*,#4313,.F.);
#4313 = EDGE_CURVE('',#4264,#4215,#4314,.T.);
#4314 = SURFACE_CURVE('',#4315,(#4319,#4326),.PCURVE_S1.);
#4315 = LINE('',#4316,#4317);
#4316 = CARTESIAN_POINT('',(-1.,-44.,-12.5));
#4317 = VECTOR('',#4318,1.);
#4318 = DIRECTION('',(0.,0.,1.));
#4319 = PCURVE('',#4061,#4320);
#4320 = DEFINITIONAL_REPRESENTATION('',(#4321),#4325);
#4321 = LINE('',#4322,#4323);
#4322 = CARTESIAN_POINT('',(0.,6.));
#4323 = VECTOR('',#4324,1.);
#4324 = DIRECTION('',(1.,0.));
#4325 = ( GEOMETRIC_REPRESENTATION_CONTEXT(2) 
PARAMETRIC_REPRESENTATION_CONTEXT() REPRESENTATION_CONTEXT('2D SPACE',''
  ) );
#4326 = PCURVE('',#4197,#4327);
#4327 = DEFINITIONAL_REPRESENTATION('',(#4328),#4332);
#4328 = LINE('',#4329,#4330);
#4329 = CARTESIAN_POINT('',(0.,-42.));
#4330 = VECTOR('',#4331,1.);
#4331 = DIRECTION('',(1.,0.));
#4332 = ( GEOMETRIC_REPRESENTATION_CONTEXT(2) 
PARAMETRIC_REPRESENTATION_CONTEXT() REPRESENTATION_CONTEXT('2D SPACE',''
  ) );
#4333 = ADVANCED_FACE('',(#4334),#4121,.F.);
#4334 = FACE_BOUND('',#4335,.F.);
#4335 = EDGE_LOOP('',(#4336,#4360,#4381,#4382));
#4336 = ORIENTED_EDGE('',*,*,#4337,.F.);
#4337 = EDGE_CURVE('',#4338,#4338,#4340,.T.);
#4338 = VERTEX_POINT('',#4339);
#4339 = CARTESIAN_POINT('',(-1.,-74.,-4.25));
#4340 = SURFACE_CURVE('',#4341,(#4346,#4353),.PCURVE_S1.);
#4341 = CIRCLE('',#4342,4.25);
#4342 = AXIS2_PLACEMENT_3D('',#4343,#4344,#4345);
#4343 = CARTESIAN_POINT('',(-1.,-74.,-2.22044604925E-16));
#4344 = DIRECTION('',(1.,0.,2.22044604925E-16));
#4345 = DIRECTION('',(2.22044604925E-16,0.,-1.));
#4346 = PCURVE('',#4121,#4347);
#4347 = DEFINITIONAL_REPRESENTATION('',(#4348),#4352);
#4348 = LINE('',#4349,#4350);
#4349 = CARTESIAN_POINT('',(0.,49.));
#4350 = VECTOR('',#4351,1.);
#4351 = DIRECTION('',(1.,0.));
#4352 = ( GEOMETRIC_REPRESENTATION_CONTEXT(2) 
PARAMETRIC_REPRESENTATION_CONTEXT() REPRESENTATION_CONTEXT('2D SPACE',''
  ) );
#4353 = PCURVE('',#4197,#4354);
#4354 = DEFINITIONAL_REPRESENTATION('',(#4355),#4359);
#4355 = CIRCLE('',#4356,4.25);
#4356 = AXIS2_PLACEMENT_2D('',#4357,#4358);
#4357 = CARTESIAN_POINT('',(12.5,-12.));
#4358 = DIRECTION('',(-1.,0.));
#4359 = ( GEOMETRIC_REPRESENTATION_CONTEXT(2) 
PARAMETRIC_REPRESENTATION_CONTEXT() REPRESENTATION_CONTEXT('2D SPACE',''
  ) );
#4360 = ORIENTED_EDGE('',*,*,#4361,.F.);
#4361 = EDGE_CURVE('',#4105,#4338,#4362,.T.);
#4362 = SEAM_CURVE('',#4363,(#4367,#4374),.PCURVE_S1.);
#4363 = LINE('',#4364,#4365);
#4364 = CARTESIAN_POINT('',(-50.,-74.,-4.25));
#4365 = VECTOR('',#4366,1.);
#4366 = DIRECTION('',(1.,0.,2.22044604925E-16));
#4367 = PCURVE('',#4121,#4368);
#4368 = DEFINITIONAL_REPRESENTATION('',(#4369),#4373);
#4369 = LINE('',#4370,#4371);
#4370 = CARTESIAN_POINT('',(6.28318530718,-0.));
#4371 = VECTOR('',#4372,1.);
#4372 = DIRECTION('',(0.,1.));
#4373 = ( GEOMETRIC_REPRESENTATION_CONTEXT(2) 
PARAMETRIC_REPRESENTATION_CONTEXT() REPRESENTATION_CONTEXT('2D SPACE',''
  ) );
#4374 = PCURVE('',#4121,#4375);
#4375 = DEFINITIONAL_REPRESENTATION('',(#4376),#4380);
#4376 = LINE('',#4377,#4378);
#4377 = CARTESIAN_POINT('',(0.,-0.));
#4378 = VECTOR('',#4379,1.);
#4379 = DIRECTION('',(0.,1.));
#4380 = ( GEOMETRIC_REPRESENTATION_CONTEXT(2) 
PARAMETRIC_REPRESENTATION_CONTEXT() REPRESENTATION_CONTEXT('2D SPACE',''
  ) );
#4381 = ORIENTED_EDGE('',*,*,#4104,.T.);
#4382 = ORIENTED_EDGE('',*,*,#4361,.T.);
#4383 = ADVANCED_FACE('',(#4384,#4390),#4197,.T.);
#4384 = FACE_BOUND('',#4385,.T.);
#4385 = EDGE_LOOP('',(#4386,#4387,#4388,#4389));
#4386 = ORIENTED_EDGE('',*,*,#4183,.F.);
#4387 = ORIENTED_EDGE('',*,*,#4263,.T.);
#4388 = ORIENTED_EDGE('',*,*,#4313,.T.);
#4389 = ORIENTED_EDGE('',*,*,#4214,.F.);
#4390 = FACE_BOUND('',#4391,.T.);
#4391 = EDGE_LOOP('',(#4392));
#4392 = ORIENTED_EDGE('',*,*,#4337,.F.);
#4393 = MANIFOLD_SOLID_BREP('',#4394);
#4394 = CLOSED_SHELL('',(#4395,#4483,#4487));
#4395 = ADVANCED_FACE('',(#4396),#4409,.T.);
#4396 = FACE_BOUND('',#4397,.T.);
#4397 = EDGE_LOOP('',(#4398,#4432,#4455,#4482));
#4398 = ORIENTED_EDGE('',*,*,#4399,.F.);
#4399 = EDGE_CURVE('',#4400,#4400,#4402,.T.);
#4400 = VERTEX_POINT('',#4401);
#4401 = CARTESIAN_POINT('',(17.,74.,-4.));
#4402 = SURFACE_CURVE('',#4403,(#4408,#4420),.PCURVE_S1.);
#4403 = CIRCLE('',#4404,4.);
#4404 = AXIS2_PLACEMENT_3D('',#4405,#4406,#4407);
#4405 = CARTESIAN_POINT('',(17.,74.,2.6645352591E-15));
#4406 = DIRECTION('',(1.,-0.,2.22044604925E-16));
#4407 = DIRECTION('',(2.22044604925E-16,0.,-1.));
#4408 = PCURVE('',#4409,#4414);
#4409 = CYLINDRICAL_SURFACE('',#4410,4.);
#4410 = AXIS2_PLACEMENT_3D('',#4411,#4412,#4413);
#4411 = CARTESIAN_POINT('',(-7.,74.,-2.6645352591E-15));
#4412 = DIRECTION('',(1.,0.,2.22044604925E-16));
#4413 = DIRECTION('',(2.22044604925E-16,0.,-1.));
#4414 = DEFINITIONAL_REPRESENTATION('',(#4415),#4419);
#4415 = LINE('',#4416,#4417);
#4416 = CARTESIAN_POINT('',(0.,24.));
#4417 = VECTOR('',#4418,1.);
#4418 = DIRECTION('',(1.,0.));
#4419 = ( GEOMETRIC_REPRESENTATION_CONTEXT(2) 
PARAMETRIC_REPRESENTATION_CONTEXT() REPRESENTATION_CONTEXT('2D SPACE',''
  ) );
#4420 = PCURVE('',#4421,#4426);
#4421 = PLANE('',#4422);
#4422 = AXIS2_PLACEMENT_3D('',#4423,#4424,#4425);
#4423 = CARTESIAN_POINT('',(17.,74.,2.6645352591E-15));
#4424 = DIRECTION('',(1.,0.,2.22044604925E-16));
#4425 = DIRECTION('',(2.22044604925E-16,0.,-1.));
#4426 = DEFINITIONAL_REPRESENTATION('',(#4427),#4431);
#4427 = CIRCLE('',#4428,4.);
#4428 = AXIS2_PLACEMENT_2D('',#4429,#4430);
#4429 = CARTESIAN_POINT('',(0.,0.));
#4430 = DIRECTION('',(1.,0.));
#4431 = ( GEOMETRIC_REPRESENTATION_CONTEXT(2) 
PARAMETRIC_REPRESENTATION_CONTEXT() REPRESENTATION_CONTEXT('2D SPACE',''
  ) );
#4432 = ORIENTED_EDGE('',*,*,#4433,.F.);
#4433 = EDGE_CURVE('',#4434,#4400,#4436,.T.);
#4434 = VERTEX_POINT('',#4435);
#4435 = CARTESIAN_POINT('',(-7.,74.,-4.));
#4436 = SEAM_CURVE('',#4437,(#4441,#4448),.PCURVE_S1.);
#4437 = LINE('',#4438,#4439);
#4438 = CARTESIAN_POINT('',(-7.,74.,-4.));
#4439 = VECTOR('',#4440,1.);
#4440 = DIRECTION('',(1.,0.,2.22044604925E-16));
#4441 = PCURVE('',#4409,#4442);
#4442 = DEFINITIONAL_REPRESENTATION('',(#4443),#4447);
#4443 = LINE('',#4444,#4445);
#4444 = CARTESIAN_POINT('',(6.28318530718,-0.));
#4445 = VECTOR('',#4446,1.);
#4446 = DIRECTION('',(0.,1.));
#4447 = ( GEOMETRIC_REPRESENTATION_CONTEXT(2) 
PARAMETRIC_REPRESENTATION_CONTEXT() REPRESENTATION_CONTEXT('2D SPACE',''
  ) );
#4448 = PCURVE('',#4409,#4449);
#4449 = DEFINITIONAL_REPRESENTATION('',(#4450),#4454);
#4450 = LINE('',#4451,#4452);
#4451 = CARTESIAN_POINT('',(0.,-0.));
#4452 = VECTOR('',#4453,1.);
#4453 = DIRECTION('',(0.,1.));
#4454 = ( GEOMETRIC_REPRESENTATION_CONTEXT(2) 
PARAMETRIC_REPRESENTATION_CONTEXT() REPRESENTATION_CONTEXT('2D SPACE',''
  ) );
#4455 = ORIENTED_EDGE('',*,*,#4456,.T.);
#4456 = EDGE_CURVE('',#4434,#4434,#4457,.T.);
#4457 = SURFACE_CURVE('',#4458,(#4463,#4470),.PCURVE_S1.);
#4458 = CIRCLE('',#4459,4.);
#4459 = AXIS2_PLACEMENT_3D('',#4460,#4461,#4462);
#4460 = CARTESIAN_POINT('',(-7.,74.,-2.6645352591E-15));
#4461 = DIRECTION('',(1.,-0.,2.22044604925E-16));
#4462 = DIRECTION('',(2.22044604925E-16,0.,-1.));
#4463 = PCURVE('',#4409,#4464);
#4464 = DEFINITIONAL_REPRESENTATION('',(#4465),#4469);
#4465 = LINE('',#4466,#4467);
#4466 = CARTESIAN_POINT('',(0.,0.));
#4467 = VECTOR('',#4468,1.);
#4468 = DIRECTION('',(1.,0.));
#4469 = ( GEOMETRIC_REPRESENTATION_CONTEXT(2) 
PARAMETRIC_REPRESENTATION_CONTEXT() REPRESENTATION_CONTEXT('2D SPACE',''
  ) );
#4470 = PCURVE('',#4471,#4476);
#4471 = PLANE('',#4472);
#4472 = AXIS2_PLACEMENT_3D('',#4473,#4474,#4475);
#4473 = CARTESIAN_POINT('',(-7.,74.,-2.6645352591E-15));
#4474 = DIRECTION('',(1.,0.,2.22044604925E-16));
#4475 = DIRECTION('',(2.22044604925E-16,0.,-1.));
#4476 = DEFINITIONAL_REPRESENTATION('',(#4477),#4481);
#4477 = CIRCLE('',#4478,4.);
#4478 = AXIS2_PLACEMENT_2D('',#4479,#4480);
#4479 = CARTESIAN_POINT('',(0.,0.));
#4480 = DIRECTION('',(1.,0.));
#4481 = ( GEOMETRIC_REPRESENTATION_CONTEXT(2) 
PARAMETRIC_REPRESENTATION_CONTEXT() REPRESENTATION_CONTEXT('2D SPACE',''
  ) );
#4482 = ORIENTED_EDGE('',*,*,#4433,.T.);
#4483 = ADVANCED_FACE('',(#4484),#4421,.T.);
#4484 = FACE_BOUND('',#4485,.T.);
#4485 = EDGE_LOOP('',(#4486));
#4486 = ORIENTED_EDGE('',*,*,#4399,.T.);
#4487 = ADVANCED_FACE('',(#4488),#4471,.F.);
#4488 = FACE_BOUND('',#4489,.T.);
#4489 = EDGE_LOOP('',(#4490));
#4490 = ORIENTED_EDGE('',*,*,#4456,.F.);
#4491 = MANIFOLD_SOLID_BREP('',#4492);
#4492 = CLOSED_SHELL('',(#4493,#4581,#4585));
#4493 = ADVANCED_FACE('',(#4494),#4507,.T.);
#4494 = FACE_BOUND('',#4495,.T.);
#4495 = EDGE_LOOP('',(#4496,#4530,#4553,#4580));
#4496 = ORIENTED_EDGE('',*,*,#4497,.F.);
#4497 = EDGE_CURVE('',#4498,#4498,#4500,.T.);
#4498 = VERTEX_POINT('',#4499);
#4499 = CARTESIAN_POINT('',(-7.,74.,-6.5));
#4500 = SURFACE_CURVE('',#4501,(#4506,#4518),.PCURVE_S1.);
#4501 = CIRCLE('',#4502,6.5);
#4502 = AXIS2_PLACEMENT_3D('',#4503,#4504,#4505);
#4503 = CARTESIAN_POINT('',(-7.,74.,5.884182030513E-16));
#4504 = DIRECTION('',(1.,-0.,2.22044604925E-16));
#4505 = DIRECTION('',(2.22044604925E-16,0.,-1.));
#4506 = PCURVE('',#4507,#4512);
#4507 = CYLINDRICAL_SURFACE('',#4508,6.5);
#4508 = AXIS2_PLACEMENT_3D('',#4509,#4510,#4511);
#4509 = CARTESIAN_POINT('',(-12.3,74.,-5.884182030513E-16));
#4510 = DIRECTION('',(1.,0.,2.22044604925E-16));
#4511 = DIRECTION('',(2.22044604925E-16,0.,-1.));
#4512 = DEFINITIONAL_REPRESENTATION('',(#4513),#4517);
#4513 = LINE('',#4514,#4515);
#4514 = CARTESIAN_POINT('',(0.,5.3));
#4515 = VECTOR('',#4516,1.);
#4516 = DIRECTION('',(1.,0.));
#4517 = ( GEOMETRIC_REPRESENTATION_CONTEXT(2) 
PARAMETRIC_REPRESENTATION_CONTEXT() REPRESENTATION_CONTEXT('2D SPACE',''
  ) );
#4518 = PCURVE('',#4519,#4524);
#4519 = PLANE('',#4520);
#4520 = AXIS2_PLACEMENT_3D('',#4521,#4522,#4523);
#4521 = CARTESIAN_POINT('',(-7.,74.,5.884182030513E-16));
#4522 = DIRECTION('',(1.,0.,2.22044604925E-16));
#4523 = DIRECTION('',(2.22044604925E-16,0.,-1.));
#4524 = DEFINITIONAL_REPRESENTATION('',(#4525),#4529);
#4525 = CIRCLE('',#4526,6.5);
#4526 = AXIS2_PLACEMENT_2D('',#4527,#4528);
#4527 = CARTESIAN_POINT('',(0.,0.));
#4528 = DIRECTION('',(1.,0.));
#4529 = ( GEOMETRIC_REPRESENTATION_CONTEXT(2) 
PARAMETRIC_REPRESENTATION_CONTEXT() REPRESENTATION_CONTEXT('2D SPACE',''
  ) );
#4530 = ORIENTED_EDGE('',*,*,#4531,.F.);
#4531 = EDGE_CURVE('',#4532,#4498,#4534,.T.);
#4532 = VERTEX_POINT('',#4533);
#4533 = CARTESIAN_POINT('',(-12.3,74.,-6.5));
#4534 = SEAM_CURVE('',#4535,(#4539,#4546),.PCURVE_S1.);
#4535 = LINE('',#4536,#4537);
#4536 = CARTESIAN_POINT('',(-12.3,74.,-6.5));
#4537 = VECTOR('',#4538,1.);
#4538 = DIRECTION('',(1.,0.,2.22044604925E-16));
#4539 = PCURVE('',#4507,#4540);
#4540 = DEFINITIONAL_REPRESENTATION('',(#4541),#4545);
#4541 = LINE('',#4542,#4543);
#4542 = CARTESIAN_POINT('',(6.28318530718,-0.));
#4543 = VECTOR('',#4544,1.);
#4544 = DIRECTION('',(0.,1.));
#4545 = ( GEOMETRIC_REPRESENTATION_CONTEXT(2) 
PARAMETRIC_REPRESENTATION_CONTEXT() REPRESENTATION_CONTEXT('2D SPACE',''
  ) );
#4546 = PCURVE('',#4507,#4547);
#4547 = DEFINITIONAL_REPRESENTATION('',(#4548),#4552);
#4548 = LINE('',#4549,#4550);
#4549 = CARTESIAN_POINT('',(0.,-0.));
#4550 = VECTOR('',#4551,1.);
#4551 = DIRECTION('',(0.,1.));
#4552 = ( GEOMETRIC_REPRESENTATION_CONTEXT(2) 
PARAMETRIC_REPRESENTATION_CONTEXT() REPRESENTATION_CONTEXT('2D SPACE',''
  ) );
#4553 = ORIENTED_EDGE('',*,*,#4554,.T.);
#4554 = EDGE_CURVE('',#4532,#4532,#4555,.T.);
#4555 = SURFACE_CURVE('',#4556,(#4561,#4568),.PCURVE_S1.);
#4556 = CIRCLE('',#4557,6.5);
#4557 = AXIS2_PLACEMENT_3D('',#4558,#4559,#4560);
#4558 = CARTESIAN_POINT('',(-12.3,74.,-5.884182030513E-16));
#4559 = DIRECTION('',(1.,-0.,2.22044604925E-16));
#4560 = DIRECTION('',(2.22044604925E-16,0.,-1.));
#4561 = PCURVE('',#4507,#4562);
#4562 = DEFINITIONAL_REPRESENTATION('',(#4563),#4567);
#4563 = LINE('',#4564,#4565);
#4564 = CARTESIAN_POINT('',(0.,0.));
#4565 = VECTOR('',#4566,1.);
#4566 = DIRECTION('',(1.,0.));
#4567 = ( GEOMETRIC_REPRESENTATION_CONTEXT(2) 
PARAMETRIC_REPRESENTATION_CONTEXT() REPRESENTATION_CONTEXT('2D SPACE',''
  ) );
#4568 = PCURVE('',#4569,#4574);
#4569 = PLANE('',#4570);
#4570 = AXIS2_PLACEMENT_3D('',#4571,#4572,#4573);
#4571 = CARTESIAN_POINT('',(-12.3,74.,-5.884182030513E-16));
#4572 = DIRECTION('',(1.,0.,2.22044604925E-16));
#4573 = DIRECTION('',(2.22044604925E-16,0.,-1.));
#4574 = DEFINITIONAL_REPRESENTATION('',(#4575),#4579);
#4575 = CIRCLE('',#4576,6.5);
#4576 = AXIS2_PLACEMENT_2D('',#4577,#4578);
#4577 = CARTESIAN_POINT('',(0.,0.));
#4578 = DIRECTION('',(1.,0.));
#4579 = ( GEOMETRIC_REPRESENTATION_CONTEXT(2) 
PARAMETRIC_REPRESENTATION_CONTEXT() REPRESENTATION_CONTEXT('2D SPACE',''
  ) );
#4580 = ORIENTED_EDGE('',*,*,#4531,.T.);
#4581 = ADVANCED_FACE('',(#4582),#4519,.T.);
#4582 = FACE_BOUND('',#4583,.T.);
#4583 = EDGE_LOOP('',(#4584));
#4584 = ORIENTED_EDGE('',*,*,#4497,.T.);
#4585 = ADVANCED_FACE('',(#4586),#4569,.F.);
#4586 = FACE_BOUND('',#4587,.T.);
#4587 = EDGE_LOOP('',(#4588));
#4588 = ORIENTED_EDGE('',*,*,#4554,.F.);
#4589 = MANIFOLD_SOLID_BREP('',#4590);
#4590 = CLOSED_SHELL('',(#4591,#4679,#4714,#4744));
#4591 = ADVANCED_FACE('',(#4592),#4605,.T.);
#4592 = FACE_BOUND('',#4593,.T.);
#4593 = EDGE_LOOP('',(#4594,#4628,#4651,#4678));
#4594 = ORIENTED_EDGE('',*,*,#4595,.F.);
#4595 = EDGE_CURVE('',#4596,#4596,#4598,.T.);
#4596 = VERTEX_POINT('',#4597);
#4597 = CARTESIAN_POINT('',(15.,74.,-6.5));
#4598 = SURFACE_CURVE('',#4599,(#4604,#4616),.PCURVE_S1.);
#4599 = CIRCLE('',#4600,6.5);
#4600 = AXIS2_PLACEMENT_3D('',#4601,#4602,#4603);
#4601 = CARTESIAN_POINT('',(15.,74.,8.881784197001E-16));
#4602 = DIRECTION('',(1.,-0.,2.22044604925E-16));
#4603 = DIRECTION('',(2.22044604925E-16,0.,-1.));
#4604 = PCURVE('',#4605,#4610);
#4605 = CYLINDRICAL_SURFACE('',#4606,6.5);
#4606 = AXIS2_PLACEMENT_3D('',#4607,#4608,#4609);
#4607 = CARTESIAN_POINT('',(7.,74.,-8.881784197001E-16));
#4608 = DIRECTION('',(1.,0.,2.22044604925E-16));
#4609 = DIRECTION('',(2.22044604925E-16,0.,-1.));
#4610 = DEFINITIONAL_REPRESENTATION('',(#4611),#4615);
#4611 = LINE('',#4612,#4613);
#4612 = CARTESIAN_POINT('',(0.,8.));
#4613 = VECTOR('',#4614,1.);
#4614 = DIRECTION('',(1.,0.));
#4615 = ( GEOMETRIC_REPRESENTATION_CONTEXT(2) 
PARAMETRIC_REPRESENTATION_CONTEXT() REPRESENTATION_CONTEXT('2D SPACE',''
  ) );
#4616 = PCURVE('',#4617,#4622);
#4617 = PLANE('',#4618);
#4618 = AXIS2_PLACEMENT_3D('',#4619,#4620,#4621);
#4619 = CARTESIAN_POINT('',(15.,74.,8.881784197001E-16));
#4620 = DIRECTION('',(1.,0.,2.22044604925E-16));
#4621 = DIRECTION('',(2.22044604925E-16,0.,-1.));
#4622 = DEFINITIONAL_REPRESENTATION('',(#4623),#4627);
#4623 = CIRCLE('',#4624,6.5);
#4624 = AXIS2_PLACEMENT_2D('',#4625,#4626);
#4625 = CARTESIAN_POINT('',(0.,0.));
#4626 = DIRECTION('',(1.,0.));
#4627 = ( GEOMETRIC_REPRESENTATION_CONTEXT(2) 
PARAMETRIC_REPRESENTATION_CONTEXT() REPRESENTATION_CONTEXT('2D SPACE',''
  ) );
#4628 = ORIENTED_EDGE('',*,*,#4629,.F.);
#4629 = EDGE_CURVE('',#4630,#4596,#4632,.T.);
#4630 = VERTEX_POINT('',#4631);
#4631 = CARTESIAN_POINT('',(7.,74.,-6.5));
#4632 = SEAM_CURVE('',#4633,(#4637,#4644),.PCURVE_S1.);
#4633 = LINE('',#4634,#4635);
#4634 = CARTESIAN_POINT('',(7.,74.,-6.5));
#4635 = VECTOR('',#4636,1.);
#4636 = DIRECTION('',(1.,0.,2.22044604925E-16));
#4637 = PCURVE('',#4605,#4638);
#4638 = DEFINITIONAL_REPRESENTATION('',(#4639),#4643);
#4639 = LINE('',#4640,#4641);
#4640 = CARTESIAN_POINT('',(6.28318530718,-0.));
#4641 = VECTOR('',#4642,1.);
#4642 = DIRECTION('',(0.,1.));
#4643 = ( GEOMETRIC_REPRESENTATION_CONTEXT(2) 
PARAMETRIC_REPRESENTATION_CONTEXT() REPRESENTATION_CONTEXT('2D SPACE',''
  ) );
#4644 = PCURVE('',#4605,#4645);
#4645 = DEFINITIONAL_REPRESENTATION('',(#4646),#4650);
#4646 = LINE('',#4647,#4648);
#4647 = CARTESIAN_POINT('',(0.,-0.));
#4648 = VECTOR('',#4649,1.);
#4649 = DIRECTION('',(0.,1.));
#4650 = ( GEOMETRIC_REPRESENTATION_CONTEXT(2) 
PARAMETRIC_REPRESENTATION_CONTEXT() REPRESENTATION_CONTEXT('2D SPACE',''
  ) );
#4651 = ORIENTED_EDGE('',*,*,#4652,.T.);
#4652 = EDGE_CURVE('',#4630,#4630,#4653,.T.);
#4653 = SURFACE_CURVE('',#4654,(#4659,#4666),.PCURVE_S1.);
#4654 = CIRCLE('',#4655,6.5);
#4655 = AXIS2_PLACEMENT_3D('',#4656,#4657,#4658);
#4656 = CARTESIAN_POINT('',(7.,74.,-8.881784197001E-16));
#4657 = DIRECTION('',(1.,-0.,2.22044604925E-16));
#4658 = DIRECTION('',(2.22044604925E-16,0.,-1.));
#4659 = PCURVE('',#4605,#4660);
#4660 = DEFINITIONAL_REPRESENTATION('',(#4661),#4665);
#4661 = LINE('',#4662,#4663);
#4662 = CARTESIAN_POINT('',(0.,0.));
#4663 = VECTOR('',#4664,1.);
#4664 = DIRECTION('',(1.,0.));
#4665 = ( GEOMETRIC_REPRESENTATION_CONTEXT(2) 
PARAMETRIC_REPRESENTATION_CONTEXT() REPRESENTATION_CONTEXT('2D SPACE',''
  ) );
#4666 = PCURVE('',#4667,#4672);
#4667 = PLANE('',#4668);
#4668 = AXIS2_PLACEMENT_3D('',#4669,#4670,#4671);
#4669 = CARTESIAN_POINT('',(7.,74.,-8.881784197001E-16));
#4670 = DIRECTION('',(1.,0.,2.22044604925E-16));
#4671 = DIRECTION('',(2.22044604925E-16,0.,-1.));
#4672 = DEFINITIONAL_REPRESENTATION('',(#4673),#4677);
#4673 = CIRCLE('',#4674,6.5);
#4674 = AXIS2_PLACEMENT_2D('',#4675,#4676);
#4675 = CARTESIAN_POINT('',(0.,0.));
#4676 = DIRECTION('',(1.,0.));
#4677 = ( GEOMETRIC_REPRESENTATION_CONTEXT(2) 
PARAMETRIC_REPRESENTATION_CONTEXT() REPRESENTATION_CONTEXT('2D SPACE',''
  ) );
#4678 = ORIENTED_EDGE('',*,*,#4629,.T.);
#4679 = ADVANCED_FACE('',(#4680,#4683),#4617,.T.);
#4680 = FACE_BOUND('',#4681,.T.);
#4681 = EDGE_LOOP('',(#4682));
#4682 = ORIENTED_EDGE('',*,*,#4595,.T.);
#4683 = FACE_BOUND('',#4684,.T.);
#4684 = EDGE_LOOP('',(#4685));
#4685 = ORIENTED_EDGE('',*,*,#4686,.F.);
#4686 = EDGE_CURVE('',#4687,#4687,#4689,.T.);
#4687 = VERTEX_POINT('',#4688);
#4688 = CARTESIAN_POINT('',(15.,74.,-4.));
#4689 = SURFACE_CURVE('',#4690,(#4695,#4702),.PCURVE_S1.);
#4690 = CIRCLE('',#4691,4.);
#4691 = AXIS2_PLACEMENT_3D('',#4692,#4693,#4694);
#4692 = CARTESIAN_POINT('',(15.,74.,8.881784197001E-16));
#4693 = DIRECTION('',(1.,0.,2.22044604925E-16));
#4694 = DIRECTION('',(2.22044604925E-16,0.,-1.));
#4695 = PCURVE('',#4617,#4696);
#4696 = DEFINITIONAL_REPRESENTATION('',(#4697),#4701);
#4697 = CIRCLE('',#4698,4.);
#4698 = AXIS2_PLACEMENT_2D('',#4699,#4700);
#4699 = CARTESIAN_POINT('',(0.,0.));
#4700 = DIRECTION('',(1.,0.));
#4701 = ( GEOMETRIC_REPRESENTATION_CONTEXT(2) 
PARAMETRIC_REPRESENTATION_CONTEXT() REPRESENTATION_CONTEXT('2D SPACE',''
  ) );
#4702 = PCURVE('',#4703,#4708);
#4703 = CYLINDRICAL_SURFACE('',#4704,4.);
#4704 = AXIS2_PLACEMENT_3D('',#4705,#4706,#4707);
#4705 = CARTESIAN_POINT('',(6.,74.,-1.110223024625E-15));
#4706 = DIRECTION('',(1.,0.,2.22044604925E-16));
#4707 = DIRECTION('',(2.22044604925E-16,0.,-1.));
#4708 = DEFINITIONAL_REPRESENTATION('',(#4709),#4713);
#4709 = LINE('',#4710,#4711);
#4710 = CARTESIAN_POINT('',(0.,9.));
#4711 = VECTOR('',#4712,1.);
#4712 = DIRECTION('',(1.,0.));
#4713 = ( GEOMETRIC_REPRESENTATION_CONTEXT(2) 
PARAMETRIC_REPRESENTATION_CONTEXT() REPRESENTATION_CONTEXT('2D SPACE',''
  ) );
#4714 = ADVANCED_FACE('',(#4715,#4718),#4667,.F.);
#4715 = FACE_BOUND('',#4716,.F.);
#4716 = EDGE_LOOP('',(#4717));
#4717 = ORIENTED_EDGE('',*,*,#4652,.T.);
#4718 = FACE_BOUND('',#4719,.F.);
#4719 = EDGE_LOOP('',(#4720));
#4720 = ORIENTED_EDGE('',*,*,#4721,.F.);
#4721 = EDGE_CURVE('',#4722,#4722,#4724,.T.);
#4722 = VERTEX_POINT('',#4723);
#4723 = CARTESIAN_POINT('',(7.,74.,-4.));
#4724 = SURFACE_CURVE('',#4725,(#4730,#4737),.PCURVE_S1.);
#4725 = CIRCLE('',#4726,4.);
#4726 = AXIS2_PLACEMENT_3D('',#4727,#4728,#4729);
#4727 = CARTESIAN_POINT('',(7.,74.,-8.881784197001E-16));
#4728 = DIRECTION('',(1.,0.,2.22044604925E-16));
#4729 = DIRECTION('',(2.22044604925E-16,0.,-1.));
#4730 = PCURVE('',#4667,#4731);
#4731 = DEFINITIONAL_REPRESENTATION('',(#4732),#4736);
#4732 = CIRCLE('',#4733,4.);
#4733 = AXIS2_PLACEMENT_2D('',#4734,#4735);
#4734 = CARTESIAN_POINT('',(0.,0.));
#4735 = DIRECTION('',(1.,0.));
#4736 = ( GEOMETRIC_REPRESENTATION_CONTEXT(2) 
PARAMETRIC_REPRESENTATION_CONTEXT() REPRESENTATION_CONTEXT('2D SPACE',''
  ) );
#4737 = PCURVE('',#4703,#4738);
#4738 = DEFINITIONAL_REPRESENTATION('',(#4739),#4743);
#4739 = LINE('',#4740,#4741);
#4740 = CARTESIAN_POINT('',(0.,1.));
#4741 = VECTOR('',#4742,1.);
#4742 = DIRECTION('',(1.,0.));
#4743 = ( GEOMETRIC_REPRESENTATION_CONTEXT(2) 
PARAMETRIC_REPRESENTATION_CONTEXT() REPRESENTATION_CONTEXT('2D SPACE',''
  ) );
#4744 = ADVANCED_FACE('',(#4745),#4703,.F.);
#4745 = FACE_BOUND('',#4746,.F.);
#4746 = EDGE_LOOP('',(#4747,#4748,#4769,#4770));
#4747 = ORIENTED_EDGE('',*,*,#4686,.F.);
#4748 = ORIENTED_EDGE('',*,*,#4749,.F.);
#4749 = EDGE_CURVE('',#4722,#4687,#4750,.T.);
#4750 = SEAM_CURVE('',#4751,(#4755,#4762),.PCURVE_S1.);
#4751 = LINE('',#4752,#4753);
#4752 = CARTESIAN_POINT('',(6.,74.,-4.));
#4753 = VECTOR('',#4754,1.);
#4754 = DIRECTION('',(1.,0.,2.22044604925E-16));
#4755 = PCURVE('',#4703,#4756);
#4756 = DEFINITIONAL_REPRESENTATION('',(#4757),#4761);
#4757 = LINE('',#4758,#4759);
#4758 = CARTESIAN_POINT('',(6.28318530718,-0.));
#4759 = VECTOR('',#4760,1.);
#4760 = DIRECTION('',(0.,1.));
#4761 = ( GEOMETRIC_REPRESENTATION_CONTEXT(2) 
PARAMETRIC_REPRESENTATION_CONTEXT() REPRESENTATION_CONTEXT('2D SPACE',''
  ) );
#4762 = PCURVE('',#4703,#4763);
#4763 = DEFINITIONAL_REPRESENTATION('',(#4764),#4768);
#4764 = LINE('',#4765,#4766);
#4765 = CARTESIAN_POINT('',(0.,-0.));
#4766 = VECTOR('',#4767,1.);
#4767 = DIRECTION('',(0.,1.));
#4768 = ( GEOMETRIC_REPRESENTATION_CONTEXT(2) 
PARAMETRIC_REPRESENTATION_CONTEXT() REPRESENTATION_CONTEXT('2D SPACE',''
  ) );
#4769 = ORIENTED_EDGE('',*,*,#4721,.T.);
#4770 = ORIENTED_EDGE('',*,*,#4749,.T.);
#4771 = MANIFOLD_SOLID_BREP('',#4772);
#4772 = CLOSED_SHELL('',(#4773,#4861,#4865));
#4773 = ADVANCED_FACE('',(#4774),#4787,.T.);
#4774 = FACE_BOUND('',#4775,.T.);
#4775 = EDGE_LOOP('',(#4776,#4810,#4833,#4860));
#4776 = ORIENTED_EDGE('',*,*,#4777,.F.);
#4777 = EDGE_CURVE('',#4778,#4778,#4780,.T.);
#4778 = VERTEX_POINT('',#4779);
#4779 = CARTESIAN_POINT('',(19.,-74.,-4.));
#4780 = SURFACE_CURVE('',#4781,(#4786,#4798),.PCURVE_S1.);
#4781 = CIRCLE('',#4782,4.);
#4782 = AXIS2_PLACEMENT_3D('',#4783,#4784,#4785);
#4783 = CARTESIAN_POINT('',(19.,-74.,2.886579864025E-15));
#4784 = DIRECTION('',(1.,-0.,2.22044604925E-16));
#4785 = DIRECTION('',(2.22044604925E-16,0.,-1.));
#4786 = PCURVE('',#4787,#4792);
#4787 = CYLINDRICAL_SURFACE('',#4788,4.);
#4788 = AXIS2_PLACEMENT_3D('',#4789,#4790,#4791);
#4789 = CARTESIAN_POINT('',(-7.,-74.,-2.886579864025E-15));
#4790 = DIRECTION('',(1.,0.,2.22044604925E-16));
#4791 = DIRECTION('',(2.22044604925E-16,0.,-1.));
#4792 = DEFINITIONAL_REPRESENTATION('',(#4793),#4797);
#4793 = LINE('',#4794,#4795);
#4794 = CARTESIAN_POINT('',(0.,26.));
#4795 = VECTOR('',#4796,1.);
#4796 = DIRECTION('',(1.,0.));
#4797 = ( GEOMETRIC_REPRESENTATION_CONTEXT(2) 
PARAMETRIC_REPRESENTATION_CONTEXT() REPRESENTATION_CONTEXT('2D SPACE',''
  ) );
#4798 = PCURVE('',#4799,#4804);
#4799 = PLANE('',#4800);
#4800 = AXIS2_PLACEMENT_3D('',#4801,#4802,#4803);
#4801 = CARTESIAN_POINT('',(19.,-74.,2.886579864025E-15));
#4802 = DIRECTION('',(1.,0.,2.22044604925E-16));
#4803 = DIRECTION('',(2.22044604925E-16,0.,-1.));
#4804 = DEFINITIONAL_REPRESENTATION('',(#4805),#4809);
#4805 = CIRCLE('',#4806,4.);
#4806 = AXIS2_PLACEMENT_2D('',#4807,#4808);
#4807 = CARTESIAN_POINT('',(0.,0.));
#4808 = DIRECTION('',(1.,0.));
#4809 = ( GEOMETRIC_REPRESENTATION_CONTEXT(2) 
PARAMETRIC_REPRESENTATION_CONTEXT() REPRESENTATION_CONTEXT('2D SPACE',''
  ) );
#4810 = ORIENTED_EDGE('',*,*,#4811,.F.);
#4811 = EDGE_CURVE('',#4812,#4778,#4814,.T.);
#4812 = VERTEX_POINT('',#4813);
#4813 = CARTESIAN_POINT('',(-7.,-74.,-4.));
#4814 = SEAM_CURVE('',#4815,(#4819,#4826),.PCURVE_S1.);
#4815 = LINE('',#4816,#4817);
#4816 = CARTESIAN_POINT('',(-7.,-74.,-4.));
#4817 = VECTOR('',#4818,1.);
#4818 = DIRECTION('',(1.,0.,2.22044604925E-16));
#4819 = PCURVE('',#4787,#4820);
#4820 = DEFINITIONAL_REPRESENTATION('',(#4821),#4825);
#4821 = LINE('',#4822,#4823);
#4822 = CARTESIAN_POINT('',(6.28318530718,-0.));
#4823 = VECTOR('',#4824,1.);
#4824 = DIRECTION('',(0.,1.));
#4825 = ( GEOMETRIC_REPRESENTATION_CONTEXT(2) 
PARAMETRIC_REPRESENTATION_CONTEXT() REPRESENTATION_CONTEXT('2D SPACE',''
  ) );
#4826 = PCURVE('',#4787,#4827);
#4827 = DEFINITIONAL_REPRESENTATION('',(#4828),#4832);
#4828 = LINE('',#4829,#4830);
#4829 = CARTESIAN_POINT('',(0.,-0.));
#4830 = VECTOR('',#4831,1.);
#4831 = DIRECTION('',(0.,1.));
#4832 = ( GEOMETRIC_REPRESENTATION_CONTEXT(2) 
PARAMETRIC_REPRESENTATION_CONTEXT() REPRESENTATION_CONTEXT('2D SPACE',''
  ) );
#4833 = ORIENTED_EDGE('',*,*,#4834,.T.);
#4834 = EDGE_CURVE('',#4812,#4812,#4835,.T.);
#4835 = SURFACE_CURVE('',#4836,(#4841,#4848),.PCURVE_S1.);
#4836 = CIRCLE('',#4837,4.);
#4837 = AXIS2_PLACEMENT_3D('',#4838,#4839,#4840);
#4838 = CARTESIAN_POINT('',(-7.,-74.,-2.886579864025E-15));
#4839 = DIRECTION('',(1.,-0.,2.22044604925E-16));
#4840 = DIRECTION('',(2.22044604925E-16,0.,-1.));
#4841 = PCURVE('',#4787,#4842);
#4842 = DEFINITIONAL_REPRESENTATION('',(#4843),#4847);
#4843 = LINE('',#4844,#4845);
#4844 = CARTESIAN_POINT('',(0.,0.));
#4845 = VECTOR('',#4846,1.);
#4846 = DIRECTION('',(1.,0.));
#4847 = ( GEOMETRIC_REPRESENTATION_CONTEXT(2) 
PARAMETRIC_REPRESENTATION_CONTEXT() REPRESENTATION_CONTEXT('2D SPACE',''
  ) );
#4848 = PCURVE('',#4849,#4854);
#4849 = PLANE('',#4850);
#4850 = AXIS2_PLACEMENT_3D('',#4851,#4852,#4853);
#4851 = CARTESIAN_POINT('',(-7.,-74.,-2.886579864025E-15));
#4852 = DIRECTION('',(1.,0.,2.22044604925E-16));
#4853 = DIRECTION('',(2.22044604925E-16,0.,-1.));
#4854 = DEFINITIONAL_REPRESENTATION('',(#4855),#4859);
#4855 = CIRCLE('',#4856,4.);
#4856 = AXIS2_PLACEMENT_2D('',#4857,#4858);
#4857 = CARTESIAN_POINT('',(0.,0.));
#4858 = DIRECTION('',(1.,0.));
#4859 = ( GEOMETRIC_REPRESENTATION_CONTEXT(2) 
PARAMETRIC_REPRESENTATION_CONTEXT() REPRESENTATION_CONTEXT('2D SPACE',''
  ) );
#4860 = ORIENTED_EDGE('',*,*,#4811,.T.);
#4861 = ADVANCED_FACE('',(#4862),#4799,.T.);
#4862 = FACE_BOUND('',#4863,.T.);
#4863 = EDGE_LOOP('',(#4864));
#4864 = ORIENTED_EDGE('',*,*,#4777,.T.);
#4865 = ADVANCED_FACE('',(#4866),#4849,.F.);
#4866 = FACE_BOUND('',#4867,.T.);
#4867 = EDGE_LOOP('',(#4868));
#4868 = ORIENTED_EDGE('',*,*,#4834,.F.);
#4869 = MANIFOLD_SOLID_BREP('',#4870);
#4870 = CLOSED_SHELL('',(#4871,#4959,#4963));
#4871 = ADVANCED_FACE('',(#4872),#4885,.T.);
#4872 = FACE_BOUND('',#4873,.T.);
#4873 = EDGE_LOOP('',(#4874,#4908,#4931,#4958));
#4874 = ORIENTED_EDGE('',*,*,#4875,.F.);
#4875 = EDGE_CURVE('',#4876,#4876,#4878,.T.);
#4876 = VERTEX_POINT('',#4877);
#4877 = CARTESIAN_POINT('',(-7.,-74.,-6.));
#4878 = SURFACE_CURVE('',#4879,(#4884,#4896),.PCURVE_S1.);
#4879 = CIRCLE('',#4880,6.);
#4880 = AXIS2_PLACEMENT_3D('',#4881,#4882,#4883);
#4881 = CARTESIAN_POINT('',(-7.,-74.,3.330669073875E-16));
#4882 = DIRECTION('',(1.,-0.,2.22044604925E-16));
#4883 = DIRECTION('',(2.22044604925E-16,0.,-1.));
#4884 = PCURVE('',#4885,#4890);
#4885 = CYLINDRICAL_SURFACE('',#4886,6.);
#4886 = AXIS2_PLACEMENT_3D('',#4887,#4888,#4889);
#4887 = CARTESIAN_POINT('',(-10.,-74.,-3.330669073875E-16));
#4888 = DIRECTION('',(1.,0.,2.22044604925E-16));
#4889 = DIRECTION('',(2.22044604925E-16,0.,-1.));
#4890 = DEFINITIONAL_REPRESENTATION('',(#4891),#4895);
#4891 = LINE('',#4892,#4893);
#4892 = CARTESIAN_POINT('',(0.,3.));
#4893 = VECTOR('',#4894,1.);
#4894 = DIRECTION('',(1.,0.));
#4895 = ( GEOMETRIC_REPRESENTATION_CONTEXT(2) 
PARAMETRIC_REPRESENTATION_CONTEXT() REPRESENTATION_CONTEXT('2D SPACE',''
  ) );
#4896 = PCURVE('',#4897,#4902);
#4897 = PLANE('',#4898);
#4898 = AXIS2_PLACEMENT_3D('',#4899,#4900,#4901);
#4899 = CARTESIAN_POINT('',(-7.,-74.,3.330669073875E-16));
#4900 = DIRECTION('',(1.,0.,2.22044604925E-16));
#4901 = DIRECTION('',(2.22044604925E-16,0.,-1.));
#4902 = DEFINITIONAL_REPRESENTATION('',(#4903),#4907);
#4903 = CIRCLE('',#4904,6.);
#4904 = AXIS2_PLACEMENT_2D('',#4905,#4906);
#4905 = CARTESIAN_POINT('',(0.,0.));
#4906 = DIRECTION('',(1.,0.));
#4907 = ( GEOMETRIC_REPRESENTATION_CONTEXT(2) 
PARAMETRIC_REPRESENTATION_CONTEXT() REPRESENTATION_CONTEXT('2D SPACE',''
  ) );
#4908 = ORIENTED_EDGE('',*,*,#4909,.F.);
#4909 = EDGE_CURVE('',#4910,#4876,#4912,.T.);
#4910 = VERTEX_POINT('',#4911);
#4911 = CARTESIAN_POINT('',(-10.,-74.,-6.));
#4912 = SEAM_CURVE('',#4913,(#4917,#4924),.PCURVE_S1.);
#4913 = LINE('',#4914,#4915);
#4914 = CARTESIAN_POINT('',(-10.,-74.,-6.));
#4915 = VECTOR('',#4916,1.);
#4916 = DIRECTION('',(1.,0.,2.22044604925E-16));
#4917 = PCURVE('',#4885,#4918);
#4918 = DEFINITIONAL_REPRESENTATION('',(#4919),#4923);
#4919 = LINE('',#4920,#4921);
#4920 = CARTESIAN_POINT('',(6.28318530718,-0.));
#4921 = VECTOR('',#4922,1.);
#4922 = DIRECTION('',(0.,1.));
#4923 = ( GEOMETRIC_REPRESENTATION_CONTEXT(2) 
PARAMETRIC_REPRESENTATION_CONTEXT() REPRESENTATION_CONTEXT('2D SPACE',''
  ) );
#4924 = PCURVE('',#4885,#4925);
#4925 = DEFINITIONAL_REPRESENTATION('',(#4926),#4930);
#4926 = LINE('',#4927,#4928);
#4927 = CARTESIAN_POINT('',(0.,-0.));
#4928 = VECTOR('',#4929,1.);
#4929 = DIRECTION('',(0.,1.));
#4930 = ( GEOMETRIC_REPRESENTATION_CONTEXT(2) 
PARAMETRIC_REPRESENTATION_CONTEXT() REPRESENTATION_CONTEXT('2D SPACE',''
  ) );
#4931 = ORIENTED_EDGE('',*,*,#4932,.T.);
#4932 = EDGE_CURVE('',#4910,#4910,#4933,.T.);
#4933 = SURFACE_CURVE('',#4934,(#4939,#4946),.PCURVE_S1.);
#4934 = CIRCLE('',#4935,6.);
#4935 = AXIS2_PLACEMENT_3D('',#4936,#4937,#4938);
#4936 = CARTESIAN_POINT('',(-10.,-74.,-3.330669073875E-16));
#4937 = DIRECTION('',(1.,-0.,2.22044604925E-16));
#4938 = DIRECTION('',(2.22044604925E-16,0.,-1.));
#4939 = PCURVE('',#4885,#4940);
#4940 = DEFINITIONAL_REPRESENTATION('',(#4941),#4945);
#4941 = LINE('',#4942,#4943);
#4942 = CARTESIAN_POINT('',(0.,0.));
#4943 = VECTOR('',#4944,1.);
#4944 = DIRECTION('',(1.,0.));
#4945 = ( GEOMETRIC_REPRESENTATION_CONTEXT(2) 
PARAMETRIC_REPRESENTATION_CONTEXT() REPRESENTATION_CONTEXT('2D SPACE',''
  ) );
#4946 = PCURVE('',#4947,#4952);
#4947 = PLANE('',#4948);
#4948 = AXIS2_PLACEMENT_3D('',#4949,#4950,#4951);
#4949 = CARTESIAN_POINT('',(-10.,-74.,-3.330669073875E-16));
#4950 = DIRECTION('',(1.,0.,2.22044604925E-16));
#4951 = DIRECTION('',(2.22044604925E-16,0.,-1.));
#4952 = DEFINITIONAL_REPRESENTATION('',(#4953),#4957);
#4953 = CIRCLE('',#4954,6.);
#4954 = AXIS2_PLACEMENT_2D('',#4955,#4956);
#4955 = CARTESIAN_POINT('',(0.,0.));
#4956 = DIRECTION('',(1.,0.));
#4957 = ( GEOMETRIC_REPRESENTATION_CONTEXT(2) 
PARAMETRIC_REPRESENTATION_CONTEXT() REPRESENTATION_CONTEXT('2D SPACE',''
  ) );
#4958 = ORIENTED_EDGE('',*,*,#4909,.T.);
#4959 = ADVANCED_FACE('',(#4960),#4897,.T.);
#4960 = FACE_BOUND('',#4961,.T.);
#4961 = EDGE_LOOP('',(#4962));
#4962 = ORIENTED_EDGE('',*,*,#4875,.T.);
#4963 = ADVANCED_FACE('',(#4964),#4947,.F.);
#4964 = FACE_BOUND('',#4965,.T.);
#4965 = EDGE_LOOP('',(#4966));
#4966 = ORIENTED_EDGE('',*,*,#4932,.F.);
#4967 = MANIFOLD_SOLID_BREP('',#4968);
#4968 = CLOSED_SHELL('',(#4969));
#4969 = ADVANCED_FACE('',(#4970),#4983,.T.);
#4970 = FACE_BOUND('',#4971,.T.);
#4971 = EDGE_LOOP('',(#4972,#5001,#5023,#5024));
#4972 = ORIENTED_EDGE('',*,*,#4973,.F.);
#4973 = EDGE_CURVE('',#4974,#4974,#4976,.T.);
#4974 = VERTEX_POINT('',#4975);
#4975 = CARTESIAN_POINT('',(14.,-74.,-6.9));
#4976 = SEAM_CURVE('',#4977,(#4982,#4994),.PCURVE_S1.);
#4977 = CIRCLE('',#4978,6.9);
#4978 = AXIS2_PLACEMENT_3D('',#4979,#4980,#4981);
#4979 = CARTESIAN_POINT('',(14.,-74.,-4.894671864409E-32));
#4980 = DIRECTION('',(1.,-0.,2.22044604925E-16));
#4981 = DIRECTION('',(2.22044604925E-16,0.,-1.));
#4982 = PCURVE('',#4983,#4988);
#4983 = TOROIDAL_SURFACE('',#4984,6.,0.9);
#4984 = AXIS2_PLACEMENT_3D('',#4985,#4986,#4987);
#4985 = CARTESIAN_POINT('',(14.,-74.,0.));
#4986 = DIRECTION('',(1.,0.,2.22044604925E-16));
#4987 = DIRECTION('',(2.22044604925E-16,0.,-1.));
#4988 = DEFINITIONAL_REPRESENTATION('',(#4989),#4993);
#4989 = LINE('',#4990,#4991);
#4990 = CARTESIAN_POINT('',(0.,6.28318530718));
#4991 = VECTOR('',#4992,1.);
#4992 = DIRECTION('',(1.,0.));
#4993 = ( GEOMETRIC_REPRESENTATION_CONTEXT(2) 
PARAMETRIC_REPRESENTATION_CONTEXT() REPRESENTATION_CONTEXT('2D SPACE',''
  ) );
#4994 = PCURVE('',#4983,#4995);
#4995 = DEFINITIONAL_REPRESENTATION('',(#4996),#5000);
#4996 = LINE('',#4997,#4998);
#4997 = CARTESIAN_POINT('',(0.,0.));
#4998 = VECTOR('',#4999,1.);
#4999 = DIRECTION('',(1.,0.));
#5000 = ( GEOMETRIC_REPRESENTATION_CONTEXT(2) 
PARAMETRIC_REPRESENTATION_CONTEXT() REPRESENTATION_CONTEXT('2D SPACE',''
  ) );
#5001 = ORIENTED_EDGE('',*,*,#5002,.F.);
#5002 = EDGE_CURVE('',#4974,#4974,#5003,.T.);
#5003 = SEAM_CURVE('',#5004,(#5009,#5016),.PCURVE_S1.);
#5004 = CIRCLE('',#5005,0.9);
#5005 = AXIS2_PLACEMENT_3D('',#5006,#5007,#5008);
#5006 = CARTESIAN_POINT('',(14.,-74.,-6.));
#5007 = DIRECTION('',(-5.438524293788E-32,-1.,2.449293598295E-16));
#5008 = DIRECTION('',(2.22044604925E-16,-2.449293598295E-16,-1.));
#5009 = PCURVE('',#4983,#5010);
#5010 = DEFINITIONAL_REPRESENTATION('',(#5011),#5015);
#5011 = LINE('',#5012,#5013);
#5012 = CARTESIAN_POINT('',(6.28318530718,-0.));
#5013 = VECTOR('',#5014,1.);
#5014 = DIRECTION('',(0.,1.));
#5015 = ( GEOMETRIC_REPRESENTATION_CONTEXT(2) 
PARAMETRIC_REPRESENTATION_CONTEXT() REPRESENTATION_CONTEXT('2D SPACE',''
  ) );
#5016 = PCURVE('',#4983,#5017);
#5017 = DEFINITIONAL_REPRESENTATION('',(#5018),#5022);
#5018 = LINE('',#5019,#5020);
#5019 = CARTESIAN_POINT('',(0.,-0.));
#5020 = VECTOR('',#5021,1.);
#5021 = DIRECTION('',(0.,1.));
#5022 = ( GEOMETRIC_REPRESENTATION_CONTEXT(2) 
PARAMETRIC_REPRESENTATION_CONTEXT() REPRESENTATION_CONTEXT('2D SPACE',''
  ) );
#5023 = ORIENTED_EDGE('',*,*,#4973,.T.);
#5024 = ORIENTED_EDGE('',*,*,#5002,.T.);
#5025 = ( GEOMETRIC_REPRESENTATION_CONTEXT(3) 
GLOBAL_UNCERTAINTY_ASSIGNED_CONTEXT((#5029)) 
GLOBAL_UNIT_ASSIGNED_CONTEXT((#5026,#5027,#5028)) REPRESENTATION_CONTEXT
('Context #1','3D Context with UNIT and UNCERTAINTY') );
#5026 = ( LENGTH_UNIT() NAMED_UNIT(*) SI_UNIT(.MILLI.,.METRE.) );
#5027 = ( NAMED_UNIT(*) PLANE_ANGLE_UNIT() SI_UNIT($,.RADIAN.) );
#5028 = ( NAMED_UNIT(*) SI_UNIT($,.STERADIAN.) SOLID_ANGLE_UNIT() );
#5029 = UNCERTAINTY_MEASURE_WITH_UNIT(LENGTH_MEASURE(2.E-07),#5026,
  'distance_accuracy_value','confusion accuracy');
#5030 = PRODUCT_RELATED_PRODUCT_CATEGORY('part',$,(#7));
ENDSEC;
END-ISO-10303-21;
